date,pm25_mean,pm25_median,pm25_n_stations,pm25_n_extreme_flagged,pm25_ref_station,pm10_mean,pm10_median,pm10_n_stations,pm10_n_extreme_flagged,temp_mean,temp_min,temp_max,humidity_mean,dewpoint_mean,wind_speed_mean,wind_gust_max,pressure_mean,precip_sum,cloud_mean,wind_dir_deg,month,day_of_week,is_weekend,season,days_from_diwali,is_festival_window
2018-01-01,298.5,298.5,2,0,370.0,341.0,341.0,1,0,13.133333333333333,6.8,20.1,66.54166666666667,6.3,1.65,6.1,988.8666666666668,0.0,0.7916666666666666,295.0895465622135,1,0,0,winter,74,0
2018-01-02,301.0,301.0,2,0,383.0,375.0,375.0,1,0,13.433333333333332,6.5,19.8,69.04166666666667,7.420833333333333,1.6091666666666666,5.9,989.2916666666666,0.0,0.25,297.0714822881921,1,1,0,winter,75,0
2018-01-03,306.0,306.0,1,0,306.0,,,0,0,12.225,6.9,19.8,73.875,7.158333333333334,2.1404166666666664,6.5,989.6583333333332,0.0,0.0,290.2846058342847,1,2,0,winter,76,0
2018-01-04,274.6,243.0,5,0,243.0,458.5,469.0,4,0,11.841666666666669,5.9,20.3,73.875,6.441666666666666,1.9358333333333333,5.4,989.7541666666666,0.0,0.5416666666666666,277.58014566094755,1,3,0,winter,77,0
2018-01-05,252.6,278.0,5,0,289.0,374.75,404.5,4,0,12.370833333333332,6.6,20.3,74.16666666666667,7.274999999999999,1.8866666666666667,5.3,989.2833333333332,0.0,0.0416666666666666,117.14842786119482,1,4,0,winter,78,0
2018-01-06,245.0,250.5,4,0,274.0,439.0,407.0,3,0,12.070833333333333,5.5,19.5,76.33333333333333,7.6125,2.043333333333333,6.4,988.4125,0.0,8.666666666666666,306.3410796700423,1,5,1,winter,79,0
2018-01-07,185.2,194.0,5,0,235.0,342.75,334.0,4,0,11.891666666666666,6.1,18.8,69.20833333333333,5.883333333333333,3.329166666666667,9.7,989.3333333333334,0.0,0.0,282.39212628443534,1,6,1,winter,80,0
2018-01-08,148.85,164.0,4,0,169.0,313.0,315.5,4,0,12.154166666666669,6.8,19.6,70.08333333333333,6.3,3.0079166666666666,7.8,990.9583333333334,0.0,0.0,282.84400999991755,1,0,0,winter,81,0
2018-01-09,221.0,209.0,3,0,,313.0,313.0,2,0,12.125,5.8,19.8,70.70833333333333,6.341666666666666,2.6679166666666667,7.9,992.9833333333332,0.0,0.0,286.952602956416,1,1,0,winter,82,0
2018-01-10,176.0,177.5,4,0,189.0,340.25,321.5,4,0,13.35,7.3,20.8,67.5,6.895833333333333,3.9616666666666656,10.1,992.55,0.0,0.0416666666666666,285.32840050100106,1,2,0,winter,83,0
2018-01-11,162.0,173.0,4,0,180.0,307.75,304.5,4,0,13.9375,8.3,21.2,63.458333333333336,6.5,4.070416666666667,10.3,991.15,0.0,0.0,283.23357189286435,1,3,0,winter,84,0
2018-01-12,181.5,202.5,4,0,196.0,372.5,407.0,4,0,14.845833333333331,8.9,21.9,58.333333333333336,6.354166666666667,3.0141666666666667,8.4,990.15,0.0,13.541666666666666,279.2174886131305,1,4,0,winter,85,0
2018-01-13,247.0,206.5,4,0,209.0,378.3333,360.0,3,0,13.991666666666667,6.5,21.6,68.79166666666667,7.774999999999999,2.23625,6.7,990.4166666666666,0.0,0.5,307.5126789782038,1,5,1,winter,86,0
2018-01-14,191.0,195.0,5,0,195.0,312.6667,317.0,3,0,13.5,7.3,21.9,68.79166666666667,7.183333333333334,2.7133333333333334,7.2,990.3041666666668,0.0,0.0,284.8020225314692,1,6,1,winter,87,0
2018-01-15,191.5,206.0,4,0,238.0,355.3333,344.0,3,0,13.904166666666669,7.2,21.8,63.41666666666666,6.370833333333334,3.3229166666666665,9.6,990.6083333333332,0.0,0.0,292.7437704871679,1,0,0,winter,88,0
2018-01-16,139.125,152.0,4,0,141.0,302.0,338.0,3,0,14.579166666666666,9.0,22.1,56.79166666666666,5.408333333333334,3.3504166666666664,8.3,988.3541666666666,0.0,0.0,282.71436485550873,1,1,0,winter,89,0
2018-01-17,229.25,253.0,4,0,242.0,380.6667,447.0,3,0,13.6125,7.8,21.3,73.625,8.387500000000001,2.8608333333333333,7.9,989.2,0.0,0.0,124.3921359154026,1,2,0,winter,90,0
2018-01-18,,,0,0,,,,0,0,15.1,8.9,23.8,76.20833333333333,10.358333333333333,2.067083333333333,5.2,989.9291666666668,0.0,0.1666666666666666,307.0627774127238,1,3,0,winter,91,0
2018-01-19,268.8,298.0,5,0,298.0,433.25,454.5,4,0,15.654166666666669,9.7,23.4,73.70833333333333,10.341666666666669,2.5175,6.9,990.3916666666668,0.0,0.0,299.70304990577506,1,4,0,winter,92,0
2018-01-20,130.0,130.0,2,0,169.0,183.0,183.0,1,0,14.5125,8.7,22.1,63.625,6.775,3.3175000000000003,9.2,989.4833333333332,0.0,0.0,285.2845954184286,1,5,1,winter,93,0
2018-01-21,129.0,129.0,2,0,152.0,208.0,208.0,1,0,14.095833333333331,7.1,21.4,56.91666666666666,4.958333333333333,1.9025,5.3,988.8666666666668,0.0,0.0,258.6150696978676,1,6,1,winter,94,0
2018-01-22,174.5,174.5,2,0,206.0,265.0,265.0,1,0,14.154166666666669,7.1,21.7,67.33333333333333,7.625,2.16625,5.9,987.5041666666666,0.0,0.4583333333333333,132.61492342784356,1,0,0,winter,95,0
2018-01-23,153.0,153.0,2,0,203.0,179.0,179.0,1,0,13.379166666666668,10.7,16.1,79.375,9.791666666666666,3.314166666666667,8.7,985.35,6.0,56.66666666666666,125.34525388297902,1,1,0,winter,96,0
2018-01-24,180.0,180.0,1,0,180.0,,,0,0,12.766666666666666,8.3,18.7,81.58333333333333,9.2875,2.10375,10.2,988.2083333333334,0.8,43.66666666666666,297.6409078582293,1,2,0,winter,97,0
2018-01-25,137.0,137.0,1,0,137.0,,,0,0,13.108333333333334,8.6,19.5,79.125,9.1375,3.21625,9.5,987.525,0.0,0.3333333333333333,291.3700790181356,1,3,0,winter,98,0
2018-01-26,201.0,201.0,1,0,201.0,,,0,0,12.529166666666669,7.6,19.9,80.41666666666667,8.775,2.37125,7.9,988.3625,0.0,9.708333333333334,310.1960119740161,1,4,0,winter,99,0
2018-01-27,163.0,163.0,2,0,200.0,215.0,215.0,1,0,12.1375,7.2,19.9,77.45833333333333,7.766666666666667,2.5016666666666665,6.8,988.2375,0.0,0.0833333333333333,306.7704358317015,1,5,1,winter,100,0
2018-01-28,208.6667,208.0,3,0,208.0,339.5,339.5,2,0,12.8125,6.8,21.2,75.25,7.933333333333334,2.5279166666666666,7.8,988.9875,0.0,9.333333333333334,304.88561871588973,1,6,1,winter,101,0
2018-01-29,197.3333,198.0,3,0,198.0,330.5,330.5,2,0,13.845833333333331,7.5,21.9,73.875,8.658333333333333,2.93625,7.6,990.55,0.0,5.541666666666667,295.6876675696742,1,0,0,winter,102,0
2018-01-30,155.0,155.0,1,0,155.0,,,0,0,16.345833333333335,10.0,24.3,67.79166666666667,9.691666666666666,4.647916666666666,11.9,989.9791666666666,0.0,43.79166666666666,292.8196616061799,1,1,0,winter,103,0
2018-01-31,146.0,145.0,3,0,145.0,271.0,271.0,2,0,17.616666666666667,12.8,24.2,63.833333333333336,10.041666666666666,5.101249999999999,12.5,988.9583333333334,0.0,61.0,293.254686084642,1,2,0,winter,104,0
2018-02-01,151.25,147.5,4,0,137.0,352.3333,325.0,3,0,17.466666666666665,11.2,25.4,66.79166666666667,10.6125,3.02875,7.5,989.1625,0.0,0.0833333333333333,298.7116567054643,2,3,0,winter,105,0
2018-02-02,159.6667,162.0,3,0,167.0,304.0,304.0,2,0,16.870833333333334,11.0,24.4,72.20833333333333,11.279166666666669,2.17,5.8,987.2541666666666,0.0,13.541666666666666,312.7523085120811,2,4,0,winter,106,0
2018-02-03,85.2667,89.8,3,0,89.8,165.5,165.5,2,0,16.316666666666666,10.9,23.1,60.25,7.6375,2.518333333333333,7.5,989.8,0.0,16.208333333333332,331.7975665479842,2,5,1,winter,107,0
2018-02-04,150.0,150.0,1,0,150.0,,,0,0,14.404166666666669,8.6,22.0,58.625,5.6125,3.0516666666666663,8.5,990.2166666666668,0.0,0.4166666666666667,303.5988395368034,2,6,1,winter,108,0
2018-02-05,164.76,178.0,5,0,166.0,343.0,338.0,3,0,14.775,6.9,22.0,55.79166666666666,4.941666666666666,2.2333333333333334,6.4,992.0416666666666,0.0,93.25,317.8686483380183,2,0,0,winter,109,0
2018-02-06,134.0,157.0,3,0,161.0,224.5,224.5,2,0,16.008333333333333,11.6,22.1,52.04166666666666,5.520833333333333,3.2062500000000003,9.6,992.2166666666668,0.0,97.29166666666669,317.32138787209203,2,1,0,winter,110,0
2018-02-07,104.4,126.0,3,0,126.0,192.0,192.0,2,0,14.441666666666668,8.7,22.3,52.66666666666666,3.9916666666666663,3.4525,9.6,989.4791666666666,0.0,25.75,307.0670113069261,2,2,0,winter,111,0
2018-02-08,156.85,166.0,4,0,146.0,290.6667,338.0,3,0,13.854166666666666,6.8,22.0,60.29166666666666,5.1125,2.544166666666667,7.1,988.4875,0.0,26.625,317.3951714222836,2,3,0,winter,112,0
2018-02-09,167.0,167.0,1,0,167.0,,,0,0,14.3875,7.7,22.9,59.708333333333336,5.591666666666666,2.52125,7.2,988.4875,0.0,0.0,319.45866106419527,2,4,0,winter,113,0
2018-02-10,266.0,266.0,1,0,,433.0,433.0,1,0,16.7375,8.7,23.8,50.833333333333336,5.2,1.7270833333333335,7.1,990.8666666666668,0.0,30.75,40.30487245219177,2,5,1,winter,114,0
2018-02-11,111.0,111.0,1,0,111.0,,,0,0,16.258333333333333,9.2,23.8,56.66666666666666,6.625,3.16875,9.6,990.2875,1.6,79.83333333333333,111.94450671930132,2,6,1,winter,115,0
2018-02-12,,,0,0,,,,0,0,15.854166666666666,12.8,21.8,79.20833333333333,12.0375,4.60875,11.9,992.1875,2.9,58.708333333333336,105.0668581763984,2,0,0,winter,116,0
2018-02-13,,,0,0,,,,0,0,15.470833333333331,10.1,21.5,79.41666666666667,11.5,2.1625,6.8,996.8458333333332,0.0,17.666666666666668,0.9080777743309908,2,1,0,winter,117,0
2018-02-14,65.8,65.8,1,0,65.8,,,0,0,15.483333333333334,10.0,21.7,66.125,8.454166666666667,4.1025,12.3,996.6708333333332,0.0,4.708333333333333,305.7995995915701,2,2,0,winter,118,0
2018-02-15,82.28,86.7,5,0,67.0,174.75,186.0,4,0,16.849999999999998,11.9,23.1,64.41666666666667,9.754166666666666,4.3425,11.8,994.4791666666666,0.0,9.625,299.9550881615597,2,3,0,winter,119,0
2018-02-16,131.175,144.5,4,0,,233.5,252.5,4,0,17.7625,11.7,24.5,66.125,10.841666666666669,3.29,10.1,993.0208333333334,0.0,14.375,295.7147271132671,2,4,0,winter,120,0
2018-02-17,,,0,0,,,,0,0,18.0625,12.7,25.0,66.70833333333333,11.15,3.2625,9.4,987.9708333333332,0.0,44.375,298.76398200175413,2,5,1,winter,121,0
2018-02-18,125.9,138.5,4,0,,234.5,269.0,4,0,17.579166666666666,11.9,25.0,59.208333333333336,8.766666666666667,2.6875,7.8,986.8125,0.0,42.625,315.62536179772854,2,6,1,winter,122,0
2018-02-19,174.15,175.5,4,0,,339.75,320.0,4,0,17.4375,10.0,25.4,57.958333333333336,7.891666666666667,2.1029166666666668,6.4,988.4166666666666,0.0,55.54166666666666,304.45193647499457,2,0,0,winter,123,0
2018-02-20,220.6667,226.0,3,0,,356.5,356.5,2,0,19.40833333333333,11.8,26.8,60.083333333333336,10.604166666666666,2.272083333333333,7.4,988.2333333333332,0.0,16.166666666666668,313.61271492774324,2,1,0,winter,124,0
2018-02-21,238.3333,226.0,3,0,,432.0,432.0,2,0,21.3875,15.2,29.5,58.25,11.970833333333331,1.9225,5.4,986.1791666666668,0.0,62.5,296.43573624972066,2,2,0,winter,125,0
2018-02-22,,,0,0,,,,0,0,21.7375,14.1,29.9,63.54166666666666,13.225,2.16875,6.7,985.2791666666668,0.0,30.33333333333333,323.07259667122764,2,3,0,winter,126,0
2018-02-23,124.0,124.0,1,0,124.0,,,0,0,21.90416666666667,15.8,29.6,68.625,14.858333333333334,1.7466666666666668,5.9,985.4708333333332,0.0,86.29166666666667,27.63150826677304,2,4,0,winter,127,0
2018-02-24,138.0,138.0,1,0,138.0,,,0,0,21.141666666666666,17.0,28.6,73.08333333333333,15.820833333333333,2.353333333333333,7.5,987.4875,1.9,60.0,95.13339764614182,2,5,1,winter,128,0
2018-02-25,99.4,99.4,1,0,99.4,,,0,0,21.058333333333334,16.3,27.8,68.33333333333333,14.2875,2.7100000000000004,8.5,990.5625,0.3,19.25,334.31762327394387,2,6,1,winter,129,0
2018-02-26,,,0,0,,,,0,0,20.5625,15.3,26.9,63.0,12.379166666666668,4.6762500000000005,12.4,988.6,0.0,9.375,297.3424588988737,2,0,0,winter,130,0
2018-02-27,,,0,0,,,,0,0,21.5125,15.7,28.8,62.333333333333336,13.408333333333331,3.1791666666666667,9.5,987.8583333333332,0.0,46.91666666666666,304.76511276215814,2,1,0,winter,131,0
2018-02-28,,,0,0,,,,0,0,21.6375,15.1,29.3,66.54166666666667,14.325,2.27,8.1,988.0625,0.0,68.54166666666667,314.80270056259275,2,2,0,winter,132,0
2018-03-01,,,0,0,,,,0,0,21.445833333333336,15.3,29.8,65.33333333333333,13.508333333333333,2.50125,7.8,986.225,0.0,60.29166666666666,326.3305105643397,3,3,0,pre_monsoon,133,0
2018-03-02,,,0,0,,,,0,0,23.120833333333334,17.0,30.7,58.16666666666666,13.645833333333334,2.4325,10.1,984.9916666666668,0.0,10.333333333333334,323.5805306208073,3,4,0,pre_monsoon,134,0
2018-03-03,,,0,0,,,,0,0,22.633333333333336,16.6,30.8,60.208333333333336,13.479166666666666,2.1441666666666666,8.4,983.0333333333332,0.0,36.75,299.56838114707904,3,5,1,pre_monsoon,135,0
2018-03-04,,,0,0,,,,0,0,21.491666666666664,17.1,28.1,59.375,12.7375,2.953333333333333,9.5,984.4083333333332,1.2,28.041666666666668,320.2672582731861,3,6,1,pre_monsoon,136,0
2018-03-05,80.6,80.6,1,0,80.6,,,0,0,20.4375,14.6,27.1,56.91666666666666,10.4625,2.7670833333333333,9.6,987.9625,0.0,0.25,317.2564326894194,3,0,0,pre_monsoon,137,0
2018-03-06,78.2,78.2,1,0,78.2,,,0,0,20.35,14.4,27.5,52.375,9.525,3.4591666666666665,11.2,988.7375,0.0,40.25,302.2395289456887,3,1,0,pre_monsoon,138,0
2018-03-07,,,0,0,,,,0,0,21.1375,14.3,28.4,51.958333333333336,9.829166666666667,3.2158333333333338,10.4,987.7041666666668,0.0,1.2916666666666667,304.25283548397545,3,2,0,pre_monsoon,139,0
2018-03-08,,,0,0,,,,0,0,22.3375,16.1,29.5,52.958333333333336,11.541666666666666,1.4545833333333331,4.7,988.6541666666668,0.0,4.916666666666667,10.879446723268302,3,3,0,pre_monsoon,140,0
2018-03-09,141.0,141.0,1,0,141.0,,,0,0,22.925,15.9,30.9,52.29166666666666,11.633333333333333,2.4341666666666666,7.9,988.8458333333332,1.1,10.916666666666666,321.7527841597977,3,4,0,pre_monsoon,141,0
2018-03-10,85.4,85.4,1,0,85.4,,,0,0,23.079166666666666,16.5,31.1,48.458333333333336,10.5375,3.4525,9.3,987.925,0.0,18.041666666666668,306.9921083807413,3,5,1,pre_monsoon,142,0
2018-03-11,139.29,141.5,10,0,104.0,116.3,112.0,6,0,23.275,17.2,30.8,51.91666666666666,11.9875,3.2254166666666664,8.4,986.8666666666668,0.0,2.208333333333333,306.6568864908146,3,6,1,pre_monsoon,143,0
2018-03-12,118.0,118.0,1,0,118.0,,,0,0,23.72083333333333,16.5,32.1,53.25,12.4125,3.0029166666666662,8.8,986.9583333333334,0.0,0.0,299.0440170211238,3,0,0,pre_monsoon,144,0
2018-03-13,,,0,0,,,,0,0,25.42083333333333,17.2,34.0,48.583333333333336,12.204166666666666,2.4991666666666665,8.3,985.3166666666666,0.0,3.5416666666666665,264.02379794781393,3,1,0,pre_monsoon,145,0
2018-03-14,81.4,81.4,1,0,81.4,,,0,0,25.820833333333336,20.3,32.6,37.25,9.216666666666669,2.4291666666666667,6.6,983.35,0.0,1.9166666666666667,173.86986260202707,3,2,0,pre_monsoon,146,0
2018-03-15,76.3,76.3,1,0,76.3,,,0,0,23.77916666666667,18.7,31.4,42.0,9.495833333333334,2.72875,10.4,983.6083333333332,0.0,30.166666666666668,279.8005527509498,3,3,0,pre_monsoon,147,0
2018-03-16,,,0,0,,,,0,0,22.758333333333336,16.5,29.7,47.833333333333336,9.433333333333334,2.6875,12.6,984.7166666666668,0.0,11.958333333333334,326.0932431302224,3,4,0,pre_monsoon,148,0
2018-03-17,,,0,0,,,,0,0,21.925,15.7,29.1,40.29166666666666,6.6875,3.4275,11.1,985.9833333333332,0.0,0.0,310.3303150205464,3,5,1,pre_monsoon,149,0
2018-03-18,,,0,0,,,,0,0,22.77083333333333,16.4,30.8,40.625,7.320833333333333,3.1300000000000003,9.8,987.1375,0.0,36.083333333333336,315.6578955519677,3,6,1,pre_monsoon,150,0
2018-03-19,,,0,0,,,,0,0,23.633333333333336,14.8,32.8,41.083333333333336,7.991666666666667,2.373333333333333,8.0,988.6291666666666,0.0,58.66666666666666,303.7818329600142,3,0,0,pre_monsoon,151,0
2018-03-20,,,0,0,,,,0,0,24.3875,16.1,32.9,48.458333333333336,11.5125,1.8133333333333332,5.7,985.8458333333332,0.2,10.666666666666666,317.3997835769783,3,1,0,pre_monsoon,152,0
2018-03-21,,,0,0,,,,0,0,23.58333333333333,18.2,30.7,56.25,13.666666666666666,2.984583333333333,12.3,983.8791666666666,1.6,25.125,355.79360559496445,3,2,0,pre_monsoon,153,0
2018-03-22,189.84,197.5,10,0,70.4,171.8,173.0,5,0,23.066666666666663,17.1,29.6,55.625,12.533333333333331,2.3041666666666667,8.1,984.75,0.3,13.875,351.0476214856605,3,3,0,pre_monsoon,154,0
2018-03-23,54.3,54.3,1,0,54.3,,,0,0,22.979166666666668,17.1,29.0,53.625,12.1375,2.6004166666666664,8.4,985.6708333333332,0.0,10.208333333333334,304.6970879411608,3,4,0,pre_monsoon,155,0
2018-03-24,75.0,75.0,1,0,75.0,,,0,0,24.329166666666666,17.4,31.1,48.04166666666666,11.641666666666666,3.0108333333333337,9.8,988.0708333333332,0.0,0.0416666666666666,316.46632710582367,3,5,1,pre_monsoon,156,0
2018-03-25,152.3111,141.0,9,0,98.0,143.8,137.0,5,0,25.058333333333334,18.5,32.6,43.79166666666666,10.616666666666667,3.567083333333333,11.9,989.1583333333332,0.0,1.375,306.9560942557299,3,6,1,pre_monsoon,157,0
2018-03-26,164.8111,162.0,9,0,99.3,140.0,140.0,5,0,25.975,18.8,33.9,42.458333333333336,11.2125,3.7891666666666666,11.2,987.5041666666666,0.0,0.0,301.3721720602948,3,0,0,pre_monsoon,158,0
2018-03-27,92.8,92.8,1,0,92.8,,,0,0,26.354166666666668,18.4,35.3,40.375,10.245833333333334,2.7262500000000003,8.4,984.375,0.0,0.0,303.8024059078341,3,1,0,pre_monsoon,159,0
2018-03-28,85.7,85.7,1,0,85.7,,,0,0,27.95833333333333,20.6,35.5,37.083333333333336,10.916666666666666,2.622916666666667,8.3,983.6833333333334,0.0,0.0416666666666666,302.3505558105491,3,2,0,pre_monsoon,160,0
2018-03-29,73.2,73.2,1,0,73.2,,,0,0,27.2375,19.6,35.4,33.541666666666664,8.291666666666666,3.7125,13.3,983.1791666666668,0.0,8.166666666666666,302.94557753476965,3,3,0,pre_monsoon,161,0
2018-03-30,73.7,73.7,1,0,73.7,,,0,0,26.854166666666668,20.7,34.3,34.166666666666664,8.970833333333333,3.99375,13.1,981.0541666666668,0.0,0.0,294.50579150670166,3,4,0,pre_monsoon,162,0
2018-03-31,92.5,92.5,1,0,92.5,,,0,0,25.72083333333333,18.6,33.5,47.0,12.916666666666666,3.31125,8.9,982.9833333333332,0.0,0.5416666666666666,109.81967756322864,3,5,1,pre_monsoon,163,0
2018-04-01,59.1,59.1,1,0,59.1,,,0,0,26.508333333333336,20.8,33.1,45.125,13.1,2.980833333333333,9.2,984.7791666666668,0.0,0.0,110.21392992374103,4,6,1,pre_monsoon,164,0
2018-04-02,179.5875,187.0,8,0,69.7,185.3333,159.0,6,0,28.008333333333336,20.7,35.0,45.54166666666666,14.145833333333334,2.3720833333333333,8.7,985.0333333333332,0.0,20.166666666666668,126.44146546183214,4,0,0,pre_monsoon,165,0
2018-04-03,184.3333,174.0,9,0,82.0,201.6667,168.5,6,0,28.6875,22.2,36.0,44.125,14.466666666666669,2.487083333333333,11.7,983.7958333333332,1.7000000000000002,53.875,127.29288525835015,4,1,0,pre_monsoon,166,0
2018-04-04,196.4875,189.5,8,0,78.9,205.0,171.5,6,0,29.175,21.7,37.2,42.833333333333336,13.6125,2.313333333333333,13.5,981.6333333333332,0.0,25.83333333333333,71.72510211417233,4,2,0,pre_monsoon,167,0
2018-04-05,256.8889,260.0,9,0,157.0,262.1667,245.5,6,0,28.6125,21.9,36.6,48.75,15.641666666666666,1.77625,10.6,980.4041666666668,2.1,37.125,23.56739022803606,4,3,0,pre_monsoon,168,0
2018-04-06,76.3,76.3,1,0,76.3,,,0,0,27.883333333333336,22.0,34.9,51.708333333333336,15.783333333333331,1.9170833333333333,8.2,981.9958333333334,1.1,61.875,109.17564641961808,4,4,0,pre_monsoon,169,0
2018-04-07,149.4222,164.0,9,0,27.8,158.0,150.0,6,0,26.875,20.9,33.5,53.66666666666666,16.158333333333335,2.942083333333333,10.5,984.1083333333332,3.4000000000000004,43.54166666666666,113.84250351240324,4,5,1,pre_monsoon,170,0
2018-04-08,98.8111,95.1,9,0,41.3,119.5333,111.5,6,0,26.754166666666663,21.4,33.4,55.208333333333336,16.45,3.610833333333333,11.9,985.0125,1.3,45.083333333333336,113.8084877612746,4,6,1,pre_monsoon,171,0
2018-04-09,98.5889,98.7,9,0,44.8,119.8833,111.0,6,0,25.6125,21.9,33.3,61.75,17.133333333333333,2.8495833333333334,10.3,985.9625,3.5,63.0,94.28494567438928,4,0,0,pre_monsoon,172,0
2018-04-10,58.2,58.2,1,0,58.2,,,0,0,26.77083333333333,21.3,33.8,58.25,17.224999999999998,2.400416666666666,10.5,984.025,3.1,32.5,145.24360222797077,4,1,0,pre_monsoon,173,0
2018-04-11,37.3,37.3,1,0,37.3,,,0,0,25.366666666666664,21.5,31.9,63.41666666666666,17.520833333333332,3.5554166666666664,12.6,983.8583333333332,2.5,46.208333333333336,75.00518461855751,4,2,0,pre_monsoon,174,0
2018-04-12,25.3,25.3,1,0,25.3,,,0,0,25.425,19.8,31.6,61.458333333333336,16.425,1.7054166666666666,7.9,983.2958333333332,0.2,37.708333333333336,347.14304531529456,4,3,0,pre_monsoon,175,0
2018-04-13,57.1,57.1,1,0,57.1,,,0,0,26.25,19.0,33.0,42.91666666666666,10.5375,2.357083333333333,7.7,984.3625,0.0,16.666666666666668,327.4881472464752,4,4,0,pre_monsoon,176,0
2018-04-14,63.3,63.3,1,0,63.3,,,0,0,27.2125,19.2,34.9,33.541666666666664,9.025,2.8858333333333337,12.9,983.3208333333332,0.0,24.83333333333333,321.99008563504486,4,5,1,pre_monsoon,177,0
2018-04-15,83.2,83.2,1,0,83.2,,,0,0,28.791666666666668,20.8,36.5,34.833333333333336,10.833333333333334,2.4491666666666667,7.7,982.6875,0.0,13.125,323.0702573783662,4,6,1,pre_monsoon,178,0
2018-04-16,92.0667,94.5,3,0,76.7,316.0,316.0,1,0,29.225,23.2,37.0,35.666666666666664,11.9125,2.9025,9.7,983.1791666666668,5.4,24.041666666666668,134.47090684736384,4,0,0,pre_monsoon,179,0
2018-04-17,78.8,82.75,4,0,53.8,285.0,285.0,1,0,29.42083333333333,22.4,36.7,34.5,10.904166666666669,2.4654166666666666,8.6,984.2416666666668,1.3,14.75,354.4249096475173,4,1,0,pre_monsoon,180,0
2018-04-18,,,0,0,,,,0,0,29.45,22.2,36.5,28.125,8.254166666666666,4.292083333333333,13.9,983.7541666666666,0.0,0.5833333333333334,311.32510370932323,4,2,0,pre_monsoon,181,0
2018-04-19,102.1333,107.0,3,0,85.4,382.0,382.0,1,0,30.016666666666666,23.3,37.3,28.291666666666668,8.766666666666667,3.1845833333333338,12.6,980.2708333333334,0.0,14.0,315.1374669583185,4,3,0,pre_monsoon,182,0
2018-04-20,79.8,79.8,1,0,79.8,,,0,0,30.366666666666664,21.7,39.0,26.875,7.341666666666666,4.488333333333333,15.9,978.9625,1.1,26.041666666666668,191.65779128639423,4,4,0,pre_monsoon,183,0
2018-04-21,132.0,132.0,1,0,132.0,,,0,0,27.004166666666663,19.5,34.0,33.583333333333336,8.1875,3.4325,9.4,983.1083333333332,0.0,0.0,311.0262000992654,4,5,1,pre_monsoon,184,0
2018-04-22,43.8,43.8,1,0,43.8,,,0,0,27.525,20.9,34.3,24.58333333333333,4.204166666666667,4.1525,12.3,984.0625,0.0,0.0,313.7283457220912,4,6,1,pre_monsoon,185,0
2018-04-23,69.2,69.2,1,0,69.2,,,0,0,28.275,20.9,35.6,23.33333333333333,4.620833333333334,3.76625,11.7,983.3458333333332,0.0,0.0,303.1661468537484,4,0,0,pre_monsoon,186,0
2018-04-24,,,0,0,,,,0,0,30.104166666666668,21.6,37.9,20.125,3.954166666666667,2.81875,10.7,982.2458333333334,0.0,0.0,291.2610150184393,4,1,0,pre_monsoon,187,0
2018-04-25,68.0,68.0,1,0,68.0,,,0,0,31.875,22.9,40.3,19.5,4.466666666666667,2.8216666666666668,9.1,979.6208333333334,0.0,12.833333333333334,265.4811904752751,4,2,0,pre_monsoon,188,0
2018-04-26,133.25,129.0,4,0,111.0,378.6667,372.0,3,0,32.475,23.8,41.2,20.08333333333333,5.3,2.525,7.1,978.05,0.0,0.2916666666666667,277.84376593850254,4,3,0,pre_monsoon,189,0
2018-04-27,105.575,110.0,4,0,88.3,402.0,402.0,1,0,30.954166666666666,25.7,38.6,42.583333333333336,16.166666666666668,3.7475,10.9,981.1625,1.2000000000000002,15.583333333333334,114.53971883814074,4,4,0,pre_monsoon,190,0
2018-04-28,83.7,80.7,4,0,81.8,382.0,382.0,1,0,30.775,25.4,38.6,44.16666666666666,16.583333333333332,3.6916666666666655,14.2,981.1375,0.9,16.5,115.50677932463628,4,5,1,pre_monsoon,191,0
2018-04-29,88.84,94.1,5,0,77.3,330.0,330.0,1,0,30.8375,23.4,38.6,43.458333333333336,15.533333333333331,2.709583333333333,13.3,978.7208333333332,0.4,39.04166666666666,83.917523385229,4,6,1,pre_monsoon,192,0
2018-04-30,74.12,70.8,5,0,68.5,241.0,241.0,1,0,31.07083333333333,24.2,38.9,42.333333333333336,15.916666666666666,3.1316666666666664,19.4,976.7166666666668,0.7,45.54166666666666,123.79310298031794,4,0,0,pre_monsoon,-191,0
2018-05-01,50.75,50.3,4,0,44.0,,,0,0,30.52083333333333,24.4,37.5,51.625,18.804166666666667,4.916666666666667,14.1,979.6583333333332,10.5,28.625,111.19616890179844,5,1,0,pre_monsoon,-190,0
2018-05-02,70.5556,75.3,9,0,53.6,222.25,216.0,4,0,29.8,23.4,36.7,54.208333333333336,18.9,4.7370833333333335,22.2,980.5833333333334,5.9,39.375,113.32343852655754,5,2,0,pre_monsoon,-189,0
2018-05-03,46.61,44.05,10,0,42.6,137.2,123.0,5,0,28.72083333333333,23.4,34.8,58.0,19.22083333333333,4.472916666666666,12.7,981.7083333333334,0.0,18.416666666666668,116.02040813197776,5,3,0,pre_monsoon,-188,0
2018-05-04,45.86,41.3,10,0,33.8,112.8,127.0,5,0,29.058333333333334,24.4,34.6,55.375,18.85833333333333,3.7416666666666663,13.0,982.125,0.0,27.08333333333333,101.88384377447318,5,4,0,pre_monsoon,-187,0
2018-05-05,67.931,67.85,10,0,49.7,190.0,196.0,5,0,30.29583333333333,24.3,37.0,47.958333333333336,16.925,2.13875,10.2,981.3083333333334,0.0,12.666666666666666,32.09771741329047,5,5,1,pre_monsoon,-186,0
2018-05-06,87.62,96.45,10,0,81.5,274.0,287.0,5,0,31.070833333333336,25.5,38.2,38.41666666666666,14.404166666666669,2.89625,10.9,981.5125,0.0,24.625,4.01367850200279,5,6,1,pre_monsoon,-185,0
2018-05-07,106.61,107.0,10,0,81.9,297.6,305.0,5,0,30.479166666666668,23.5,37.2,36.41666666666666,12.979166666666666,2.384583333333333,11.5,980.0458333333332,0.0,13.416666666666666,354.00417071415234,5,0,0,pre_monsoon,-184,0
2018-05-08,52.475,54.3,10,0,52.8,132.0,110.0,5,0,27.204166666666666,22.9,33.8,46.333333333333336,14.2125,2.51875,12.3,980.1208333333334,3.5,46.958333333333336,308.28932540440724,5,1,0,pre_monsoon,-183,0
2018-05-09,70.56,73.55,10,0,83.7,168.1,174.0,5,0,28.1375,20.8,35.4,43.958333333333336,13.4875,1.9858333333333336,12.0,982.3041666666668,2.2,18.5,359.1110715113796,5,2,0,pre_monsoon,-182,0
2018-05-10,75.5422,81.4,9,0,81.4,205.0,211.0,5,0,30.254166666666663,22.0,37.6,37.54166666666666,12.8375,2.3041666666666667,8.6,983.1125,0.0,0.3333333333333333,304.08959981554,5,3,0,pre_monsoon,-181,0
2018-05-11,114.2125,124.5,8,0,118.0,299.25,302.5,4,0,32.520833333333336,24.3,40.1,36.0,14.454166666666666,2.54875,8.9,980.4208333333332,0.0,19.666666666666668,320.1277941625316,5,4,0,pre_monsoon,-180,0
2018-05-12,114.9,139.0,9,0,141.0,351.0,355.0,5,0,32.28333333333333,27.1,40.1,41.79166666666666,17.104166666666668,2.654583333333333,14.4,979.6333333333332,1.1,34.541666666666664,112.39561710763051,5,5,1,pre_monsoon,-179,0
2018-05-13,72.1857,74.1,7,0,86.9,220.75,219.0,4,0,29.5875,24.9,36.6,56.29166666666666,19.629166666666663,3.242083333333333,19.1,979.6875,3.8,47.833333333333336,80.85374686328646,5,6,1,pre_monsoon,-178,0
2018-05-14,40.4,40.4,1,0,40.4,,,0,0,29.979166666666668,22.7,36.8,52.333333333333336,18.454166666666666,2.223333333333333,6.8,980.7791666666668,0.0,18.33333333333333,101.67092425376931,5,0,0,pre_monsoon,-177,0
2018-05-15,57.7,57.7,1,0,57.7,,,0,0,31.2125,24.7,37.5,49.79166666666666,18.7375,2.3354166666666667,8.7,979.6833333333334,0.0,10.666666666666666,102.9140587849338,5,1,0,pre_monsoon,-176,0
2018-05-16,,,0,0,,,,0,0,31.954166666666666,25.0,38.9,41.833333333333336,15.791666666666666,2.2604166666666665,10.4,978.4,0.4,7.291666666666667,287.2925556458578,5,2,0,pre_monsoon,-175,0
2018-05-17,,,0,0,,,,0,0,32.737500000000004,25.4,40.4,29.75,11.85,2.276666666666667,10.0,978.6833333333334,0.0,25.45833333333333,314.44830763247995,5,3,0,pre_monsoon,-174,0
2018-05-18,,,0,0,,,,0,0,32.520833333333336,26.5,39.5,32.208333333333336,12.595833333333331,1.919166666666667,7.7,978.1833333333334,0.0,9.0,40.1996095744517,5,4,0,pre_monsoon,-173,0
2018-05-19,73.2,73.2,1,0,73.2,,,0,0,32.15833333333333,25.6,39.2,38.41666666666666,15.391666666666666,1.81125,10.8,978.5416666666666,1.5,25.33333333333333,237.9199233084445,5,5,1,pre_monsoon,-172,0
2018-05-20,61.8,61.8,1,0,61.8,,,0,0,32.88333333333333,25.7,40.0,28.375,11.1125,2.825833333333333,9.1,979.5,0.0,4.0,317.8403829476002,5,6,1,pre_monsoon,-171,0
2018-05-21,52.7,52.7,1,0,52.7,,,0,0,33.74166666666667,26.1,40.8,17.375,4.816666666666667,3.247916666666667,9.7,979.6583333333332,0.0,0.5833333333333334,335.79140424155463,5,0,0,pre_monsoon,-170,0
2018-05-22,,,0,0,,,,0,0,35.483333333333334,28.0,42.7,18.0,6.895833333333333,2.731666666666667,9.6,978.7791666666668,0.0,0.6666666666666666,324.1211665103115,5,1,0,pre_monsoon,-169,0
2018-05-23,,,0,0,,,,0,0,34.550000000000004,28.3,42.1,25.58333333333333,11.4125,2.8208333333333333,13.6,977.6583333333332,0.1,7.333333333333333,47.624343477260766,5,2,0,pre_monsoon,-168,0
2018-05-24,,,0,0,,,,0,0,33.78333333333333,27.6,41.6,30.5,12.2375,2.5620833333333333,9.2,977.0541666666668,0.0,16.25,16.26301513645143,5,3,0,pre_monsoon,-167,0
2018-05-25,,,0,0,,,,0,0,34.645833333333336,25.9,42.1,24.666666666666668,7.983333333333333,2.587916666666666,9.2,977.1958333333332,0.0,6.458333333333333,294.08590348698374,5,4,0,pre_monsoon,-166,0
2018-05-26,99.5,99.5,1,0,99.5,,,0,0,34.895833333333336,27.0,42.9,16.75,4.65,2.55375,8.5,976.2833333333332,0.0,0.4166666666666667,303.81248489294865,5,5,1,pre_monsoon,-165,0
2018-05-27,63.8,63.8,1,0,63.8,,,0,0,35.333333333333336,26.9,43.0,18.916666666666668,5.95,2.9995833333333333,9.9,975.6666666666666,0.0,8.166666666666666,237.00138268409145,5,6,1,pre_monsoon,-164,0
2018-05-28,81.0,81.0,1,0,81.0,,,0,0,34.7875,27.0,41.9,27.95833333333333,11.845833333333331,2.5570833333333334,8.2,974.0291666666668,0.0,5.041666666666667,103.94186416967784,5,0,0,pre_monsoon,-163,0
2018-05-29,89.2,89.2,1,0,89.2,,,0,0,33.987500000000004,27.5,41.7,33.333333333333336,13.941666666666668,3.497916666666667,14.1,973.325,0.0,7.458333333333333,125.51184276000912,5,1,0,pre_monsoon,-162,0
2018-05-30,47.5,47.5,1,0,47.5,,,0,0,32.791666666666664,27.1,40.4,48.625,19.7875,3.9804166666666663,18.6,974.875,0.7,26.58333333333333,121.2122536755776,5,2,0,pre_monsoon,-161,0
2018-05-31,51.5,51.5,1,0,51.5,,,0,0,34.34166666666667,27.2,41.5,45.0,18.9375,3.0854166666666667,9.3,976.7708333333334,0.0,17.958333333333332,120.78594788898393,5,3,0,pre_monsoon,-160,0
2018-06-01,59.0,59.0,1,0,59.0,,,0,0,33.94583333333333,29.1,41.2,48.208333333333336,20.745833333333334,4.99125,14.9,977.775,4.8,12.541666666666666,108.38550638013686,6,4,0,monsoon,-159,0
2018-06-02,37.1,37.1,1,0,37.1,,,0,0,32.987500000000004,27.0,39.3,48.875,20.225,4.34375,11.2,978.3083333333334,0.0,0.0833333333333333,108.05015645332492,6,5,1,monsoon,-158,0
2018-06-03,44.0,44.0,1,0,44.0,,,0,0,32.958333333333336,28.2,37.3,52.458333333333336,21.629166666666663,3.6991666666666663,10.4,976.3,0.0,10.958333333333334,103.3200062811004,6,6,1,monsoon,-157,0
2018-06-04,53.5,53.5,1,0,53.5,,,0,0,34.895833333333336,29.6,40.5,45.375,20.6625,4.4470833333333335,12.3,975.4083333333332,0.0,9.375,116.23670358985424,6,0,0,monsoon,-156,0
2018-06-05,38.3,38.3,1,0,38.3,,,0,0,35.30833333333333,30.9,39.7,44.583333333333336,21.1,4.4625,13.3,977.6041666666666,0.7,12.416666666666666,108.7209489093184,6,1,0,monsoon,-155,0
2018-06-06,47.8,47.8,1,0,47.8,,,0,0,33.454166666666666,29.1,38.3,54.625,22.78333333333333,3.4075,12.0,978.7958333333332,0.8,49.208333333333336,99.89511216721218,6,2,0,monsoon,-154,0
2018-06-07,58.6,58.6,1,0,58.6,,,0,0,34.175000000000004,28.4,39.5,53.083333333333336,22.379166666666663,2.310416666666667,8.5,975.0541666666668,0.0,6.708333333333333,103.76764160511648,6,3,0,monsoon,-153,0
2018-06-08,59.6,59.6,1,0,59.6,,,0,0,34.80416666666667,30.8,39.9,52.41666666666666,23.34166666666667,4.480833333333333,11.6,971.8125,0.0,16.708333333333332,115.38245948429233,6,4,0,monsoon,-152,0
2018-06-09,47.6,47.6,1,0,47.6,,,0,0,31.516666666666666,27.3,37.2,69.375,24.695833333333336,3.8979166666666663,12.8,971.4291666666668,15.2,60.79166666666666,118.46085524013164,6,5,1,monsoon,-151,0
2018-06-10,47.2,47.2,1,0,47.2,,,0,0,31.516666666666666,26.4,36.1,67.66666666666667,24.33333333333333,1.8445833333333332,8.0,971.6666666666666,1.9,41.25,290.1261317456886,6,6,1,monsoon,-150,0
2018-06-11,60.8,60.8,1,0,60.8,,,0,0,34.016666666666666,28.0,39.3,51.79166666666666,21.70833333333333,3.07875,10.5,969.9208333333332,0.0,11.708333333333334,296.22559216822395,6,0,0,monsoon,-149,0
2018-06-12,146.0,146.0,1,0,146.0,,,0,0,35.55833333333333,28.6,41.9,39.875,19.25,3.755416666666666,13.1,967.4458333333332,0.0,12.041666666666666,279.3114698056711,6,1,0,monsoon,-148,0
2018-06-13,237.0,237.0,1,0,237.0,,,0,0,36.391666666666666,31.8,40.5,37.458333333333336,19.3125,4.675416666666666,13.9,967.7416666666668,0.0,1.7083333333333333,266.6236770582286,6,2,0,monsoon,-147,0
2018-06-14,,,0,0,,,,0,0,35.97083333333333,31.2,40.3,36.583333333333336,18.675,5.506666666666667,13.7,969.5791666666668,0.0,1.5416666666666667,258.7823832987752,6,3,0,monsoon,-146,0
2018-06-15,124.0,124.0,1,0,124.0,,,0,0,35.49166666666667,32.1,38.9,35.541666666666664,17.816666666666666,4.950833333333333,14.0,971.9166666666666,0.0,9.583333333333334,263.38918245168514,6,4,0,monsoon,-145,0
2018-06-16,155.0,155.0,1,0,155.0,,,0,0,34.9375,31.2,39.3,41.29166666666666,19.42083333333333,3.9275,11.5,973.9333333333334,0.0,20.25,266.9729440912257,6,5,1,monsoon,-144,0
2018-06-17,,,0,0,,,,0,0,31.70833333333333,28.5,35.7,58.125,22.179166666666664,2.8820833333333336,12.8,975.075,0.2,20.791666666666668,11.800393165623175,6,6,1,monsoon,-143,0
2018-06-18,36.3,36.3,1,0,36.3,,,0,0,31.125,26.8,35.9,55.333333333333336,20.729166666666668,2.27,14.7,975.3416666666668,0.6000000000000001,23.166666666666668,310.26534736307707,6,0,0,monsoon,-142,0
2018-06-19,41.2,41.2,1,0,41.2,,,0,0,32.65416666666667,26.3,38.6,51.375,20.58333333333333,2.3608333333333333,9.6,975.2416666666668,0.0,3.9583333333333335,315.9653885710434,6,1,0,monsoon,-141,0
2018-06-20,56.6,56.6,1,0,56.6,,,0,0,34.93333333333333,28.9,40.1,45.25,20.625,1.5733333333333333,7.8,975.9583333333334,0.0,9.333333333333334,356.3794819171712,6,2,0,monsoon,-140,0
2018-06-21,64.6,64.6,1,0,64.6,,,0,0,35.395833333333336,29.8,40.7,41.79166666666666,19.8625,2.0429166666666667,7.9,975.6541666666668,0.0,19.875,330.2805934885574,6,3,0,monsoon,-139,0
2018-06-22,60.9,60.9,1,0,60.9,,,0,0,36.575,31.9,41.7,38.375,19.416666666666668,1.5983333333333334,9.3,974.5916666666668,0.0,7.625,29.20993646703522,6,4,0,monsoon,-138,0
2018-06-23,66.4,66.4,1,0,66.4,,,0,0,35.9625,30.8,40.7,38.91666666666666,19.3,2.355,12.0,974.0833333333334,0.0,28.08333333333333,341.1075467455937,6,5,1,monsoon,-137,0
2018-06-24,47.4,47.4,1,0,47.4,,,0,0,35.56666666666667,30.6,40.5,38.833333333333336,18.883333333333333,2.565,9.2,973.5041666666666,0.0,45.875,293.14280655843527,6,6,1,monsoon,-136,0
2018-06-25,65.5,65.5,1,0,65.5,,,0,0,36.35,31.1,40.8,35.583333333333336,18.383333333333333,3.6533333333333338,10.9,971.3291666666668,0.0,28.83333333333333,288.2434440597467,6,0,0,monsoon,-135,0
2018-06-26,43.6,43.6,1,0,43.6,,,0,0,32.87916666666667,29.3,36.2,52.16666666666666,21.6375,2.594583333333333,9.2,971.7833333333332,1.8,71.25,266.6453412794489,6,1,0,monsoon,-134,0
2018-06-27,38.3,38.3,1,0,38.3,,,0,0,29.225,25.5,34.3,78.375,24.8375,2.5070833333333336,9.3,974.1166666666668,29.8,82.125,86.06484899842519,6,2,0,monsoon,-133,0
2018-06-28,20.4,20.4,1,0,20.4,,,0,0,28.641666666666666,25.6,33.4,81.20833333333333,24.866666666666664,4.0408333333333335,14.9,975.275,12.6,78.66666666666667,99.08280788143628,6,3,0,monsoon,-132,0
2018-06-29,33.3,33.3,1,0,33.3,,,0,0,29.3875,25.8,33.2,76.0,24.55,4.60875,13.4,975.1083333333332,4.3,62.0,111.3811026183106,6,4,0,monsoon,-131,0
2018-06-30,38.3,38.3,1,0,38.3,,,0,0,29.629166666666663,26.6,33.0,79.08333333333333,25.495833333333334,2.356666666666667,7.8,975.65,4.9,43.708333333333336,137.5044666552302,6,5,1,monsoon,-130,0
2018-07-01,25.7,25.7,1,0,25.7,,,0,0,30.75,27.7,34.0,74.625,25.59166666666667,2.999166666666667,10.2,974.6625,4.7,89.66666666666667,268.0539963263152,7,6,1,monsoon,-129,0
2018-07-02,27.5,27.5,1,0,27.5,,,0,0,30.679166666666664,25.4,35.0,71.875,24.629166666666663,3.3354166666666667,11.7,972.6583333333332,15.2,99.29166666666669,259.8091286266332,7,0,0,monsoon,-128,0
2018-07-03,36.0,36.0,1,0,36.0,,,0,0,30.65416666666667,28.4,33.7,68.16666666666667,23.979166666666668,2.385,7.9,972.5875,0.7,49.04166666666666,223.6481529177052,7,1,0,monsoon,-127,0
2018-07-04,41.8,41.8,1,0,41.8,,,0,0,29.141666666666666,27.1,32.5,77.66666666666667,24.704166666666666,2.47875,12.5,972.9666666666668,4.8,54.583333333333336,254.5308047832441,7,2,0,monsoon,-126,0
2018-07-05,46.8,46.8,1,0,46.8,,,0,0,30.829166666666666,26.7,34.9,70.95833333333333,24.620833333333334,1.6658333333333335,6.4,974.2291666666666,0.0,14.208333333333334,275.11333086870906,7,3,0,monsoon,-125,0
2018-07-06,50.2,50.2,1,0,50.2,,,0,0,31.17083333333333,26.9,34.9,67.41666666666667,24.125,2.2641666666666667,8.0,974.2791666666668,0.0,19.5,299.8539185179153,7,4,0,monsoon,-124,0
2018-07-07,56.3,56.3,1,0,56.3,,,0,0,31.745833333333334,27.3,36.1,64.70833333333333,23.9,2.160416666666667,7.5,973.6,0.0,4.0,307.17248803265346,7,5,1,monsoon,-123,0
2018-07-08,59.5,59.5,1,0,59.5,,,0,0,32.916666666666664,27.9,37.3,60.958333333333336,23.879166666666663,1.7479166666666668,6.5,972.65,0.0,27.666666666666668,328.86269884082793,7,6,1,monsoon,-122,0
2018-07-09,70.3,70.3,1,0,70.3,,,0,0,32.9125,29.0,36.9,64.20833333333333,25.0875,2.6704166666666667,9.2,972.7125,0.1,67.25,112.48168226805711,7,0,0,monsoon,-121,0
2018-07-10,43.0,43.0,1,0,43.0,,,0,0,32.81666666666667,28.8,37.1,67.25,25.6625,3.2741666666666664,9.0,973.1833333333334,0.3,64.5,118.19336175840856,7,1,0,monsoon,-120,0
2018-07-11,36.8,36.8,1,0,36.8,,,0,0,31.77083333333333,28.4,36.3,72.125,25.9625,2.6787499999999995,8.2,972.5583333333334,4.5,95.54166666666669,122.8578282575221,7,2,0,monsoon,-119,0
2018-07-12,48.1,48.1,1,0,48.1,,,0,0,29.6,26.1,33.5,80.20833333333333,25.6375,2.1837500000000003,8.3,972.3125,25.5,98.0,111.20903719073203,7,3,0,monsoon,-118,0
2018-07-13,29.4,29.4,1,0,29.4,,,0,0,29.14583333333333,26.5,32.2,81.54166666666667,25.554166666666664,2.29875,7.3,973.3458333333332,6.6,92.66666666666669,110.41281910525356,7,4,0,monsoon,-117,0
2018-07-14,33.4,33.4,1,0,33.4,,,0,0,28.491666666666664,25.7,31.8,84.75,25.566666666666663,2.40125,8.8,973.0041666666666,6.4,98.29166666666669,104.98704649250612,7,5,1,monsoon,-116,0
2018-07-15,30.8,30.8,1,0,30.8,,,0,0,29.429166666666664,26.2,33.2,82.875,26.066666666666663,2.624166666666667,9.2,972.5916666666668,7.4,88.41666666666667,111.3178909233751,7,6,1,monsoon,-115,0
2018-07-16,,,0,0,,,,0,0,29.133333333333336,27.2,32.1,85.29166666666667,26.375,2.5904166666666666,8.1,973.1916666666666,10.9,90.16666666666669,94.65786711084051,7,0,0,monsoon,-114,0
2018-07-17,,,0,0,,,,0,0,30.416666666666668,27.5,33.2,79.58333333333333,26.3625,2.5854166666666667,8.5,973.4041666666668,3.5,98.66666666666669,99.70325340027308,7,1,0,monsoon,-113,0
2018-07-18,29.9,29.9,1,0,29.9,,,0,0,30.14583333333333,28.3,33.3,80.16666666666667,26.304166666666664,2.71375,10.5,974.1666666666666,12.2,88.54166666666667,89.83378230148492,7,2,0,monsoon,-112,0
2018-07-19,34.3,34.3,1,0,34.3,,,0,0,30.15416666666667,27.4,32.9,80.5,26.33333333333333,1.81125,10.0,973.9916666666668,13.3,86.5,93.85029121907696,7,3,0,monsoon,-111,0
2018-07-20,36.4,36.4,1,0,36.4,,,0,0,29.370833333333334,27.2,32.5,84.0,26.2875,1.1708333333333334,7.8,973.3625,8.299999999999999,99.0,79.36447118920199,7,4,0,monsoon,-110,0
2018-07-21,55.4,55.4,1,0,55.4,,,0,0,28.45,26.4,30.8,88.79166666666667,26.375,1.5304166666666663,7.0,973.7791666666668,20.9,99.95833333333331,122.836862842693,7,5,1,monsoon,-109,0
2018-07-22,27.7,27.7,1,0,27.7,,,0,0,27.40833333333333,25.4,29.6,90.54166666666669,25.691666666666663,1.3641666666666667,6.2,974.0958333333332,30.6,99.875,137.0670055906133,7,6,1,monsoon,-108,0
2018-07-23,29.7,29.7,1,0,29.7,,,0,0,28.808333333333334,26.1,32.4,85.70833333333333,26.075,1.81375,11.0,973.7916666666666,5.1000000000000005,92.0,87.3026561607524,7,0,0,monsoon,-107,0
2018-07-24,37.4,37.4,1,0,37.4,,,0,0,29.98333333333333,26.9,32.9,77.66666666666667,25.52083333333333,1.4025,8.4,974.3708333333334,1.5,85.70833333333333,131.14166839953128,7,1,0,monsoon,-106,0
2018-07-25,30.2,30.2,1,0,30.2,,,0,0,28.84583333333333,27.0,32.2,85.29166666666667,26.079166666666666,1.835,6.4,973.95,8.2,99.04166666666669,238.1085144349859,7,2,0,monsoon,-105,0
2018-07-26,30.7,30.7,1,0,30.7,,,0,0,26.9375,25.7,29.4,91.375,25.34583333333333,1.9791666666666667,7.7,974.1083333333332,16.3,99.875,346.6319863868528,7,3,0,monsoon,-104,0
2018-07-27,26.1,26.1,1,0,26.1,,,0,0,26.804166666666664,25.1,29.1,89.79166666666667,24.9375,1.8429166666666663,7.5,973.3,14.2,99.375,7.222208353842802,7,4,0,monsoon,-103,0
2018-07-28,,,0,0,,,,0,0,28.075,24.9,31.7,83.5,24.866666666666664,3.492083333333333,11.6,973.7958333333332,2.8,97.33333333333331,264.4689038367887,7,5,1,monsoon,-102,0
2018-07-29,35.0,35.0,1,0,35.0,,,0,0,29.008333333333336,25.5,32.5,81.70833333333333,25.366666666666664,2.5475,9.3,974.1833333333334,2.4,70.125,272.5370251602003,7,6,1,monsoon,-101,0
2018-07-30,,,0,0,,,,0,0,29.258333333333336,26.4,33.3,79.20833333333333,25.10833333333333,2.8941666666666666,9.2,973.8625,2.4,82.0,266.98190807771755,7,0,0,monsoon,-100,0
2018-07-31,40.1,40.1,1,0,40.1,,,0,0,29.691666666666663,26.8,33.5,76.08333333333333,24.870833333333334,3.310833333333333,10.5,973.1583333333332,2.5,68.45833333333333,268.99366801989174,7,1,0,monsoon,-99,0
2018-08-01,35.7,35.7,1,0,35.7,,,0,0,29.9125,26.1,34.2,74.45833333333333,24.65416666666667,3.47875,10.3,973.3916666666668,0.4,63.25,258.52273049946126,8,2,0,monsoon,-98,0
2018-08-02,63.8,63.8,1,0,63.8,,,0,0,30.516666666666666,27.5,34.2,69.66666666666667,24.175,3.3370833333333336,9.8,974.8958333333334,0.2,82.125,260.2708679472985,8,3,0,monsoon,-97,0
2018-08-03,54.2,54.2,1,0,54.2,,,0,0,30.47083333333333,27.8,34.4,67.5,23.64583333333333,3.6491666666666656,10.8,975.35,0.0,88.29166666666667,259.9836060982586,8,4,0,monsoon,-96,0
2018-08-04,54.4,54.4,1,0,54.4,,,0,0,30.383333333333336,27.7,34.0,65.75,23.14583333333333,3.450416666666667,9.4,975.0166666666668,0.0,96.58333333333331,244.89727501838075,8,5,1,monsoon,-95,0
2018-08-05,53.9,53.9,1,0,53.9,,,0,0,29.15416666666667,27.0,32.8,72.08333333333333,23.4875,3.2670833333333333,7.0,974.9791666666666,1.3,99.20833333333331,216.55126384849265,8,6,1,monsoon,-94,0
2018-08-06,48.5,48.5,1,0,48.5,,,0,0,26.808333333333334,25.6,28.5,86.25,24.304166666666664,1.5829166666666667,6.0,975.4833333333332,4.6,99.58333333333331,140.95095764505277,8,0,0,monsoon,-93,0
2018-08-07,41.6,41.6,1,0,41.6,,,0,0,26.65,25.1,29.1,91.04166666666669,25.0375,1.3729166666666668,8.3,975.45,19.4,96.125,74.34780306648054,8,1,0,monsoon,-92,0
2018-08-08,26.0,26.0,1,0,26.0,,,0,0,27.96666666666667,25.0,31.5,86.04166666666667,25.2875,2.3195833333333336,10.3,976.0416666666666,9.4,93.20833333333331,99.3700496137206,8,2,0,monsoon,-91,0
2018-08-09,26.8,26.8,1,0,26.8,,,0,0,29.225,26.4,32.6,82.54166666666667,25.79583333333333,2.3841666666666668,9.4,978.1791666666668,2.9,70.04166666666667,103.01803267142871,8,3,0,monsoon,-90,0
2018-08-10,48.4308,49.2,13,0,34.9,119.8556,117.0,9,0,29.52916666666667,26.2,32.8,82.45833333333333,26.133333333333336,1.5958333333333332,8.9,977.2625,2.9,67.54166666666667,252.84830559905024,8,4,0,monsoon,-89,0
2018-08-11,33.74,31.3,15,0,22.3,102.7727,96.0,11,0,29.77916666666667,26.0,33.6,78.25,25.40416666666667,3.8020833333333335,10.7,973.9833333333332,2.7,98.75,268.97505301054,8,5,1,monsoon,-88,0
2018-08-12,24.525,23.65,20,0,13.2,77.1,79.35,16,0,28.820833333333336,27.1,30.4,79.25,24.79583333333333,2.552916666666667,7.8,972.0666666666666,2.1,98.95833333333331,249.6901582249763,8,6,1,monsoon,-87,0
2018-08-13,36.3105,34.8,19,0,21.7,101.9786,99.75,14,0,29.133333333333336,26.6,32.5,76.625,24.391666666666666,1.4416666666666669,4.8,973.0541666666668,2.5,98.375,145.12759633653877,8,0,0,monsoon,-86,0
2018-08-14,48.8353,47.1,17,0,35.3,119.8308,119.0,13,0,29.3375,26.4,32.8,78.95833333333333,25.183333333333334,1.7379166666666668,7.6,974.2833333333332,1.0,62.54166666666666,178.8313581633613,8,1,0,monsoon,-85,0
2018-08-15,41.1529,37.2,17,0,35.7,111.3462,116.0,13,0,28.991666666666664,26.2,33.1,83.91666666666667,25.916666666666668,2.0629166666666667,6.5,976.0916666666668,7.399999999999999,70.04166666666667,119.70831404914338,8,2,0,monsoon,-84,0
2018-08-16,,,0,0,,,,0,0,29.14583333333333,26.5,32.4,85.125,26.254166666666663,1.9229166666666664,8.2,977.4291666666668,3.4000000000000004,78.75,76.47944885613015,8,3,0,monsoon,-83,0
2018-08-17,28.0812,26.35,16,0,19.6,69.6083,63.25,12,0,29.433333333333334,26.9,31.9,83.25,26.225,2.81375,9.5,975.2333333333332,3.4,90.91666666666669,98.79642797375288,8,4,0,monsoon,-82,0
2018-08-18,32.8368,32.3,19,0,20.5,76.7875,75.75,16,0,29.258333333333336,26.9,32.4,84.29166666666667,26.2375,1.99375,6.6,974.925,6.4,71.08333333333333,104.08260246953785,8,5,1,monsoon,-81,0
2018-08-19,47.48,43.15,10,0,41.2,86.4667,88.2,6,0,28.9375,26.8,31.2,86.83333333333333,26.475,1.67875,6.7,974.7916666666666,4.9,86.625,257.07343966575905,8,6,1,monsoon,-80,0
2018-08-20,58.6056,53.15,18,0,103.0,116.2357,107.0,14,0,29.266666666666666,26.7,32.8,86.125,26.5875,1.4595833333333337,6.7,976.0875,3.6,99.125,111.9469127699333,8,0,0,monsoon,-79,0
2018-08-21,32.88,28.8,20,0,,77.6294,73.6,17,0,29.504166666666663,26.0,33.1,85.41666666666667,26.64583333333333,1.829583333333333,7.8,975.8375,2.5,78.04166666666667,107.33044744815658,8,1,0,monsoon,-78,0
2018-08-22,30.9714,31.5,7,0,,99.3333,87.25,6,0,29.34166666666667,26.8,33.1,84.125,26.2625,1.57875,7.6,975.35,10.1,88.08333333333333,122.8624676579518,8,2,0,monsoon,-77,0
2018-08-23,29.67,26.05,16,0,,78.5,74.4,13,0,28.291666666666668,26.2,31.8,87.625,25.9875,2.1195833333333334,7.4,976.2416666666668,12.4,97.875,267.3885333419132,8,3,0,monsoon,-76,0
2018-08-24,24.9721,22.7,19,0,11.5,90.0933,82.9,15,0,28.625,25.5,32.7,83.41666666666667,25.416666666666668,2.8091666666666666,9.4,975.5833333333334,9.1,95.625,255.8447109758458,8,4,0,monsoon,-75,0
2018-08-25,23.0632,21.0,19,0,11.9,78.0,74.6,16,0,28.55,26.3,32.8,79.33333333333333,24.504166666666663,3.4683333333333333,10.9,974.975,1.8,97.29166666666669,259.61460790865993,8,5,1,monsoon,-74,0
2018-08-26,23.8652,23.45,18,0,,87.1278,75.65,18,0,28.625,25.9,32.5,79.79166666666667,24.633333333333336,2.3408333333333333,9.1,974.5875,1.7000000000000002,90.20833333333331,290.21753612530904,8,6,1,monsoon,-73,0
2018-08-27,28.5471,27.7,17,0,14.8,59.6214,57.35,14,0,27.554166666666664,25.9,30.6,89.45833333333333,25.604166666666668,1.1783333333333337,9.1,976.2958333333332,6.0,98.5,13.86534559245905,8,0,0,monsoon,-72,0
2018-08-28,28.035,24.75,20,0,23.0,52.45,50.25,16,0,27.6625,25.6,31.0,88.5,25.525,2.0587500000000003,8.9,977.2583333333332,14.0,97.41666666666669,85.33662308116294,8,1,0,monsoon,-71,0
2018-08-29,29.4429,29.9,21,0,17.1,59.8812,55.15,16,0,28.004166666666663,25.8,30.8,89.08333333333333,25.9625,1.6308333333333334,5.8,978.3666666666668,4.6,97.20833333333331,105.859726935183,8,2,0,monsoon,-70,0
2018-08-30,39.9762,36.7,21,0,,90.6722,92.3,18,0,28.995833333333334,25.7,32.5,85.16666666666667,26.1125,1.7129166666666666,6.7,976.2958333333332,3.5,95.33333333333331,207.8133331713918,8,3,0,monsoon,-69,0
2018-08-31,47.8682,44.1,22,0,42.6,153.0,151.5,18,0,29.5375,26.4,33.8,80.79166666666667,25.65,2.447083333333333,7.7,976.375,1.2,91.54166666666669,210.01320632451265,8,4,0,monsoon,-68,0
2018-09-01,48.0263,46.0,19,0,,111.8875,106.0,16,0,28.3625,26.2,31.8,86.375,25.683333333333334,1.4266666666666667,6.4,978.0166666666668,1.3,86.83333333333333,161.17740153099555,9,5,1,monsoon,-67,0
2018-09-02,45.6,39.35,18,0,,76.0188,76.9,16,0,26.7125,24.5,29.4,89.75,24.8375,1.309583333333333,6.5,978.0791666666668,32.7,93.625,48.77374250106271,9,6,1,monsoon,-66,0
2018-09-03,38.3294,37.8,17,0,,70.3875,68.05,16,0,26.675,24.8,30.4,89.875,24.804166666666664,1.1779166666666667,5.9,978.3583333333332,8.200000000000001,94.875,119.94303228161816,9,0,0,monsoon,-65,0
2018-09-04,51.3,51.3,17,0,,102.8786,100.7,14,0,26.70833333333333,25.2,28.9,91.04166666666669,25.1,1.336666666666667,6.2,978.9166666666666,9.0,98.95833333333331,296.69612824270445,9,1,0,monsoon,-64,0
2018-09-05,39.5471,36.8,17,0,,105.48,109.0,15,0,27.704166666666666,25.2,31.4,84.91666666666667,24.804166666666664,2.32375,8.9,977.9458333333332,0.8999999999999999,99.83333333333331,281.31394151734844,9,2,0,monsoon,-63,0
2018-09-06,41.7227,40.6,22,0,34.6,127.0556,120.0,18,0,28.041666666666668,25.3,31.6,83.08333333333333,24.77083333333333,1.784166666666667,8.3,977.6583333333332,7.9,98.79166666666669,275.6948719134189,9,3,0,monsoon,-62,0
2018-09-07,39.3211,37.2,19,0,29.3,85.95,84.3,16,0,27.954166666666666,25.9,30.9,87.58333333333333,25.6,1.8854166666666667,8.9,979.525,8.6,88.625,98.04002589423236,9,4,0,monsoon,-61,0
2018-09-08,30.6444,29.05,18,0,17.0,64.1643,61.2,14,0,27.39583333333333,25.2,31.2,86.16666666666667,24.7625,3.648333333333333,16.6,979.8958333333334,8.0,92.45833333333331,86.8266586105758,9,5,1,monsoon,-60,0
2018-09-09,22.7176,20.8,17,0,12.7,46.25,46.6,12,0,27.0,24.4,29.7,83.04166666666667,23.695833333333336,3.9225,11.6,981.0458333333332,0.2,72.5,114.4250266443699,9,6,1,monsoon,-59,0
2018-09-10,35.5632,32.6,19,0,,88.5312,84.75,16,0,27.495833333333334,24.2,31.3,82.625,24.1125,1.9379166666666665,6.3,982.5791666666668,2.4,56.91666666666666,160.08527768424642,9,0,0,monsoon,-58,0
2018-09-11,26.775,24.55,20,0,,70.1941,68.1,17,0,27.7875,25.2,30.8,83.83333333333333,24.695833333333336,2.3229166666666665,6.2,982.25,3.0,56.375,243.81700257413888,9,1,0,monsoon,-57,0
2018-09-12,27.334,26.75,20,0,,93.3941,92.0,17,0,28.54583333333333,25.9,32.7,76.0,23.741666666666664,4.1000000000000005,11.2,979.6083333333332,0.4,24.875,264.2264051321868,9,2,0,monsoon,-56,0
2018-09-13,26.8779,26.4,19,0,,105.7133,102.0,15,0,28.575000000000003,25.6,32.2,70.70833333333333,22.641666666666666,3.7816666666666663,10.4,979.1291666666666,0.0,9.75,256.9460692639175,9,3,0,monsoon,-55,0
2018-09-14,34.19,33.3,21,0,,128.3944,125.0,18,0,27.84166666666667,24.3,31.6,70.875,21.9625,2.6195833333333334,8.0,981.4958333333334,0.0,8.833333333333334,263.9837766545653,9,4,0,monsoon,-54,0
2018-09-15,,,0,0,,,,0,0,27.875,23.8,32.3,69.625,21.59166666666667,2.395833333333333,7.5,983.1166666666668,0.0,4.708333333333333,270.6645803961474,9,5,1,monsoon,-53,0
2018-09-16,41.8889,37.9,18,0,34.4,128.6,127.0,14,0,28.02916666666667,23.4,32.4,68.58333333333333,21.454166666666666,2.5004166666666667,10.2,982.0625,0.0,3.0416666666666665,281.5456857827423,9,6,1,monsoon,-52,0
2018-09-17,56.175,51.95,20,0,52.6,148.125,148.0,16,0,28.070833333333336,24.0,32.1,71.29166666666667,22.2,2.177083333333333,10.3,980.9083333333332,0.0,6.375,302.3136648686093,9,0,0,monsoon,-51,0
2018-09-18,54.3789,52.4,19,0,48.2,157.0667,149.0,15,0,27.641666666666666,22.9,33.1,69.20833333333333,21.041666666666668,2.462916666666666,8.7,981.0416666666666,0.0,3.333333333333333,308.4506891430894,9,1,0,monsoon,-50,0
2018-09-19,61.2889,59.45,18,0,53.0,170.9357,160.0,14,0,27.71666666666667,22.5,33.4,69.33333333333333,21.0875,2.4325,8.3,981.05,0.0,0.0,317.7592558474224,9,2,0,monsoon,-49,0
2018-09-20,79.5188,75.9,16,0,,183.3571,171.0,14,0,28.4375,22.7,33.3,70.16666666666667,22.15416666666667,1.49625,5.2,981.2666666666668,0.0,1.375,45.51117831857772,9,3,0,monsoon,-48,0
2018-09-21,44.7789,41.9,19,0,,102.7,95.85,16,0,27.2125,23.9,31.4,78.20833333333333,23.03333333333333,3.6808333333333336,11.6,983.525,6.2,47.29166666666666,97.6118411744838,9,4,0,monsoon,-47,0
2018-09-22,24.035,20.75,20,0,,42.5765,37.4,17,0,24.933333333333334,22.6,28.1,88.5,22.879166666666663,4.762083333333334,14.4,983.7666666666668,50.6,95.16666666666669,91.1206539593186,9,5,1,monsoon,-46,0
2018-09-23,32.4105,28.4,19,0,25.5,55.1,52.6,15,0,25.454166666666666,23.6,29.0,88.91666666666667,23.4,5.733333333333333,14.2,983.8083333333334,15.6,93.70833333333331,106.58817156623434,9,6,1,monsoon,-45,0
2018-09-24,22.2429,19.2,21,0,14.9,36.2118,32.7,17,0,24.58333333333333,23.2,26.5,92.16666666666669,23.229166666666668,4.3220833333333335,12.0,981.5583333333334,12.8,91.91666666666669,146.17810076060357,9,0,0,monsoon,-44,0
2018-09-25,24.587,25.15,20,0,18.4,56.2812,48.6,16,0,25.23333333333333,22.6,29.1,84.54166666666667,22.229166666666668,3.6625,10.4,982.8,0.3,57.66666666666666,296.72137198875214,9,1,0,monsoon,-43,0
2018-09-26,39.24,36.25,20,0,34.4,105.5938,109.5,16,0,26.066666666666663,22.1,30.7,80.66666666666667,22.225,2.355,6.7,982.7958333333332,0.0,5.875,290.8972958059364,9,2,0,monsoon,-42,0
2018-09-27,74.0105,71.3,19,0,59.5,166.58,176.0,15,0,26.979166666666668,22.0,31.6,76.70833333333333,22.33333333333333,1.535,5.1,983.6208333333334,0.0,2.4166666666666665,316.41893399166577,9,3,0,monsoon,-41,0
2018-09-28,90.93,83.45,20,0,66.8,204.125,200.5,16,0,27.679166666666664,22.6,32.2,74.41666666666667,22.416666666666668,1.38,7.2,984.3791666666666,0.6,6.125,264.01737562901826,9,4,0,monsoon,-40,0
2018-09-29,83.1714,81.9,14,0,72.3,188.2727,182.0,11,0,27.2375,22.2,32.6,74.125,21.883333333333336,1.5291666666666668,4.9,985.1041666666666,0.0,2.375,291.6209855800949,9,5,1,monsoon,-39,0
2018-09-30,60.0588,56.7,17,0,50.3,145.0923,141.0,13,0,26.58333333333333,22.2,31.8,73.41666666666667,21.116666666666667,2.7641666666666667,8.2,984.5583333333334,0.0,0.1666666666666666,301.255238434515,9,6,1,monsoon,-38,0
2018-10-01,65.9562,64.0,16,0,64.7,180.0,169.5,12,0,26.6125,22.0,32.5,72.0,20.8125,2.46375,6.2,984.325,0.0,0.125,294.7715607262523,10,0,0,post_monsoon,-37,0
2018-10-02,79.9857,74.75,14,0,,186.0909,182.0,11,0,27.508333333333336,21.7,33.3,68.375,20.725,1.9183333333333328,5.5,984.9291666666668,0.0,2.708333333333333,284.10556974992653,10,1,0,post_monsoon,-36,0
2018-10-03,63.7467,57.8,15,0,,175.75,179.0,12,0,26.96666666666667,21.7,32.8,65.08333333333333,19.53333333333333,1.5320833333333332,4.5,984.3083333333334,0.0,5.291666666666667,268.7604900352132,10,2,0,post_monsoon,-35,0
2018-10-04,96.7368,89.9,19,0,86.1,233.8667,243.0,15,0,26.375,22.0,32.6,70.66666666666667,20.279166666666665,1.3966666666666667,5.5,985.8,1.0,12.458333333333334,326.3117588010056,10,3,0,post_monsoon,-34,0
2018-10-05,119.75,114.5,16,0,101.0,271.1667,268.5,12,0,26.425,21.0,32.7,72.20833333333333,20.54583333333333,1.4420833333333334,4.6,986.925,0.0,3.625,329.5857325157971,10,4,0,post_monsoon,-33,0
2018-10-06,71.1176,70.5,17,0,,184.5,182.0,14,0,25.791666666666668,20.3,32.2,64.16666666666667,17.8875,2.2929166666666667,6.0,986.5541666666668,0.0,7.333333333333333,302.6673729692628,10,5,1,post_monsoon,-32,0
2018-10-07,82.645,82.55,20,0,69.8,217.875,213.5,16,0,25.379166666666663,20.0,31.8,67.16666666666667,18.4125,1.9741666666666668,5.1,986.0,0.0,0.1666666666666666,331.9690656174822,10,6,1,post_monsoon,-31,0
2018-10-08,119.4947,123.0,19,0,101.0,284.0,276.0,15,0,26.09166666666667,20.0,32.4,66.79166666666667,18.945833333333333,1.1991666666666667,3.7,984.5791666666668,0.0,0.0,103.39554548324143,10,0,0,post_monsoon,-30,0
2018-10-09,105.2053,102.0,19,0,,261.5333,242.0,15,0,26.2625,21.7,31.9,72.08333333333333,20.47083333333333,2.5325,8.1,983.4583333333334,0.0,8.291666666666666,123.1974408527177,10,1,0,post_monsoon,-29,0
2018-10-10,93.8188,92.65,16,0,77.3,216.2364,213.0,11,0,25.35833333333333,21.9,31.7,77.66666666666667,20.841666666666665,3.3025,9.0,984.275,0.2,8.791666666666666,103.9772807204825,10,2,0,post_monsoon,-28,0
2018-10-11,68.08,67.55,10,0,,219.0,194.5,6,0,24.129166666666663,20.4,28.5,80.0,20.325,2.8266666666666667,11.6,985.8166666666666,1.3,12.75,92.01072747566592,10,3,0,post_monsoon,-27,0
2018-10-12,79.3812,75.85,16,0,63.0,197.4545,182.0,11,0,23.691666666666663,18.3,29.9,71.41666666666667,17.575,1.8058333333333332,4.8,987.6458333333334,0.0,1.3333333333333333,29.811589323590567,10,4,0,post_monsoon,-26,0
2018-10-13,123.14,129.0,15,0,115.0,220.3,222.5,10,0,23.204166666666666,18.4,29.1,65.79166666666667,15.854166666666666,2.202916666666667,7.0,988.0083333333332,0.0,0.0,328.70398888936666,10,5,1,post_monsoon,-25,0
2018-10-14,91.1312,93.6,16,0,79.0,224.9091,226.0,11,0,23.22083333333333,17.0,30.2,60.79166666666666,14.3125,2.7566666666666664,8.8,987.2625,0.0,0.0,297.0456577011944,10,6,1,post_monsoon,-24,0
2018-10-15,,,0,0,,,,0,0,24.433333333333334,17.7,31.6,58.333333333333336,15.054166666666667,1.8545833333333333,4.7,987.6291666666666,0.0,39.91666666666666,336.50340948871843,10,0,0,post_monsoon,-23,0
2018-10-16,124.2294,128.0,17,0,96.4,343.9231,350.0,13,0,24.820833333333336,18.9,30.8,67.58333333333333,17.945833333333333,2.029583333333333,5.1,987.1916666666666,0.0,81.41666666666667,116.82342697630924,10,1,0,post_monsoon,-22,0
2018-10-17,141.4333,136.0,18,0,101.0,342.5714,318.0,14,0,25.0625,19.1,32.5,68.5,17.941666666666666,1.9629166666666664,5.7,985.6125,0.0,3.458333333333333,119.37053191169014,10,2,0,post_monsoon,-21,0
2018-10-18,146.5737,141.0,19,0,96.1,337.1,335.0,15,0,24.8125,19.2,31.4,70.83333333333333,18.525,2.5829166666666667,11.3,985.2625,0.4,13.291666666666666,105.63756269966746,10,3,0,post_monsoon,-20,0
2018-10-19,154.25,152.5,20,0,115.0,339.125,337.0,16,0,25.291666666666668,18.5,31.7,59.91666666666666,15.920833333333334,1.78,6.2,986.9416666666666,0.0,6.625,329.0039231061629,10,4,0,post_monsoon,-19,0
2018-10-20,167.3095,168.0,21,0,139.0,325.1176,319.0,17,0,24.441666666666663,18.4,31.3,56.458333333333336,14.3125,1.9533333333333331,5.1,988.9666666666668,0.0,7.25,356.6094458613532,10,5,1,post_monsoon,-18,0
2018-10-21,145.7667,144.0,21,0,111.0,291.3529,278.0,17,0,23.40833333333333,18.4,30.1,54.5,12.929166666666667,2.4366666666666665,7.0,989.7416666666668,0.0,11.25,348.47047059141266,10,6,1,post_monsoon,-17,0
2018-10-22,127.075,120.5,20,0,102.0,276.9375,290.5,16,0,22.5,16.1,29.7,48.79166666666666,10.270833333333334,2.67375,8.2,988.75,0.0,0.0,294.27132928852666,10,0,0,post_monsoon,-16,0
2018-10-23,126.865,127.5,20,0,82.7,318.3125,330.0,16,0,23.066666666666663,16.4,30.1,47.833333333333336,10.845833333333331,2.1275,5.6,988.3916666666668,0.0,0.375,296.4911617862847,10,1,0,post_monsoon,-15,0
2018-10-24,181.3053,185.0,19,0,125.0,385.4,378.0,15,0,23.416666666666668,17.6,30.1,56.79166666666666,13.820833333333333,1.65625,5.2,988.4166666666666,0.0,20.041666666666668,94.08400039780372,10,2,0,post_monsoon,-14,0
2018-10-25,185.5222,189.5,18,0,,384.6875,371.5,16,0,23.225,16.1,30.2,59.208333333333336,14.133333333333333,1.85,4.7,989.6166666666668,0.0,0.4166666666666667,66.79628875162092,10,3,0,post_monsoon,-13,0
2018-10-26,186.215,188.0,20,0,91.5,390.6875,357.0,16,0,22.679166666666664,16.6,30.2,63.29166666666666,14.483333333333334,2.0325,5.6,991.5625,0.0,7.833333333333333,11.612085351435724,10,4,0,post_monsoon,-12,0
2018-10-27,202.8095,194.0,21,0,192.0,413.2353,402.0,17,0,23.33333333333333,18.0,29.7,61.333333333333336,14.795833333333334,2.0241666666666664,6.8,991.8958333333334,0.0,5.875,344.7254488233588,10,5,1,post_monsoon,-11,0
2018-10-28,199.105,201.0,20,0,192.0,363.0,354.5,16,0,23.054166666666664,16.2,29.9,62.708333333333336,14.675,2.2808333333333333,7.6,991.5375,0.0,0.0,327.94267522884417,10,6,1,post_monsoon,-10,0
2018-10-29,235.6,228.0,21,0,214.0,428.5882,409.0,17,0,22.8,16.0,29.5,63.958333333333336,14.941666666666668,2.0683333333333334,6.5,990.6083333333332,0.0,0.0,307.7140293265077,10,0,0,post_monsoon,-9,0
2018-10-30,251.9,253.5,20,0,259.0,469.8125,453.5,16,0,23.7625,18.2,29.2,63.5,16.025000000000002,1.25625,4.4,990.575,0.0,7.583333333333333,50.41605000243476,10,1,0,post_monsoon,-8,0
2018-10-31,214.45,204.5,20,0,200.0,404.4375,376.5,16,0,23.854166666666668,18.2,29.3,63.16666666666666,15.820833333333333,1.3329166666666667,4.9,991.0791666666668,0.0,0.1666666666666666,76.33502069104327,10,2,0,post_monsoon,-7,0
2018-11-01,208.6579,204.0,19,0,205.0,395.9333,363.0,15,0,23.20833333333333,18.1,29.0,65.04166666666667,15.833333333333334,1.3316666666666668,4.5,989.9708333333332,0.0,27.791666666666668,119.0746903529328,11,3,0,post_monsoon,-6,0
2018-11-02,195.8,205.5,20,0,191.0,375.3125,366.5,16,0,23.508333333333336,17.5,30.0,67.08333333333333,16.545833333333334,1.9745833333333331,6.9,988.375,0.1,15.25,126.16506306163784,11,4,0,post_monsoon,-5,1
2018-11-03,154.9048,161.0,21,0,146.0,292.7647,297.0,17,0,23.570833333333336,19.8,28.3,64.20833333333333,16.195833333333333,4.3175,10.5,987.3333333333334,0.0,26.375,101.06728586528992,11,5,1,post_monsoon,-4,1
2018-11-04,93.745,97.1,20,0,77.4,169.5312,182.5,16,0,22.2875,17.3,27.4,60.875,14.054166666666667,2.47375,8.7,988.475,0.0,4.0,10.688383030109492,11,6,1,post_monsoon,-3,1
2018-11-05,384.5556,407.5,18,1,374.0,526.2308,542.0,13,0,20.2375,15.0,25.5,62.5,12.4125,2.6045833333333333,7.7,989.275,0.0,3.5,293.64918320751525,11,0,0,post_monsoon,-2,1
2018-11-06,161.2619,159.0,21,0,167.0,291.0625,300.5,16,0,20.025,15.3,26.1,50.333333333333336,8.483333333333333,3.6629166666666655,9.9,989.6833333333334,0.0,0.0,291.8816012698679,11,1,0,post_monsoon,-1,1
2018-11-07,199.5455,195.5,22,0,143.0,313.2941,303.0,17,0,19.079166666666666,12.6,26.1,40.458333333333336,4.904166666666667,2.527083333333333,6.9,990.0958333333332,0.0,0.0,277.1228107568375,11,2,0,post_monsoon,0,1
2018-11-08,509.5789,482.0,19,7,,705.5333,735.0,15,5,20.1625,13.5,26.4,48.583333333333336,8.504166666666666,1.1891666666666667,4.0,990.3541666666666,0.0,0.0,345.485546019003,11,3,0,post_monsoon,1,1
2018-11-09,293.8421,296.0,19,0,284.0,434.6429,436.5,14,0,20.40833333333333,12.8,26.7,59.75,11.75,1.5541666666666665,5.1,988.7916666666666,0.0,0.0,328.49554757003256,11,4,0,post_monsoon,2,1
2018-11-10,279.7368,271.0,19,0,255.0,440.7333,446.0,15,0,20.804166666666667,14.0,27.5,63.5,13.120833333333332,1.29875,4.4,989.5208333333334,0.0,6.458333333333333,58.41933411080453,11,5,1,post_monsoon,3,1
2018-11-11,226.9524,218.0,21,0,206.0,393.8824,402.0,17,0,21.8,14.4,28.0,60.708333333333336,13.491666666666667,1.346666666666667,3.7,990.0,0.0,3.125,96.50853708217151,11,6,1,post_monsoon,4,1
2018-11-12,251.2273,247.5,22,0,239.0,460.3889,460.5,18,0,21.491666666666664,14.9,27.9,67.875,14.7875,1.66375,5.3,988.025,0.0,6.875,83.23405047367987,11,0,0,post_monsoon,5,1
2018-11-13,259.3182,253.0,22,0,235.0,437.4444,438.0,18,0,22.17083333333333,17.1,28.1,69.04166666666667,15.825,1.855,6.3,985.525,0.1,26.541666666666668,103.57899563551588,11,1,0,post_monsoon,6,0
2018-11-14,,,0,0,,,,0,0,21.495833333333334,17.9,26.0,72.0,16.020833333333332,2.0229166666666667,9.2,986.6041666666666,1.1,43.79166666666666,85.80627148668515,11,2,0,post_monsoon,7,0
2018-11-15,105.015,107.5,20,0,96.8,183.3125,189.5,16,0,20.775,16.3,26.7,71.91666666666667,14.991666666666667,2.605833333333333,10.5,989.9583333333334,0.6000000000000001,7.0,346.2941924357435,11,3,0,post_monsoon,8,0
2018-11-16,132.245,130.0,20,0,148.0,209.1875,201.0,16,0,19.15833333333333,14.4,25.3,60.958333333333336,10.6625,4.02375,11.0,989.0625,0.0,0.0,290.7905265820068,11,4,0,post_monsoon,9,0
2018-11-17,136.9824,130.0,17,0,125.0,266.0,274.0,13,0,18.516666666666666,14.0,25.1,63.708333333333336,11.1,2.885,8.0,987.4,0.0,11.0,285.7234886683327,11,5,1,post_monsoon,10,0
2018-11-18,172.5842,162.0,19,0,136.0,310.1333,318.0,15,0,19.8,14.3,26.8,63.958333333333336,12.283333333333331,1.9391666666666667,5.8,988.275,0.0,11.125,147.82963715658855,11,6,1,post_monsoon,11,0
2018-11-19,175.9,182.0,10,0,,289.125,289.0,8,0,20.816666666666663,16.8,26.6,62.583333333333336,13.145833333333334,2.9416666666666664,8.2,990.65,0.0,49.833333333333336,124.24052550413438,11,0,0,post_monsoon,12,0
2018-11-20,197.0,197.0,1,0,197.0,,,0,0,20.4875,15.6,27.2,71.58333333333333,14.633333333333333,1.97375,6.6,991.0666666666666,0.0,0.0,328.1865531643782,11,1,0,post_monsoon,13,0
2018-11-21,216.0,216.0,1,0,216.0,,,0,0,19.754166666666663,14.6,26.7,62.458333333333336,11.6375,2.7758333333333334,8.4,991.2833333333332,0.0,19.791666666666668,281.05300944958555,11,2,0,post_monsoon,14,0
2018-11-22,101.0,101.0,1,0,101.0,,,0,0,19.616666666666667,12.5,26.6,57.625,10.420833333333333,1.6254166666666665,5.3,991.8333333333334,0.0,46.16666666666666,301.41352637311513,11,3,0,post_monsoon,15,0
2018-11-23,166.0,166.0,1,0,166.0,,,0,0,19.279166666666665,12.8,26.3,57.125,9.645833333333334,3.5854166666666667,10.4,993.4125,0.0,0.0,300.60787318338834,11,4,0,post_monsoon,16,0
2018-11-24,96.8,96.8,1,0,96.8,,,0,0,19.2875,14.4,26.0,53.25,9.033333333333331,4.130416666666666,11.4,991.8291666666668,0.0,0.0,287.04990860840235,11,5,1,post_monsoon,17,0
2018-11-25,100.0,100.0,1,0,100.0,,,0,0,17.866666666666667,12.0,25.2,60.458333333333336,9.5875,2.262083333333333,5.9,991.4958333333334,0.0,0.0,310.9418723775421,11,6,1,post_monsoon,18,0
2018-11-26,,,0,0,,,,0,0,18.55,11.0,25.6,66.5,11.5875,2.3808333333333334,7.9,990.6041666666666,0.0,24.541666666666668,323.63261600505723,11,0,0,post_monsoon,19,0
2018-11-27,138.0,138.0,1,0,138.0,,,0,0,19.48333333333333,11.8,25.3,69.45833333333333,13.433333333333332,1.8654166666666667,6.7,992.3416666666668,0.0,84.41666666666667,115.87900031720584,11,1,0,post_monsoon,20,0
2018-11-28,145.0,145.0,1,0,145.0,,,0,0,19.633333333333333,14.6,25.2,72.20833333333333,14.095833333333331,1.4179166666666667,5.1,993.0375,0.0,47.75,126.88059557692075,11,2,0,post_monsoon,21,0
2018-11-29,166.0,166.0,1,0,166.0,,,0,0,18.654166666666665,13.5,25.5,72.29166666666667,13.041666666666666,2.3545833333333333,6.9,993.4125,0.0,31.666666666666668,289.991125709883,11,3,0,post_monsoon,22,0
2018-11-30,187.0,187.0,1,0,187.0,,,0,0,18.304166666666667,12.6,25.8,69.25,12.0,2.6754166666666666,8.1,992.8958333333334,0.0,15.083333333333334,289.9991006973338,11,4,0,post_monsoon,23,0
2018-12-01,144.0,144.0,1,0,144.0,,,0,0,17.454166666666666,12.2,24.8,67.125,10.504166666666666,2.5004166666666667,7.8,990.3416666666668,0.0,0.375,277.6915197011729,12,5,1,post_monsoon,24,0
2018-12-02,107.0,107.0,1,0,107.0,,,0,0,17.825,11.1,24.3,58.41666666666666,9.0125,1.4741666666666668,4.5,989.5666666666666,0.0,0.0833333333333333,352.81772187554844,12,6,1,post_monsoon,25,0
2018-12-03,165.0,165.0,1,0,165.0,,,0,0,17.6875,10.3,23.9,61.25,9.591666666666669,1.3816666666666666,4.6,990.5208333333334,0.0,17.916666666666668,308.1948710676176,12,0,0,post_monsoon,26,0
2018-12-04,168.0,168.0,1,0,168.0,,,0,0,17.287499999999998,12.7,23.4,65.91666666666667,10.404166666666669,1.6579166666666667,5.4,992.1583333333332,0.0,81.125,332.0014686077309,12,1,0,post_monsoon,27,0
2018-12-05,154.0,154.0,1,0,154.0,,,0,0,16.766666666666666,9.9,22.9,68.83333333333333,10.5875,1.8145833333333328,5.6,989.875,0.0,19.541666666666668,313.6942420433387,12,2,0,post_monsoon,28,0
2018-12-06,178.0,178.0,1,0,178.0,,,0,0,17.075,12.4,23.0,67.04166666666667,10.45,1.58375,5.9,989.125,0.0,17.25,336.95174357494346,12,3,0,post_monsoon,29,0
2018-12-07,180.0,180.0,1,0,180.0,,,0,0,15.941666666666665,10.7,22.9,70.25,9.891666666666667,2.689166666666667,8.2,989.7833333333332,0.0,0.0,313.33088923141906,12,4,0,post_monsoon,30,0
2018-12-08,202.0,202.0,1,0,202.0,,,0,0,15.4625,9.5,23.0,70.375,9.458333333333334,2.0258333333333334,5.5,990.6708333333332,0.0,0.0,335.6057447418619,12,5,1,post_monsoon,31,0
2018-12-09,186.0,186.0,1,0,186.0,,,0,0,15.958333333333334,11.1,22.5,66.5,9.345833333333331,1.6575,4.8,989.8375,0.0,0.0,5.787717411000585,12,6,1,post_monsoon,32,0
2018-12-10,238.0,238.0,1,0,238.0,,,0,0,15.491666666666667,10.0,22.2,72.375,10.1875,2.21375,6.7,989.2708333333334,0.1,13.625,115.69510428431828,12,0,0,post_monsoon,33,0
2018-12-11,247.0,247.0,1,0,247.0,,,0,0,15.533333333333331,9.4,21.6,68.41666666666667,9.216666666666669,1.6979166666666667,5.0,990.2041666666668,0.0,20.541666666666668,109.4842442622305,12,1,0,post_monsoon,34,0
2018-12-12,192.0,192.0,1,0,192.0,,,0,0,14.6375,11.5,18.3,75.875,10.241666666666667,2.4291666666666667,8.9,991.7625,0.8,47.458333333333336,81.17761083979684,12,2,0,post_monsoon,35,0
2018-12-13,84.0,84.0,1,0,84.0,,,0,0,14.375,10.2,19.6,74.54166666666667,9.491666666666667,2.1004166666666664,6.5,994.5458333333332,0.1,15.75,342.1729682047109,12,3,0,post_monsoon,36,0
2018-12-14,,,0,0,,,,0,0,13.9875,9.4,20.2,69.54166666666667,7.9125,2.3833333333333333,6.3,996.5666666666666,0.0,0.0,306.7423279018675,12,4,0,post_monsoon,37,0
2018-12-15,,,0,0,,,,0,0,13.870833333333332,8.7,20.8,68.08333333333333,7.558333333333334,3.0116666666666667,8.3,996.2166666666668,0.0,0.0,298.075395132573,12,5,1,post_monsoon,38,0
2018-12-16,,,0,0,,,,0,0,13.416666666666666,8.0,20.8,66.58333333333333,6.8,2.4145833333333333,6.9,996.4375,0.0,0.4583333333333333,309.3522351231007,12,6,1,post_monsoon,39,0
2018-12-17,171.0,171.0,1,0,171.0,,,0,0,13.079166666666666,7.4,20.7,68.79166666666667,6.933333333333334,2.3316666666666666,7.3,994.85,0.0,49.125,312.2735341780723,12,0,0,post_monsoon,40,0
2018-12-18,211.0,211.0,1,0,211.0,,,0,0,12.95,7.1,20.4,66.54166666666667,6.229166666666667,2.8662500000000004,7.8,993.375,0.0,0.0,301.2162045498566,12,1,0,post_monsoon,41,0
2018-12-19,,,0,0,,,,0,0,12.825,6.8,20.3,68.25,6.579166666666667,2.52,6.8,992.4583333333334,0.0,0.0,280.8144079672299,12,2,0,post_monsoon,42,0
2018-12-20,231.0,231.0,1,0,231.0,,,0,0,12.370833333333332,5.9,20.3,68.29166666666667,5.9750000000000005,2.0204166666666667,5.1,992.5625,0.0,0.0,287.8780473353918,12,3,0,post_monsoon,43,0
2018-12-21,250.3393,251.0,28,0,261.0,415.64,414.0,25,0,12.15,6.2,20.0,68.54166666666667,5.895833333333333,2.433333333333333,6.6,991.4375,0.0,0.0,280.23742048129645,12,4,0,post_monsoon,44,0
2018-12-22,353.0714,329.5,28,0,320.0,562.2,579.0,25,0,11.925,5.9,19.6,70.04166666666667,5.9750000000000005,1.8020833333333333,4.5,991.7458333333334,0.0,0.0,197.80160391376475,12,5,1,post_monsoon,45,0
2018-12-23,425.9643,427.0,28,6,363.0,655.9565,681.0,23,7,12.270833333333334,6.1,19.8,69.66666666666667,6.358333333333333,2.19375,6.1,992.4666666666668,0.0,11.25,125.33648280657252,12,6,1,post_monsoon,46,0
2018-12-24,384.2692,374.5,26,1,323.0,594.9167,606.5,24,1,13.2,6.1,20.4,65.95833333333333,6.433333333333334,2.0395833333333333,6.1,991.725,0.0,0.0,307.228856101149,12,0,0,post_monsoon,47,0
2018-12-25,256.4593,258.0,27,0,303.0,376.8583,383.5,24,0,12.1875,6.1,19.6,65.70833333333333,5.2,3.0541666666666667,9.1,991.0041666666666,0.0,1.3333333333333333,295.7805166921238,12,1,0,post_monsoon,48,0
2018-12-26,268.8929,260.5,28,0,220.0,432.48,410.0,25,0,11.883333333333333,5.6,19.0,62.75,4.145833333333333,2.2254166666666664,6.7,989.7333333333336,0.0,19.45833333333333,279.76124086034883,12,2,0,post_monsoon,49,0
2018-12-27,328.1071,314.5,28,1,241.0,517.5833,506.5,24,1,12.125,5.2,18.8,63.54166666666666,4.9375,1.8275,5.3,991.0875,0.0,0.0,289.4551135324885,12,3,0,post_monsoon,50,0
2018-12-28,247.0,247.0,1,0,247.0,,,0,0,11.541666666666666,6.2,18.3,66.625,5.05,3.5004166666666667,10.7,991.3458333333332,0.0,0.0,291.18522476636093,12,4,0,post_monsoon,51,0
2018-12-29,215.0,215.0,1,0,215.0,,,0,0,11.270833333333334,5.0,19.2,64.45833333333333,4.204166666666667,2.7495833333333333,8.2,993.2541666666666,0.0,0.0,282.88888027236294,12,5,1,post_monsoon,52,0
2018-12-30,252.0,252.0,1,0,252.0,,,0,0,13.258333333333333,4.8,19.6,61.125,5.4125000000000005,1.3262500000000002,3.9,995.6,0.0,0.375,320.05894628206573,12,6,1,post_monsoon,53,0
2018-12-31,323.0,323.0,1,0,323.0,,,0,0,12.341666666666669,5.4,20.7,70.08333333333333,6.3625,2.566666666666667,7.1,995.3625,0.0,0.0,297.4112434278508,12,0,0,post_monsoon,54,0
2019-01-01,273.0,273.0,1,0,273.0,,,0,0,12.729166666666666,5.9,20.2,71.20833333333333,7.054166666666667,1.9604166666666665,5.5,994.2791666666668,0.0,5.25,285.2615531747942,1,1,0,winter,55,0
2019-01-02,281.0,281.0,1,0,281.0,,,0,0,14.133333333333333,7.6,21.1,70.79166666666667,8.404166666666667,1.9279166666666667,6.1,994.6291666666666,0.0,11.083333333333334,113.9374167426887,1,2,0,winter,56,0
2019-01-03,339.4815,343.0,27,0,348.0,526.1667,520.5,24,0,13.4625,7.5,20.7,69.83333333333333,7.520833333333333,2.75875,8.4,995.4875,0.0,2.125,303.2326265401924,1,3,0,winter,57,0
2019-01-04,242.0,242.0,1,0,242.0,,,0,0,12.65,7.1,18.8,70.20833333333333,6.8625,2.0933333333333333,6.0,994.2625,0.0,59.79166666666666,283.8082218593982,1,4,0,winter,58,0
2019-01-05,228.0,228.0,1,0,228.0,,,0,0,13.429166666666667,7.9,20.5,69.20833333333333,7.274999999999999,3.3175000000000003,10.0,992.6625,0.0,5.75,113.20713388855891,1,5,1,winter,59,0
2019-01-06,170.0,170.0,1,0,170.0,,,0,0,13.045833333333334,9.2,18.2,76.875,8.9,2.415833333333333,9.5,992.2541666666666,2.3,44.875,35.702949906463346,1,6,1,winter,60,0
2019-01-07,180.0,180.0,1,0,180.0,,,0,0,12.441666666666668,7.7,19.0,77.125,8.095833333333333,2.314583333333333,6.5,993.8833333333332,0.0,0.2916666666666667,317.40107739322525,1,0,0,winter,61,0
2019-01-08,179.0,179.0,1,0,179.0,,,0,0,12.216666666666669,7.5,18.3,75.0,7.508333333333333,2.845,8.2,992.3583333333332,0.0,28.08333333333333,291.0417006469653,1,1,0,winter,62,0
2019-01-09,139.0,139.0,1,0,139.0,,,0,0,12.570833333333333,8.0,19.3,68.83333333333333,6.445833333333333,3.547916666666667,10.1,991.5083333333332,0.0,0.0,291.74362845541964,1,2,0,winter,63,0
2019-01-10,,,0,0,,,,0,0,12.745833333333332,6.1,19.4,65.66666666666667,5.779166666666666,2.419166666666667,7.0,991.2833333333332,0.0,6.166666666666667,294.11180099018804,1,3,0,winter,64,0
2019-01-11,247.0,247.0,1,0,247.0,,,0,0,12.8875,6.2,19.4,67.75,6.4125000000000005,1.9129166666666664,5.0,992.7458333333334,0.0,6.333333333333333,109.58915375211244,1,4,0,winter,65,0
2019-01-12,236.0,236.0,1,0,236.0,,,0,0,13.870833333333332,8.5,19.8,67.29166666666667,7.5375,1.6420833333333331,6.3,991.8833333333332,0.0,8.916666666666666,147.87637215602786,1,5,1,winter,66,0
2019-01-13,,,0,0,,,,0,0,14.525,9.4,20.9,71.70833333333333,9.054166666666667,2.074583333333333,6.1,993.8916666666668,0.0,22.0,356.6585425740402,1,6,1,winter,67,0
2019-01-14,71.7,71.7,1,0,71.7,,,0,0,12.520833333333334,8.0,18.1,58.5,3.6458333333333335,4.161666666666666,11.2,993.9541666666668,0.0,0.0,302.0353820751067,1,0,0,winter,68,0
2019-01-15,112.0,112.0,1,0,112.0,,,0,0,11.495833333333332,6.5,18.7,56.333333333333336,2.6625,3.67375,9.7,992.6541666666668,0.0,50.833333333333336,291.27272389329937,1,1,0,winter,69,0
2019-01-16,238.0,238.0,1,0,238.0,,,0,0,11.725,6.5,18.9,66.58333333333333,5.208333333333333,1.82625,5.1,992.4375,0.0,65.25,155.14113556912105,1,2,0,winter,70,0
2019-01-17,304.0,304.0,1,0,304.0,,,0,0,12.770833333333334,7.6,20.0,71.16666666666667,7.254166666666666,2.095,6.3,991.475,0.0,0.0,331.91076345205914,1,3,0,winter,71,0
2019-01-18,223.0,223.0,1,0,223.0,,,0,0,12.079166666666666,5.7,20.3,72.25,6.425,2.4066666666666667,6.0,991.5916666666668,0.0,0.4583333333333333,300.7617430171824,1,4,0,winter,72,0
2019-01-19,223.0,223.0,1,0,223.0,,,0,0,14.4375,7.1,22.7,66.66666666666667,7.462499999999999,1.961666666666667,5.3,991.5916666666668,0.0,24.125,287.9699171002543,1,5,1,winter,73,0
2019-01-20,201.0,201.0,1,0,201.0,,,0,0,17.779166666666665,11.8,24.8,66.79166666666667,11.170833333333334,1.3970833333333337,5.1,990.775,0.0,89.66666666666667,165.88484593758176,1,6,1,winter,74,0
2019-01-21,146.0,146.0,1,0,146.0,,,0,0,16.245833333333334,13.0,20.8,79.79166666666667,12.554166666666667,4.12125,11.7,988.0916666666668,6.5,92.58333333333331,123.0341732685216,1,0,0,winter,75,0
2019-01-22,44.9,44.9,1,0,44.9,,,0,0,14.85,11.7,19.5,85.54166666666667,12.220833333333331,3.9454166666666666,14.0,988.2416666666668,16.9,57.958333333333336,136.5581029262546,1,1,0,winter,76,0
2019-01-23,,,0,0,,,,0,0,13.191666666666668,8.4,18.5,84.04166666666667,10.295833333333333,1.7645833333333334,5.1,991.7958333333332,0.1,23.83333333333333,22.631664878947447,1,2,0,winter,77,0
2019-01-24,133.0,133.0,1,0,133.0,,,0,0,13.683333333333335,9.7,19.6,80.625,10.179166666666667,2.26125,7.3,993.9833333333332,0.3,32.666666666666664,337.754834725134,1,3,0,winter,78,0
2019-01-25,76.3,76.3,1,0,76.3,,,0,0,12.091666666666669,8.8,17.0,78.54166666666667,8.195833333333333,2.2966666666666664,6.6,993.7458333333334,0.1,21.041666666666668,328.49342476731806,1,4,0,winter,79,0
2019-01-26,104.0,104.0,1,0,104.0,,,0,0,11.266666666666666,7.0,17.2,66.29166666666667,4.55,2.8629166666666666,7.9,996.4083333333332,0.0,5.333333333333333,317.20995195783803,1,5,1,winter,80,0
2019-01-27,141.0,141.0,1,0,141.0,,,0,0,10.166666666666666,5.3,16.2,66.25,3.6041666666666665,3.25375,10.0,996.6208333333334,0.0,17.916666666666668,305.158520747094,1,6,1,winter,81,0
2019-01-28,112.0,112.0,1,0,112.0,,,0,0,10.6375,6.0,17.1,60.625,2.825,3.5675000000000003,10.1,996.3375,0.0,0.0,306.504863164084,1,0,0,winter,82,0
2019-01-29,127.0,127.0,1,0,127.0,,,0,0,11.0875,5.8,18.2,60.458333333333336,3.316666666666667,3.4779166666666668,9.0,994.8125,0.0,5.541666666666667,299.9622670449018,1,1,0,winter,83,0
2019-01-30,183.0,183.0,1,0,183.0,,,0,0,11.533333333333331,6.2,18.5,67.70833333333333,5.25,2.6016666666666666,7.2,993.4375,0.0,63.583333333333336,316.6562312992202,1,2,0,winter,84,0
2019-01-31,220.0,220.0,1,0,220.0,,,0,0,13.058333333333332,7.4,18.6,69.29166666666667,7.108333333333333,3.1787500000000004,10.1,992.1666666666666,0.6000000000000001,53.75,121.20229549868036,1,3,0,winter,85,0
2019-02-01,173.0,173.0,1,0,173.0,,,0,0,14.245833333333332,10.8,19.3,73.83333333333333,9.458333333333334,2.557916666666667,8.5,992.8666666666668,0.2,32.625,93.4606252630232,2,4,0,winter,86,0
2019-02-02,196.0,196.0,1,0,196.0,,,0,0,12.933333333333332,7.8,19.4,80.25,9.2625,2.841666666666667,7.9,992.8791666666666,0.0,0.2083333333333333,295.6067785619369,2,5,1,winter,87,0
2019-02-03,144.0,144.0,1,0,144.0,,,0,0,12.670833333333334,7.6,19.9,81.16666666666667,9.195833333333333,2.4233333333333333,6.7,993.8875,0.0,0.5416666666666666,279.5228231487852,2,6,1,winter,88,0
2019-02-04,118.0,118.0,1,0,118.0,,,0,0,14.233333333333334,7.5,20.8,72.95833333333333,8.970833333333333,1.8245833333333328,5.5,994.6125,0.0,4.708333333333333,281.7389119415872,2,0,0,winter,89,0
2019-02-05,171.0,171.0,1,0,171.0,,,0,0,15.95,9.7,22.0,75.04166666666667,11.245833333333332,1.9525,5.3,992.0875,0.0,44.583333333333336,117.98018339173063,2,1,0,winter,90,0
2019-02-06,,,0,0,,,,0,0,17.166666666666668,13.6,23.1,84.45833333333333,14.379166666666668,3.3875,9.6,986.9916666666668,9.1,40.75,134.94602036800234,2,2,0,winter,91,0
2019-02-07,,,0,0,,,,0,0,15.766666666666667,12.1,20.1,88.875,13.904166666666669,5.80875,15.6,984.7416666666668,12.7,59.0,141.2611279117649,2,3,0,winter,92,0
2019-02-08,,,0,0,,,,0,0,12.716666666666669,7.9,18.6,70.66666666666667,6.841666666666666,2.520833333333333,7.0,990.8375,0.0,24.75,313.8988388463964,2,4,0,winter,93,0
2019-02-09,70.6,70.6,1,0,70.6,,,0,0,12.545833333333334,8.1,18.8,68.20833333333333,6.5,3.6033333333333335,9.5,993.1416666666668,0.0,0.4166666666666667,294.7136369635811,2,5,1,winter,94,0
2019-02-10,152.0,152.0,1,0,152.0,,,0,0,12.454166666666667,6.7,18.3,72.08333333333333,7.179166666666667,2.0641666666666665,6.5,994.5291666666668,0.5,75.91666666666667,303.72537407124884,2,6,1,winter,95,0
2019-02-11,,,0,0,,,,0,0,13.2375,7.6,19.3,73.04166666666667,8.179166666666667,1.8012499999999998,4.8,995.0583333333334,0.0,68.29166666666667,311.29022362227533,2,0,0,winter,96,0
2019-02-12,,,0,0,,,,0,0,15.266666666666666,10.5,21.3,74.5,10.504166666666666,1.4379166666666665,4.6,995.0375,0.0,80.66666666666667,351.8484623836334,2,1,0,winter,97,0
2019-02-13,195.4444,204.0,27,0,,350.88,349.0,25,0,16.537499999999998,10.3,23.5,73.20833333333333,11.25,1.93875,5.5,994.1166666666668,0.4,71.29166666666667,131.9621653262658,2,2,0,winter,98,0
2019-02-14,186.6923,191.0,26,0,,286.8333,290.0,24,0,16.333333333333332,13.6,20.4,82.91666666666667,13.366666666666667,4.1025,12.2,990.0458333333332,4.0,77.375,131.6307432127914,2,3,0,winter,99,0
2019-02-15,,,0,0,,,,0,0,15.895833333333334,12.7,20.7,84.70833333333333,13.204166666666666,1.9275,6.7,990.3458333333332,4.5,55.5,81.80670547740573,2,4,0,winter,100,0
2019-02-16,,,0,0,,,,0,0,14.416666666666666,10.4,19.3,84.70833333333333,11.658333333333331,2.28375,8.0,991.6166666666668,0.1,60.25,309.3121377999908,2,5,1,winter,101,0
2019-02-17,,,0,0,,,,0,0,14.620833333333332,10.6,20.7,79.25,10.6625,3.240833333333333,9.4,988.6875,0.0,25.041666666666668,301.6849396386773,2,6,1,winter,102,0
2019-02-18,,,0,0,,,,0,0,16.279166666666665,9.8,22.5,71.33333333333333,10.633333333333333,3.111666666666667,10.0,984.325,0.1,28.875,123.21181281935289,2,0,0,winter,103,0
2019-02-19,,,0,0,,,,0,0,16.891666666666666,12.4,22.1,76.95833333333333,12.554166666666667,1.7425,8.5,987.3666666666668,0.0,58.625,49.6565961925607,2,1,0,winter,104,0
2019-02-20,,,0,0,,,,0,0,16.991666666666667,14.8,20.5,81.66666666666667,13.695833333333333,3.4729166666666664,10.0,991.8541666666666,2.6,98.75,99.03388086374532,2,2,0,winter,105,0
2019-02-21,,,0,0,,,,0,0,19.29583333333333,14.1,25.4,75.29166666666667,14.545833333333334,3.119166666666666,9.7,990.8916666666668,0.0,79.29166666666667,121.4566815955447,2,3,0,winter,106,0
2019-02-22,,,0,0,,,,0,0,17.95,13.2,22.7,71.83333333333333,12.320833333333333,4.212083333333333,10.8,991.4375,0.4,27.70833333333333,313.64963078039364,2,4,0,winter,107,0
2019-02-23,,,0,0,,,,0,0,15.1625,10.5,21.5,64.04166666666667,7.883333333333333,4.04875,11.2,989.9125,0.0,33.833333333333336,308.2250195995201,2,5,1,winter,108,0
2019-02-24,,,0,0,,,,0,0,15.391666666666666,10.8,22.0,65.66666666666667,8.458333333333334,2.5391666666666666,7.3,986.6791666666668,0.2,24.83333333333333,319.4087613566734,2,6,1,winter,109,0
2019-02-25,,,0,0,,,,0,0,15.470833333333331,10.0,22.3,65.29166666666667,8.424999999999999,2.123333333333333,7.0,985.75,0.0,33.708333333333336,89.24950610617498,2,0,0,winter,110,0
2019-02-26,,,0,0,,,,0,0,15.620833333333332,11.9,21.4,67.45833333333333,9.4,3.252083333333333,9.6,985.5875,2.8000000000000003,64.41666666666667,120.69709093357858,2,1,0,winter,111,0
2019-02-27,,,0,0,,,,0,0,13.520833333333334,9.8,17.6,78.70833333333333,9.704166666666667,2.0741666666666667,9.5,986.0958333333332,11.2,40.458333333333336,358.10254732472004,2,2,0,winter,112,0
2019-02-28,,,0,0,,,,0,0,13.108333333333334,7.3,19.3,69.75,6.841666666666666,2.6195833333333334,9.6,989.9541666666668,0.0,3.375,311.6160240487811,2,3,0,winter,113,0
2019-03-01,,,0,0,,,,0,0,13.916666666666666,7.2,21.1,65.95833333333333,6.895833333333333,2.638333333333333,7.5,990.3708333333334,0.0,14.083333333333334,319.03574063846526,3,4,0,pre_monsoon,114,0
2019-03-02,,,0,0,,,,0,0,15.020833333333334,11.4,20.9,72.875,9.904166666666669,1.67375,6.3,990.325,6.8,98.83333333333331,79.25744854097752,3,5,1,pre_monsoon,115,0
2019-03-03,,,0,0,,,,0,0,15.895833333333334,11.1,21.6,79.875,12.204166666666666,2.4541666666666666,7.1,987.1625,4.1,46.29166666666666,100.3961838205671,3,6,1,pre_monsoon,116,0
2019-03-04,,,0,0,,,,0,0,16.883333333333333,11.8,22.5,80.25,13.179166666666667,2.1841666666666666,7.7,984.4125,0.2,14.916666666666666,325.8235043333798,3,0,0,pre_monsoon,117,0
2019-03-05,,,0,0,,,,0,0,16.162499999999998,11.7,21.9,71.25,10.254166666666666,2.907083333333333,8.7,985.3375,0.0,6.291666666666667,302.4593851208857,3,1,0,pre_monsoon,118,0
2019-03-06,,,0,0,,,,0,0,16.754166666666666,10.9,23.3,63.41666666666666,8.966666666666667,2.9729166666666664,11.1,986.4125,0.0,3.333333333333333,299.57036255200114,3,2,0,pre_monsoon,119,0
2019-03-07,,,0,0,,,,0,0,17.179166666666667,10.3,23.9,61.91666666666666,8.987499999999999,2.27375,6.8,986.8958333333334,0.0,16.666666666666668,320.7056062318395,3,3,0,pre_monsoon,120,0
2019-03-08,,,0,0,,,,0,0,18.60833333333333,11.8,24.2,58.54166666666666,9.808333333333334,2.185416666666667,7.5,988.65,0.0,20.041666666666668,356.5740114229201,3,4,0,pre_monsoon,121,0
2019-03-09,,,0,0,,,,0,0,18.204166666666666,12.6,25.2,64.95833333333333,10.833333333333334,3.2220833333333334,10.3,988.5916666666668,0.0,15.291666666666666,338.2933346014645,3,5,1,pre_monsoon,122,0
2019-03-10,,,0,0,,,,0,0,17.724999999999998,11.3,24.7,54.0,7.208333333333333,2.57375,7.9,988.75,0.0,0.0,318.9751831366138,3,6,1,pre_monsoon,123,0
2019-03-11,,,0,0,,,,0,0,20.0375,14.5,26.4,55.29166666666666,10.395833333333334,4.055416666666667,15.2,988.0,1.7,27.166666666666668,120.38113185227304,3,0,0,pre_monsoon,124,0
2019-03-12,,,0,0,,,,0,0,19.6625,13.0,26.6,56.91666666666666,9.333333333333334,3.014583333333333,9.5,990.3833333333332,0.0,60.5,358.8369306053958,3,1,0,pre_monsoon,125,0
2019-03-13,,,0,0,,,,0,0,18.29583333333333,13.2,23.2,63.29166666666666,10.845833333333331,1.9220833333333331,5.9,990.5583333333334,0.0,92.625,351.3765617451242,3,2,0,pre_monsoon,126,0
2019-03-14,,,0,0,,,,0,0,17.208333333333332,12.1,24.2,71.79166666666667,11.495833333333332,3.0812500000000003,11.7,991.3416666666668,0.3,36.5,344.9243903448456,3,3,0,pre_monsoon,127,0
2019-03-15,,,0,0,,,,0,0,17.966666666666665,11.8,25.1,64.625,10.079166666666667,3.064583333333333,9.5,992.6375,0.0,0.0416666666666666,329.5748005053952,3,4,0,pre_monsoon,128,0
2019-03-16,,,0,0,,,,0,0,18.104166666666668,12.2,25.3,56.708333333333336,8.516666666666667,2.9133333333333336,8.3,991.325,0.0,52.41666666666666,312.4250863474476,3,5,1,pre_monsoon,129,0
2019-03-17,,,0,0,,,,0,0,20.1375,12.9,26.6,48.79166666666666,8.241666666666667,2.517916666666667,7.3,989.5041666666666,0.0,23.45833333333333,296.84613042378345,3,6,1,pre_monsoon,130,0
2019-03-18,,,0,0,,,,0,0,20.716666666666665,12.3,27.2,49.458333333333336,8.595833333333333,1.9316666666666664,7.3,989.0666666666666,0.0,39.333333333333336,295.5698156830098,3,0,0,pre_monsoon,131,0
2019-03-19,90.3,90.3,1,0,90.3,,,0,0,21.758333333333336,13.9,29.5,50.083333333333336,9.9125,2.405,8.1,985.6,0.0,0.0,282.71148273188953,3,1,0,pre_monsoon,132,0
2019-03-20,71.1,71.1,1,0,71.1,,,0,0,23.3125,18.3,30.7,46.79166666666666,10.65,4.013333333333333,11.6,984.0791666666668,0.0,16.833333333333332,122.38731107520698,3,2,0,pre_monsoon,133,0
2019-03-21,118.0,118.0,1,0,118.0,,,0,0,22.79583333333333,15.2,30.3,48.75,10.366666666666667,2.91,8.7,987.2333333333332,0.0,25.75,9.431612360651512,3,3,0,pre_monsoon,134,0
2019-03-22,34.8,34.8,1,0,34.8,,,0,0,22.070833333333336,16.0,29.1,40.41666666666666,6.858333333333333,3.6633333333333336,11.6,989.3875,0.0,0.125,316.4140602633853,3,4,0,pre_monsoon,135,0
2019-03-23,48.7,48.7,1,0,48.7,,,0,0,22.4,15.7,30.0,38.375,6.795833333333333,4.359583333333333,12.7,988.6416666666668,0.0,4.541666666666667,311.3342196647308,3,5,1,pre_monsoon,136,0
2019-03-24,57.4,57.4,1,0,57.4,,,0,0,24.15833333333333,18.4,31.3,45.29166666666666,11.016666666666666,3.58375,9.2,987.2041666666668,0.0,13.0,322.6292722590473,3,6,1,pre_monsoon,137,0
2019-03-25,64.4,64.4,1,0,64.4,,,0,0,21.72083333333333,17.3,28.4,62.458333333333336,13.6875,3.200416666666667,10.1,987.5333333333332,0.5,57.79166666666666,331.6532011752281,3,0,0,pre_monsoon,138,0
2019-03-26,81.0,81.0,1,0,81.0,,,0,0,22.33333333333333,15.4,29.9,57.375,11.9625,3.12375,10.4,988.7041666666668,0.0,0.0,300.360393499742,3,1,0,pre_monsoon,139,0
2019-03-27,66.0,66.0,1,0,66.0,,,0,0,23.604166666666668,15.3,31.1,52.458333333333336,12.5375,2.634583333333333,8.3,989.2583333333332,0.0,38.16666666666666,299.33674203168283,3,2,0,pre_monsoon,140,0
2019-03-28,82.6,82.6,1,0,82.6,,,0,0,26.058333333333334,18.4,33.8,52.208333333333336,14.516666666666666,2.27,7.9,987.2583333333332,0.0,41.91666666666666,305.6761747817121,3,3,0,pre_monsoon,141,0
2019-03-29,83.3,83.3,1,0,83.3,,,0,0,27.9375,19.0,35.8,50.333333333333336,15.195833333333333,1.9495833333333328,7.2,984.4083333333332,0.0,23.541666666666668,324.85935611303205,3,4,0,pre_monsoon,142,0
2019-03-30,83.0,83.0,1,0,83.0,,,0,0,26.975,20.2,35.9,53.66666666666666,15.625,2.05875,13.0,983.6,0.0,48.16666666666666,349.39732462759366,3,5,1,pre_monsoon,143,0
2019-03-31,53.8,53.8,1,0,53.8,,,0,0,26.491666666666664,19.4,34.4,40.708333333333336,9.6125,3.9279166666666665,12.4,983.9625,0.0,14.583333333333334,311.62117232407525,3,6,1,pre_monsoon,144,0
2019-04-01,65.4,65.4,1,0,65.4,,,0,0,25.53333333333333,18.4,33.5,32.875,7.0125,3.815833333333333,11.5,984.4125,0.0,0.0,302.3968410830336,4,0,0,pre_monsoon,145,0
2019-04-02,64.2,64.2,1,0,64.2,,,0,0,25.504166666666663,18.4,33.5,38.875,8.924999999999999,2.3916666666666666,8.1,984.9916666666668,0.0,0.0416666666666666,331.7481292708161,4,1,0,pre_monsoon,146,0
2019-04-03,72.0,72.0,1,0,72.0,,,0,0,26.304166666666664,18.1,35.0,38.625,9.641666666666667,2.6195833333333334,7.4,984.0833333333334,0.0,0.0,308.48758117867624,4,2,0,pre_monsoon,147,0
2019-04-04,92.5,92.5,1,0,92.5,,,0,0,27.995833333333334,18.8,36.4,40.125,11.929166666666667,2.2670833333333333,6.4,984.6875,0.0,16.625,78.48860856885551,4,3,0,pre_monsoon,148,0
2019-04-05,,,0,0,,,,0,0,29.441666666666663,21.6,37.8,41.0,13.745833333333332,1.98375,10.7,983.8875,0.0,29.666666666666668,277.40810798585846,4,4,0,pre_monsoon,149,0
2019-04-06,73.9,73.9,1,0,73.9,,,0,0,28.83333333333333,21.3,37.7,46.583333333333336,14.858333333333333,2.5791666666666666,15.7,982.75,0.0,27.95833333333333,46.76246371994131,4,5,1,pre_monsoon,150,0
2019-04-07,135.0,135.0,1,0,135.0,,,0,0,28.2375,21.7,35.1,54.125,17.683333333333334,2.806666666666666,10.0,981.6375,0.0,60.5,110.25285914579696,4,6,1,pre_monsoon,151,0
2019-04-08,71.4,71.4,1,0,71.4,,,0,0,26.9125,21.3,35.3,53.79166666666666,15.895833333333334,3.10625,17.4,982.4916666666668,0.2,22.125,106.7608288443418,4,0,0,pre_monsoon,152,0
2019-04-09,67.3,67.3,1,0,67.3,,,0,0,28.45833333333333,20.2,36.7,46.625,14.616666666666667,2.25,7.3,982.2333333333332,0.0,31.08333333333333,64.8511146326415,4,1,0,pre_monsoon,153,0
2019-04-10,88.1,88.1,1,0,88.1,,,0,0,29.2375,21.6,37.5,42.958333333333336,13.679166666666667,2.2033333333333336,11.5,983.7041666666668,0.0,53.5,356.4151395110217,4,2,0,pre_monsoon,154,0
2019-04-11,58.4,58.4,1,0,58.4,,,0,0,30.416666666666668,23.8,37.9,35.708333333333336,12.291666666666666,2.30125,8.5,983.4166666666666,0.0,22.5,350.33739555426894,4,3,0,pre_monsoon,155,0
2019-04-12,58.7,58.7,1,0,58.7,,,0,0,29.59583333333333,22.5,37.3,36.04166666666666,12.3,2.7891666666666666,10.3,983.7041666666668,0.0,40.0,344.94996566484406,4,4,0,pre_monsoon,156,0
2019-04-13,,,0,0,,,,0,0,29.929166666666664,22.6,36.8,37.66666666666666,12.9125,3.331666666666667,10.5,984.3583333333332,0.0,25.666666666666668,340.94686960031856,4,5,1,pre_monsoon,157,0
2019-04-14,48.7,48.7,1,0,48.7,,,0,0,30.616666666666664,23.9,37.6,33.958333333333336,12.0625,3.887916666666667,10.9,984.1958333333332,0.0,15.25,335.6956358336019,4,6,1,pre_monsoon,158,0
2019-04-15,48.9,48.9,1,0,48.9,,,0,0,31.15,24.0,38.6,31.5,11.179166666666667,3.200416666666667,10.1,982.4041666666668,0.0,64.20833333333333,319.52439957602604,4,0,0,pre_monsoon,159,0
2019-04-16,62.9,62.9,1,0,62.9,,,0,0,26.245833333333334,22.4,31.1,49.375,14.375,3.4904166666666665,13.0,984.5625,0.5,97.375,158.96591058479453,4,1,0,pre_monsoon,160,0
2019-04-17,18.9,18.9,1,0,18.9,,,0,0,21.7875,18.9,25.9,72.91666666666667,16.554166666666667,3.231666666666667,12.1,986.4541666666668,4.6,82.875,149.75963484035026,4,2,0,pre_monsoon,161,0
2019-04-18,34.8,34.8,1,0,34.8,,,0,0,22.554166666666664,16.4,27.9,66.66666666666667,15.420833333333334,1.5608333333333333,5.7,987.0375,0.1,11.791666666666666,6.736171619793993,4,3,0,pre_monsoon,162,0
2019-04-19,77.0,77.0,1,0,77.0,,,0,0,24.52083333333333,18.5,29.9,53.333333333333336,13.770833333333334,2.5029166666666667,7.7,984.9083333333332,0.1,9.875,291.3698745780946,4,4,0,pre_monsoon,163,0
2019-04-20,92.5,92.5,1,0,92.5,,,0,0,26.433333333333334,19.6,32.8,46.958333333333336,13.216666666666669,2.025,7.4,982.525,0.0,23.25,281.5673442724742,4,5,1,pre_monsoon,164,0
2019-04-21,81.7,81.7,1,0,81.7,,,0,0,28.73333333333333,20.0,35.4,38.66666666666666,12.270833333333334,2.5941666666666667,11.0,980.9291666666668,0.0,11.25,290.5438867396901,4,6,1,pre_monsoon,165,0
2019-04-22,97.8,97.8,1,0,97.8,,,0,0,30.1375,21.8,37.3,39.375,13.45,2.6066666666666665,9.6,980.9458333333332,0.0,0.9583333333333334,334.5644899250343,4,0,0,pre_monsoon,166,0
2019-04-23,93.6,93.6,1,0,93.6,,,0,0,32.083333333333336,23.9,39.1,34.541666666666664,13.329166666666666,2.362083333333333,10.3,981.875,0.0,9.833333333333334,333.5541748663167,4,1,0,pre_monsoon,167,0
2019-04-24,,,0,0,,,,0,0,32.67916666666667,25.3,40.2,35.208333333333336,13.9375,3.023333333333333,11.3,982.9625,0.0,11.708333333333334,97.70895280146708,4,2,0,pre_monsoon,168,0
2019-04-25,87.3,87.3,1,0,87.3,,,0,0,32.987500000000004,27.0,39.3,35.875,15.175,3.095416666666667,11.1,982.8166666666666,0.0,19.45833333333333,92.2173933979916,4,3,0,pre_monsoon,169,0
2019-04-26,77.8,77.8,1,0,77.8,,,0,0,33.016666666666666,25.2,40.0,32.75,12.408333333333331,3.5083333333333333,11.0,982.3708333333334,0.0,4.208333333333333,325.2428343414384,4,4,0,pre_monsoon,170,0
2019-04-27,85.0412,71.9,17,0,75.8,350.2667,357.0,15,0,33.525,26.8,40.2,21.791666666666668,7.85,5.239166666666667,15.8,981.8333333333334,0.0,0.125,320.9188704877655,4,5,1,pre_monsoon,171,0
2019-04-28,81.787,74.6,23,0,98.6,294.9,302.0,20,0,33.333333333333336,26.2,40.8,19.58333333333333,5.5375000000000005,4.38,13.5,980.6541666666668,0.0,0.0,315.9283475737735,4,6,1,pre_monsoon,172,0
2019-04-29,95.0625,89.1,24,0,95.6,283.4762,266.0,21,0,33.63333333333333,25.8,40.7,19.20833333333333,6.241666666666667,2.92375,9.0,979.6708333333332,0.0,0.4166666666666667,313.7055979635596,4,0,0,pre_monsoon,173,0
2019-04-30,103.9077,99.5,26,0,88.6,304.4783,308.0,23,0,34.1875,25.5,41.6,19.916666666666668,6.920833333333333,3.322083333333333,12.9,976.9416666666666,0.0,15.375,147.06228090545795,4,1,0,pre_monsoon,174,0
2019-05-01,116.3704,115.0,27,0,104.0,335.4583,341.0,24,0,32.979166666666664,24.5,40.7,24.58333333333333,8.879166666666666,2.47,7.9,976.4083333333332,0.0,10.083333333333334,85.10357834151807,5,2,0,pre_monsoon,175,0
2019-05-02,75.663,74.1,27,0,80.5,289.5417,297.5,24,0,31.495833333333334,26.7,37.7,32.791666666666664,12.829166666666666,3.7254166666666655,12.3,978.85,0.5,37.04166666666666,44.91398116591597,5,3,0,pre_monsoon,176,0
2019-05-03,99.8,99.8,1,0,99.8,,,0,0,30.979166666666668,24.7,37.5,32.958333333333336,12.2375,2.6833333333333336,8.9,980.4083333333332,0.0,20.291666666666668,62.4803444558263,5,4,0,pre_monsoon,177,0
2019-05-04,87.8,87.8,1,0,87.8,,,0,0,31.166666666666668,24.1,38.0,22.416666666666668,5.1875,3.83125,12.2,982.2708333333334,0.0,15.291666666666666,318.9826505203565,5,5,1,pre_monsoon,-176,0
2019-05-05,131.0,131.0,1,0,131.0,,,0,0,31.116666666666664,23.1,38.7,19.20833333333333,3.8541666666666665,3.9225,13.4,982.4791666666666,0.0,0.0,301.47084938166785,5,6,1,pre_monsoon,-175,0
2019-05-06,116.0,116.0,1,0,116.0,,,0,0,32.2,23.5,40.1,20.70833333333333,5.7,2.9966666666666666,11.8,979.9875,0.0,0.0,298.785276560148,5,0,0,pre_monsoon,-174,0
2019-05-07,117.0,117.0,1,0,117.0,,,0,0,32.362500000000004,23.3,40.0,19.58333333333333,5.4375,3.705416666666667,12.9,978.5708333333332,0.0,6.666666666666667,284.23071137260604,5,1,0,pre_monsoon,-173,0
2019-05-08,,,0,0,,,,0,0,34.020833333333336,26.0,41.6,17.916666666666668,5.333333333333333,3.762916666666667,11.8,978.725,0.0,2.583333333333333,276.18262392076497,5,2,0,pre_monsoon,-172,0
2019-05-09,157.0,157.0,1,0,157.0,,,0,0,34.266666666666666,27.0,41.1,19.5,7.070833333333333,4.751666666666667,13.1,977.9625,0.0,9.125,272.0064358221365,5,3,0,pre_monsoon,-171,0
2019-05-10,130.0,130.0,1,0,130.0,,,0,0,34.59166666666667,29.5,40.3,19.625,7.720833333333334,4.6779166666666665,12.8,978.8416666666668,0.0,36.29166666666666,287.1851374750144,5,4,0,pre_monsoon,-170,0
2019-05-11,97.9,97.9,1,0,97.9,,,0,0,32.28333333333333,24.9,38.6,28.625,11.016666666666666,3.625833333333333,13.2,981.0625,0.0,25.25,321.6118560176948,5,5,1,pre_monsoon,-169,0
2019-05-12,227.0,227.0,1,0,227.0,,,0,0,31.89583333333333,24.9,38.5,30.25,11.6375,3.0108333333333337,10.4,980.7708333333334,0.0,19.0,291.7811117595799,5,6,1,pre_monsoon,-168,0
2019-05-13,,,0,0,,,,0,0,32.38333333333333,24.7,38.5,29.75,11.554166666666667,2.3129166666666667,12.6,979.5416666666666,0.0,54.29166666666666,290.3788589241308,5,0,0,pre_monsoon,-167,0
2019-05-14,49.1,49.1,1,0,49.1,,,0,0,30.079166666666666,24.3,35.6,41.583333333333336,15.075,2.2354166666666666,9.0,980.0583333333334,0.0,27.791666666666668,318.7251019350992,5,1,0,pre_monsoon,-166,0
2019-05-15,68.7,68.7,1,0,68.7,,,0,0,30.35,24.8,36.9,44.79166666666666,16.358333333333334,2.0395833333333333,10.9,981.3708333333334,0.1,35.125,122.08393719587184,5,2,0,pre_monsoon,-165,0
2019-05-16,65.3,65.3,1,0,65.3,,,0,0,30.245833333333334,24.9,36.7,45.5,16.4375,2.4766666666666666,9.2,982.3083333333334,0.0,27.75,324.25904298880823,5,3,0,pre_monsoon,-164,0
2019-05-17,74.7,74.7,1,0,74.7,,,0,0,28.34583333333333,24.4,34.9,56.875,18.404166666666665,2.004583333333333,9.9,982.1458333333334,2.7,37.208333333333336,310.25923223177506,5,4,0,pre_monsoon,-163,0
2019-05-18,40.3,40.3,1,0,40.3,,,0,0,27.4125,21.3,33.4,60.375,18.204166666666666,3.29375,10.5,981.6583333333332,0.2,21.916666666666668,299.60658077877355,5,5,1,pre_monsoon,-162,0
2019-05-19,85.0,85.0,1,0,85.0,,,0,0,30.133333333333336,23.6,36.5,42.875,15.125,2.9891666666666663,8.8,982.3125,0.0,1.0833333333333333,293.10949464468763,5,6,1,pre_monsoon,-161,0
2019-05-20,92.3,92.3,1,0,92.3,,,0,0,31.9,24.0,38.7,34.5,13.041666666666666,3.0729166666666665,9.5,982.7291666666666,0.0,23.33333333333333,288.97223279820696,5,0,0,pre_monsoon,-160,0
2019-05-21,,,0,0,,,,0,0,32.6375,25.6,39.3,31.33333333333333,12.725,2.94125,9.1,981.5958333333332,0.0,37.208333333333336,282.1030542495946,5,1,0,pre_monsoon,-159,0
2019-05-22,55.2,55.2,1,0,55.2,,,0,0,32.86666666666667,27.1,39.2,34.791666666666664,14.670833333333334,2.7591666666666668,11.0,979.8166666666666,0.0,33.833333333333336,264.88432531140506,5,2,0,pre_monsoon,-158,0
2019-05-23,82.6,82.6,1,0,82.6,,,0,0,33.12916666666667,26.4,39.2,37.25,15.729166666666666,2.306666666666666,9.7,979.0583333333334,0.0,63.91666666666666,288.37873936937353,5,3,0,pre_monsoon,-157,0
2019-05-24,41.9,41.9,1,0,41.9,,,0,0,30.870833333333334,26.4,35.3,45.25,17.429166666666667,3.454166666666667,11.9,980.3875,0.0,20.291666666666668,343.0016049298443,5,4,0,pre_monsoon,-156,0
2019-05-25,41.8,41.8,1,0,41.8,,,0,0,31.133333333333336,25.1,36.5,39.375,14.829166666666666,4.260833333333333,12.8,980.0208333333334,0.0,7.208333333333333,307.149158866643,5,5,1,pre_monsoon,-155,0
2019-05-26,53.1,53.1,1,0,53.1,,,0,0,31.633333333333336,24.7,38.2,34.208333333333336,13.145833333333334,3.19125,9.9,978.6875,0.0,2.0,301.91314405943103,5,6,1,pre_monsoon,-154,0
2019-05-27,51.1,51.1,1,0,51.1,,,0,0,33.75416666666667,26.2,40.7,26.83333333333333,10.895833333333334,3.327083333333333,10.5,978.3333333333334,0.0,4.708333333333333,302.96241753855304,5,0,0,pre_monsoon,-153,0
2019-05-28,62.2,62.2,1,0,62.2,,,0,0,33.541666666666664,26.0,40.7,20.375,6.8375,3.4425000000000003,10.2,978.1541666666668,0.0,0.0,300.9815015854897,5,1,0,pre_monsoon,-152,0
2019-05-29,60.8,60.8,1,0,60.8,,,0,0,34.6875,26.4,41.9,20.166666666666668,7.95,2.9275,8.2,976.8041666666668,0.0,3.0,299.5215841077276,5,2,0,pre_monsoon,-151,0
2019-05-30,,,0,0,,,,0,0,35.6,27.1,43.4,20.75,8.450000000000001,2.5116666666666667,9.4,975.4666666666668,0.0,2.4166666666666665,291.8321481743435,5,3,0,pre_monsoon,-150,0
2019-05-31,70.0,70.0,1,0,70.0,,,0,0,36.81666666666667,28.3,44.1,19.541666666666668,9.025,2.9879166666666666,9.3,975.575,0.0,7.75,294.8578101459937,5,4,0,pre_monsoon,-149,0
2019-06-01,83.0,83.0,1,0,83.0,,,0,0,35.6625,28.9,43.6,29.08333333333333,13.920833333333334,2.8625000000000003,10.6,975.7958333333332,0.0,7.875,105.05813568851364,6,5,1,monsoon,-148,0
2019-06-02,65.5,65.5,1,0,65.5,,,0,0,35.520833333333336,29.0,42.8,40.04166666666666,18.89583333333333,3.8325,15.0,975.8041666666668,0.0,6.083333333333333,108.54609452496676,6,6,1,monsoon,-147,0
2019-06-03,59.6,59.6,1,0,59.6,,,0,0,34.608333333333334,29.9,41.4,45.583333333333336,20.53333333333333,4.318333333333333,16.7,976.45,0.0,9.25,120.38632986411778,6,0,0,monsoon,-146,0
2019-06-04,53.0,53.0,1,0,53.0,,,0,0,34.833333333333336,29.6,41.7,42.458333333333336,19.666666666666668,3.994166666666666,12.0,976.7833333333332,0.0,8.625,120.23876942714196,6,1,0,monsoon,-145,0
2019-06-05,61.9,61.9,1,0,61.9,,,0,0,35.57083333333333,28.6,41.5,39.125,18.754166666666663,2.605,9.4,976.3833333333332,0.3,19.541666666666668,132.56609393747783,6,2,0,monsoon,-144,0
2019-06-06,,,0,0,,,,0,0,35.65833333333333,30.2,42.8,36.583333333333336,17.633333333333333,3.1029166666666668,13.2,976.7833333333332,0.5,11.625,95.11309490055748,6,3,0,monsoon,-143,0
2019-06-07,47.9,47.9,1,0,47.9,,,0,0,34.12083333333333,27.0,41.4,42.125,18.15,2.39,8.4,979.1291666666666,0.0,8.291666666666666,75.56610633877392,6,4,0,monsoon,-142,0
2019-06-08,44.7,44.7,1,0,44.7,,,0,0,35.55416666666667,27.9,41.7,33.041666666666664,15.229166666666666,2.2470833333333333,8.9,978.0333333333332,0.0,15.5,282.7841017749214,6,5,1,monsoon,-141,0
2019-06-09,60.2,60.2,1,0,60.2,,,0,0,36.96666666666667,28.1,43.5,23.95833333333333,11.708333333333334,2.240416666666667,9.2,975.3,0.0,0.4583333333333333,336.40440294719144,6,6,1,monsoon,-140,0
2019-06-10,53.2,53.2,1,0,53.2,,,0,0,37.25416666666667,28.2,44.0,23.416666666666668,11.908333333333331,2.2075,8.2,972.8083333333334,0.0,5.208333333333333,270.0685167076249,6,0,0,monsoon,-139,0
2019-06-11,113.0,113.0,1,0,113.0,,,0,0,37.40833333333333,29.7,43.7,23.20833333333333,12.216666666666669,2.88625,8.5,972.725,0.0,18.5,282.69899262732685,6,1,0,monsoon,-138,0
2019-06-12,,,0,0,,,,0,0,34.666666666666664,30.1,39.7,44.458333333333336,20.5875,3.2266666666666666,10.7,974.9416666666666,2.2,23.625,129.6644154126015,6,2,0,monsoon,-137,0
2019-06-13,44.1,44.1,1,0,44.1,,,0,0,35.4625,29.2,41.1,38.16666666666666,18.629166666666663,3.379583333333333,9.5,975.6166666666668,0.0,38.583333333333336,233.0360974301313,6,3,0,monsoon,-136,0
2019-06-14,41.8,41.8,1,0,41.8,,,0,0,36.05833333333333,30.6,42.1,29.416666666666668,13.775,4.2125,11.0,974.4166666666666,0.0,4.458333333333333,288.3846993902387,6,4,0,monsoon,-135,0
2019-06-15,71.1,71.1,1,0,71.1,,,0,0,36.516666666666666,29.7,42.4,22.416666666666668,11.0125,4.015,11.4,974.0708333333332,0.0,30.95833333333333,281.3041453423712,6,5,1,monsoon,-134,0
2019-06-16,43.2,43.2,1,0,43.2,,,0,0,33.80416666666667,28.9,38.8,42.625,19.091666666666665,5.678333333333334,13.9,975.6625,0.0,29.70833333333333,279.3658314900058,6,6,1,monsoon,-133,0
2019-06-17,,,0,0,,,,0,0,33.575,28.7,38.8,47.0,20.229166666666668,5.27,15.5,975.4083333333332,0.0,15.708333333333334,277.6141325738104,6,0,0,monsoon,-132,0
2019-06-18,,,0,0,,,,0,0,30.5375,24.7,36.1,55.0,20.0625,2.42875,9.7,976.5,0.5,27.75,288.6258659210814,6,1,0,monsoon,-131,0
2019-06-19,,,0,0,,,,0,0,31.0,26.0,36.6,53.0,19.729166666666668,2.0866666666666664,9.4,976.1583333333332,0.0,17.416666666666668,203.59547108987115,6,2,0,monsoon,-130,0
2019-06-20,38.3,38.3,1,0,38.3,,,0,0,31.8,24.7,37.7,47.958333333333336,18.6125,1.98375,7.2,977.1708333333332,0.0,9.333333333333334,198.0897097052699,6,3,0,monsoon,-129,0
2019-06-21,65.5625,63.25,8,0,64.1,192.5714,177.0,7,0,33.30416666666667,27.7,38.9,47.25,20.2,1.7566666666666666,8.0,977.3208333333332,1.2,15.875,203.89365314032065,6,4,0,monsoon,-128,0
2019-06-22,60.1857,57.0,7,0,62.5,194.1667,167.5,6,0,34.7,28.1,40.3,38.208333333333336,17.337500000000002,2.459583333333333,10.3,976.7416666666668,0.0,7.541666666666667,355.7977559300794,6,5,1,monsoon,-127,0
2019-06-23,34.9571,34.0,7,0,36.5,138.6167,126.5,6,0,34.0,29.1,38.8,49.083333333333336,21.154166666666665,3.97625,12.4,976.95,0.0,10.333333333333334,114.71114753006032,6,6,1,monsoon,-126,0
2019-06-24,22.55,21.55,8,0,23.9,96.1286,78.5,7,0,31.575000000000003,27.0,37.0,60.25,22.72083333333333,2.911666666666666,9.9,978.5583333333334,0.6000000000000001,28.83333333333333,108.39394558249512,6,0,0,monsoon,-125,0
2019-06-25,46.85,44.4,8,0,53.3,131.6857,113.0,7,0,32.15416666666667,27.8,36.2,61.75,23.633333333333336,1.4866666666666666,6.9,978.0541666666668,4.8,40.208333333333336,52.79270279661182,6,1,0,monsoon,-124,0
2019-06-26,57.1375,55.2,8,0,64.3,153.8571,145.0,7,0,34.78333333333334,29.5,39.7,48.41666666666666,21.125,2.3754166666666667,10.2,975.4875,0.6,16.041666666666668,334.36669841844446,6,2,0,monsoon,-123,0
2019-06-27,54.9375,54.7,8,0,55.7,242.2857,225.0,7,0,34.604166666666664,28.9,40.3,39.708333333333336,18.42083333333333,3.2770833333333336,13.2,973.0333333333332,0.0,30.45833333333333,301.2157683953582,6,3,0,monsoon,-122,0
2019-06-28,55.0375,52.95,8,0,58.2,247.5714,237.0,7,0,35.487500000000004,28.7,42.1,37.583333333333336,18.133333333333333,3.6825,12.0,972.0333333333332,0.0,8.125,285.8633566254228,6,4,0,monsoon,-121,0
2019-06-29,53.4125,53.3,8,0,57.0,285.4286,280.0,7,0,36.35,30.6,41.6,36.625,18.72083333333333,3.5775,11.6,971.6541666666668,0.0,17.5,282.8064133137691,6,5,1,monsoon,-120,0
2019-06-30,63.1375,64.35,8,0,68.6,301.8571,297.0,7,0,36.85833333333333,30.6,42.9,35.25,18.341666666666665,3.2591666666666668,10.6,971.9708333333332,0.0,22.5,302.77506468065286,6,6,1,monsoon,-119,0
2019-07-01,46.8667,49.8,3,0,,196.6667,172.0,3,0,35.99583333333333,30.0,41.5,42.125,20.5,1.8754166666666665,7.2,973.0958333333332,0.0,22.125,14.30030280601028,7,0,0,monsoon,-118,0
2019-07-02,66.35,64.45,8,0,62.7,257.5714,246.0,7,0,35.72083333333333,31.1,40.2,45.5,21.78333333333333,2.5187500000000003,8.8,973.95,0.0,23.58333333333333,89.93451266360296,7,1,0,monsoon,-117,0
2019-07-03,32.9625,30.9,8,0,33.6,117.6857,104.0,7,0,33.725,30.3,36.7,55.958333333333336,23.5125,3.19875,10.2,974.7041666666668,1.6,84.08333333333333,122.95030498759354,7,2,0,monsoon,-116,0
2019-07-04,34.175,32.6,8,0,31.8,101.6143,88.2,7,0,33.020833333333336,29.6,39.1,59.5,23.758333333333336,2.8945833333333333,9.6,973.6125,6.6000000000000005,74.79166666666667,133.566455863413,7,3,0,monsoon,-115,0
2019-07-05,40.95,42.0,8,0,45.5,93.1857,82.0,7,0,30.97083333333333,27.9,34.9,72.08333333333333,25.1875,1.6445833333333333,8.7,971.75,3.7,80.54166666666667,124.5061731843465,7,4,0,monsoon,-114,0
2019-07-06,31.4625,30.55,8,0,32.1,95.4571,69.0,7,0,31.054166666666664,27.3,34.9,69.29166666666667,24.504166666666663,2.2025,9.5,970.9875,0.3,70.58333333333333,111.01405350245898,7,5,1,monsoon,-113,0
2019-07-07,36.0286,34.3,7,0,34.3,101.0333,74.7,6,0,31.166666666666668,26.7,35.8,69.16666666666667,24.5625,1.2879166666666666,5.8,971.5625,2.1,53.625,105.02747129456289,7,6,1,monsoon,-112,0
2019-07-08,47.125,47.4,8,0,50.0,168.5714,143.0,7,0,31.875,28.3,36.4,67.83333333333333,24.8625,1.4825,8.4,971.875,4.0,44.083333333333336,223.5912106617639,7,0,0,monsoon,-111,0
2019-07-09,40.1375,40.55,8,0,44.7,133.4857,112.0,7,0,30.7375,27.0,35.0,72.04166666666667,24.825,2.4229166666666666,9.4,971.5291666666668,4.9,75.125,215.5133514816457,7,1,0,monsoon,-110,0
2019-07-10,70.2,67.15,8,0,74.5,294.1429,291.0,7,0,31.025,27.0,34.9,74.16666666666667,25.570833333333336,2.5166666666666666,11.7,971.0583333333334,7.1000000000000005,78.375,237.05184740734416,7,2,0,monsoon,-109,0
2019-07-11,74.2714,68.4,7,0,76.1,375.8333,384.5,6,0,33.395833333333336,29.1,38.4,56.66666666666666,23.304166666666664,4.224583333333333,13.9,971.0625,0.0,73.25,247.95158593426532,7,3,0,monsoon,-108,0
2019-07-12,,,0,0,,,,0,0,33.44166666666667,29.9,38.2,51.16666666666666,21.64583333333333,3.782916666666667,10.5,973.5166666666668,0.5,76.45833333333333,263.0276740202574,7,4,0,monsoon,-107,0
2019-07-13,65.2185,60.9,27,0,60.9,323.2609,314.0,23,0,34.108333333333334,29.7,38.5,47.375,20.875,5.447083333333333,14.9,974.0625,0.0,34.708333333333336,263.50521374315446,7,5,1,monsoon,-106,0
2019-07-14,64.225,59.15,28,0,65.5,284.9167,280.0,24,0,32.9375,29.3,36.8,52.25,21.3125,4.4158333333333335,14.3,972.9791666666666,0.0,42.708333333333336,261.5007354942801,7,6,1,monsoon,-105,0
2019-07-15,43.8214,40.45,28,0,42.7,149.8391,142.0,23,0,29.77916666666667,25.7,36.8,72.29166666666667,23.758333333333336,2.7825,14.1,972.725,4.4,64.125,202.69200974742736,7,0,0,monsoon,-104,0
2019-07-16,31.4,29.9,27,0,,78.6375,74.7,24,0,26.6125,24.6,29.1,88.58333333333333,24.516666666666666,2.54625,10.5,975.9208333333336,20.6,75.29166666666667,101.38632388341006,7,1,0,monsoon,-103,0
2019-07-17,33.5571,32.45,28,0,34.5,69.9125,66.85,24,0,27.229166666666668,24.7,30.8,84.91666666666667,24.3625,1.8995833333333332,9.0,976.9291666666668,14.8,51.458333333333336,116.2350674365685,7,2,0,monsoon,-102,0
2019-07-18,33.375,31.05,28,0,28.7,84.9208,77.6,24,0,27.53333333333333,24.7,32.2,82.20833333333333,24.054166666666664,1.3983333333333334,7.1,976.8333333333334,12.8,55.79166666666666,186.75494784142867,7,3,0,monsoon,-101,0
2019-07-19,71.1286,62.5,28,0,58.0,175.75,153.5,24,0,29.42083333333333,25.3,33.3,78.75,25.254166666666663,1.2720833333333337,5.8,977.0333333333332,6.7,53.083333333333336,155.4441266448615,7,4,0,monsoon,-100,0
2019-07-20,46.8929,46.8,28,0,43.7,118.313,115.0,23,0,30.041666666666668,25.9,33.9,80.25,26.054166666666664,1.8741666666666668,8.6,977.7708333333334,12.5,50.25,113.41366314249518,7,5,1,monsoon,-99,0
2019-07-21,47.7038,44.7,26,0,43.6,97.9095,98.2,21,0,29.75,27.2,33.1,81.33333333333333,26.09166666666667,2.16625,8.9,977.4416666666666,11.1,47.16666666666666,120.10102995414552,7,6,1,monsoon,-98,0
2019-07-22,60.7929,59.8,28,0,51.5,121.112,119.0,25,0,30.40833333333333,27.5,34.2,80.29166666666667,26.5125,1.742916666666667,7.3,976.3875,6.1,60.708333333333336,108.501114133511,7,0,0,monsoon,-97,0
2019-07-23,74.825,71.75,28,0,65.0,157.064,151.0,25,0,31.620833333333334,28.0,35.5,76.95833333333333,26.85,1.7304166666666667,5.9,975.0541666666668,4.6,65.79166666666667,183.80605863743625,7,1,0,monsoon,-96,0
2019-07-24,64.6074,64.9,27,0,60.0,163.124,158.0,25,0,31.525,28.0,36.7,74.375,26.191666666666663,2.5479166666666666,10.8,973.4291666666668,6.8,46.208333333333336,262.88762336582573,7,2,0,monsoon,-95,0
2019-07-25,25.5296,23.1,27,0,20.8,70.8833,60.2,24,0,27.620833333333334,26.0,29.9,86.125,25.0,1.8416666666666668,6.4,975.0666666666666,10.9,95.375,229.63561316622136,7,3,0,monsoon,-94,0
2019-07-26,30.5731,29.55,26,0,29.5,63.9083,55.75,24,0,27.27083333333333,25.5,29.9,87.20833333333333,24.8625,2.895,11.2,973.3291666666668,26.9,95.95833333333331,80.85310245880856,7,4,0,monsoon,-93,0
2019-07-27,27.8444,25.7,27,0,23.3,49.3,45.25,24,0,26.6375,25.2,30.1,89.75,24.758333333333336,3.748333333333333,9.7,973.4333333333334,6.0,98.08333333333331,107.3073975314939,7,5,1,monsoon,-92,0
2019-07-28,22.75,20.75,26,0,19.3,50.6591,45.55,22,0,28.125,25.5,31.8,86.5,25.59583333333333,3.94625,11.0,975.2666666666668,7.300000000000001,88.79166666666667,107.23057365940484,7,6,1,monsoon,-91,0
2019-07-29,26.1296,22.2,27,0,18.3,67.7125,61.85,24,0,29.23333333333333,26.1,33.0,78.95833333333333,25.075,3.988333333333333,12.9,976.5291666666668,1.3,48.91666666666666,103.99007382287688,7,0,0,monsoon,-90,0
2019-07-30,30.7429,28.4,28,0,25.0,81.036,79.1,25,0,28.92083333333333,26.2,32.1,78.25,24.629166666666663,3.4516666666666667,9.9,976.3208333333332,0.8,79.5,102.28986757398992,7,1,0,monsoon,-89,0
2019-07-31,31.0571,30.2,28,0,26.1,73.956,68.1,25,0,29.0625,27.0,31.8,78.45833333333333,24.829166666666666,2.6891666666666665,8.0,975.675,0.5,97.375,94.8428683740854,7,2,0,monsoon,-88,0
2019-08-01,35.0111,33.9,27,0,29.5,84.7333,76.15,24,0,29.34166666666667,26.8,32.2,81.58333333333333,25.77916666666667,2.555,8.0,975.0541666666668,2.1,75.95833333333333,119.80198904942716,8,3,0,monsoon,-87,0
2019-08-02,35.6071,32.55,28,0,32.8,80.14,76.5,25,0,28.75,26.1,31.5,85.25,25.933333333333334,1.9654166666666668,6.6,974.2791666666668,12.9,90.08333333333331,110.64177696171993,8,4,0,monsoon,-86,0
2019-08-03,39.6214,40.95,28,0,35.3,78.516,73.8,25,0,28.3125,26.4,30.8,88.08333333333333,26.070833333333336,2.28125,7.6,974.2083333333334,6.8,95.25,97.66310509155164,8,5,1,monsoon,-85,0
2019-08-04,47.8857,47.2,28,0,50.5,89.8167,89.35,24,0,28.891666666666666,26.2,32.6,87.41666666666667,26.4875,1.18625,5.1,973.2916666666666,4.2,89.16666666666667,97.05246127777684,8,6,1,monsoon,-84,0
2019-08-05,51.2964,50.1,28,0,48.6,106.0958,103.0,24,0,29.23333333333333,26.5,32.9,85.95833333333333,26.54583333333333,1.57125,5.2,971.725,18.5,78.41666666666667,139.16403862423613,8,0,0,monsoon,-83,0
2019-08-06,29.5044,28.5,27,0,28.0,58.796,55.2,25,0,27.941666666666663,26.0,31.0,89.0,25.866666666666664,2.377083333333333,7.0,972.075,20.700000000000003,96.0,121.0675015777926,8,1,0,monsoon,-82,0
2019-08-07,31.2074,33.4,27,0,30.8,71.4792,72.65,24,0,28.183333333333334,25.7,30.9,88.08333333333333,25.95,1.5466666666666666,7.5,971.7833333333332,6.999999999999999,74.5,83.89055437454783,8,2,0,monsoon,-81,0
2019-08-08,28.0704,23.3,27,0,22.0,82.176,72.1,25,0,30.14583333333333,27.2,33.8,78.375,25.754166666666663,2.55875,8.1,971.6208333333334,0.5,75.83333333333333,96.2881100276308,8,3,0,monsoon,-80,0
2019-08-09,14.8259,12.4,27,0,13.0,59.464,52.2,25,0,29.320833333333336,27.6,31.4,74.5,24.28333333333333,5.952083333333333,17.0,973.4625,0.8,77.0,94.70200218045544,8,4,0,monsoon,-79,0
2019-08-10,17.6077,16.15,26,0,14.4,46.736,41.8,25,0,28.775,26.0,32.2,79.58333333333333,24.745833333333334,5.233333333333333,14.5,974.2375,1.7000000000000002,74.58333333333333,116.99498963449616,8,5,1,monsoon,-78,0
2019-08-11,,,0,0,,,,0,0,29.575,26.4,32.8,78.95833333333333,25.47083333333333,2.20375,6.4,975.75,0.3,51.5,157.47451869397855,8,6,1,monsoon,-77,0
2019-08-12,22.1231,18.4,26,0,19.5,54.887,50.3,23,0,29.308333333333334,26.9,32.2,79.91666666666667,25.4125,2.589583333333333,7.7,975.9041666666668,7.6,94.16666666666669,280.22506597938286,8,0,0,monsoon,-76,0
2019-08-13,21.8462,20.85,24,0,21.3,56.6435,52.0,23,0,29.0875,26.9,33.2,83.66666666666667,25.8875,2.500833333333333,10.3,976.1125,20.1,85.58333333333333,296.2848747434324,8,1,0,monsoon,-75,0
2019-08-14,34.8385,33.95,26,0,30.2,62.496,58.3,25,0,28.354166666666668,25.5,31.6,88.0,26.09583333333333,1.1133333333333333,7.5,977.325,2.8,94.20833333333331,95.12811846063715,8,2,0,monsoon,-74,0
2019-08-15,26.4292,26.1,24,0,29.9,52.544,50.6,25,0,29.0125,27.0,31.9,82.0,25.541666666666668,3.8966666666666665,12.8,977.0875,11.2,96.875,78.15341874898627,8,3,0,monsoon,-73,0
2019-08-16,15.6468,15.3,25,0,16.7,37.0609,33.0,23,0,27.9,26.1,30.9,84.0,24.875,4.8116666666666665,13.3,975.3125,9.4,76.83333333333333,89.3223633829432,8,4,0,monsoon,-72,0
2019-08-17,10.1163,8.83,27,0,9.91,18.9058,16.7,24,0,26.14583333333333,25.3,27.7,89.5,24.2625,5.757083333333333,14.4,974.5666666666666,8.4,97.58333333333331,126.23900508130322,8,5,1,monsoon,-71,0
2019-08-18,18.0485,17.9,26,0,14.0,34.5,31.5,23,0,26.875,24.4,30.7,87.04166666666667,24.370833333333334,2.806666666666666,8.9,978.0166666666668,31.0,98.54166666666669,234.39723304296703,8,6,1,monsoon,-70,0
2019-08-19,40.1923,40.4,26,0,36.1,86.3625,85.15,24,0,27.991666666666664,24.2,31.7,84.04166666666667,24.90833333333333,1.377916666666667,7.0,980.3375,1.3,24.20833333333333,294.76613265822573,8,0,0,monsoon,-69,0
2019-08-20,41.1593,39.5,27,0,45.6,94.576,89.4,25,0,28.5375,25.2,32.7,81.79166666666667,24.891666666666666,2.65625,10.0,979.6375,0.8,32.916666666666664,324.3361395549511,8,1,0,monsoon,-68,0
2019-08-21,47.0778,46.9,27,0,44.7,128.728,125.0,25,0,29.3125,24.6,33.9,77.83333333333333,24.75,2.7404166666666665,10.8,978.1541666666668,0.0,37.625,305.62614103286154,8,2,0,monsoon,-67,0
2019-08-22,42.9185,45.1,27,0,47.9,127.216,124.0,25,0,28.604166666666668,25.5,32.1,84.16666666666667,25.53333333333333,1.7474999999999998,8.5,978.4875,0.8,82.41666666666667,8.119961876680804,8,3,0,monsoon,-66,0
2019-08-23,50.8556,50.4,27,0,54.2,143.184,127.0,25,0,29.204166666666666,25.6,32.9,82.29166666666667,25.695833333333336,0.98,6.4,978.3958333333334,4.0,60.958333333333336,235.3391862795881,8,4,0,monsoon,-65,0
2019-08-24,58.6444,57.7,27,0,68.0,139.8417,134.5,24,0,29.079166666666666,26.2,33.6,82.54166666666667,25.679166666666664,1.6054166666666667,8.6,978.5916666666668,3.9,83.04166666666667,125.8264608500711,8,5,1,monsoon,-64,0
2019-08-25,33.3115,31.5,26,0,,64.78,58.8,25,0,27.5125,26.1,30.4,88.04166666666667,25.33333333333333,2.270833333333333,8.0,979.1958333333332,12.9,96.0,104.0477645623542,8,6,1,monsoon,-63,0
2019-08-26,30.5533,26.6,15,0,18.4,53.5231,51.9,13,0,28.84583333333333,25.6,32.3,83.04166666666667,25.525,2.3979166666666667,11.5,978.8375,0.6000000000000001,58.458333333333336,96.0901741132102,8,0,0,monsoon,-62,0
2019-08-27,41.8,41.05,26,0,38.2,107.5583,97.1,24,0,29.808333333333334,26.1,33.4,80.04166666666667,25.775,1.7575,6.7,977.9041666666668,0.1,64.875,102.67764554716996,8,1,0,monsoon,-61,0
2019-08-28,43.163,37.4,27,0,37.0,101.796,95.8,25,0,30.454166666666666,26.9,34.0,78.29166666666667,26.0375,2.3466666666666667,9.9,979.0,0.4,43.66666666666666,99.41215146298237,8,2,0,monsoon,-60,0
2019-08-29,33.3185,32.0,27,0,32.0,85.736,75.5,25,0,30.1375,27.3,33.6,80.375,26.22083333333333,2.5329166666666665,8.7,979.9875,1.0,48.75,124.48293844944811,8,3,0,monsoon,-59,0
2019-08-30,50.0185,42.0,27,0,33.3,104.292,96.8,25,0,30.175,26.5,33.5,80.875,26.308333333333334,1.4262500000000002,5.7,977.6833333333334,0.9,52.66666666666666,155.05719012306918,8,4,0,monsoon,-58,0
2019-08-31,57.9538,54.15,26,0,42.3,115.8417,108.5,24,0,30.48333333333333,26.8,33.0,77.95833333333333,26.066666666666663,1.4908333333333337,5.2,975.65,6.4,80.75,130.6154123242041,8,5,1,monsoon,-57,0
2019-09-01,34.312,29.6,25,0,30.2,76.7696,74.0,23,0,28.6375,26.4,31.6,85.58333333333333,25.916666666666668,2.775416666666666,8.4,977.6541666666668,4.7,94.875,104.53897575776324,9,6,1,monsoon,-56,0
2019-09-02,48.3692,48.15,26,0,46.3,100.275,95.3,24,0,29.558333333333334,25.8,33.2,83.20833333333333,26.25,1.17875,5.2,977.8958333333334,1.3,72.41666666666667,98.6848536901889,9,0,0,monsoon,-55,0
2019-09-03,71.4692,70.25,26,0,67.1,142.0167,134.0,24,0,30.1875,26.7,33.5,79.70833333333333,26.1375,1.413333333333333,6.5,976.7791666666668,5.5,47.083333333333336,263.4604492128355,9,1,0,monsoon,-54,0
2019-09-04,70.8038,70.9,26,0,74.6,142.95,140.0,24,0,29.0625,25.5,32.2,84.58333333333333,26.0875,2.460833333333333,7.8,976.525,7.8,95.66666666666669,119.22364832694824,9,2,0,monsoon,-53,0
2019-09-05,35.8115,32.1,26,0,30.5,89.4125,79.55,24,0,29.4625,26.6,32.6,82.08333333333333,25.9,2.1625,7.3,976.5708333333332,0.6000000000000001,63.0,114.19570382263646,9,3,0,monsoon,-52,0
2019-09-06,36.0423,34.85,26,0,28.5,90.0417,81.5,24,0,29.729166666666668,26.9,32.9,80.95833333333333,26.0125,2.1612500000000003,7.1,975.675,0.4,84.66666666666667,115.83239956165482,9,4,0,monsoon,-51,0
2019-09-07,37.1741,32.1,27,0,28.3,84.944,75.2,25,0,28.825,26.5,32.0,84.79166666666667,25.954166666666666,2.53,8.2,976.2,2.1,97.0,120.25749298948313,9,5,1,monsoon,-50,0
2019-09-08,33.4808,32.6,26,0,32.7,74.752,72.9,25,0,29.15416666666667,26.1,33.2,83.41666666666667,25.820833333333336,1.7575,6.6,977.7541666666666,0.2,66.95833333333333,95.58610774472636,9,6,1,monsoon,-49,0
2019-09-09,55.2593,54.6,27,0,51.4,120.392,114.0,25,0,30.166666666666668,25.7,34.2,78.125,25.52083333333333,1.3491666666666668,5.6,976.3583333333332,0.1,43.66666666666666,29.16146227505709,9,0,0,monsoon,-48,0
2019-09-10,,,0,0,,,,0,0,30.65416666666667,26.6,35.2,74.0,25.05,1.52125,5.6,975.9083333333332,0.0,4.708333333333333,71.36105831147233,9,1,0,monsoon,-47,0
2019-09-11,74.5296,73.0,27,0,72.6,162.0,150.0,25,0,31.245833333333334,26.5,35.7,73.29166666666667,25.53333333333333,1.6125,6.5,977.0875,0.4,19.291666666666668,144.92857335960798,9,2,0,monsoon,-46,0
2019-09-12,56.3192,53.9,26,0,55.4,124.7417,114.0,24,0,30.229166666666668,27.5,33.8,79.45833333333333,26.1625,3.714166666666667,10.0,978.675,0.6000000000000001,58.5,123.89798844363288,9,3,0,monsoon,-45,0
2019-09-13,34.276,32.4,25,0,31.0,84.5875,72.0,24,0,29.854166666666668,26.4,33.6,77.58333333333333,25.25,2.9995833333333333,8.6,979.5291666666668,0.6,50.54166666666666,115.13393935377267,9,4,0,monsoon,-44,0
2019-09-14,26.8731,26.25,26,0,25.7,66.9696,61.2,23,0,28.73333333333333,26.0,32.2,78.70833333333333,24.575,3.3629166666666666,9.1,980.1833333333334,0.7000000000000001,67.83333333333333,96.84028873320877,9,5,1,monsoon,-43,0
2019-09-15,33.3609,34.1,23,0,35.8,64.1909,64.55,22,0,28.079166666666666,25.5,31.6,83.20833333333333,24.808333333333334,2.317916666666666,7.5,980.3916666666668,5.2,82.33333333333333,98.1642304779706,9,6,1,monsoon,-42,0
2019-09-16,59.392,57.0,25,0,55.2,135.287,126.0,23,0,29.29583333333333,25.2,33.3,81.04166666666667,25.445833333333336,1.5045833333333334,8.6,978.9541666666668,0.4,30.875,88.76554527112216,9,0,0,monsoon,-41,0
2019-09-17,57.6192,57.1,26,0,57.0,129.0708,127.5,24,0,29.241666666666664,26.0,32.1,79.625,25.254166666666663,2.15625,8.3,979.9,2.0,31.416666666666668,144.80544164963817,9,1,0,monsoon,-40,0
2019-09-18,34.276,33.4,25,0,33.1,97.5304,90.7,23,0,28.52916666666667,25.9,31.9,79.75,24.558333333333334,3.12125,10.7,983.6625,3.0,33.25,115.63062713617036,9,2,0,monsoon,-39,0
2019-09-19,21.148,19.0,25,0,20.0,57.5636,53.55,22,0,26.9375,24.7,30.3,79.66666666666667,22.995833333333334,3.5375,9.6,985.7291666666666,1.0,32.916666666666664,109.31836911382528,9,3,0,monsoon,-38,0
2019-09-20,40.2885,37.3,26,0,29.8,105.6125,97.95,24,0,27.054166666666664,23.1,30.9,83.375,23.829166666666666,1.930416666666667,9.1,984.2416666666668,7.7,24.916666666666668,112.294164861098,9,4,0,monsoon,-37,0
2019-09-21,41.4731,39.7,26,0,34.6,98.8792,92.7,24,0,27.804166666666664,24.6,31.6,80.08333333333333,23.704166666666666,1.6849999999999998,7.3,983.1333333333332,0.7000000000000001,21.625,133.8775881069863,9,5,1,monsoon,-36,0
2019-09-22,28.1375,25.85,24,0,22.9,70.0727,66.05,22,0,27.125,25.1,29.9,82.70833333333333,23.84166666666667,2.4250000000000003,8.8,984.7541666666666,13.9,32.083333333333336,125.35419079231052,9,6,1,monsoon,-35,0
2019-09-23,36.3769,32.75,26,0,30.9,88.58,75.0,25,0,26.766666666666666,23.5,31.1,80.41666666666667,22.925,2.2133333333333334,8.1,986.0375,2.0,30.83333333333333,103.15046635917076,9,0,0,monsoon,-34,0
2019-09-24,35.2444,34.2,27,0,32.7,92.428,88.5,25,0,27.0625,23.4,31.6,80.16666666666667,23.15416666666667,2.39,10.2,986.2083333333334,2.9,24.791666666666668,109.73330019149957,9,1,0,monsoon,-33,0
2019-09-25,30.1962,28.9,26,0,29.8,81.3708,76.75,24,0,27.258333333333336,24.1,31.1,80.83333333333333,23.525,3.139583333333333,10.8,987.5416666666666,3.6,34.916666666666664,101.92182604066376,9,2,0,monsoon,-32,0
2019-09-26,23.4185,21.8,27,0,17.0,64.676,59.1,25,0,27.579166666666666,25.1,30.5,76.45833333333333,22.925,4.409583333333333,12.6,987.9125,1.9,65.20833333333333,98.6955023285496,9,3,0,monsoon,-31,0
2019-09-27,15.2881,12.6,27,0,11.6,49.18,42.9,25,0,26.641666666666666,24.3,30.3,78.16666666666667,22.366666666666664,3.611666666666667,12.1,986.625,0.5,49.54166666666666,80.54756439420242,9,4,0,monsoon,-30,0
2019-09-28,22.0074,21.3,27,0,17.1,61.488,56.2,25,0,25.554166666666664,22.8,29.3,82.91666666666667,22.2875,3.55625,13.1,985.0375,4.6,44.5,80.83912398924463,9,5,1,monsoon,-29,0
2019-09-29,18.3452,17.1,25,0,13.6,52.3391,45.7,23,0,25.004166666666663,23.1,27.3,83.70833333333333,21.9875,3.2425,8.1,985.4958333333334,2.0,48.66666666666666,98.1631892929147,9,6,1,monsoon,-28,0
2019-09-30,31.7038,29.8,26,0,27.7,84.325,77.75,24,0,25.354166666666668,22.6,29.7,83.375,22.2125,2.1870833333333333,8.2,984.4666666666668,6.0,46.458333333333336,121.5584635477196,9,0,0,monsoon,-27,0
2019-10-01,32.7889,30.8,27,0,29.4,90.2958,83.45,24,0,25.133333333333336,22.3,28.7,85.29166666666667,22.325,2.085833333333333,6.5,984.0458333333332,4.5,63.333333333333336,106.13517754176786,10,1,0,post_monsoon,-26,0
2019-10-02,42.94,40.6,25,0,36.4,104.6636,96.75,22,0,26.495833333333334,22.2,30.9,79.58333333333333,22.3375,1.4725,7.8,984.8958333333334,0.2,20.83333333333333,94.46554923177403,10,2,0,post_monsoon,-25,0
2019-10-03,56.3462,54.0,26,0,50.2,144.0625,135.5,24,0,27.48333333333333,22.9,32.4,72.91666666666667,21.695833333333336,1.2575,6.3,984.8666666666668,0.0,25.291666666666668,152.85867507818705,10,3,0,post_monsoon,-24,0
2019-10-04,44.5643,45.0,28,0,45.7,97.64,96.8,25,0,26.179166666666664,23.1,29.7,72.45833333333333,20.679166666666667,2.2845833333333334,9.9,985.8416666666668,4.9,26.041666666666668,321.4076399704962,10,4,0,post_monsoon,-23,0
2019-10-05,40.4393,40.05,28,0,35.6,108.976,102.0,25,0,26.09166666666667,21.9,31.9,66.20833333333333,18.695833333333333,2.8858333333333337,9.4,985.6625,0.0,2.375,319.11108117397663,10,5,1,post_monsoon,-22,0
2019-10-06,59.0704,58.0,27,0,53.9,137.1826,136.0,23,0,26.4,21.1,32.2,62.25,17.900000000000002,2.285833333333333,7.7,986.2791666666668,0.0,16.833333333333332,327.86373135166014,10,6,1,post_monsoon,-21,0
2019-10-07,54.2357,54.7,28,0,54.7,135.4667,130.5,24,0,26.3125,22.1,31.5,62.5,18.079166666666666,3.016666666666667,10.0,987.4916666666668,0.0,37.125,308.03806081921243,10,0,0,post_monsoon,-20,0
2019-10-08,48.8,47.4,27,0,39.4,119.3708,114.5,24,0,26.3875,21.0,31.7,56.75,16.704166666666666,1.9583333333333333,6.8,987.0083333333332,0.0,0.0416666666666666,300.3482956482029,10,1,0,post_monsoon,-19,0
2019-10-09,76.1929,73.45,28,0,73.2,180.6,175.0,25,0,25.525,20.3,30.0,61.083333333333336,17.095833333333335,1.7566666666666666,5.9,986.975,0.0,10.583333333333334,173.58943359064915,10,2,0,post_monsoon,-18,0
2019-10-10,,,0,0,,,,0,0,26.475,20.7,31.0,59.16666666666666,17.349999999999998,1.6375,5.2,986.4958333333334,0.0,10.541666666666666,108.63699783090658,10,3,0,post_monsoon,-17,0
2019-10-11,94.9111,93.9,27,0,,196.84,201.0,25,0,26.59166666666667,20.5,32.1,53.79166666666666,15.825,1.5791666666666666,5.6,986.0583333333334,0.0,7.416666666666667,323.86971103689206,10,4,0,post_monsoon,-16,0
2019-10-12,108.0462,107.0,26,0,,219.5417,215.0,24,0,27.34583333333333,22.1,33.2,56.708333333333336,17.116666666666667,1.83,6.6,986.8208333333332,0.0,5.416666666666667,4.930021780073389,10,5,1,post_monsoon,-15,0
2019-10-13,135.1111,131.0,27,0,,259.48,255.0,25,0,27.758333333333336,22.9,33.4,52.16666666666666,16.420833333333334,1.895,7.9,987.3583333333332,0.0,19.0,328.8997306581707,10,6,1,post_monsoon,-14,0
2019-10-14,118.2481,116.0,27,0,,247.4,236.0,25,0,26.98333333333333,20.7,33.5,58.16666666666666,17.141666666666666,2.0820833333333333,7.9,987.975,0.0,23.666666666666668,11.819640324337117,10,0,0,post_monsoon,-13,0
2019-10-15,133.75,126.0,28,0,101.0,289.36,283.0,25,0,27.15833333333333,21.2,33.3,61.75,18.3375,1.7304166666666667,6.5,988.7875,0.0,7.916666666666667,71.96853216048282,10,1,0,post_monsoon,-12,0
2019-10-16,143.9259,141.0,27,0,133.0,280.8333,271.5,24,0,27.625,21.6,33.3,57.833333333333336,17.825,1.7445833333333332,5.0,988.9666666666668,0.0,6.25,121.71164165776749,10,2,0,post_monsoon,-11,0
2019-10-17,121.1808,123.0,26,0,108.0,249.875,235.0,24,0,27.02083333333333,22.1,32.1,61.25,18.383333333333333,2.055,6.4,988.9083333333332,0.0,11.5,154.27302603526186,10,3,0,post_monsoon,-10,0
2019-10-18,82.8,81.45,28,0,83.0,194.4,182.0,25,0,26.370833333333334,22.6,31.5,65.125,18.929166666666667,2.481666666666667,9.8,989.1083333333332,2.7,17.708333333333332,136.50322648755423,10,4,0,post_monsoon,-9,0
2019-10-19,81.9714,80.1,28,0,74.5,181.92,171.0,25,0,25.570833333333336,21.1,30.8,66.75,18.466666666666665,1.6141666666666667,6.1,990.275,2.5,29.875,239.82282414897088,10,5,1,post_monsoon,-8,0
2019-10-20,98.5393,97.85,28,0,95.1,200.56,193.0,25,0,25.73333333333333,20.3,32.6,49.29166666666666,13.091666666666669,2.5841666666666665,8.3,989.8416666666668,0.0,12.625,313.7627129021517,10,6,1,post_monsoon,-7,0
2019-10-21,117.525,112.0,28,0,109.0,236.32,230.0,25,0,24.98333333333333,18.9,31.8,51.333333333333336,13.279166666666669,3.0033333333333334,10.8,988.1416666666668,0.0,11.041666666666666,312.8705864765368,10,0,0,post_monsoon,-6,0
2019-10-22,95.5821,90.9,28,0,89.3,211.476,211.0,25,0,24.40416666666667,19.1,31.5,48.375,11.9375,3.3204166666666666,10.2,985.45,0.0,7.708333333333333,292.7827920967527,10,1,0,post_monsoon,-5,1
2019-10-23,116.8929,110.5,28,0,101.0,258.28,255.0,25,0,24.375,17.7,31.6,54.0,13.775,2.372916666666667,7.4,984.6416666666668,0.0,0.0,310.5599668944965,10,2,0,post_monsoon,-4,1
2019-10-24,174.9643,169.5,28,0,138.0,354.6,339.0,25,0,24.2,18.0,30.9,64.66666666666667,16.2625,1.8645833333333333,5.8,985.7375,0.0,2.25,65.47469855869815,10,3,0,post_monsoon,-3,1
2019-10-25,128.5286,123.5,28,0,115.0,277.76,282.0,25,0,24.379166666666663,19.7,29.9,62.708333333333336,16.220833333333335,1.9891666666666667,6.8,987.1333333333332,0.0,5.375,119.95289609271371,10,4,0,post_monsoon,-2,1
2019-10-26,150.6786,143.5,28,0,125.0,294.72,278.0,25,0,24.570833333333336,18.9,30.1,60.583333333333336,15.866666666666667,1.71875,5.4,988.4625,0.0,2.583333333333333,154.0487261395532,10,5,1,post_monsoon,-1,1
2019-10-27,214.6429,213.5,28,0,170.0,345.16,355.0,25,0,24.55,18.5,31.5,57.875,14.720833333333331,2.5541666666666667,8.1,987.9083333333332,0.0,0.0,310.7286469349034,10,6,1,post_monsoon,0,1
2019-10-28,318.2593,313.0,27,0,256.0,472.1667,478.0,24,0,24.1625,18.3,30.4,58.875,15.204166666666666,2.0812500000000003,6.0,988.5541666666668,0.0,38.458333333333336,296.1955557306682,10,0,0,post_monsoon,1,1
2019-10-29,296.6071,290.0,28,0,265.0,459.32,462.0,25,0,24.45833333333333,19.5,29.4,64.79166666666667,17.083333333333332,1.5483333333333336,5.1,989.2041666666668,0.0,95.16666666666669,292.71386490323994,10,1,0,post_monsoon,2,1
2019-10-30,256.7308,247.5,26,0,241.0,420.3913,456.0,23,0,25.4,21.3,31.0,63.458333333333336,17.608333333333334,2.1308333333333334,7.8,988.0541666666668,0.0,67.5,297.2778495262931,10,2,0,post_monsoon,3,1
2019-10-31,286.0,286.0,1,0,286.0,,,0,0,24.33333333333333,18.3,30.9,66.375,17.129166666666666,2.1991666666666667,7.0,987.3125,0.0,0.1666666666666666,310.28075591162406,10,3,0,post_monsoon,4,1
2019-11-01,389.0,389.0,1,0,389.0,,,0,0,24.85833333333333,18.9,31.2,65.125,17.433333333333334,1.87,5.3,987.3583333333332,0.0,15.125,341.3831737502041,11,4,0,post_monsoon,5,1
2019-11-02,328.0,328.0,1,0,328.0,,,0,0,24.4,19.8,30.4,69.04166666666667,17.954166666666666,2.5691666666666664,9.7,988.8,0.2,48.083333333333336,331.61272055146225,11,5,1,post_monsoon,6,0
2019-11-03,525.0,525.0,1,0,525.0,,,0,0,23.808333333333334,19.2,28.8,70.75,17.729166666666668,2.5245833333333336,8.2,989.8208333333332,0.0,33.625,300.62519881502044,11,6,1,post_monsoon,7,0
2019-11-04,263.0,263.0,1,0,263.0,,,0,0,23.6875,19.1,29.0,62.708333333333336,15.55,3.4912500000000004,10.8,989.575,0.0,2.6666666666666665,302.0112195787502,11,0,0,post_monsoon,8,0
2019-11-05,209.0,209.0,1,0,209.0,,,0,0,22.941666666666663,18.2,29.2,56.66666666666666,13.329166666666666,3.4804166666666667,10.7,986.7833333333332,0.0,0.0,287.3688899593178,11,1,0,post_monsoon,9,0
2019-11-06,88.2,88.2,1,0,88.2,,,0,0,23.354166666666668,16.9,29.8,58.79166666666666,14.1,2.15875,6.1,984.6291666666666,0.0,11.875,183.23243282268805,11,2,0,post_monsoon,10,0
2019-11-07,197.0,197.0,1,0,197.0,,,0,0,22.129166666666663,19.4,26.0,71.45833333333333,16.558333333333334,2.692916666666666,10.9,985.575,1.4,55.16666666666666,93.83336916060898,11,3,0,post_monsoon,11,0
2019-11-08,152.0,152.0,1,0,152.0,,,0,0,21.9,17.2,26.8,73.58333333333333,16.529166666666665,1.981666666666667,6.0,988.6041666666666,0.8,28.58333333333333,17.341027321595107,11,4,0,post_monsoon,12,0
2019-11-09,,,0,0,,,,0,0,21.85,17.1,28.5,60.0,13.016666666666666,3.11375,9.0,989.0625,0.0,0.0416666666666666,317.4012171599473,11,5,1,post_monsoon,13,0
2019-11-10,162.0,162.0,1,0,162.0,,,0,0,20.866666666666667,15.5,27.5,60.375,12.3,2.6391666666666667,8.1,989.0541666666668,0.0,4.208333333333333,318.59816347085774,11,6,1,post_monsoon,14,0
2019-11-11,181.36,184.0,25,0,246.0,336.5,316.0,22,0,20.308333333333334,15.3,26.8,58.958333333333336,11.4125,2.34,8.3,988.0833333333334,0.0,57.41666666666666,317.1104424457876,11,0,0,post_monsoon,15,0
2019-11-12,396.1786,393.0,28,1,380.0,553.36,554.0,25,0,19.65,12.8,27.4,61.583333333333336,11.325,2.2695833333333333,7.2,988.8875,0.0,29.95833333333333,318.3890892842595,11,1,0,post_monsoon,16,0
2019-11-13,380.3214,383.5,28,0,408.0,546.96,547.0,25,1,20.683333333333334,14.6,27.2,66.70833333333333,13.65,1.9408333333333327,5.5,990.7875,0.0,81.45833333333333,343.07457478389136,11,2,0,post_monsoon,17,0
2019-11-14,361.25,375.0,28,0,401.0,547.28,540.0,25,1,21.454166666666666,17.3,27.6,68.70833333333333,15.041666666666666,1.8204166666666663,7.7,991.5458333333332,0.0,71.5,355.2691146448977,11,3,0,post_monsoon,18,0
2019-11-15,361.1852,360.0,27,0,460.0,520.68,523.0,25,0,20.995833333333334,16.8,27.0,71.625,15.25,2.492083333333333,7.2,990.7791666666668,0.0,43.29166666666666,327.1883454153321,11,4,0,post_monsoon,19,0
2019-11-16,186.2857,175.0,28,0,189.0,297.76,285.0,25,0,21.9625,16.9,28.6,64.41666666666667,14.420833333333334,3.90125,11.3,990.3208333333332,0.0,1.2916666666666667,312.9440157534081,11,5,1,post_monsoon,20,0
2019-11-17,97.0143,95.7,28,0,101.0,165.88,160.0,25,0,21.683333333333334,17.4,27.9,60.54166666666666,13.233333333333334,5.110833333333333,12.7,990.4083333333332,0.0,43.583333333333336,299.5908799626593,11,6,1,post_monsoon,21,0
2019-11-18,98.8038,94.9,26,0,100.0,182.1609,177.0,23,0,19.89583333333333,15.3,25.8,63.79166666666666,12.304166666666667,3.51,9.8,989.7958333333332,0.0,39.333333333333336,283.1304733411994,11,0,0,post_monsoon,22,0
2019-11-19,129.228,121.0,25,0,119.0,228.4545,225.5,22,0,19.433333333333334,14.1,25.9,66.125,12.258333333333333,2.5695833333333336,7.4,989.1791666666668,0.0,15.416666666666666,283.5286882473966,11,1,0,post_monsoon,23,0
2019-11-20,180.3214,173.5,28,0,139.0,313.125,305.5,24,0,19.1625,13.0,25.9,65.25,11.875,1.6204166666666666,4.6,989.7041666666668,0.0,21.916666666666668,10.234930196547396,11,2,0,post_monsoon,24,0
2019-11-21,216.7037,226.0,27,0,199.0,372.3478,370.0,23,0,19.60833333333333,13.5,26.2,67.5,12.8875,1.965,5.2,991.5541666666668,0.0,59.625,54.78762562557972,11,3,0,post_monsoon,25,0
2019-11-22,208.1071,199.5,28,0,176.0,343.9167,356.5,24,0,20.620833333333334,14.3,27.0,64.91666666666667,13.308333333333332,1.819583333333333,5.9,991.5791666666668,0.0,71.25,336.94846236747617,11,4,0,post_monsoon,26,0
2019-11-23,124.8393,125.0,28,0,130.0,214.7083,215.0,24,0,20.654166666666665,15.9,26.0,62.125,12.895833333333334,2.9516666666666667,9.5,991.2375,0.0,70.41666666666667,300.73659546655773,11,5,1,post_monsoon,27,0
2019-11-24,109.545,109.5,20,0,108.0,183.5294,186.0,17,0,20.675,16.0,26.0,64.41666666666667,13.416666666666666,3.09375,8.0,990.5875,0.0,80.29166666666667,307.4983634919635,11,6,1,post_monsoon,28,0
2019-11-25,121.8778,114.0,27,0,114.0,236.4783,203.0,23,0,20.058333333333334,14.7,25.5,66.54166666666667,13.2625,1.8329166666666667,5.4,991.0708333333332,0.0,31.75,0.5388587758675953,11,0,0,post_monsoon,29,0
2019-11-26,111.4037,106.0,27,0,100.0,223.1304,234.0,23,0,20.14583333333333,16.1,25.0,66.66666666666667,13.5625,2.6466666666666665,8.3,990.9541666666668,0.8999999999999999,66.625,30.38518513228024,11,1,0,post_monsoon,30,0
2019-11-27,65.925,64.35,28,0,60.9,128.1583,127.0,24,0,19.716666666666665,15.2,25.2,68.25,13.354166666666666,1.9608333333333332,5.8,990.4833333333332,0.0,38.583333333333336,47.47189522888999,11,2,0,post_monsoon,31,0
2019-11-28,32.1037,31.3,27,0,31.5,61.0783,57.0,23,0,18.341666666666665,16.2,22.7,82.75,15.291666666666666,3.733333333333333,14.5,991.4458333333332,22.1,47.958333333333336,84.82515687204932,11,3,0,post_monsoon,32,0
2019-11-29,57.7571,57.65,28,0,54.8,105.4708,103.0,24,0,17.7625,13.2,22.9,82.0,14.395833333333334,1.6895833333333332,5.6,991.7416666666668,0.0,15.458333333333334,355.6631742221815,11,4,0,post_monsoon,33,0
2019-11-30,101.2036,102.5,28,0,106.0,165.6667,165.5,24,0,16.995833333333334,13.3,22.2,78.08333333333333,12.75,2.450833333333333,7.4,991.9291666666668,0.0,0.875,304.2716233639237,11,5,1,post_monsoon,34,0
2019-12-01,127.2,124.0,26,0,129.0,196.6364,189.0,22,0,15.533333333333331,11.5,21.8,73.83333333333333,10.4,2.36125,6.5,991.4208333333332,0.0,0.0,287.07760266992835,12,6,1,post_monsoon,35,0
2019-12-02,144.1185,137.0,27,0,132.0,234.4348,226.0,23,0,15.4,11.1,21.9,69.5,9.2875,2.73,8.1,992.1208333333334,0.0,0.0,288.13352979023045,12,0,0,post_monsoon,36,0
2019-12-03,143.7357,131.5,28,0,129.0,247.625,242.5,24,0,15.1375,10.2,22.4,66.25,8.345833333333333,3.001666666666667,8.4,991.5041666666666,0.0,4.208333333333333,283.29690166889503,12,1,0,post_monsoon,37,0
2019-12-04,168.4286,161.0,28,0,128.0,298.5,304.5,24,0,15.291666666666666,9.5,21.8,71.875,9.7625,1.774166666666667,4.6,993.5791666666668,0.0,77.91666666666667,317.59860952409616,12,2,0,post_monsoon,38,0
2019-12-05,273.8148,271.0,27,0,243.0,426.2609,409.0,23,0,15.458333333333334,10.4,21.3,74.08333333333333,10.495833333333334,1.8391666666666664,5.5,995.575,0.0,76.875,18.93811066738067,12,3,0,post_monsoon,39,0
2019-12-06,250.2857,241.0,28,0,254.0,374.5833,369.0,24,0,15.391666666666666,10.1,21.8,81.95833333333333,12.058333333333332,1.794166666666667,4.7,994.7416666666668,0.0,92.625,323.9983577897396,12,4,0,post_monsoon,40,0
2019-12-07,227.2308,224.0,26,0,227.0,362.2273,361.0,22,0,16.041666666666668,10.0,22.4,78.75,11.979166666666666,1.5775,4.6,993.7166666666668,0.0,0.0,328.9162567947063,12,5,1,post_monsoon,41,0
2019-12-08,247.1481,232.0,27,0,230.0,375.5652,373.0,23,0,15.695833333333333,10.1,22.5,78.45833333333333,11.558333333333332,1.9283333333333332,5.1,993.4708333333332,0.0,0.0,345.86685395900065,12,6,1,post_monsoon,42,0
2019-12-09,,,0,0,,,,0,0,15.3,9.2,21.8,72.79166666666667,9.958333333333334,1.7162499999999998,5.0,992.7541666666666,0.0,7.333333333333333,322.0180041528933,12,0,0,post_monsoon,43,0
2019-12-10,234.4107,224.5,28,0,203.0,380.2083,367.5,24,0,15.1375,8.5,21.4,69.875,9.1,2.044583333333333,6.9,990.2708333333334,0.0,2.4166666666666665,312.6300748757673,12,1,0,post_monsoon,44,0
2019-12-11,300.8929,277.5,28,0,255.0,476.2083,458.0,24,0,15.729166666666666,8.9,21.4,70.54166666666667,10.116666666666667,1.7025,5.3,988.7291666666666,0.0,57.833333333333336,91.53865814262224,12,2,0,post_monsoon,45,0
2019-12-12,279.7857,277.5,28,0,263.0,410.1667,407.5,24,0,15.6375,13.5,18.4,78.20833333333333,11.745833333333332,3.704166666666667,11.6,987.6875,5.9,90.33333333333331,113.1871261650698,12,3,0,post_monsoon,46,0
2019-12-13,96.0692,97.1,26,0,105.0,126.4136,121.0,22,0,15.095833333333331,11.4,19.5,86.625,12.633333333333333,3.428333333333333,10.3,988.1458333333334,3.7,57.25,155.72650407519632,12,4,0,post_monsoon,47,0
2019-12-14,83.1192,86.25,26,0,85.1,137.8955,134.5,22,0,12.979166666666666,9.8,17.7,84.625,10.158333333333331,1.3775000000000002,4.9,994.35,0.0,63.04166666666666,8.061326521401384,12,5,1,post_monsoon,48,0
2019-12-15,95.8667,99.4,27,0,99.6,154.913,155.0,23,0,13.229166666666666,9.3,18.5,80.33333333333333,9.6,2.24625,6.9,994.0583333333334,0.0,12.791666666666666,311.1333420415649,12,6,1,post_monsoon,49,0
2019-12-16,89.504,87.7,25,0,101.0,135.087,136.0,23,0,12.429166666666667,9.1,18.3,80.08333333333333,8.825000000000001,2.8395833333333336,8.0,994.0416666666666,0.0,1.125,300.1124024382189,12,0,0,post_monsoon,50,0
2019-12-17,102.4704,102.0,27,0,102.0,153.625,153.0,24,0,11.8,8.1,18.2,79.58333333333333,8.120833333333334,2.795,8.1,995.1041666666666,0.0,10.541666666666666,292.9974011594731,12,1,0,post_monsoon,51,0
2019-12-18,148.8926,149.0,27,0,149.0,224.5833,226.0,24,0,11.970833333333331,7.9,18.0,78.20833333333333,7.975,2.605833333333333,7.2,994.0583333333334,0.0,30.666666666666668,287.24465328343103,12,2,0,post_monsoon,52,0
2019-12-19,271.3185,280.0,27,0,280.0,404.25,403.0,24,0,11.533333333333331,5.8,17.2,79.83333333333333,7.879166666666666,1.5116666666666667,5.1,992.7375,0.0,79.16666666666667,352.1902673270194,12,3,0,post_monsoon,53,0
2019-12-20,328.8889,323.0,27,0,335.0,470.7083,464.5,24,0,13.045833333333334,8.5,18.0,78.70833333333333,9.220833333333331,1.4120833333333334,4.7,990.5458333333332,0.0,49.375,337.7994312089576,12,4,0,post_monsoon,54,0
2019-12-21,250.4074,252.0,27,0,282.0,354.4167,358.5,24,0,13.454166666666666,10.3,16.2,81.20833333333333,10.204166666666667,1.7108333333333334,5.1,991.5583333333334,0.2,62.29166666666666,306.0905916219914,12,5,1,post_monsoon,55,0
2019-12-22,157.08,155.0,25,0,157.0,206.1364,200.0,22,0,12.5375,8.2,18.5,83.625,9.6125,2.807916666666667,7.7,992.6333333333332,0.0,0.7083333333333334,310.1030989714935,12,6,1,post_monsoon,56,0
2019-12-23,179.0385,184.5,26,0,192.0,251.3478,246.0,23,0,11.829166666666666,8.2,18.6,81.95833333333333,8.504166666666666,2.9254166666666666,7.6,991.7375,0.0,12.833333333333334,296.9280683132134,12,0,0,post_monsoon,57,0
2019-12-24,270.4815,272.0,27,0,293.0,406.9167,404.0,24,0,9.625,5.8,15.3,90.5,8.008333333333333,1.7345833333333334,4.7,993.45,0.0,38.208333333333336,21.288119474008568,12,1,0,post_monsoon,58,0
2019-12-25,163.2222,164.0,27,0,181.0,256.6522,252.0,23,0,8.75,5.2,15.3,86.91666666666667,6.466666666666666,2.69625,7.9,992.7416666666668,0.0,27.625,308.8246129384734,12,2,0,post_monsoon,59,0
2019-12-26,205.8148,212.0,27,0,219.0,306.6667,307.0,24,0,8.466666666666667,4.3,14.9,84.41666666666667,5.7125,3.1029166666666668,8.8,992.2083333333334,0.0,2.833333333333333,305.0560788733081,12,3,0,post_monsoon,60,0
2019-12-27,246.3846,247.5,26,0,242.0,387.3478,390.0,23,0,7.304166666666667,3.3,13.6,87.875,5.229166666666667,2.005416666666666,6.2,993.2208333333332,0.0,22.416666666666668,308.2108046815301,12,4,0,post_monsoon,61,0
2019-12-28,280.8462,278.5,26,0,297.0,441.1304,452.0,23,0,6.683333333333334,3.0,13.1,89.95833333333333,4.9625,1.81,5.1,993.9375,0.0,43.625,345.2998386795036,12,5,1,post_monsoon,62,0
2019-12-29,324.44,322.0,25,0,368.0,505.1364,494.5,22,0,7.345833333333334,3.8,13.1,86.125,4.945833333333334,1.44625,4.8,994.2375,0.0,36.125,342.4639876855703,12,6,1,post_monsoon,63,0
2019-12-30,341.2083,345.5,24,0,354.0,498.3182,515.0,22,0,6.9,3.3,12.8,89.45833333333333,5.129166666666667,1.8995833333333332,6.3,993.4875,0.0,50.5,95.38353012787049,12,0,0,post_monsoon,64,0
2019-12-31,250.3077,233.5,26,0,228.0,366.3478,368.0,23,0,7.6125,2.0,12.9,77.54166666666667,3.5625,1.8966666666666665,6.4,994.5791666666668,0.0,53.125,126.56725144064568,12,1,0,post_monsoon,65,0
2020-01-01,370.92,370.0,25,0,311.0,515.8636,522.0,22,1,10.05,2.9,17.7,78.91666666666667,6.129166666666666,2.2504166666666667,7.0,995.3458333333332,0.0,79.45833333333333,69.80616783165073,1,2,0,winter,66,0
2020-01-02,310.4815,334.0,27,0,287.0,442.4167,469.5,24,1,12.9625,6.8,19.5,78.54166666666667,9.05,2.3816666666666664,6.7,995.2375,0.0,27.875,79.34861914636576,1,3,0,winter,67,0
2020-01-03,223.037,219.0,27,0,228.0,333.8333,321.0,24,0,14.033333333333331,8.3,19.0,78.16666666666667,10.0375,1.8025,5.8,993.3291666666668,0.1,11.416666666666666,49.434905731123024,1,4,0,winter,68,0
2020-01-04,222.9231,209.5,26,0,206.0,340.4583,342.5,24,0,13.45,8.8,18.9,81.79166666666667,10.158333333333331,1.5091666666666663,5.4,992.1125,0.5,24.625,16.27655205023035,1,5,1,winter,69,0
2020-01-05,173.8889,166.0,27,0,160.0,263.75,258.0,24,0,13.329166666666666,7.9,19.8,73.91666666666667,8.3375,2.520833333333333,7.4,992.5666666666666,0.0,33.333333333333336,309.13688376990564,1,6,1,winter,70,0
2020-01-06,158.437,159.0,27,0,150.0,249.2917,251.0,24,0,13.495833333333335,10.3,17.1,76.45833333333333,9.2125,1.8529166666666663,5.8,993.5166666666668,0.0,86.66666666666667,25.331200386530043,1,0,0,winter,71,0
2020-01-07,129.9074,125.0,27,0,123.0,190.5417,183.0,24,0,13.995833333333332,11.1,17.8,83.25,11.104166666666666,2.7325,7.2,991.0166666666668,2.1,82.79166666666667,108.89905474826004,1,1,0,winter,72,0
2020-01-08,,,0,0,,,,0,0,12.866666666666667,10.3,15.3,91.70833333333331,11.533333333333331,2.567083333333333,7.4,988.9291666666668,17.5,69.33333333333333,17.4736896308857,1,2,0,winter,73,0
2020-01-09,100.6462,100.5,26,0,106.0,150.3043,150.0,23,0,10.5375,7.1,16.0,78.0,6.479166666666667,3.325416666666667,9.2,993.7125,0.0,2.2916666666666665,314.40381336822907,1,3,0,winter,74,0
2020-01-10,138.3259,141.0,27,0,142.0,213.9583,215.0,24,0,10.079166666666667,5.8,16.6,77.54166666666667,6.029166666666666,3.245416666666667,9.0,994.1458333333334,0.0,0.1666666666666666,305.61738694729473,1,4,0,winter,75,0
2020-01-11,155.4462,151.5,26,0,157.0,257.7391,249.0,23,0,10.3625,5.5,16.9,77.04166666666667,6.1875,2.592083333333333,7.3,993.6916666666666,0.0,17.375,303.29304634474994,1,5,1,winter,76,0
2020-01-12,209.1538,205.0,26,0,193.0,343.7391,346.0,23,0,11.833333333333334,6.0,19.7,77.95833333333333,7.6875,2.3466666666666667,6.5,990.8875,0.0,24.83333333333333,310.44554833067866,1,6,1,winter,77,0
2020-01-13,219.4815,220.0,27,0,221.0,333.5833,349.5,24,0,14.625,9.2,20.6,82.625,11.5125,2.908333333333333,13.1,986.375,16.6,45.79166666666666,137.76452060319957,1,0,0,winter,78,0
2020-01-14,122.3741,123.0,27,0,116.0,174.0833,181.0,24,0,13.9875,10.5,18.3,86.41666666666667,11.604166666666666,2.388333333333333,6.2,989.8,0.3,48.29166666666666,325.9546437133943,1,1,0,winter,79,0
2020-01-15,118.3037,113.0,27,0,112.0,187.2917,185.0,24,0,12.470833333333331,7.4,18.6,82.91666666666667,9.3625,2.3891666666666667,6.1,990.8541666666666,0.0,3.208333333333333,333.2791947865249,1,2,0,winter,80,0
2020-01-16,141.3111,135.0,27,0,152.0,197.0,193.0,24,0,12.458333333333334,9.4,15.8,89.58333333333333,10.75,2.1366666666666667,6.9,989.7916666666666,11.1,63.91666666666666,351.4145908608619,1,3,0,winter,81,0
2020-01-17,109.2185,102.0,27,0,111.0,150.7083,141.0,24,0,13.066666666666668,10.2,17.9,88.125,11.0125,2.1108333333333333,6.8,990.7958333333332,0.6000000000000001,34.5,344.42483526422865,1,4,0,winter,82,0
2020-01-18,126.663,125.0,27,0,135.0,201.0,191.5,24,0,12.516666666666666,8.9,17.2,88.95833333333333,10.570833333333333,1.7608333333333333,5.9,992.7,0.2,52.625,355.9753193166141,1,5,1,winter,83,0
2020-01-19,126.6852,128.0,27,0,136.0,192.8333,193.0,24,0,11.7625,7.8,17.6,82.45833333333333,8.520833333333334,2.58625,7.8,993.35,0.0,0.9583333333333334,299.1635342301065,1,6,1,winter,84,0
2020-01-20,157.4692,153.0,26,0,158.0,254.4348,251.0,23,0,12.166666666666666,7.2,17.5,83.75,9.304166666666667,2.2895833333333333,7.1,992.3125,0.0,69.25,295.617967209967,1,0,0,winter,85,0
2020-01-21,232.3846,220.5,26,0,206.0,368.1739,354.0,23,0,12.883333333333333,9.3,18.2,85.58333333333333,10.25,1.6116666666666666,5.1,993.0333333333332,0.0,43.91666666666666,78.73247830772448,1,1,0,winter,86,0
2020-01-22,195.0769,197.5,26,0,220.0,296.6087,296.0,23,0,12.541666666666666,7.4,18.8,81.79166666666667,9.2125,2.810833333333333,8.2,994.775,0.0,13.0,307.1006504775703,1,2,0,winter,87,0
2020-01-23,72.9417,69.6,24,0,68.3,137.6714,138.0,21,0,12.4875,8.5,17.8,66.41666666666667,5.9875,4.983333333333333,12.3,993.5041666666666,0.0,25.08333333333333,297.8368141053883,1,3,0,winter,88,0
2020-01-24,88.184,82.9,25,0,77.2,167.2545,166.5,22,0,12.841666666666669,8.4,19.2,60.0,5.004166666666666,4.926666666666667,12.0,990.925,0.0,63.79166666666666,289.5031206946887,1,4,0,winter,89,0
2020-01-25,147.4808,143.5,26,0,123.0,261.1739,261.0,23,0,11.8,5.3,18.2,74.125,7.05,2.1391666666666667,6.1,991.1083333333332,0.0,13.041666666666666,309.27656586236947,1,5,1,winter,90,0
2020-01-26,222.1538,208.0,26,0,193.0,344.1304,344.0,23,0,13.579166666666666,7.1,20.2,79.5,9.745833333333334,1.9395833333333328,6.5,989.3916666666668,0.0,18.791666666666668,317.9641791513042,1,6,1,winter,91,0
2020-01-27,210.6,214.0,25,0,199.0,334.4545,344.0,22,0,14.045833333333334,8.6,20.0,76.5,9.679166666666667,2.2758333333333334,8.0,986.8666666666668,0.4,54.66666666666666,59.30084626555055,1,0,0,winter,92,0
2020-01-28,109.2115,110.0,26,0,113.0,153.8261,152.0,23,0,14.245833333333332,11.0,19.3,83.45833333333333,11.375,3.662083333333333,11.2,985.3333333333334,16.0,42.04166666666666,102.06182069217164,1,1,0,winter,93,0
2020-01-29,81.744,79.0,25,0,75.8,152.3087,137.0,23,0,13.320833333333333,10.3,18.5,81.91666666666667,9.925,1.829583333333333,5.5,991.075,0.5,34.25,349.44614883839847,1,2,0,winter,94,0
2020-01-30,91.4192,88.05,26,0,96.0,171.7727,163.0,22,0,12.591666666666669,8.5,18.2,76.5,8.179166666666667,3.106666666666667,9.9,992.2625,0.0,1.5416666666666667,311.94532752420685,1,3,0,winter,95,0
2020-01-31,98.8615,91.9,26,0,95.3,181.0,168.0,22,0,12.15,7.4,17.5,74.41666666666667,7.420833333333333,2.5704166666666666,8.0,990.1708333333332,0.0,0.9583333333333334,307.9780356987726,1,4,0,winter,96,0
2020-02-01,116.3692,116.5,26,0,101.0,209.8261,210.0,23,0,12.333333333333334,7.6,18.3,74.04166666666667,7.341666666666666,2.1395833333333334,6.8,992.7083333333334,0.0,1.5,342.3198680831818,2,5,1,winter,97,0
2020-02-02,125.54,125.0,25,0,134.0,205.4091,203.5,22,0,11.733333333333334,6.8,18.1,76.16666666666667,7.274999999999999,2.810416666666667,8.5,994.25,0.0,0.2916666666666667,298.9970504958293,2,6,1,winter,98,0
2020-02-03,143.4077,136.5,26,0,126.0,260.5217,244.0,23,0,12.025,6.5,18.8,74.29166666666667,7.041666666666667,2.2954166666666667,6.1,993.0583333333334,0.0,0.5833333333333334,303.5012499823899,2,0,0,winter,99,0
2020-02-04,191.8077,181.0,26,0,167.0,342.0909,347.0,22,0,13.0625,7.2,19.6,74.20833333333333,8.208333333333334,2.24375,6.8,991.3291666666668,0.0,9.0,102.63694773160093,2,1,0,winter,100,0
2020-02-05,130.304,132.0,25,0,137.0,223.4091,216.0,22,0,12.879166666666668,8.3,19.0,74.20833333333333,7.979166666666667,2.8545833333333337,9.1,991.6625,0.0,16.125,320.69995612662103,2,2,0,winter,101,0
2020-02-06,123.3846,113.0,26,0,110.0,218.5217,201.0,23,0,11.691666666666668,6.9,17.5,74.70833333333333,6.908333333333334,2.279583333333333,6.6,991.075,0.0,2.5416666666666665,311.35183341861585,2,3,0,winter,102,0
2020-02-07,,,0,0,,,,0,0,12.766666666666666,8.1,18.3,70.83333333333333,7.270833333333333,1.8608333333333336,9.3,993.375,0.1,6.833333333333333,346.8421886192598,2,4,0,winter,103,0
2020-02-08,142.1038,135.5,26,0,142.0,223.1739,211.0,23,0,12.391666666666666,7.0,19.1,75.04166666666667,7.6625,2.3695833333333334,7.1,995.2791666666668,0.0,0.1666666666666666,299.63748237054625,2,5,1,winter,104,0
2020-02-09,165.6,159.0,25,0,162.0,265.087,246.0,23,0,12.783333333333331,7.0,19.8,75.20833333333333,7.979166666666667,2.220833333333333,6.6,995.725,0.0,24.0,311.1613029147799,2,6,1,winter,105,0
2020-02-10,173.96,167.0,25,0,180.0,308.4783,300.0,23,0,13.233333333333334,7.4,20.1,73.04166666666667,7.941666666666666,2.535833333333333,7.4,993.8416666666668,0.0,42.083333333333336,314.17120841976856,2,0,0,winter,106,0
2020-02-11,177.24,164.0,25,0,162.0,317.5652,301.0,23,0,13.5125,7.2,20.6,72.45833333333333,7.954166666666667,2.384583333333333,7.3,993.9208333333332,0.0,5.958333333333333,325.20833994998407,2,1,0,winter,107,0
2020-02-12,177.9615,176.5,26,0,194.0,308.0435,311.0,23,0,15.925,9.1,23.8,68.375,9.479166666666666,3.679583333333333,10.7,993.2791666666668,0.0,29.25,291.75479367448384,2,2,0,winter,108,0
2020-02-13,97.6615,93.6,26,0,99.7,186.6087,181.0,23,0,19.266666666666666,13.0,26.6,57.29166666666666,10.175,5.235416666666667,10.9,990.65,0.0,9.166666666666666,291.0357403209108,2,3,0,winter,109,0
2020-02-14,73.5154,70.35,26,0,70.3,188.3913,173.0,23,0,18.541666666666668,13.8,24.0,51.375,7.729166666666667,6.005,15.3,987.9166666666666,0.0,0.0,301.3498069427974,2,4,0,winter,110,0
2020-02-15,85.716,82.2,25,0,82.2,190.7391,186.0,23,0,17.520833333333332,12.2,24.7,46.75,5.633333333333333,4.557083333333334,11.6,988.0041666666666,0.0,0.0,290.5076055568768,2,5,1,winter,111,0
2020-02-16,146.2346,137.5,26,0,118.0,265.087,266.0,23,0,17.170833333333334,11.0,25.0,59.833333333333336,8.754166666666666,2.84125,7.3,990.9125,0.0,0.1666666666666666,306.7102039221942,2,6,1,winter,112,0
2020-02-17,158.6923,157.5,26,0,157.0,278.6957,283.0,23,0,17.491666666666667,9.1,25.5,55.75,7.25,2.99375,9.5,992.0583333333334,0.0,0.5416666666666666,290.56043615794243,2,0,0,winter,113,0
2020-02-18,134.7962,134.0,26,0,133.0,260.7391,257.0,23,0,17.004166666666666,10.3,25.4,48.04166666666666,5.183333333333334,3.72875,11.1,989.2958333333332,0.0,1.7916666666666667,284.5440372696816,2,1,0,winter,114,0
2020-02-19,137.4462,138.5,26,0,120.0,287.9565,300.0,23,0,18.229166666666668,10.0,25.2,54.41666666666666,8.3125,4.1275,10.7,988.0791666666668,0.0,62.16666666666666,122.44152427667746,2,2,0,winter,115,0
2020-02-20,100.8769,104.5,26,0,101.0,234.4348,241.0,23,0,20.04583333333333,15.0,26.3,61.875,12.158333333333331,5.575833333333333,13.5,987.6541666666668,2.1,41.708333333333336,118.0975447557185,2,3,0,winter,116,0
2020-02-21,53.7731,52.75,26,0,54.2,84.5318,85.75,22,0,16.26666666666667,13.6,18.9,83.45833333333333,13.391666666666666,5.069166666666667,13.0,991.525,13.4,60.54166666666666,77.61111093893226,2,4,0,winter,117,0
2020-02-22,68.34,64.1,25,0,64.5,134.6045,132.5,22,0,17.849999999999998,13.9,21.5,79.16666666666667,14.066666666666668,2.4458333333333333,7.2,995.0666666666666,0.7,52.875,66.21722641902363,2,5,1,winter,118,0
2020-02-23,104.7522,109.0,23,0,98.4,182.5714,183.0,21,0,17.55,13.2,23.2,82.29166666666667,14.2625,2.0079166666666666,10.1,993.1125,2.6,24.58333333333333,5.380266502175061,2,6,1,winter,119,0
2020-02-24,72.0808,68.2,26,0,63.9,150.9174,151.0,23,0,17.641666666666666,12.3,23.5,78.375,13.4125,2.209166666666667,7.5,989.6875,0.1,14.291666666666666,319.56939993989914,2,0,0,winter,120,0
2020-02-25,130.344,135.0,25,0,152.0,236.8636,231.0,22,0,18.04583333333333,13.1,24.4,74.58333333333333,12.870833333333332,2.567083333333333,9.2,988.575,0.0,4.75,315.4202100772577,2,1,0,winter,121,0
2020-02-26,147.25,145.0,26,0,133.0,269.0909,256.0,22,0,18.579166666666666,12.7,25.0,73.625,13.1875,1.846666666666667,6.7,989.2083333333334,0.0,12.875,347.4431081151242,2,2,0,winter,122,0
2020-02-27,107.9692,105.0,26,0,102.0,206.4091,201.0,22,0,19.129166666666663,13.4,25.4,76.29166666666667,14.354166666666666,2.2491666666666665,6.0,989.6583333333332,0.0,49.833333333333336,107.46896560100868,2,3,0,winter,123,0
2020-02-28,82.86,85.2,25,0,85.2,163.8696,164.0,23,0,20.279166666666665,16.0,25.6,73.5,15.133333333333333,4.397083333333334,10.6,988.3125,0.0,78.75,119.08028063543446,2,4,0,winter,124,0
2020-02-29,58.9269,59.05,26,0,58.0,114.6391,115.0,23,0,18.725,16.1,21.9,82.125,15.554166666666667,4.105833333333334,11.5,987.75,9.1,47.583333333333336,126.36097297220954,2,5,1,winter,125,0
2020-03-01,47.032,46.2,25,0,36.6,104.2455,96.05,22,0,19.15,15.1,24.9,80.125,15.2,2.3875,7.9,988.4375,0.0,17.208333333333332,101.80637792622169,3,6,1,pre_monsoon,126,0
2020-03-02,97.8346,95.35,26,0,82.5,204.7826,195.0,23,0,19.695833333333333,14.8,25.4,78.25,15.425,1.7329166666666664,6.4,987.9041666666668,0.2,11.25,0.3234805019421287,3,0,0,pre_monsoon,127,0
2020-03-03,79.0577,74.65,26,0,67.7,182.3609,177.0,23,0,19.604166666666668,13.6,26.0,69.91666666666667,13.233333333333334,2.165833333333333,6.6,986.3541666666666,0.0,4.25,351.65132436521355,3,1,0,pre_monsoon,128,0
2020-03-04,77.332,77.5,25,0,70.6,181.5714,178.0,21,0,19.195833333333333,13.9,24.9,72.375,13.795833333333334,2.402083333333333,10.9,985.5166666666668,1.0,27.291666666666668,122.54557651936015,3,2,0,pre_monsoon,129,0
2020-03-05,32.844,30.6,25,0,27.6,67.6333,66.2,21,0,18.216666666666665,14.5,24.5,79.20833333333333,14.304166666666667,3.87,14.7,985.2041666666668,13.0,48.708333333333336,103.17792609433444,3,3,0,pre_monsoon,130,0
2020-03-06,23.0923,21.0,26,0,19.7,41.4391,39.8,23,0,16.375,13.7,21.3,85.95833333333333,13.916666666666666,5.060416666666667,15.6,984.4083333333332,23.3,79.79166666666667,126.90759824012576,3,4,0,pre_monsoon,131,0
2020-03-07,47.308,42.0,25,0,42.0,101.0043,94.3,23,0,15.883333333333333,12.8,20.4,84.5,13.1,2.9633333333333334,9.9,988.6708333333332,1.7,44.41666666666666,133.58049460856842,3,5,1,pre_monsoon,132,0
2020-03-08,,,0,0,,,,0,0,16.491666666666667,11.6,22.7,78.79166666666667,12.254166666666668,2.013333333333333,8.5,990.6833333333334,0.0,27.041666666666668,312.41660882027713,3,6,1,pre_monsoon,133,0
2020-03-09,59.488,56.6,25,0,45.2,146.5261,140.0,23,0,17.045833333333334,11.8,23.6,67.125,10.166666666666666,3.9,10.9,988.0875,0.0,0.0,303.5996427969847,3,0,0,pre_monsoon,134,0
2020-03-10,86.8808,83.8,26,0,85.2,167.1739,159.0,23,0,17.125,10.1,23.7,67.625,10.558333333333334,1.7791666666666668,4.9,986.6958333333332,0.0,21.041666666666668,282.84381454648144,3,1,0,pre_monsoon,135,0
2020-03-11,55.7538,53.05,26,0,54.7,110.6682,110.0,22,0,18.725,14.9,23.9,73.79166666666667,13.7875,3.96625,11.9,984.5916666666668,2.6,61.16666666666666,119.1632699850104,3,2,0,pre_monsoon,136,0
2020-03-12,59.5615,58.7,26,0,52.1,168.3478,165.0,23,0,19.6375,14.3,25.7,66.70833333333333,12.583333333333334,3.6775,11.3,986.7041666666668,0.0,23.041666666666668,121.39695573452752,3,3,0,pre_monsoon,137,0
2020-03-13,69.6731,63.4,26,0,59.3,212.6087,197.0,23,0,18.7375,13.7,24.7,64.5,11.270833333333334,2.3183333333333334,13.7,988.4375,10.0,19.83333333333333,320.632651701176,3,4,0,pre_monsoon,138,0
2020-03-14,40.8077,41.15,26,0,38.1,84.7522,80.0,23,0,16.379166666666666,13.5,20.7,82.08333333333333,13.170833333333334,2.8204166666666666,10.0,990.1291666666666,4.2,50.5,20.57741592485945,3,5,1,pre_monsoon,139,0
2020-03-15,62.7385,62.1,26,0,58.9,124.6364,115.5,22,0,16.333333333333332,11.2,21.3,77.79166666666667,12.0,1.5366666666666664,6.3,991.6666666666666,0.1,48.25,355.1351673244088,3,6,1,pre_monsoon,140,0
2020-03-16,65.9625,65.2,24,0,68.6,150.605,139.0,20,0,17.995833333333334,12.8,23.9,74.5,13.166666666666666,2.66625,7.6,991.2458333333334,0.0,35.916666666666664,323.1458393105757,3,0,0,pre_monsoon,141,0
2020-03-17,67.7917,59.75,24,0,70.0,160.3333,145.0,21,0,18.945833333333333,13.5,25.6,71.20833333333333,13.029166666666669,2.9654166666666666,8.4,991.1875,0.0,0.0,320.472243255412,3,1,0,pre_monsoon,142,0
2020-03-18,68.0538,62.95,26,0,65.3,164.7826,152.0,23,0,20.45833333333333,14.3,27.1,67.20833333333333,13.7625,3.0541666666666667,10.8,989.5166666666668,0.0,18.041666666666668,313.46863729112613,3,2,0,pre_monsoon,143,0
2020-03-19,90.1423,86.25,26,0,81.2,189.5217,183.0,23,0,20.791666666666668,15.2,27.4,71.29166666666667,15.025,2.1354166666666665,9.6,986.5666666666666,0.2,49.333333333333336,331.45254303061205,3,3,0,pre_monsoon,144,0
2020-03-20,93.0962,91.2,26,0,91.9,208.5217,200.0,23,0,21.179166666666667,16.0,29.0,68.75,14.675,2.2504166666666667,7.7,985.4083333333332,0.4,55.16666666666666,109.26101980293606,3,4,0,pre_monsoon,145,0
2020-03-21,83.6231,79.55,26,0,66.7,185.7609,166.0,23,0,21.675,15.2,28.4,70.20833333333333,15.4125,1.4770833333333335,11.8,985.7458333333334,1.6,28.416666666666668,56.522616072968106,3,5,1,pre_monsoon,146,0
2020-03-22,74.5625,71.65,24,0,69.4,127.0143,125.0,21,0,21.995833333333334,15.5,28.6,68.20833333333333,15.116666666666667,2.23875,7.8,987.5,0.0,20.33333333333333,346.7240992879912,3,6,1,pre_monsoon,147,0
2020-03-23,65.784,61.7,25,0,60.0,115.1952,107.0,21,0,22.525,16.2,29.2,61.0,13.9,1.5466666666666666,5.2,987.3166666666666,0.0,34.25,7.810553064039993,3,0,0,pre_monsoon,148,0
2020-03-24,56.084,56.5,25,0,45.9,104.2727,104.5,22,0,23.6625,18.2,30.2,63.79166666666666,15.941666666666668,2.060416666666667,7.6,985.7791666666668,0.7,70.16666666666667,139.36534158122709,3,1,0,pre_monsoon,149,0
2020-03-25,35.9913,34.6,23,0,29.6,67.7476,67.1,21,0,23.83333333333333,17.8,30.3,62.583333333333336,15.4125,2.797083333333333,11.8,986.5833333333334,0.0,50.708333333333336,339.42850630333,3,2,0,pre_monsoon,150,0
2020-03-26,45.687,43.7,23,0,42.2,79.84,75.35,20,0,23.52083333333333,18.8,29.7,61.25,15.283333333333331,3.533333333333333,10.7,987.4166666666666,0.0,88.20833333333333,307.3209367660021,3,3,0,pre_monsoon,151,0
2020-03-27,23.8087,22.4,23,0,25.2,42.2,41.4,21,0,21.379166666666663,19.2,25.2,73.66666666666667,16.333333333333332,2.9758333333333336,8.3,989.1333333333332,6.0,76.625,213.8255354771493,3,4,0,pre_monsoon,152,0
2020-03-28,21.075,18.6,24,0,18.1,34.6762,34.3,21,0,21.29583333333333,16.1,27.3,68.5,14.579166666666666,2.9025,9.6,989.5,0.1,2.958333333333333,320.82123190197893,3,5,1,pre_monsoon,153,0
2020-03-29,25.4652,23.2,23,0,24.5,55.9286,53.1,21,0,21.92083333333333,16.4,28.2,58.66666666666666,12.691666666666668,4.015,13.3,987.6875,0.0,3.0416666666666665,316.4433020051539,3,6,1,pre_monsoon,154,0
2020-03-30,34.6042,31.25,24,0,36.6,67.1364,63.3,22,0,21.9,15.8,28.8,55.0,11.670833333333334,3.364583333333333,10.5,987.6791666666668,0.0,41.75,310.90090033184885,3,0,0,pre_monsoon,155,0
2020-03-31,31.125,28.55,24,0,31.5,66.0955,63.0,22,0,22.745833333333334,16.1,30.1,56.54166666666666,13.008333333333333,3.17125,10.1,986.325,0.1,45.54166666666666,326.6726434518522,3,1,0,pre_monsoon,156,0
2020-04-01,31.6174,30.4,23,0,30.4,67.8619,64.5,21,0,23.883333333333336,17.6,31.1,56.208333333333336,14.029166666666669,2.0654166666666667,7.2,985.525,0.0,12.333333333333334,357.4141427182364,4,2,0,pre_monsoon,157,0
2020-04-02,27.1087,24.4,23,0,23.9,63.6381,60.6,21,0,23.28333333333333,17.8,29.5,52.91666666666666,12.245833333333332,4.096666666666667,11.5,985.8916666666668,0.0,23.25,318.2558889806203,4,3,0,pre_monsoon,158,0
2020-04-03,32.0792,29.05,24,0,36.6,69.1636,61.25,22,0,22.391666666666666,16.1,29.4,44.41666666666666,8.895833333333334,3.3366666666666664,10.6,987.2791666666668,0.0,11.875,310.64132579624106,4,4,0,pre_monsoon,159,0
2020-04-04,40.2542,36.7,24,0,37.4,81.9045,72.3,22,0,23.20833333333333,15.5,31.0,47.958333333333336,10.420833333333333,3.27,9.8,987.1875,0.0,0.9166666666666666,322.1973805353077,4,5,1,pre_monsoon,160,0
2020-04-05,51.3958,49.65,24,0,44.0,101.2333,102.0,21,0,24.016666666666666,17.0,31.6,52.875,12.991666666666667,2.494166666666666,11.9,987.825,0.0,13.625,345.0499018802042,4,6,1,pre_monsoon,161,0
2020-04-06,56.28,58.6,25,0,51.0,115.1409,115.0,22,0,26.204166666666666,18.4,33.4,45.833333333333336,12.291666666666666,2.7854166666666664,8.7,986.5875,0.0,13.791666666666666,348.4273334250772,4,0,0,pre_monsoon,162,0
2020-04-07,,,0,0,,,,0,0,24.975,18.4,32.8,46.04166666666666,11.925,3.80125,10.9,984.7666666666668,0.4,43.125,330.51970590670567,4,1,0,pre_monsoon,163,0
2020-04-08,26.3423,25.35,26,0,33.2,77.7591,72.95,22,0,24.879166666666663,18.7,31.5,46.29166666666666,11.808333333333332,3.3004166666666666,9.5,985.325,0.0,10.041666666666666,331.1488275217199,4,2,0,pre_monsoon,164,0
2020-04-09,36.8269,33.85,26,0,35.8,82.4696,75.8,23,0,24.4125,17.5,31.5,46.458333333333336,11.258333333333333,2.945,9.6,985.95,0.0,36.79166666666666,317.1113565551783,4,3,0,pre_monsoon,165,0
2020-04-10,61.2308,60.4,26,0,59.9,120.4174,117.0,23,0,25.7375,18.0,34.0,46.54166666666666,12.291666666666666,2.324583333333333,12.9,986.7083333333334,0.0,48.625,335.35678526004705,4,4,0,pre_monsoon,166,0
2020-04-11,51.7808,49.8,26,0,44.8,117.5435,116.0,23,0,27.7125,19.2,35.1,41.875,12.883333333333333,2.25875,7.2,987.7791666666668,0.0,22.416666666666668,347.44304442425823,4,5,1,pre_monsoon,167,0
2020-04-12,38.4154,35.75,26,0,41.8,94.0348,86.8,23,0,28.0,20.8,34.9,42.04166666666666,13.104166666666666,3.1454166666666663,9.0,985.625,0.0,70.54166666666667,310.5969901899781,4,6,1,pre_monsoon,168,0
2020-04-13,59.4423,59.0,26,0,60.6,138.3435,128.0,23,0,29.3125,20.8,37.0,41.083333333333336,13.625,3.03125,12.2,983.5916666666668,0.0,69.33333333333333,309.2683915831961,4,0,0,pre_monsoon,169,0
2020-04-14,57.6808,54.65,26,0,45.0,149.5565,137.0,23,0,30.125,22.8,37.9,41.0,14.316666666666668,2.4220833333333336,10.8,983.9625,0.0,90.95833333333331,80.11106259725136,4,1,0,pre_monsoon,170,0
2020-04-15,57.992,59.4,25,0,49.6,194.2273,194.0,22,0,30.445833333333336,25.1,37.6,37.54166666666666,13.329166666666666,2.8354166666666667,11.9,983.5625,0.0,67.33333333333333,120.81262710093358,4,2,0,pre_monsoon,171,0
2020-04-16,65.28,68.2,25,0,65.1,184.3091,182.5,22,0,30.3625,23.1,37.8,36.04166666666666,11.845833333333331,2.8320833333333333,9.9,982.2791666666668,0.0,44.04166666666666,323.17514054235915,4,3,0,pre_monsoon,172,0
2020-04-17,24.6038,24.9,26,0,23.7,89.7227,85.55,22,0,29.65416666666667,25.2,34.7,33.708333333333336,11.708333333333334,3.5404166666666668,11.4,982.1083333333332,0.0,64.08333333333333,13.99655408366158,4,4,0,pre_monsoon,173,0
2020-04-18,25.6346,25.45,26,0,27.8,102.2364,98.55,22,0,29.070833333333336,23.5,35.5,38.0,12.745833333333332,3.8441666666666663,13.1,983.3166666666666,0.0,32.166666666666664,58.86367063979668,4,5,1,pre_monsoon,174,0
2020-04-19,34.3208,33.65,24,0,32.6,75.915,78.55,20,0,27.891666666666666,22.3,33.9,43.04166666666666,13.095833333333331,2.7175,8.5,983.3125,0.0,53.04166666666666,329.6327434369133,4,6,1,pre_monsoon,175,0
2020-04-20,46.848,43.9,25,0,38.1,109.9571,107.0,21,0,26.866666666666664,21.6,33.9,44.958333333333336,13.358333333333334,2.12125,14.4,984.1083333333332,0.4,52.625,289.6388060663177,4,0,0,pre_monsoon,176,0
2020-04-21,35.4417,34.05,24,0,33.7,84.39,79.95,20,0,26.116666666666664,19.6,32.2,51.458333333333336,14.25,2.33375,8.9,984.4291666666668,0.0,15.791666666666666,13.9870197789769,4,1,0,pre_monsoon,177,0
2020-04-22,58.8043,52.5,23,0,49.7,135.8722,127.0,18,0,27.570833333333336,20.0,34.1,41.41666666666666,11.925,2.160833333333333,8.6,983.0458333333332,0.0,28.58333333333333,349.3338430446422,4,2,0,pre_monsoon,178,0
2020-04-23,49.7154,50.65,26,0,47.7,125.5545,121.0,22,0,28.954166666666666,24.3,35.5,37.66666666666666,12.345833333333331,2.8091666666666666,10.7,982.3791666666666,0.0,60.708333333333336,219.25118244761404,4,3,0,pre_monsoon,179,0
2020-04-24,63.6042,66.45,24,0,52.5,133.375,125.5,20,0,28.9375,21.7,35.4,41.16666666666666,13.245833333333332,1.934583333333333,6.9,980.85,0.0,12.5,75.58046498877809,4,4,0,pre_monsoon,180,0
2020-04-25,,,0,0,,,,0,0,28.479166666666668,23.6,33.7,42.79166666666666,14.370833333333332,2.259583333333333,10.2,981.525,0.5,34.458333333333336,141.39384059493364,4,5,1,pre_monsoon,181,0
2020-04-26,39.0385,40.55,26,0,41.3,119.1909,113.5,22,0,26.90416666666667,23.4,31.8,58.208333333333336,17.708333333333332,4.0275,16.6,984.0,1.0,22.33333333333333,120.37524858363976,4,6,1,pre_monsoon,182,0
2020-04-27,26.94,27.3,25,0,27.3,53.86,49.2,20,0,25.429166666666664,20.8,30.4,68.70833333333333,18.979166666666668,4.550833333333333,11.8,986.8208333333332,2.8,24.08333333333333,109.88075738374806,4,0,0,pre_monsoon,183,0
2020-04-28,37.1875,38.15,24,0,36.9,75.26,75.35,20,0,26.441666666666663,21.6,32.3,63.66666666666666,18.495833333333334,2.4925,7.9,986.7625,0.2,21.916666666666668,91.51825780278593,4,1,0,pre_monsoon,184,0
2020-04-29,51.4143,55.4,21,0,53.2,107.4111,105.5,18,0,28.6625,21.1,34.7,54.75,17.670833333333334,1.98875,8.1,984.25,0.0,7.333333333333333,150.3689354531906,4,2,0,pre_monsoon,185,0
2020-04-30,50.2231,50.45,26,0,52.0,120.8273,120.5,22,0,29.475,24.1,36.1,50.958333333333336,17.400000000000002,3.005416666666666,12.5,983.95,0.2,42.25,106.23953778656994,4,3,0,pre_monsoon,186,0
2020-05-01,58.4231,56.25,26,0,56.6,140.4591,132.0,22,0,30.570833333333336,22.4,38.4,53.708333333333336,18.275,2.9575,11.2,982.1958333333332,0.0,19.25,83.27279641823935,5,4,0,pre_monsoon,187,0
2020-05-02,33.3696,32.1,23,0,35.8,103.5526,103.0,19,0,29.36666666666667,24.3,36.6,56.66666666666666,19.2,5.120833333333333,14.7,981.5916666666668,0.9,24.166666666666668,111.19206942095434,5,5,1,pre_monsoon,188,0
2020-05-03,33.2286,34.0,21,0,33.7,77.9211,75.3,19,0,27.683333333333334,23.5,34.7,64.45833333333333,20.02083333333333,3.7945833333333336,14.0,982.45,21.8,66.29166666666667,107.61187009105674,5,6,1,pre_monsoon,189,0
2020-05-04,29.1682,27.1,22,0,26.5,62.2211,62.7,19,0,27.21666666666667,21.0,32.9,66.25,19.4375,1.9333333333333331,8.6,983.8666666666668,0.0,29.166666666666668,54.4600419827687,5,0,0,pre_monsoon,190,0
2020-05-05,49.9864,48.8,22,0,44.1,106.4526,101.0,19,0,28.79583333333333,23.1,34.4,49.625,16.125,2.146666666666667,14.0,983.0541666666668,0.0,33.291666666666664,341.6420765079125,5,1,0,pre_monsoon,191,0
2020-05-06,57.1955,56.1,22,0,53.6,167.35,156.5,20,0,28.625,21.7,35.2,45.375,14.754166666666668,2.0966666666666667,11.4,982.1083333333332,0.0,25.45833333333333,122.8393405463089,5,2,0,pre_monsoon,192,0
2020-05-07,,,0,0,,,,0,0,28.65833333333333,22.1,35.8,44.16666666666666,14.045833333333334,2.8475,8.6,982.8166666666666,0.0,15.625,75.79203354270203,5,3,0,pre_monsoon,-191,0
2020-05-08,49.13,44.75,10,0,44.3,114.0429,99.7,7,0,30.691666666666663,23.1,38.1,39.75,14.0875,2.6108333333333333,7.7,981.2166666666668,0.0,5.083333333333333,132.02804538006643,5,4,0,pre_monsoon,-190,0
2020-05-09,53.1435,53.0,23,0,54.7,120.2227,121.0,22,0,31.6375,25.2,39.5,40.79166666666666,15.429166666666667,2.7541666666666664,16.5,981.7875,0.0,22.166666666666668,118.6901949719495,5,5,1,pre_monsoon,-189,0
2020-05-10,42.9136,43.65,22,0,43.9,96.015,91.85,20,0,29.6625,24.5,36.3,54.29166666666666,18.975,3.669166666666667,10.5,982.8291666666668,0.8,39.5,116.83203194882378,5,6,1,pre_monsoon,-188,0
2020-05-11,44.1684,41.8,19,0,44.4,93.3882,94.8,17,0,29.17083333333333,22.8,35.8,56.75,18.758333333333333,3.0995833333333334,9.2,984.125,0.3,37.083333333333336,124.77530774778864,5,0,0,pre_monsoon,-187,0
2020-05-12,41.4818,42.6,11,0,42.6,91.1429,91.0,7,0,29.42083333333333,23.1,35.5,54.66666666666666,18.554166666666667,2.786666666666666,8.7,983.4333333333334,0.0,25.95833333333333,90.84761648656706,5,1,0,pre_monsoon,-186,0
2020-05-13,64.4,64.4,1,0,64.4,,,0,0,29.741666666666664,25.8,35.5,55.41666666666666,19.28333333333333,2.137083333333333,9.1,982.2375,0.3,60.208333333333336,354.1677884654676,5,2,0,pre_monsoon,-185,0
2020-05-14,52.2104,52.8,23,0,44.6,126.6737,119.0,19,0,30.53333333333333,24.1,36.8,53.208333333333336,18.991666666666667,2.0341666666666667,10.4,981.6375,0.0,19.58333333333333,63.27967557937234,5,3,0,pre_monsoon,-184,0
2020-05-15,46.4417,48.0,12,0,54.1,120.95,120.0,8,0,31.45833333333333,24.7,38.2,40.54166666666666,15.116666666666667,3.3925,11.2,980.95,0.0,8.708333333333334,323.3802547750524,5,4,0,pre_monsoon,-183,0
2020-05-16,77.6381,77.1,21,0,74.8,145.2353,144.0,17,0,31.541666666666668,24.6,38.1,32.583333333333336,11.804166666666667,3.442916666666666,10.5,980.2375,0.0,3.875,313.6988284173085,5,5,1,pre_monsoon,-182,0
2020-05-17,102.8583,90.15,24,0,89.9,191.7619,178.0,21,0,31.8,24.1,38.7,31.541666666666668,11.695833333333333,2.4529166666666664,9.6,978.85,0.0,30.666666666666668,309.90859104875165,5,6,1,pre_monsoon,-181,0
2020-05-18,104.4,101.0,22,0,88.8,197.8947,199.0,19,0,31.3875,23.8,38.7,30.45833333333333,10.225,2.8329166666666663,9.3,977.9833333333332,0.0,11.791666666666666,337.7916858640148,5,0,0,pre_monsoon,-180,0
2020-05-19,85.5308,90.6,13,0,92.6,179.5556,182.0,9,0,32.104166666666664,24.7,38.6,21.95833333333333,6.720833333333334,2.1575,9.0,977.5083333333332,0.0,8.375,346.94635223476354,5,1,0,pre_monsoon,-179,0
2020-05-20,62.9882,58.1,17,0,58.0,150.4615,145.0,13,0,30.77916666666667,23.3,37.7,25.58333333333333,8.0,3.529166666666667,11.1,977.075,0.0,0.0,318.29042642650546,5,2,0,pre_monsoon,-178,0
2020-05-21,50.6947,44.0,19,0,42.8,150.4625,147.5,16,0,32.225,24.0,40.2,25.95833333333333,9.041666666666666,3.7975,12.4,976.1583333333332,0.0,0.0,303.38842232677433,5,3,0,pre_monsoon,-177,0
2020-05-22,80.5545,83.2,11,0,68.6,194.1429,203.0,7,0,34.02916666666667,25.3,42.1,25.95833333333333,10.775,1.7808333333333335,7.6,976.1583333333332,0.0,0.5,325.3483718892243,5,4,0,pre_monsoon,-176,0
2020-05-23,58.0,58.2,15,0,60.1,191.375,196.5,12,0,34.61666666666667,27.7,41.7,27.625,12.270833333333334,2.438333333333333,10.4,977.5916666666668,0.0,14.166666666666666,99.16558608778314,5,5,1,pre_monsoon,-175,0
2020-05-24,62.6476,62.0,21,0,46.5,192.4444,187.0,18,0,35.583333333333336,27.7,42.3,25.041666666666668,10.975,3.4891666666666663,12.5,977.8583333333332,0.0,8.625,313.52728686078456,5,6,1,pre_monsoon,-174,0
2020-05-25,59.9429,57.9,21,0,61.0,157.85,157.5,18,0,35.74166666666667,27.8,43.2,22.166666666666668,9.7,3.564166666666667,12.2,977.6291666666666,0.0,0.9583333333333334,303.41614933456344,5,0,0,pre_monsoon,-173,0
2020-05-26,52.9375,50.65,16,0,57.5,180.0667,178.0,15,0,36.92916666666667,29.6,44.2,18.83333333333333,8.362499999999999,3.0620833333333333,11.6,975.9583333333334,0.0,16.541666666666668,297.80172598659243,5,1,0,pre_monsoon,-172,0
2020-05-27,42.5091,42.1,11,0,43.8,141.7857,146.0,7,0,36.50833333333333,28.9,43.7,20.75,9.354166666666666,2.7412499999999995,9.6,974.3666666666668,0.0,10.291666666666666,347.10113923374445,5,2,0,pre_monsoon,-171,0
2020-05-28,33.77,31.85,10,0,37.1,163.15,177.5,6,0,32.975,28.6,38.2,41.458333333333336,17.583333333333332,5.433333333333334,15.3,975.8166666666666,0.1,58.0,113.97787173980288,5,3,0,pre_monsoon,-170,0
2020-05-29,21.5125,20.0,8,0,23.5,54.45,52.85,4,0,30.104166666666668,25.9,35.1,57.625,20.379166666666663,5.745833333333334,15.0,978.6708333333332,4.2,56.333333333333336,115.31386476267414,5,4,0,pre_monsoon,-169,0
2020-05-30,23.3,23.3,1,0,23.3,,,0,0,28.183333333333334,23.5,32.7,61.29166666666666,19.6375,3.3695833333333334,10.4,981.0208333333334,5.4,57.29166666666666,129.31319776137894,5,5,1,pre_monsoon,-168,0
2020-05-31,21.0261,20.5,23,0,20.9,38.6611,36.35,18,0,26.866666666666664,22.9,32.6,69.16666666666667,20.3,2.103333333333333,7.7,982.6291666666666,0.2,38.375,113.61674835424547,5,6,1,pre_monsoon,-167,0
2020-06-01,40.5,38.35,24,0,37.2,76.015,72.45,20,0,27.8125,21.6,33.3,67.29166666666667,20.4875,1.8170833333333332,6.0,983.1833333333334,0.0,36.75,32.9069351728441,6,0,0,monsoon,-166,0
2020-06-02,49.1167,48.0,24,0,42.1,98.88,97.35,20,0,29.016666666666666,24.0,34.4,61.54166666666666,20.2875,1.8025,7.6,981.4125,0.0,21.416666666666668,273.76907095764545,6,1,0,monsoon,-165,0
2020-06-03,52.98,50.6,15,0,47.3,113.6846,111.0,13,0,29.979166666666668,24.2,35.8,57.75,19.941666666666663,1.7083333333333333,8.2,979.3541666666666,0.0,12.75,6.994032517846222,6,2,0,monsoon,-164,0
2020-06-04,68.1727,65.9,11,0,65.8,131.8143,133.0,7,0,29.6125,24.9,34.4,56.833333333333336,19.741666666666667,1.9645833333333331,7.7,978.5708333333332,0.0,70.75,133.0950661472993,6,3,0,monsoon,-163,0
2020-06-05,41.768,43.4,25,0,34.4,85.0909,88.7,22,0,29.05,24.8,34.4,59.75,19.933333333333334,2.2883333333333336,6.5,978.5416666666666,0.0,14.333333333333334,160.02153912201152,6,4,0,monsoon,-162,0
2020-06-06,,,0,0,,,,0,0,29.52083333333333,24.4,34.4,58.16666666666666,19.904166666666665,2.122916666666667,7.3,978.05,0.0,42.875,132.21634345995636,6,5,1,monsoon,-161,0
2020-06-07,,,0,0,,,,0,0,30.59166666666667,26.7,36.2,58.875,21.254166666666663,2.33875,10.2,977.8583333333332,1.2,15.166666666666666,143.45666483109517,6,6,1,monsoon,-160,0
2020-06-08,50.696,50.8,25,0,39.0,107.5545,111.0,22,0,30.825,25.6,35.5,59.833333333333336,21.575,1.9095833333333327,8.1,977.4875,0.1,10.625,353.2573844161081,6,0,0,monsoon,-159,0
2020-06-09,62.5808,60.15,26,0,57.2,143.3652,134.0,23,0,33.079166666666666,26.7,37.9,51.458333333333336,21.1125,1.7970833333333334,8.0,977.3916666666668,0.0,8.166666666666666,315.0425263272964,6,1,0,monsoon,-158,0
2020-06-10,56.28,53.5,15,0,48.3,153.6417,150.0,12,0,33.74583333333333,28.3,38.4,51.91666666666666,21.9,2.0795833333333333,9.6,976.8208333333332,0.0,15.0,325.6494678305659,6,2,0,monsoon,-157,0
2020-06-11,60.5429,55.6,14,0,45.0,132.22,135.0,10,0,33.55833333333333,27.7,37.6,53.41666666666666,22.433333333333334,1.7870833333333334,8.3,975.7125,0.0,6.916666666666667,59.69354474391957,6,3,0,monsoon,-156,0
2020-06-12,62.8214,61.15,14,0,61.1,136.37,140.0,10,0,33.800000000000004,28.9,38.5,51.708333333333336,21.995833333333334,2.5104166666666665,9.3,974.6916666666666,0.0,12.541666666666666,114.62685306484713,6,4,0,monsoon,-155,0
2020-06-13,47.7588,47.6,17,0,46.2,116.5,121.0,13,0,33.645833333333336,29.6,38.5,54.583333333333336,22.97083333333333,2.5125,9.1,975.0791666666668,0.0,15.708333333333334,103.15556379810288,6,5,1,monsoon,-154,0
2020-06-14,68.2643,64.95,14,0,61.8,138.92,141.0,10,0,33.670833333333334,29.2,38.5,55.833333333333336,23.120833333333334,2.3916666666666666,7.2,976.5791666666668,0.0,23.0,84.0917571516751,6,6,1,monsoon,-153,0
2020-06-15,44.9762,44.9,21,0,47.0,111.3444,108.0,18,0,34.34583333333333,29.2,40.1,47.333333333333336,20.370833333333334,2.415833333333333,10.1,974.6583333333332,0.0,7.708333333333333,311.60248236188414,6,0,0,monsoon,-152,0
2020-06-16,33.4286,34.6,7,0,38.3,94.125,96.75,4,0,33.84166666666667,28.5,39.2,48.125,20.820833333333333,2.61625,8.7,972.4583333333334,0.1,12.5,145.76322830901967,6,1,0,monsoon,-151,0
2020-06-17,30.37,30.9,10,0,27.2,79.4857,76.1,7,0,33.8875,29.0,39.9,51.54166666666666,21.945833333333336,3.2070833333333333,9.3,972.0458333333332,0.0,4.75,113.4344797405002,6,2,0,monsoon,-150,0
2020-06-18,38.7286,37.7,14,0,35.8,103.6091,98.1,11,0,34.62916666666667,28.1,41.2,50.125,21.870833333333334,2.810833333333333,8.5,972.6208333333334,0.0,8.041666666666666,113.4031534749098,6,3,0,monsoon,-149,0
2020-06-19,56.6826,53.7,23,0,61.2,206.7143,204.0,21,0,34.96666666666667,30.0,40.3,52.958333333333336,23.558333333333334,3.11125,11.6,974.4458333333332,0.0,27.625,119.88769864653692,6,4,0,monsoon,-148,0
2020-06-20,38.5632,36.0,19,0,36.0,114.7059,117.0,17,0,33.72083333333333,29.5,39.2,53.375,22.575,3.3425,11.8,976.0125,1.2000000000000002,27.291666666666668,139.22766880674385,6,5,1,monsoon,-147,0
2020-06-21,43.0,44.75,14,0,39.5,97.45,99.3,10,0,33.395833333333336,28.7,38.6,54.0,22.320833333333336,2.490416666666667,8.6,975.6666666666666,0.0,13.375,104.57725610109952,6,6,1,monsoon,-146,0
2020-06-22,45.06,46.65,10,0,40.4,86.7,86.25,8,0,31.8875,27.6,36.5,60.875,23.08333333333333,1.99375,8.8,975.7166666666668,1.0,14.708333333333334,84.31331346039076,6,0,0,monsoon,-145,0
2020-06-23,27.784,26.5,25,0,26.4,61.945,57.85,20,0,31.541666666666668,28.4,35.1,64.0,23.766666666666666,3.972083333333333,11.6,977.8625,2.0,34.125,105.6047490214906,6,1,0,monsoon,-144,0
2020-06-24,34.3591,30.55,22,0,28.4,62.65,59.8,20,0,30.329166666666666,28.3,33.1,72.0,24.616666666666664,3.262083333333333,8.6,978.7166666666668,3.1,56.625,107.66841699549002,6,2,0,monsoon,-143,0
2020-06-25,51.9188,48.55,16,0,32.2,80.2,82.1,14,0,31.89583333333333,26.7,37.1,66.16666666666667,24.28333333333333,1.53875,7.3,976.1791666666668,0.0,21.20833333333333,311.2417871033021,6,3,0,monsoon,-142,0
2020-06-26,48.108,46.2,25,0,40.5,116.1304,110.0,23,0,32.4,27.9,36.4,64.5,24.55,2.7758333333333334,13.3,975.3083333333334,1.4,30.0,281.5587005168268,6,4,0,monsoon,-141,0
2020-06-27,38.3591,37.45,22,0,37.0,156.74,154.0,20,0,33.733333333333334,29.5,38.3,56.54166666666666,23.5,3.765,16.2,974.4791666666666,0.1,45.083333333333336,277.36999999812014,6,5,1,monsoon,-140,0
2020-06-28,65.1217,54.8,23,0,56.1,312.05,307.5,20,0,35.041666666666664,30.3,38.9,51.125,23.0875,3.86,14.2,973.7583333333332,0.2,31.625,269.7143240164604,6,6,1,monsoon,-139,0
2020-06-29,44.0435,41.1,23,0,37.2,176.6364,168.0,22,0,34.4125,29.7,39.7,53.66666666666666,23.1125,3.565,15.2,975.5875,0.5,19.08333333333333,75.49841425180745,6,0,0,monsoon,-138,0
2020-06-30,39.6667,39.5,9,0,36.7,88.64,90.4,5,0,32.19583333333333,27.2,36.4,63.333333333333336,24.079166666666666,3.40125,8.4,976.9791666666666,0.0,28.20833333333333,110.71494857636172,6,1,0,monsoon,-137,0
2020-07-01,53.7167,51.2,24,0,49.0,118.2636,118.0,22,0,33.37083333333333,28.6,38.2,59.375,23.954166666666666,2.337916666666666,7.2,975.8666666666668,0.0,9.333333333333334,110.83141622239208,7,2,0,monsoon,-136,0
2020-07-02,60.4833,60.65,24,0,57.4,132.719,133.0,21,0,35.145833333333336,29.9,40.6,52.625,23.4,2.27875,9.1,973.4833333333332,0.1,8.833333333333334,195.23341428044108,7,3,0,monsoon,-135,0
2020-07-03,59.6667,59.95,12,0,60.3,124.5444,118.0,9,0,35.05833333333333,31.0,41.2,55.91666666666666,24.48333333333333,3.4445833333333336,11.4,973.0083333333332,0.0,9.666666666666666,120.17349979034992,7,4,0,monsoon,-134,0
2020-07-04,46.6,44.15,22,0,42.4,94.535,94.95,20,0,33.1,28.7,37.7,63.54166666666666,24.879166666666663,4.029166666666667,10.5,973.3833333333332,0.0,12.5,110.70433044163792,7,5,1,monsoon,-133,0
2020-07-05,38.2,28.4,17,0,27.5,55.1357,49.65,14,0,29.941666666666663,24.9,34.6,69.5,23.39583333333333,3.225,9.7,973.7,4.1,60.75,69.37932874275702,7,6,1,monsoon,-132,0
2020-07-06,,,0,0,,,,0,0,30.65833333333333,26.5,34.7,70.29166666666667,24.34583333333333,3.0075000000000003,9.0,973.7625,0.3,52.833333333333336,105.76775795976806,7,0,0,monsoon,-131,0
2020-07-07,17.1912,13.35,8,0,11.1,30.9429,28.5,7,0,29.275,27.1,32.9,74.08333333333333,24.041666666666668,4.193333333333333,14.9,976.4833333333332,1.5,71.375,104.44444983878486,7,1,0,monsoon,-130,0
2020-07-08,29.775,23.2,12,0,21.1,43.28,41.7,10,0,28.816666666666663,25.6,32.8,81.625,25.2375,3.470416666666667,9.9,977.575,5.4,82.91666666666667,135.72816329820716,7,2,0,monsoon,-129,0
2020-07-09,38.0073,33.4,11,0,27.5,69.7625,70.05,8,0,30.241666666666664,26.8,33.6,77.41666666666667,25.70833333333333,2.2879166666666664,7.7,974.3791666666666,2.2,85.375,215.12189030365136,7,3,0,monsoon,-128,0
2020-07-10,26.8,23.9,14,0,21.8,73.325,75.3,12,0,32.74166666666667,28.7,37.8,63.16666666666666,24.45833333333333,2.935416666666667,10.8,972.2458333333334,1.6,84.58333333333333,282.8048341493553,7,4,0,monsoon,-127,0
2020-07-11,21.7111,18.0,9,0,17.2,53.9571,44.3,7,0,31.9,26.0,36.4,64.45833333333333,24.09583333333333,3.34375,12.9,972.7625,0.9,23.33333333333333,258.2861259927736,7,5,1,monsoon,-126,0
2020-07-12,22.8556,22.1,9,0,18.5,46.7714,47.8,7,0,31.691666666666663,28.8,35.5,66.45833333333333,24.495833333333334,2.1845833333333333,8.2,974.1708333333332,0.5,54.04166666666666,254.20990327085224,7,6,1,monsoon,-125,0
2020-07-13,37.7,32.0,10,0,27.7,109.7222,111.0,9,0,31.941666666666663,27.3,36.2,64.54166666666667,24.075,2.2925,9.9,974.55,0.1,48.79166666666666,280.2748038387354,7,0,0,monsoon,-124,0
2020-07-14,46.5455,42.9,11,0,36.4,144.4667,150.0,9,0,33.266666666666666,28.9,38.6,60.208333333333336,23.933333333333334,2.0770833333333334,7.5,975.3333333333334,0.0,58.41666666666666,258.9259519069239,7,1,0,monsoon,-123,0
2020-07-15,38.0625,38.0,16,0,38.4,98.5733,96.9,15,0,31.925,28.0,36.4,67.625,24.79583333333333,4.135416666666667,9.4,976.1583333333332,0.1,16.0,101.80021721069444,7,2,0,monsoon,-122,0
2020-07-16,27.65,28.65,10,0,27.7,60.4889,63.5,9,0,30.75,28.2,33.6,72.66666666666667,25.1625,3.9575,11.3,975.2958333333332,4.6,56.75,101.32989923585716,7,3,0,monsoon,-121,0
2020-07-17,45.508,46.0,25,0,42.2,85.536,90.2,25,0,31.14583333333333,28.2,34.9,73.95833333333333,25.7875,3.204166666666667,10.1,976.0041666666666,10.8,69.33333333333333,111.18748992823208,7,4,0,monsoon,-120,0
2020-07-18,38.392,38.6,25,0,38.6,77.004,80.8,25,0,31.575,27.3,35.8,74.0,26.075,2.907083333333333,8.6,976.7958333333332,2.5,91.0,107.80209627101772,7,5,1,monsoon,-119,0
2020-07-19,24.62,24.65,20,0,21.2,48.4571,50.4,21,0,30.541666666666668,27.1,34.6,79.875,26.445833333333336,2.630416666666666,9.9,975.3708333333334,14.1,90.20833333333331,260.82234162050577,7,6,1,monsoon,-118,0
2020-07-20,24.2444,23.1,9,0,16.8,59.7333,57.0,9,0,29.29583333333333,26.3,33.3,79.0,25.15,3.1275,10.5,973.8875,15.3,79.08333333333333,270.62003241655384,7,0,0,monsoon,-117,0
2020-07-21,21.964,22.2,25,0,20.1,39.0167,39.85,24,0,28.1875,25.1,32.4,82.08333333333333,24.754166666666663,2.020833333333333,7.5,976.6458333333334,13.5,49.91666666666666,168.6849325513787,7,1,0,monsoon,-116,0
2020-07-22,24.6987,24.0,23,0,15.4,46.9783,47.9,23,0,27.183333333333334,25.3,30.3,86.16666666666667,24.5875,2.2958333333333334,10.0,977.9166666666666,14.4,64.375,275.39672918883275,7,2,0,monsoon,-115,0
2020-07-23,32.9,31.3,25,0,30.3,69.168,70.4,25,0,28.541666666666668,24.4,32.8,78.58333333333333,24.15,1.75375,7.2,976.9583333333334,0.2,13.166666666666666,306.6633691287702,7,3,0,monsoon,-114,0
2020-07-24,44.288,42.8,25,0,35.7,87.62,84.6,25,0,28.825,26.1,32.4,78.45833333333333,24.6125,2.3216666666666668,7.4,979.7916666666666,1.6,25.916666666666668,106.42045940345604,7,4,0,monsoon,-113,0
2020-07-25,30.972,31.0,25,0,27.7,60.964,57.8,25,0,28.804166666666664,25.8,32.3,82.16666666666667,25.28333333333333,2.794166666666667,7.8,981.175,1.9,32.833333333333336,108.83583014089272,7,5,1,monsoon,-112,0
2020-07-26,37.0222,38.4,9,0,34.0,78.9,76.85,8,0,29.90416666666667,25.6,34.1,79.66666666666667,25.78333333333333,1.715,5.7,981.0083333333332,2.6,24.625,102.38706893861968,7,6,1,monsoon,-111,0
2020-07-27,33.36,35.55,10,0,28.7,94.0889,106.0,9,0,31.008333333333336,27.8,34.3,75.16666666666667,25.9625,2.7533333333333334,9.3,978.5125,2.7,45.333333333333336,271.0222385465908,7,0,0,monsoon,-110,0
2020-07-28,25.2845,23.5,11,0,21.6,90.1111,90.2,9,0,31.854166666666668,29.1,35.5,67.25,24.9,3.685833333333333,11.1,976.3583333333332,0.4,73.79166666666667,259.5402438042888,7,1,0,monsoon,-109,0
2020-07-29,21.4,21.4,1,0,21.4,,,0,0,30.54583333333333,27.8,33.9,72.20833333333333,24.870833333333334,2.87375,9.7,976.7791666666668,0.1,99.41666666666669,164.35272612160475,7,2,0,monsoon,-108,0
2020-07-30,18.8382,19.0,22,0,14.4,50.6565,53.9,23,0,28.9375,25.8,31.9,79.25,24.875,2.174583333333333,8.0,978.3791666666666,3.9,68.83333333333333,150.72321434011087,7,3,0,monsoon,-107,0
2020-07-31,38.2043,35.4,23,0,30.5,78.1043,76.9,23,0,29.166666666666668,25.4,33.1,84.125,26.070833333333336,1.887916666666667,8.7,977.7166666666668,8.5,88.83333333333333,108.94101507050664,7,4,0,monsoon,-106,0
2020-08-01,,,0,0,,,,0,0,29.4,26.8,32.8,83.79166666666667,26.2125,1.5525,6.8,977.1208333333334,5.6,92.91666666666669,139.37723090476504,8,5,1,monsoon,-105,0
2020-08-02,,,0,0,,,,0,0,31.1375,27.5,35.2,75.25,25.96666666666667,2.4466666666666668,11.0,975.2333333333332,0.2,39.0,287.20231313629426,8,6,1,monsoon,-104,0
2020-08-03,19.8,19.8,1,0,19.8,,,0,0,31.691666666666663,28.5,35.9,72.45833333333333,25.9625,2.42625,9.2,971.3625,1.3,41.29166666666666,263.72371047090127,8,0,0,monsoon,-103,0
2020-08-04,21.4,21.4,1,0,21.4,,,0,0,31.679166666666664,27.3,36.9,73.33333333333333,26.008333333333336,2.3054166666666664,7.6,969.6375,0.8999999999999999,19.291666666666668,321.38440716633943,8,1,0,monsoon,-102,0
2020-08-05,,,0,0,,,,0,0,30.579166666666666,28.1,33.7,79.16666666666667,26.40833333333333,2.9779166666666668,10.8,971.0,2.1,59.708333333333336,88.497446881016,8,2,0,monsoon,-101,0
2020-08-06,13.8142,12.05,24,0,9.11,57.248,52.2,25,0,30.870833333333334,27.6,34.8,70.875,24.766666666666666,6.380416666666666,20.9,973.7166666666668,0.1,68.45833333333333,96.46573010023832,8,3,0,monsoon,-100,0
2020-08-07,21.1333,21.3,21,0,22.2,45.2789,42.0,19,0,29.96666666666667,27.2,33.6,76.375,25.2,4.6120833333333335,13.7,976.5583333333334,0.9,53.0,109.24846728380976,8,4,0,monsoon,-99,0
2020-08-08,43.2444,40.2,9,0,45.8,92.5143,90.9,7,0,30.804166666666664,27.4,34.5,78.375,26.34583333333333,1.07375,5.1,974.925,3.3,48.708333333333336,180.03708557020553,8,5,1,monsoon,-98,0
2020-08-09,25.425,25.5,8,0,20.6,46.4429,43.3,7,0,29.8125,26.9,33.3,83.33333333333333,26.5375,1.5491666666666666,7.4,974.075,22.8,98.66666666666669,90.85108317685,8,6,1,monsoon,-97,0
2020-08-10,31.1222,29.6,9,0,25.0,59.2857,58.3,7,0,28.77916666666667,26.5,31.1,86.91666666666667,26.304166666666664,2.5308333333333333,6.6,975.2541666666666,2.4,94.95833333333331,117.44878358353424,8,0,0,monsoon,-96,0
2020-08-11,41.9333,43.3,3,0,35.7,81.05,81.05,2,0,28.9375,26.5,31.8,87.25,26.52083333333333,1.7308333333333332,6.4,975.1291666666666,15.8,98.66666666666669,219.71985608268403,8,1,0,monsoon,-95,0
2020-08-12,33.9522,20.7,9,0,21.1,53.4714,56.5,7,0,29.8375,26.3,33.8,82.66666666666667,26.34583333333333,3.0733333333333337,9.9,974.1833333333334,3.4000000000000004,97.29166666666669,264.6978112741309,8,2,0,monsoon,-94,0
2020-08-13,17.2333,16.5,6,0,12.1,25.7571,26.7,7,0,26.641666666666666,25.8,27.5,94.79166666666669,25.725,2.2583333333333333,9.9,973.4791666666666,84.60000000000001,94.79166666666669,59.64282838641191,8,3,0,monsoon,-93,0
2020-08-14,16.9,16.9,1,0,16.9,,,0,0,27.641666666666666,25.6,30.9,89.16666666666667,25.6,3.495,10.5,972.925,5.0,89.95833333333333,99.71764176395313,8,4,0,monsoon,-92,0
2020-08-15,27.8875,27.7,8,0,27.0,54.0429,52.7,7,0,28.8875,25.9,32.3,86.20833333333333,26.229166666666668,3.047083333333333,8.9,972.9083333333332,2.6,51.333333333333336,115.35375819352578,8,5,1,monsoon,-91,0
2020-08-16,18.1,18.1,1,0,18.1,,,0,0,28.758333333333336,26.0,31.9,87.33333333333333,26.320833333333336,2.59375,7.8,974.1208333333334,6.2,60.41666666666666,116.12765015403534,8,6,1,monsoon,-90,0
2020-08-17,24.2667,22.4,9,0,25.3,53.575,53.35,8,0,29.15833333333333,26.7,32.8,85.875,26.445833333333336,2.5325,7.5,974.4333333333334,2.1,64.04166666666667,128.51346920771596,8,0,0,monsoon,-89,0
2020-08-18,26.9556,25.6,9,0,23.0,63.0875,60.2,8,0,29.8125,27.6,32.3,83.54166666666667,26.6625,1.4795833333333333,5.7,974.9958333333334,9.7,78.25,204.5926438100626,8,1,0,monsoon,-88,0
2020-08-19,18.4,18.4,8,0,16.9,36.3429,37.3,7,0,27.1125,26.1,29.1,92.45833333333331,25.73333333333333,1.9358333333333333,7.1,974.9125,16.7,99.95833333333331,168.30055839538124,8,2,0,monsoon,-87,0
2020-08-20,18.4,18.4,1,0,18.4,,,0,0,26.48333333333333,24.5,29.1,92.66666666666669,25.1375,2.245,8.8,977.0666666666666,8.8,98.70833333333331,89.7320487412021,8,3,0,monsoon,-86,0
2020-08-21,16.1,16.1,1,0,16.1,,,0,0,28.58333333333333,25.9,32.2,79.33333333333333,24.491666666666664,3.692916666666666,14.5,978.4375,0.2,35.125,91.16515162191304,8,4,0,monsoon,-85,0
2020-08-22,14.9,14.9,1,0,14.9,,,0,0,28.620833333333334,26.1,32.6,75.20833333333333,23.65833333333333,5.0320833333333335,13.7,977.7791666666668,0.1,33.416666666666664,89.79301946320942,8,5,1,monsoon,-84,0
2020-08-23,16.9,16.95,4,0,16.5,49.4,53.9,3,0,28.09583333333333,25.8,31.4,81.45833333333333,24.52083333333333,4.8029166666666665,12.9,976.5333333333332,2.0,47.375,90.1821156479051,8,6,1,monsoon,-83,0
2020-08-24,16.6286,17.6,7,0,11.4,32.05,31.15,6,0,27.75,25.5,30.6,82.375,24.375,4.2995833333333335,12.3,976.75,0.8,58.66666666666666,117.59788916879734,8,0,0,monsoon,-82,0
2020-08-25,,,0,0,,,,0,0,28.491666666666664,25.6,31.8,80.04166666666667,24.59583333333333,2.98375,9.1,978.7166666666668,0.9,36.708333333333336,141.48909238550243,8,1,0,monsoon,-81,0
2020-08-26,12.5,12.5,1,0,12.5,,,0,0,28.979166666666668,26.1,32.2,78.58333333333333,24.729166666666668,2.0883333333333334,7.2,979.9375,0.9,39.5,247.14345966401643,8,2,0,monsoon,-80,0
2020-08-27,14.3,14.3,1,0,14.3,,,0,0,28.704166666666666,26.6,31.5,80.25,24.879166666666663,1.872083333333333,6.8,979.4166666666666,1.1,70.54166666666667,299.7912342882884,8,3,0,monsoon,-79,0
2020-08-28,28.81,29.65,10,0,22.1,77.4111,75.0,9,0,28.52916666666667,26.0,33.0,84.20833333333333,25.40416666666667,1.56375,10.5,977.5833333333334,2.8000000000000003,50.66666666666666,39.44695218608979,8,4,0,monsoon,-78,0
2020-08-29,31.7375,30.55,8,0,26.8,75.8857,75.7,7,0,28.55,25.4,32.5,83.45833333333333,25.27083333333333,2.0108333333333333,8.9,977.2625,1.8,39.458333333333336,99.75743723177936,8,5,1,monsoon,-77,0
2020-08-30,12.7,12.7,1,0,12.7,,,0,0,27.96666666666667,26.3,30.4,78.95833333333333,23.929166666666664,5.611250000000001,17.4,976.8958333333334,2.4,31.541666666666668,94.87429380761716,8,6,1,monsoon,-76,0
2020-08-31,13.5127,11.9,11,0,7.44,37.98,39.15,10,0,27.90833333333333,25.2,31.5,77.41666666666667,23.454166666666666,4.492083333333333,11.3,979.125,1.5,51.41666666666666,142.78443997406714,8,0,0,monsoon,-75,0
2020-09-01,18.0167,16.55,6,0,14.8,49.06,44.9,5,0,28.570833333333336,25.2,32.4,75.04166666666667,23.53333333333333,2.627083333333333,7.0,980.65,1.3,36.208333333333336,183.3398751879173,9,1,0,monsoon,-74,0
2020-09-02,19.3456,21.9,9,0,16.7,64.925,57.45,8,0,28.8625,25.5,32.4,76.16666666666667,24.0875,1.8241666666666667,6.6,982.5333333333332,0.8,93.125,252.92582628732404,9,2,0,monsoon,-73,0
2020-09-03,28.9091,30.3,11,0,30.3,82.11,71.85,10,0,28.4875,26.2,31.5,83.375,25.304166666666664,2.8833333333333333,12.3,983.1375,5.4,56.833333333333336,108.99743312640396,9,3,0,monsoon,-72,0
2020-09-04,,,0,0,,,,0,0,28.879166666666663,26.2,32.3,81.08333333333333,25.20833333333333,2.7670833333333333,9.7,982.1458333333334,2.5,34.25,124.51767607942782,9,4,0,monsoon,-71,0
2020-09-05,32.5778,28.3,9,0,17.0,75.8875,78.65,8,0,28.34166666666667,25.8,33.1,84.54166666666667,25.33333333333333,1.3550000000000002,6.1,980.4166666666666,9.6,45.66666666666666,215.785620579928,9,5,1,monsoon,-70,0
2020-09-06,23.8,23.8,1,0,23.8,,,0,0,28.22083333333333,25.9,31.3,86.04166666666667,25.55,1.5170833333333331,6.2,979.3291666666668,5.3,46.04166666666666,288.71141828421617,9,6,1,monsoon,-69,0
2020-09-07,35.6625,37.55,8,0,45.0,95.7429,104.0,7,0,28.754166666666663,25.9,32.1,82.91666666666667,25.441666666666663,1.2508333333333332,6.2,979.8958333333334,4.5,42.66666666666666,317.51263812842564,9,0,0,monsoon,-68,0
2020-09-08,32.4625,30.2,8,0,28.2,79.3625,76.8,8,0,29.3375,26.1,32.9,79.0,25.15,1.5045833333333334,6.0,980.5,0.4,46.583333333333336,296.7900171678808,9,1,0,monsoon,-67,0
2020-09-09,43.18,41.75,10,0,49.6,124.6,116.5,8,0,29.8,25.9,34.1,73.70833333333333,24.308333333333334,1.92625,7.7,980.25,0.0,20.45833333333333,307.08929578578545,9,2,0,monsoon,-66,0
2020-09-10,,,0,0,,,,0,0,29.808333333333334,26.0,34.3,71.66666666666667,23.804166666666664,2.39,8.5,977.9125,0.0,23.20833333333333,290.68487637996105,9,3,0,monsoon,-65,0
2020-09-11,56.8,56.8,1,0,56.8,,,0,0,30.254166666666663,25.9,34.9,68.54166666666667,23.47083333333333,1.8808333333333331,7.6,978.225,0.0,16.875,307.6404641306348,9,4,0,monsoon,-64,0
2020-09-12,59.25,53.55,4,0,52.2,117.3333,122.0,3,0,30.245833333333334,25.5,34.7,69.625,23.695833333333336,1.7254166666666666,6.0,980.825,0.0,35.583333333333336,19.394293638220745,9,5,1,monsoon,-63,0
2020-09-13,63.887,65.0,23,0,59.9,145.6783,147.0,23,0,29.975,25.9,33.6,72.41666666666667,24.191666666666663,1.6791666666666665,6.3,980.9083333333332,0.0,38.625,23.29436860367923,9,6,1,monsoon,-62,0
2020-09-14,65.1412,67.9,17,0,67.9,160.5294,164.0,17,0,29.808333333333334,26.5,33.7,77.20833333333333,25.05,1.4641666666666666,5.8,979.8333333333334,0.6000000000000001,43.833333333333336,64.73366903340127,9,0,0,monsoon,-61,0
2020-09-15,52.8333,53.2,9,0,57.2,146.5,140.5,8,0,30.80416666666667,26.1,35.2,68.58333333333333,23.9,1.4608333333333334,7.8,979.2375,0.0,33.833333333333336,331.0892391803046,9,1,0,monsoon,-60,0
2020-09-16,65.7,65.7,2,0,60.3,234.0,234.0,1,0,31.416666666666668,26.8,36.3,65.08333333333333,23.59166666666667,1.93125,6.9,978.8916666666668,0.0,13.208333333333334,291.45019023402824,9,2,0,monsoon,-59,0
2020-09-17,45.1579,44.3,19,0,,131.6136,120.0,22,0,31.7,27.2,36.6,61.125,22.9375,2.864583333333333,12.6,978.4958333333334,0.0,18.08333333333333,295.34516170260724,9,3,0,monsoon,-58,0
2020-09-18,31.64,30.9,5,0,37.3,102.1,102.8,4,0,32.079166666666666,27.4,37.3,57.708333333333336,22.33333333333333,2.71875,9.9,977.55,0.0,21.666666666666668,285.5283560597384,9,4,0,monsoon,-57,0
2020-09-19,51.7,51.7,1,0,51.7,,,0,0,31.416666666666668,26.9,36.2,63.083333333333336,23.104166666666668,1.7054166666666666,7.5,977.8416666666668,0.0,21.58333333333333,352.1698718490899,9,5,1,monsoon,-56,0
2020-09-20,58.4545,59.25,22,0,59.5,140.519,140.0,21,0,30.704166666666666,26.4,36.0,66.54166666666667,23.02083333333333,2.367083333333333,8.9,977.4416666666666,0.0,20.625,355.0260996352602,9,6,1,monsoon,-55,0
2020-09-21,53.29,57.4,10,0,58.8,154.3333,151.0,9,0,30.870833333333334,25.2,35.6,61.958333333333336,22.2375,1.9495833333333328,6.3,976.2916666666666,0.0,3.6666666666666665,353.426069934411,9,0,0,monsoon,-54,0
2020-09-22,30.35,28.45,10,0,29.3,90.0444,88.1,9,0,30.21666666666667,26.7,33.5,72.54166666666667,24.5875,2.3175000000000003,9.0,976.7958333333332,5.7,28.291666666666668,100.44033269300786,9,1,0,monsoon,-53,0
2020-09-23,22.9,22.9,1,0,22.9,,,0,0,29.570833333333336,26.1,32.7,73.08333333333333,24.104166666666668,2.3575,7.1,977.1125,2.3,48.75,105.5563621287655,9,2,0,monsoon,-52,0
2020-09-24,32.4,32.4,1,0,32.4,,,0,0,29.666666666666668,25.5,35.4,69.45833333333333,22.875,2.0908333333333333,9.0,978.7166666666668,0.0,28.541666666666668,28.623765006512823,9,3,0,monsoon,-51,0
2020-09-25,60.6333,54.05,6,0,50.7,183.8,146.0,5,0,30.59166666666667,25.8,36.6,58.66666666666666,20.78333333333333,3.190416666666667,10.5,978.2625,0.0,6.375,276.85071909191106,9,4,0,monsoon,-50,0
2020-09-26,55.3562,53.45,16,0,53.3,175.3125,172.5,16,0,29.229166666666668,24.3,34.6,56.25,19.125,2.6945833333333336,9.9,978.4541666666668,0.0,20.291666666666668,277.16177551066454,9,5,1,monsoon,-49,0
2020-09-27,36.2111,32.1,9,0,32.1,122.8667,120.0,9,0,28.90416666666667,24.2,34.7,57.875,19.229166666666668,2.462916666666666,7.0,981.05,0.0,4.458333333333333,296.28275065879035,9,6,1,monsoon,-48,0
2020-09-28,63.6,64.1,25,0,66.3,198.236,195.0,25,0,28.5375,23.5,34.8,57.125,18.441666666666663,2.79125,10.1,982.2041666666668,0.0,0.0416666666666666,306.8264598551175,9,0,0,monsoon,-47,0
2020-09-29,63.9571,63.75,14,0,64.9,202.4167,200.5,12,0,28.075,22.4,34.5,54.583333333333336,17.5,3.00625,11.0,981.85,0.0,0.125,301.77489783237047,9,1,0,monsoon,-46,0
2020-09-30,54.6,54.6,1,0,54.6,,,0,0,27.891666666666666,22.0,34.5,50.875,16.145833333333332,3.3775,10.8,980.6333333333332,0.0,1.0416666666666667,300.36923417865665,9,2,0,monsoon,-45,0
2020-10-01,60.1727,59.0,11,0,56.1,191.2,180.5,10,0,28.354166666666668,22.1,35.2,52.16666666666666,17.033333333333335,2.9254166666666666,10.0,980.2791666666668,0.0,0.0,299.2171176474937,10,3,0,post_monsoon,-44,0
2020-10-02,64.8,64.8,8,0,66.3,206.5714,201.0,7,0,27.92083333333333,21.7,34.7,58.75,18.229166666666668,2.2295833333333333,7.5,980.8458333333332,0.0,0.0,294.7857244536343,10,4,0,post_monsoon,-43,0
2020-10-03,66.98,68.0,10,0,75.8,201.2,193.5,10,0,27.316666666666663,21.1,33.7,55.875,16.4875,2.349166666666666,7.7,981.9083333333332,0.0,0.0,308.8572578475485,10,5,1,post_monsoon,-42,0
2020-10-04,,,0,0,,,,0,0,26.425,18.3,33.5,52.083333333333336,14.904166666666669,2.38,7.9,982.7166666666668,0.0,0.0,303.9772588740152,10,6,1,post_monsoon,-41,0
2020-10-05,65.74,74.9,5,0,67.0,225.5,230.5,4,0,26.7125,20.1,34.0,50.458333333333336,14.820833333333333,3.0270833333333336,10.0,982.3208333333332,0.0,0.0,302.8894546441132,10,0,0,post_monsoon,-40,0
2020-10-06,55.0,65.85,6,0,67.9,206.1667,211.0,6,0,26.7125,19.4,34.1,52.458333333333336,15.4375,2.9320833333333334,9.9,982.7083333333334,0.0,0.0,309.7468560326663,10,1,0,post_monsoon,-39,0
2020-10-07,83.6625,85.55,8,0,82.4,230.8571,223.0,7,0,26.79583333333333,20.2,34.5,56.79166666666666,16.400000000000002,2.0375,7.7,984.4416666666666,0.0,0.0,307.48559434089583,10,2,0,post_monsoon,-38,0
2020-10-08,73.9333,73.95,6,0,74.2,207.6,213.0,5,0,26.975,19.4,34.0,56.04166666666666,16.337500000000002,1.9566666666666668,7.5,984.9625,0.0,0.0,308.3389586443529,10,3,0,post_monsoon,-37,0
2020-10-09,68.6625,73.9,8,0,82.2,197.5714,208.0,7,0,27.05,19.5,33.5,56.16666666666666,16.716666666666665,1.5729166666666667,5.7,985.2208333333332,0.0,0.0,318.32350649691284,10,4,0,post_monsoon,-36,0
2020-10-10,92.4,92.4,1,0,92.4,,,0,0,27.33333333333333,20.5,33.7,54.583333333333336,16.629166666666666,1.92375,7.5,983.9833333333332,0.0,7.875,298.09041123467654,10,5,1,post_monsoon,-35,0
2020-10-11,83.57,83.25,10,0,90.0,212.0,205.0,9,0,27.491666666666664,20.5,33.7,53.083333333333336,16.325,2.02,8.4,982.0875,0.0,0.0833333333333333,315.3933916317791,10,6,1,post_monsoon,-34,0
2020-10-12,110.0,110.0,1,0,110.0,,,0,0,27.28333333333333,20.2,33.2,59.583333333333336,18.1,1.75625,6.8,980.6166666666668,0.0,0.0416666666666666,38.86758380589868,10,0,0,post_monsoon,-33,0
2020-10-13,110.3889,116.0,9,0,116.0,265.2857,270.0,7,0,27.429166666666664,21.4,34.0,62.208333333333336,18.558333333333334,2.24,7.1,981.4958333333334,0.0,8.916666666666666,90.6933847725786,10,1,0,post_monsoon,-32,0
2020-10-14,139.5,139.5,2,0,112.0,319.0,319.0,1,0,27.6125,22.5,33.1,65.875,20.016666666666666,1.9729166666666669,7.4,982.8583333333332,0.0,22.291666666666668,60.88041565168999,10,2,0,post_monsoon,-31,0
2020-10-15,151.475,153.5,4,0,132.0,309.6667,267.0,3,0,27.325,21.8,33.5,55.583333333333336,16.408333333333335,2.1891666666666665,7.4,983.3833333333332,0.0,4.083333333333333,27.640830408649663,10,3,0,post_monsoon,-30,0
2020-10-16,98.6,108.0,9,0,95.3,261.75,265.0,8,0,25.675,18.5,32.9,46.66666666666666,12.1625,1.8858333333333333,5.2,983.2,0.0,0.0,351.8098224941341,10,4,0,post_monsoon,-29,0
2020-10-17,111.6333,108.0,9,0,119.0,282.75,283.5,8,0,27.0375,21.4,33.2,43.25,12.716666666666669,1.5995833333333334,5.5,983.9875,0.0,0.0,18.691807533312044,10,5,1,post_monsoon,-28,0
2020-10-18,98.7714,89.2,14,0,108.0,218.1538,182.0,13,0,26.15416666666667,19.3,33.2,39.083333333333336,9.8125,2.4745833333333334,7.6,983.9958333333334,0.0,1.625,304.96452317949775,10,6,1,post_monsoon,-27,0
2020-10-19,94.4235,93.4,17,0,106.0,225.8125,235.5,16,0,25.33333333333333,19.3,32.4,36.04166666666666,8.820833333333333,2.52625,8.4,983.6583333333332,0.0,7.375,301.05071353225355,10,0,0,post_monsoon,-26,0
2020-10-20,112.7529,117.0,17,0,97.8,270.3056,290.0,18,0,24.945833333333336,17.3,33.0,35.916666666666664,7.620833333333334,2.4675,8.6,983.2833333333332,0.0,0.0,330.3743301258732,10,1,0,post_monsoon,-25,0
2020-10-21,114.2136,120.5,22,0,91.7,289.2857,277.0,21,0,25.45833333333333,17.2,33.4,41.833333333333336,9.916666666666666,2.02625,5.6,984.4458333333332,0.0,21.58333333333333,71.86756182415292,10,2,0,post_monsoon,-24,0
2020-10-22,168.5,159.0,17,0,141.0,347.9375,366.5,16,0,26.27083333333333,20.3,32.5,42.125,11.75,1.8083333333333331,5.3,983.1916666666666,0.0,35.666666666666664,51.07972902208081,10,3,0,post_monsoon,-23,0
2020-10-23,174.8889,190.0,9,0,193.0,313.875,303.0,8,0,25.391666666666666,17.7,32.5,43.833333333333336,10.516666666666667,2.0379166666666664,6.9,983.0458333333332,0.0,7.416666666666667,10.914197854026211,10,4,0,post_monsoon,-22,0
2020-10-24,196.92,189.0,25,0,161.0,384.48,388.0,25,0,24.9,18.7,32.4,42.5,9.970833333333331,2.12625,7.8,983.8958333333334,0.0,0.0,314.41213695453456,10,5,1,post_monsoon,-21,0
2020-10-25,199.2609,199.0,23,0,163.0,377.381,397.0,21,0,25.641666666666666,18.2,32.9,41.79166666666666,10.391666666666667,1.829583333333333,7.1,986.2166666666668,0.0,0.625,24.567539985756184,10,6,1,post_monsoon,-20,0
2020-10-26,211.7083,202.5,24,0,185.0,404.12,410.0,25,0,25.15,18.5,32.2,41.75,9.941666666666666,2.00125,7.0,987.6041666666666,0.0,20.08333333333333,341.1267803161881,10,0,0,post_monsoon,-19,0
2020-10-27,171.0577,168.0,26,0,166.0,335.9615,339.5,26,0,23.15416666666667,16.8,30.8,34.666666666666664,5.8500000000000005,3.0629166666666663,9.2,987.3291666666668,0.0,0.0,301.2161816258724,10,1,0,post_monsoon,-18,0
2020-10-28,174.0042,170.5,24,0,160.0,362.9565,360.0,23,0,23.116666666666664,15.3,30.2,38.75,7.554166666666667,1.9375,5.3,988.0,0.0,0.0,316.9602169653993,10,2,0,post_monsoon,-17,0
2020-10-29,254.7792,239.5,24,0,223.0,466.3462,478.5,26,0,23.975,16.7,30.2,44.75,10.041666666666666,1.5145833333333334,5.4,988.9291666666668,0.0,0.0,20.334899847489567,10,3,0,post_monsoon,-16,0
2020-10-30,194.4,185.0,5,0,223.0,445.75,452.0,4,0,22.391666666666666,14.5,30.1,46.375,8.995833333333334,2.4891666666666667,8.2,988.6916666666666,0.0,0.0,302.5014951230221,10,4,0,post_monsoon,-15,0
2020-10-31,277.48,290.0,25,0,266.0,452.3846,449.0,26,0,21.9,15.1,30.1,39.5,6.754166666666666,2.985,9.2,988.4375,0.0,0.0,303.83550388878086,10,5,1,post_monsoon,-14,0
2020-11-01,128.56,119.0,15,0,242.0,270.4615,284.0,13,0,21.475,14.3,29.0,30.166666666666668,2.595833333333333,2.985416666666667,9.3,988.9666666666668,0.0,0.0,287.187674733695,11,6,1,post_monsoon,-13,0
2020-11-02,153.844,144.0,25,0,135.0,312.0385,325.5,26,0,21.925,13.7,29.4,29.125,2.333333333333333,2.7925,9.4,989.7875,0.0,0.0,289.90459768480406,11,0,0,post_monsoon,-12,0
2020-11-03,,,0,0,,,,0,0,21.8875,12.8,29.7,32.0,3.145833333333333,2.015,7.2,989.1208333333334,0.0,0.0,265.6752220667381,11,1,0,post_monsoon,-11,0
2020-11-04,329.9286,339.0,14,0,354.0,545.3077,587.0,13,0,21.40833333333333,13.8,29.0,39.0,6.308333333333334,2.555,8.3,987.8958333333334,0.0,0.0,269.814234561564,11,2,0,post_monsoon,-10,0
2020-11-05,294.4043,287.0,23,0,273.0,460.0417,466.0,24,0,22.65,14.6,30.1,39.91666666666666,7.308333333333334,2.2275,6.8,989.1666666666666,0.0,0.0,283.40075271878646,11,3,0,post_monsoon,-9,0
2020-11-06,245.1957,240.0,23,0,224.0,453.76,471.0,25,0,21.9625,13.4,30.3,41.41666666666666,7.1125,2.3941666666666666,7.1,991.7416666666668,0.0,0.0,281.6035494740949,11,4,0,post_monsoon,-8,0
2020-11-07,330.6812,357.5,16,0,320.0,543.3333,552.0,15,0,21.391666666666666,14.2,29.5,42.54166666666666,7.229166666666667,2.859583333333333,8.9,992.6333333333332,0.0,0.0,284.33560040827507,11,5,1,post_monsoon,-7,0
2020-11-08,289.18,306.5,10,0,307.0,508.25,510.5,8,0,21.504166666666663,12.6,29.2,45.5,8.170833333333333,1.5629166666666665,6.1,993.3416666666668,0.0,0.0,299.0106491585672,11,6,1,post_monsoon,-6,0
2020-11-09,453.7778,493.0,9,4,549.0,696.4,682.0,5,1,20.95833333333333,12.7,28.7,52.29166666666666,9.833333333333334,1.9620833333333332,6.7,991.9041666666668,0.0,0.0,354.58418098839206,11,0,0,post_monsoon,-5,1
2020-11-10,405.7778,447.0,9,0,487.0,639.2,630.0,5,1,21.116666666666667,15.3,27.7,57.333333333333336,11.741666666666667,1.6762499999999998,6.8,990.7333333333332,0.0,5.208333333333333,79.47321244857903,11,1,0,post_monsoon,-4,1
2020-11-11,160.29,156.5,10,0,120.0,318.3333,323.0,9,0,20.633333333333333,14.5,27.7,62.208333333333336,12.158333333333331,2.146666666666667,6.2,992.3958333333334,0.0,0.4583333333333333,82.74667995206431,11,2,0,post_monsoon,-3,1
2020-11-12,144.0,141.5,20,0,159.0,295.75,290.0,20,0,20.975,13.9,27.3,57.875,11.425,1.6441666666666668,5.0,993.7375,0.0,9.541666666666666,57.372031712121554,11,3,0,post_monsoon,-2,1
2020-11-13,153.2444,161.0,9,0,161.0,333.6667,346.0,9,0,21.05,13.4,27.2,53.04166666666666,10.433333333333334,1.4129166666666666,5.3,992.425,0.0,0.0,293.3578268330206,11,4,0,post_monsoon,-1,1
2020-11-14,316.75,361.0,8,0,360.0,514.75,505.5,4,0,20.45833333333333,14.2,27.9,54.5,10.170833333333333,1.6941666666666668,4.4,990.0833333333334,0.0,29.041666666666668,321.2312341599832,11,5,1,post_monsoon,0,1
2020-11-15,259.2556,306.0,9,0,306.0,414.6,422.0,5,0,21.1625,15.8,29.0,61.04166666666666,12.495833333333332,3.9379166666666663,10.5,989.5666666666666,4.2,36.583333333333336,130.67278166895426,11,6,1,post_monsoon,1,1
2020-11-16,76.9286,76.5,7,0,93.9,129.5714,129.0,7,0,19.508333333333333,16.2,25.1,79.16666666666667,15.358333333333334,2.68875,8.6,991.3166666666666,8.2,32.333333333333336,68.10354814159638,11,0,0,post_monsoon,2,1
2020-11-17,65.4714,66.5,7,0,80.2,126.1667,131.5,6,0,18.704166666666666,14.5,24.1,73.5,13.420833333333334,2.3091666666666666,7.2,989.825,0.0,8.041666666666666,315.48084934075814,11,1,0,post_monsoon,3,1
2020-11-18,105.4769,97.3,13,0,112.0,186.25,182.0,12,0,17.854166666666668,13.5,23.8,67.95833333333333,11.35,1.954583333333333,5.9,988.4833333333332,0.0,2.5416666666666665,323.52200010508403,11,2,0,post_monsoon,4,1
2020-11-19,112.23,108.5,10,0,127.0,220.6667,224.0,9,0,17.245833333333334,12.7,23.2,63.208333333333336,9.7875,1.8670833333333332,5.7,989.0,0.0,23.25,351.3178554233429,11,3,0,post_monsoon,5,1
2020-11-20,116.1667,109.0,9,0,135.0,226.625,223.5,8,0,16.525000000000002,11.3,23.6,57.625,7.483333333333333,3.1216666666666666,9.1,990.3583333333332,0.0,0.0,312.7926527169933,11,4,0,post_monsoon,6,0
2020-11-21,95.7111,93.6,9,0,130.0,188.625,195.0,8,0,16.370833333333334,11.6,22.6,52.5,6.125,3.9291666666666663,11.8,990.7916666666666,0.0,0.0,296.5788021356601,11,5,1,post_monsoon,7,0
2020-11-22,111.7667,103.0,9,0,138.0,209.2857,205.0,7,0,15.804166666666667,10.0,22.6,52.958333333333336,5.445833333333333,2.7570833333333336,8.0,991.3291666666668,0.0,22.08333333333333,289.16803712329227,11,6,1,post_monsoon,8,0
2020-11-23,147.0,147.0,1,0,147.0,,,0,0,15.8625,9.0,23.1,57.833333333333336,6.954166666666667,1.6170833333333334,4.1,991.6,0.0,3.0,32.36651515781432,11,0,0,post_monsoon,9,0
2020-11-24,200.1,200.5,10,0,235.0,369.375,367.5,8,0,16.154166666666665,9.8,23.0,62.16666666666666,8.220833333333333,1.99625,4.5,991.1625,0.0,66.29166666666667,100.23416053331556,11,1,0,post_monsoon,10,0
2020-11-25,272.0,272.0,1,0,272.0,,,0,0,17.041666666666668,13.7,22.1,63.625,9.704166666666667,2.4945833333333334,6.9,991.5083333333332,0.0,90.45833333333331,78.08972062539823,11,2,0,post_monsoon,11,0
2020-11-26,167.0,167.0,1,0,167.0,,,0,0,17.291666666666668,13.5,22.5,68.54166666666667,11.058333333333332,2.1308333333333334,6.5,993.8083333333334,0.7000000000000001,36.125,0.7608169807914464,11,3,0,post_monsoon,12,0
2020-11-27,81.2,81.2,1,0,81.2,,,0,0,17.329166666666666,12.3,24.1,66.70833333333333,10.5375,3.3779166666666662,8.6,995.3583333333332,0.0,0.0,307.1382355511959,11,4,0,post_monsoon,13,0
2020-11-28,94.7778,85.5,9,0,118.0,203.5714,209.0,7,0,16.470833333333335,11.2,23.8,63.125,8.754166666666666,3.1741666666666664,8.5,994.225,0.0,0.0,288.1311035578642,11,5,1,post_monsoon,14,0
2020-11-29,104.5556,104.0,9,0,118.0,219.625,236.0,8,0,15.579166666666666,9.8,23.4,63.66666666666666,7.891666666666667,2.405,5.8,992.8875,0.0,1.7083333333333333,287.82715121746713,11,6,1,post_monsoon,15,0
2020-11-30,145.91,141.5,10,0,163.0,287.0,303.0,9,0,16.2375,10.0,24.0,64.83333333333333,8.9125,2.08375,5.7,991.9291666666668,0.0,1.8333333333333333,292.69677931872724,11,0,0,post_monsoon,16,0
2020-12-01,197.4,193.5,10,0,215.0,374.5556,393.0,9,0,16.595833333333335,10.1,24.5,69.25,10.166666666666666,2.13125,6.2,992.1125,0.0,0.0,297.43221043312064,12,1,0,post_monsoon,17,0
2020-12-02,188.0,182.5,10,0,216.0,346.1111,356.0,9,0,17.6875,11.0,25.6,66.45833333333333,10.545833333333333,2.8175000000000003,8.5,990.1583333333332,0.0,0.0,281.71384419169715,12,2,0,post_monsoon,18,0
2020-12-03,,,0,0,,,,0,0,18.5375,11.6,25.5,64.41666666666667,11.008333333333333,1.7391666666666667,4.9,989.3083333333334,0.0,0.0,285.9404064590148,12,3,0,post_monsoon,19,0
2020-12-04,210.11,216.5,10,0,232.0,388.7778,393.0,9,0,18.67083333333333,11.4,26.8,64.20833333333333,10.770833333333334,2.0929166666666665,5.3,987.7875,0.0,0.4166666666666667,124.57396791070852,12,4,0,post_monsoon,20,0
2020-12-05,193.2222,213.0,9,0,254.0,359.0,350.0,9,0,18.95,13.1,26.5,67.625,12.233333333333334,2.82625,7.5,988.2083333333334,0.0,0.0,118.30797137915243,12,5,1,post_monsoon,21,0
2020-12-06,192.0222,209.0,9,0,224.0,377.875,359.0,8,0,18.98333333333333,13.6,26.7,71.41666666666667,12.958333333333334,1.9016666666666664,5.4,990.3625,0.0,7.791666666666667,123.06393619693,12,6,1,post_monsoon,22,0
2020-12-07,219.8875,229.5,8,0,299.0,406.875,388.5,8,0,18.40833333333333,13.0,26.0,74.5,13.070833333333333,2.61875,7.7,991.8541666666666,0.0,0.0,290.67510919839503,12,0,0,post_monsoon,23,0
2020-12-08,178.49,177.5,10,0,195.0,350.7778,330.0,9,0,18.26666666666667,11.7,25.6,73.20833333333333,12.845833333333331,1.8866666666666667,5.4,991.9416666666666,0.0,0.0,338.7897574550525,12,1,0,post_monsoon,24,0
2020-12-09,159.3222,173.0,9,0,181.0,334.625,324.0,8,0,19.45833333333333,12.5,26.0,67.54166666666667,12.8875,1.5775,4.6,990.2458333333334,0.0,0.4583333333333333,338.4054140181356,12,2,0,post_monsoon,25,0
2020-12-10,112.84,110.0,10,0,128.0,248.5556,256.0,9,0,18.683333333333334,13.1,26.3,68.45833333333333,11.941666666666668,2.148333333333333,5.9,989.7791666666668,0.0,3.125,333.17153571396034,12,3,0,post_monsoon,26,0
2020-12-11,127.6,126.0,8,0,146.0,251.0,212.0,7,0,18.9,13.0,25.4,70.16666666666667,12.729166666666666,1.8825,5.5,989.55,0.2,23.791666666666668,106.67072146351506,12,4,0,post_monsoon,27,0
2020-12-12,,,0,0,,,,0,0,17.9375,14.7,22.9,82.29166666666667,14.6,1.7391666666666667,7.1,990.0291666666668,0.8999999999999999,19.375,38.991390174294565,12,5,1,post_monsoon,28,0
2020-12-13,,,0,0,,,,0,0,15.079166666666666,10.7,21.0,67.83333333333333,8.3125,3.0570833333333334,9.3,990.3083333333334,0.0,0.0,312.08045020170226,12,6,1,post_monsoon,29,0
2020-12-14,72.83,71.2,10,0,87.0,135.8889,130.0,9,0,12.654166666666669,8.4,19.8,70.375,6.720833333333334,2.6916666666666664,8.2,991.2541666666666,0.0,0.0,318.7302114550419,12,0,0,post_monsoon,30,0
2020-12-15,103.38,103.3,10,0,128.0,195.3333,186.0,9,0,11.3125,6.4,18.5,71.66666666666667,5.604166666666667,2.4170833333333333,6.9,993.3958333333334,0.0,0.2083333333333333,329.73278927320564,12,1,0,post_monsoon,31,0
2020-12-16,96.8222,99.2,9,0,130.0,188.375,173.5,8,0,11.491666666666667,6.8,18.8,70.125,5.608333333333333,2.922916666666667,8.2,995.4166666666666,0.0,0.375,314.3802809005455,12,2,0,post_monsoon,32,0
2020-12-17,107.3444,101.0,9,0,148.0,186.25,172.5,8,0,10.216666666666669,5.3,16.4,64.875,3.454166666666667,3.870416666666667,9.6,994.6458333333334,0.0,0.0,300.91875842001343,12,3,0,post_monsoon,33,0
2020-12-18,109.9,104.0,10,0,134.0,222.2222,243.0,9,0,11.070833333333333,5.9,17.9,57.708333333333336,2.629166666666667,3.891666666666667,10.2,992.925,0.0,0.0,292.4665317586213,12,4,0,post_monsoon,34,0
2020-12-19,154.6,149.0,10,0,197.0,292.4444,262.0,9,0,12.229166666666666,6.3,19.7,59.16666666666666,3.9291666666666663,3.635,9.8,993.4791666666666,0.0,0.0,290.1824537102935,12,5,1,post_monsoon,35,0
2020-12-20,150.7,140.0,10,0,183.0,282.0,292.0,9,0,13.470833333333331,7.1,20.9,60.75,5.654166666666666,3.45375,8.8,993.775,0.0,72.58333333333333,292.0846596173045,12,6,1,post_monsoon,36,0
2020-12-21,149.81,143.0,10,0,181.0,255.2222,244.0,9,0,13.2125,7.9,19.6,69.91666666666667,7.583333333333333,2.5070833333333336,5.8,991.9958333333334,0.0,82.25,297.0855793108223,12,0,0,post_monsoon,37,0
2020-12-22,293.0,293.0,1,0,293.0,,,0,0,14.091666666666669,7.9,21.0,71.20833333333333,8.475,1.91375,5.7,990.7625,0.0,41.625,294.0692390309739,12,1,0,post_monsoon,38,0
2020-12-23,303.0,311.0,10,0,349.0,497.125,446.5,8,0,13.966666666666669,6.2,21.2,71.75,8.450000000000001,1.7679166666666666,4.8,989.825,0.0,0.1666666666666666,302.5150191310113,12,2,0,post_monsoon,39,0
2020-12-24,264.0,256.5,10,0,335.0,426.25,401.5,8,0,13.808333333333332,6.8,21.8,66.5,6.816666666666666,2.385,7.0,990.2125,0.0,0.0,318.8392997660114,12,3,0,post_monsoon,40,0
2020-12-25,172.1,161.0,10,0,212.0,311.75,307.5,8,0,13.354166666666666,6.4,20.9,65.33333333333333,6.3125,2.580833333333333,8.3,991.3458333333332,0.0,0.0833333333333333,308.15927573048054,12,4,0,post_monsoon,41,0
2020-12-26,176.6,174.5,10,0,205.0,298.0,278.5,8,0,12.7875,6.6,20.1,70.875,7.008333333333333,2.685833333333333,8.1,990.5833333333334,0.0,47.333333333333336,299.9098281427123,12,5,1,post_monsoon,42,0
2020-12-27,216.6,217.0,10,0,270.0,364.4444,361.0,9,0,14.929166666666667,9.3,22.0,64.33333333333333,7.629166666666666,2.7825,10.5,988.175,0.2,37.54166666666666,151.9212888379967,12,6,1,post_monsoon,43,0
2020-12-28,97.525,95.35,8,0,96.5,256.625,263.5,8,0,12.020833333333334,6.8,17.8,52.708333333333336,1.8,2.97625,10.3,991.0916666666668,0.0,3.75,341.0620667267885,12,0,0,post_monsoon,44,0
2020-12-29,108.13,108.0,10,0,128.0,270.2222,271.0,9,0,10.308333333333334,5.5,16.5,66.83333333333333,3.9791666666666665,3.1308333333333334,9.7,992.2125,0.0,1.875,316.54449259513035,12,1,0,post_monsoon,45,0
2020-12-30,120.6444,135.0,9,0,168.0,219.75,219.0,8,0,9.733333333333333,5.1,16.6,76.41666666666667,5.283333333333333,2.8495833333333334,7.8,993.6041666666666,0.0,3.625,310.4978570695385,12,2,0,post_monsoon,46,0
2020-12-31,191.1,193.0,10,0,253.0,313.6667,322.0,9,0,9.766666666666667,4.9,17.1,79.29166666666667,5.904166666666666,2.527083333333333,7.0,992.8416666666668,0.0,48.625,292.31582936795286,12,3,0,post_monsoon,47,0
2021-01-01,332.1,352.5,10,0,392.0,496.4286,489.0,7,0,10.504166666666666,3.5,18.1,74.625,5.654166666666666,1.5741666666666667,6.1,992.1083333333332,0.0,19.625,102.66155588887295,1,4,0,winter,48,0
2021-01-02,,,0,0,,,,0,0,13.708333333333334,9.7,18.5,72.375,8.725,2.6750000000000003,7.8,990.9583333333334,4.5,48.583333333333336,107.89342371553256,1,5,1,winter,49,0
2021-01-03,76.8,69.55,8,0,125.0,110.7125,91.75,8,0,16.037499999999998,12.3,21.0,83.08333333333333,12.966666666666669,4.2058333333333335,12.5,989.2333333333332,8.1,32.125,121.29719545040564,1,6,1,winter,50,0
2021-01-04,91.9545,86.0,22,0,85.8,122.16,120.5,20,0,16.679166666666667,13.0,22.3,88.08333333333333,14.541666666666666,2.75125,9.0,990.5708333333332,5.6,69.875,96.25075559749804,1,0,0,winter,51,0
2021-01-05,56.2478,53.9,23,0,68.2,79.9333,76.75,24,0,17.525000000000002,14.0,21.8,83.70833333333333,14.645833333333334,2.98,8.0,990.2291666666666,2.8000000000000003,67.125,94.10097821238747,1,1,0,winter,52,0
2021-01-06,123.4333,124.5,24,0,129.0,180.0,178.0,25,0,17.529166666666665,14.8,21.8,86.16666666666667,14.991666666666667,2.2254166666666664,7.5,989.9125,2.7,37.5,117.37961155240316,1,2,0,winter,53,0
2021-01-07,110.1083,117.5,24,0,128.0,169.72,171.0,25,0,14.958333333333334,11.1,19.5,85.29166666666667,12.304166666666667,2.52875,7.0,989.6916666666666,0.0,35.541666666666664,296.50398980637755,1,3,0,winter,54,0
2021-01-08,140.128,139.0,25,0,159.0,235.6154,234.5,26,0,13.4375,9.0,19.1,85.16666666666667,10.758333333333333,1.75875,5.9,989.2291666666666,0.0,37.333333333333336,341.518553237949,1,4,0,winter,55,0
2021-01-09,137.488,144.0,25,0,163.0,218.8846,217.0,26,0,14.966666666666669,11.1,20.0,80.79166666666667,11.483333333333334,3.3666666666666667,9.0,990.2458333333334,0.0,31.95833333333333,318.5115258337333,1,5,1,winter,56,0
2021-01-10,124.7714,139.0,21,0,145.0,194.2174,186.0,23,0,12.320833333333333,8.7,17.7,73.95833333333333,7.416666666666667,3.88875,8.9,990.6041666666666,0.0,11.5,305.51572946245057,1,6,1,winter,57,0
2021-01-11,111.996,109.0,25,0,135.0,177.28,172.0,25,0,11.6,7.3,17.9,79.66666666666667,7.979166666666667,3.91875,11.1,990.9125,0.0,1.1666666666666667,300.7315350272152,1,0,0,winter,58,0
2021-01-12,172.1385,184.0,26,0,197.0,256.508,263.0,25,0,11.433333333333332,6.8,18.2,77.45833333333333,7.295833333333333,3.140416666666667,9.7,991.1458333333334,0.0,0.0,283.9853886872477,1,1,0,winter,59,0
2021-01-13,226.668,228.0,25,0,250.0,355.0833,352.0,24,0,10.9625,6.0,18.6,76.75,6.529166666666666,2.9604166666666667,9.0,990.2166666666668,0.0,0.0416666666666666,287.7697350209709,1,2,0,winter,60,0
2021-01-14,364.6923,394.5,26,0,423.0,518.48,529.0,25,0,11.354166666666666,4.8,18.8,78.625,7.1000000000000005,1.8583333333333332,4.8,990.6291666666666,0.0,36.91666666666666,83.24984386424285,1,3,0,winter,61,0
2021-01-15,414.5385,436.0,26,2,410.0,589.4762,528.0,21,3,12.291666666666666,8.0,19.5,82.375,8.854166666666666,1.3695833333333332,5.2,989.1458333333334,0.0,35.416666666666664,51.566435231443336,1,4,0,winter,62,0
2021-01-16,231.552,246.0,25,0,291.0,342.7083,329.5,24,0,10.333333333333334,5.3,17.1,86.125,7.804166666666667,2.155416666666667,7.1,987.8208333333332,0.0,26.291666666666668,309.64928067209047,1,5,1,winter,63,0
2021-01-17,220.072,228.0,25,0,254.0,309.48,291.0,25,0,11.470833333333331,6.7,19.0,83.20833333333333,8.354166666666666,3.1679166666666667,9.1,990.0041666666666,0.0,42.583333333333336,104.4882793649196,1,6,1,winter,64,0
2021-01-18,224.0,230.0,24,0,223.0,351.0909,349.5,22,0,13.408333333333331,10.4,18.2,86.20833333333333,11.004166666666668,2.905,8.3,990.8958333333334,3.0,50.91666666666666,89.05262869954709,1,0,0,winter,65,0
2021-01-19,236.0,244.0,26,0,297.0,351.0769,345.0,26,0,14.6625,10.1,21.0,85.04166666666667,11.9625,2.7675,7.3,988.6333333333332,0.0,3.2916666666666665,295.2140773266699,1,1,0,winter,66,0
2021-01-20,125.5458,135.5,24,0,147.0,195.76,198.0,25,0,14.258333333333333,10.1,20.1,83.41666666666667,11.245833333333332,4.1450000000000005,10.2,988.9416666666666,0.0,0.0416666666666666,284.48875793504857,1,2,0,winter,67,0
2021-01-21,129.0125,130.0,16,0,147.0,217.6667,207.0,15,0,13.675,9.3,20.5,75.66666666666667,8.979166666666666,3.9966666666666666,10.5,988.0,0.0,0.0,281.2865567064944,1,3,0,winter,68,0
2021-01-22,198.7143,190.0,7,0,223.0,327.0,327.0,6,0,13.4125,7.4,21.2,75.91666666666667,8.691666666666666,2.7045833333333333,7.2,989.1375,0.0,1.125,113.3802045536612,1,4,0,winter,69,0
2021-01-23,163.0174,174.0,23,0,185.0,259.4783,251.0,23,0,14.25,8.9,21.0,76.70833333333333,9.879166666666666,3.6354166666666665,9.5,987.55,0.0,4.833333333333333,129.37652380030715,1,5,1,winter,70,0
2021-01-24,179.3545,181.0,11,0,240.0,315.7,295.0,10,0,13.141666666666666,9.0,19.2,78.66666666666667,9.083333333333334,2.73125,8.4,990.3666666666668,0.0,6.75,303.9913499487104,1,6,1,winter,71,0
2021-01-25,165.4391,167.0,23,0,182.0,281.087,273.0,23,0,11.520833333333334,6.5,18.3,79.16666666666667,7.649999999999999,2.2920833333333333,6.7,992.3625,0.0,0.8333333333333334,303.5145329264656,1,0,0,winter,72,0
2021-01-26,166.0571,171.0,14,0,175.0,288.0769,300.0,13,0,11.7625,7.2,18.3,76.625,7.258333333333333,2.658333333333333,7.9,992.0916666666668,0.0,0.0,290.00695999979,1,1,0,winter,73,0
2021-01-27,183.0,183.0,1,0,183.0,,,0,0,11.695833333333333,6.6,18.8,73.41666666666667,6.575,2.920833333333333,8.9,991.8208333333332,0.0,0.0,294.0505294990303,1,2,0,winter,74,0
2021-01-28,258.0,258.0,1,0,258.0,,,0,0,10.85,5.6,18.1,75.25,6.025,2.39125,6.3,992.4958333333334,0.0,0.0,316.42474920564183,1,3,0,winter,75,0
2021-01-29,206.0,206.0,1,0,206.0,,,0,0,11.745833333333332,6.0,18.7,72.08333333333333,6.325,3.00625,9.5,992.9916666666668,0.0,0.0,288.28807230664165,1,4,0,winter,76,0
2021-01-30,152.0,152.0,1,0,152.0,,,0,0,12.0375,6.5,19.1,67.16666666666667,5.579166666666667,3.344583333333333,9.2,991.4958333333334,0.0,6.208333333333333,282.5528075511949,1,5,1,winter,77,0
2021-01-31,114.0,114.0,1,0,114.0,,,0,0,12.5125,5.3,20.5,65.625,5.4625,2.10375,5.5,991.7833333333332,0.0,0.0,284.1743980946739,1,6,1,winter,78,0
2021-02-01,,,0,0,,,,0,0,14.370833333333332,7.1,22.6,71.58333333333333,8.637500000000001,2.063333333333333,5.3,993.3833333333332,0.0,0.25,12.338881450868255,2,0,0,winter,79,0
2021-02-02,213.0,213.0,1,0,213.0,,,0,0,15.120833333333332,7.6,23.5,72.375,9.325,1.79375,4.5,992.0041666666666,0.0,0.0416666666666666,320.4993784700098,2,1,0,winter,80,0
2021-02-03,179.0,179.0,1,0,179.0,,,0,0,17.195833333333333,12.0,23.9,72.29166666666667,11.75,3.435,8.2,990.6333333333332,0.1,7.291666666666667,122.23004885434985,2,2,0,winter,81,0
2021-02-04,155.0,155.0,1,0,155.0,,,0,0,15.6,10.6,21.6,80.41666666666667,12.016666666666666,2.7604166666666665,10.7,991.175,11.0,36.583333333333336,52.32627452914903,2,3,0,winter,82,0
2021-02-05,73.7,73.7,1,0,73.7,,,0,0,13.416666666666666,8.5,19.7,82.54166666666667,10.15,2.4466666666666668,7.6,992.225,0.0,29.0,326.83080752888753,2,4,0,winter,83,0
2021-02-06,101.1385,97.4,26,0,119.0,172.0769,170.5,26,0,13.945833333333333,8.8,20.1,73.04166666666667,8.695833333333333,3.2154166666666666,9.2,992.6666666666666,0.0,0.0,307.54731981057284,2,5,1,winter,84,0
2021-02-07,131.816,135.0,25,0,137.0,232.88,232.0,25,0,14.775,9.6,21.3,70.5,9.054166666666667,3.547916666666667,10.7,992.4916666666668,0.0,0.0,296.2926905648775,2,6,1,winter,85,0
2021-02-08,179.672,183.0,25,0,183.0,304.92,310.0,25,0,15.066666666666668,8.6,22.4,75.0,10.129166666666666,2.31375,7.7,992.4291666666668,0.0,1.5833333333333333,295.51685264497127,2,0,0,winter,86,0
2021-02-09,153.2111,134.0,9,0,195.0,322.75,321.5,8,0,16.591666666666665,10.2,24.1,70.45833333333333,10.433333333333334,2.54625,7.6,989.425,0.0,59.66666666666666,284.3280571681845,2,1,0,winter,87,0
2021-02-10,141.0,141.0,1,0,141.0,,,0,0,17.745833333333334,11.8,25.3,72.375,11.958333333333334,2.0391666666666666,6.3,988.0333333333332,0.0,23.125,32.89713385871926,2,2,0,winter,88,0
2021-02-11,139.5,129.0,8,0,188.0,274.0,263.0,8,0,17.037499999999998,11.3,24.0,75.125,11.9625,2.09375,6.4,988.7375,0.0,21.83333333333333,329.27715653670606,2,3,0,winter,89,0
2021-02-12,222.6458,228.0,24,0,229.0,380.8462,384.0,26,0,17.195833333333333,11.2,24.6,76.54166666666667,12.320833333333333,1.935,6.1,989.7,0.0,62.875,311.5991154467479,2,4,0,winter,90,0
2021-02-13,148.8118,156.0,17,0,169.0,245.1875,222.5,16,0,16.974999999999998,11.7,24.1,77.75,12.191666666666668,1.70375,5.8,989.95,0.0,49.625,339.65942834289683,2,5,1,winter,91,0
2021-02-14,172.9231,162.0,13,0,191.0,331.0769,286.0,13,0,18.2375,12.3,25.6,71.33333333333333,12.145833333333334,1.64625,5.3,989.4791666666666,0.0,9.291666666666666,19.963499262160497,2,6,1,winter,92,0
2021-02-15,,,0,0,,,,0,0,18.97083333333333,12.1,27.0,67.91666666666667,11.916666666666666,1.8558333333333328,6.5,987.825,0.0,16.833333333333332,347.3659236473237,2,0,0,winter,93,0
2021-02-16,148.8333,153.0,21,0,175.0,302.381,297.0,21,0,18.791666666666668,12.2,26.9,70.41666666666667,12.341666666666669,1.96375,6.9,987.4166666666666,0.0,0.75,8.165051139379443,2,1,0,winter,94,0
2021-02-17,157.0,157.0,1,0,157.0,,,0,0,18.0875,11.7,25.7,71.29166666666667,11.783333333333331,2.063333333333333,6.3,989.1291666666666,0.0,0.0,330.363672101334,2,2,0,winter,95,0
2021-02-18,136.0,136.0,1,0,136.0,,,0,0,18.370833333333334,11.5,25.6,71.0,12.020833333333334,1.9129166666666664,6.7,991.9083333333332,0.0,3.7916666666666665,344.8743629417779,2,3,0,winter,96,0
2021-02-19,182.0,182.0,1,0,182.0,,,0,0,17.8875,11.1,25.5,74.25,12.279166666666669,2.1945833333333336,7.9,994.2041666666668,0.0,2.1666666666666665,317.2116214246804,2,4,0,winter,97,0
2021-02-20,,,0,0,,,,0,0,17.983333333333334,11.8,25.9,69.125,11.008333333333333,2.474166666666666,7.7,993.8083333333334,0.0,5.791666666666667,305.361639946356,2,5,1,winter,98,0
2021-02-21,116.3444,108.0,9,0,,252.4444,253.0,9,0,18.745833333333334,11.7,25.9,65.41666666666667,11.3875,2.9341666666666666,8.9,992.2125,0.0,3.875,294.6810596785764,2,6,1,winter,99,0
2021-02-22,137.4043,134.0,23,0,,262.32,258.0,25,0,19.52083333333333,12.7,27.4,66.125,12.108333333333334,2.9600000000000004,9.7,990.3,0.0,3.5416666666666665,287.81647636775745,2,0,0,winter,100,0
2021-02-23,81.1,81.1,1,0,81.1,,,0,0,21.504166666666663,13.1,29.6,55.875,11.116666666666667,2.255,7.0,988.0333333333332,0.0,4.916666666666667,281.0248907655712,2,1,0,winter,101,0
2021-02-24,92.6,92.6,1,0,92.6,,,0,0,22.0625,13.6,30.1,57.625,12.066666666666668,2.28,7.5,986.3916666666668,0.0,0.0,293.21644138526574,2,2,0,winter,102,0
2021-02-25,147.0,147.0,1,0,147.0,,,0,0,22.558333333333334,13.7,30.3,58.91666666666666,13.075,2.6275,9.0,985.225,0.0,0.0,290.9018361567198,2,3,0,winter,103,0
2021-02-26,159.0,159.0,1,0,159.0,,,0,0,23.2375,15.5,30.9,56.29166666666666,13.1875,3.0875,10.3,982.9958333333334,0.0,8.25,272.2094143386905,2,4,0,winter,104,0
2021-02-27,,,0,0,,,,0,0,24.1375,19.0,30.4,42.458333333333336,9.945833333333333,2.9745833333333334,9.4,982.6291666666666,0.0,15.083333333333334,285.2470884699491,2,5,1,winter,105,0
2021-02-28,,,0,0,,,,0,0,22.245833333333334,16.9,29.9,49.25,9.591666666666669,2.4516666666666667,9.2,985.3791666666666,0.0,15.541666666666666,348.9613187254299,2,6,1,winter,106,0
2021-03-01,71.1,71.1,1,0,71.1,,,0,0,20.4,14.3,27.5,45.958333333333336,7.133333333333333,3.5270833333333336,11.6,989.1916666666666,0.0,0.0,316.9055305981509,3,0,0,pre_monsoon,107,0
2021-03-02,66.4045,65.25,22,0,65.9,188.0909,179.0,22,0,20.683333333333334,14.7,27.6,40.04166666666666,5.879166666666666,4.934583333333333,13.8,989.4375,0.0,0.0,299.8149119300487,3,1,0,pre_monsoon,108,0
2021-03-03,,,0,0,,,,0,0,22.3125,15.1,29.4,38.958333333333336,7.045833333333333,3.4466666666666668,10.9,987.6041666666666,0.0,0.0,301.1305713864129,3,2,0,pre_monsoon,109,0
2021-03-04,131.92,142.0,5,0,106.0,344.0,323.5,4,0,23.675,15.2,31.4,44.458333333333336,9.591666666666669,1.5424999999999998,6.3,987.1583333333332,0.0,0.0,8.228340135388294,3,3,0,pre_monsoon,110,0
2021-03-05,108.4421,106.0,19,0,98.2,253.2778,241.0,18,0,22.65833333333333,15.9,30.1,44.833333333333336,8.6625,4.1937500000000005,13.2,986.8083333333334,0.0,0.0,308.11198866042986,3,4,0,pre_monsoon,111,0
2021-03-06,99.704,100.0,25,0,109.0,235.5417,229.5,24,0,22.65416666666667,15.3,30.6,42.75,8.116666666666667,3.4325,10.3,986.1291666666666,0.0,0.25,300.3572513445869,3,5,1,pre_monsoon,112,0
2021-03-07,126.8435,127.0,23,0,101.0,298.6667,289.0,24,0,24.8375,15.4,33.2,42.125,9.958333333333334,3.00625,8.5,984.7583333333332,0.0,3.208333333333333,117.26707971726978,3,6,1,pre_monsoon,113,0
2021-03-08,93.36,97.55,10,0,107.0,236.1111,237.0,9,0,24.745833333333334,19.2,31.1,50.25,13.2875,4.1375,12.4,986.175,0.0,4.083333333333333,103.18670028324163,3,0,0,pre_monsoon,114,0
2021-03-09,127.7,123.5,10,0,145.0,299.0,302.0,9,0,24.745833333333334,18.5,32.2,59.208333333333336,15.1625,2.01125,7.6,987.325,0.2,24.125,99.81491240506864,3,1,0,pre_monsoon,115,0
2021-03-10,74.8,74.8,1,0,74.8,,,0,0,23.883333333333336,18.4,31.0,61.458333333333336,14.983333333333334,2.2216666666666667,8.7,987.3,0.1,14.833333333333334,343.7520522438369,3,2,0,pre_monsoon,116,0
2021-03-11,113.475,117.0,4,0,111.0,296.0,276.0,3,0,24.7875,16.6,32.6,52.5,12.170833333333334,2.2016666666666667,6.8,988.2916666666666,0.0,2.25,57.26369238451247,3,3,0,pre_monsoon,117,0
2021-03-12,50.22,60.9,5,0,60.9,165.3333,163.0,3,0,23.4125,18.0,30.5,54.0,13.045833333333334,2.9170833333333337,12.1,990.2291666666666,0.7,57.66666666666666,107.79507387501091,3,4,0,pre_monsoon,118,0
2021-03-13,92.2,80.7,6,0,80.7,243.2,240.0,5,0,23.35833333333333,16.2,30.3,60.833333333333336,14.325,1.8816666666666664,7.8,990.9708333333332,0.0,20.791666666666668,323.84631991661496,3,5,1,pre_monsoon,119,0
2021-03-14,76.5833,69.95,6,0,102.0,195.8,167.0,5,0,23.258333333333336,16.4,30.1,50.41666666666666,11.45,2.918333333333333,10.2,988.125,0.0,11.166666666666666,307.21155410728005,3,6,1,pre_monsoon,120,0
2021-03-15,83.1167,77.2,6,0,91.1,234.6,215.0,5,0,24.129166666666663,17.6,31.7,50.708333333333336,12.370833333333332,3.1670833333333337,10.3,987.0708333333332,0.0,20.08333333333333,300.24979192069384,3,0,0,pre_monsoon,121,0
2021-03-16,104.7167,104.85,6,0,122.0,282.75,258.5,4,0,24.45,17.3,32.3,46.75,11.05,3.17625,10.4,987.2,0.0,13.125,304.2816616124645,3,1,0,pre_monsoon,122,0
2021-03-17,120.06,110.0,5,0,110.0,353.5,360.0,4,0,25.125,17.6,32.9,42.41666666666666,10.441666666666666,2.642916666666667,9.0,985.9125,0.0,27.70833333333333,318.41907714471506,3,2,0,pre_monsoon,123,0
2021-03-18,117.5333,108.0,12,0,109.0,363.6364,361.0,11,0,24.8,17.5,33.1,46.75,11.6125,2.1575,10.8,986.325,0.0,73.70833333333333,294.088780044047,3,3,0,pre_monsoon,124,0
2021-03-19,96.6,96.6,1,0,96.6,,,0,0,24.7125,19.5,32.3,50.583333333333336,13.020833333333334,2.3408333333333333,10.8,985.825,0.0,84.70833333333333,276.336200159257,3,4,0,pre_monsoon,125,0
2021-03-20,105.1,104.0,7,0,114.0,259.0,248.0,7,0,24.95,17.6,32.6,43.833333333333336,10.5125,3.204166666666667,11.2,984.35,0.0,6.166666666666667,299.7127216182565,3,5,1,pre_monsoon,126,0
2021-03-21,174.5,178.0,3,0,97.5,383.5,383.5,2,0,25.808333333333334,18.0,33.7,42.41666666666666,10.8875,2.69,10.6,983.8791666666666,0.0,9.708333333333334,315.60623685251,3,6,1,pre_monsoon,127,0
2021-03-22,85.9474,84.0,19,0,73.1,249.75,239.5,20,0,25.025,18.9,33.3,48.083333333333336,12.554166666666667,3.220416666666667,12.0,987.1,0.0,49.16666666666666,73.9686642218345,3,0,0,pre_monsoon,128,0
2021-03-23,76.02,76.1,20,0,71.1,285.6,288.5,20,0,24.704166666666666,20.2,32.3,48.75,12.579166666666666,3.087916666666666,16.3,988.3708333333334,0.5,38.375,111.6824449047932,3,1,0,pre_monsoon,129,0
2021-03-24,58.6,58.6,1,0,58.6,,,0,0,24.40833333333333,16.9,31.2,43.5,9.654166666666669,2.7104166666666667,10.3,988.9833333333332,0.0,10.666666666666666,317.23491059415824,3,2,0,pre_monsoon,130,0
2021-03-25,57.2462,52.9,13,0,48.3,148.36,135.0,15,0,23.541666666666668,16.7,30.6,40.458333333333336,8.483333333333333,4.492916666666667,12.9,988.5125,0.0,3.7916666666666665,302.0188310724372,3,3,0,pre_monsoon,131,0
2021-03-26,80.775,77.4,12,0,76.2,171.2,146.0,10,0,23.65,16.2,30.9,46.333333333333336,10.395833333333334,3.825833333333333,12.2,986.7708333333334,0.0,0.5,297.3182556313008,3,4,0,pre_monsoon,132,0
2021-03-27,79.4,79.4,1,0,79.4,,,0,0,25.604166666666668,17.8,32.9,45.583333333333336,12.0375,2.1554166666666665,8.2,984.9625,0.0,0.0416666666666666,300.81677290893623,3,5,1,pre_monsoon,133,0
2021-03-28,74.6,74.6,1,0,74.6,,,0,0,27.92083333333333,18.6,35.4,43.25,12.7625,1.9916666666666665,7.4,982.5708333333332,0.0,0.0,278.4568250618124,3,6,1,pre_monsoon,134,0
2021-03-29,84.3,84.3,1,0,84.3,,,0,0,29.275,21.6,37.7,37.458333333333336,11.008333333333333,2.408333333333333,6.7,980.0,0.0,0.0833333333333333,125.9506878349806,3,0,0,pre_monsoon,135,0
2021-03-30,80.0,80.0,1,0,80.0,,,0,0,30.191666666666663,23.3,36.7,30.08333333333333,8.604166666666666,5.327916666666667,18.5,976.1416666666668,0.0,0.0,283.88403324570066,3,1,0,pre_monsoon,136,0
2021-03-31,61.2,61.2,1,0,61.2,,,0,0,27.67083333333333,21.9,34.2,22.5,2.520833333333333,5.745,14.8,977.475,0.0,0.0,301.0898216141471,3,2,0,pre_monsoon,137,0
2021-04-01,39.2,39.2,1,0,39.2,,,0,0,26.175,19.1,33.7,15.625,-2.8875,5.911666666666666,15.8,978.4125,0.0,0.0,299.7942819377261,4,3,0,pre_monsoon,138,0
2021-04-02,,,0,0,,,,0,0,25.291666666666668,17.3,33.2,16.625,-2.858333333333333,3.390833333333333,9.2,981.5541666666668,0.0,0.0,307.3534988604528,4,4,0,pre_monsoon,139,0
2021-04-03,33.9,33.9,1,0,33.9,,,0,0,25.1875,16.9,33.8,19.041666666666668,-1.5291666666666668,2.4575,7.5,984.1375,0.0,1.25,335.6893469089103,4,5,1,pre_monsoon,140,0
2021-04-04,59.2,59.2,1,0,59.2,,,0,0,26.570833333333336,17.1,35.1,21.83333333333333,1.8041666666666665,3.015416666666667,9.8,984.8875,0.0,5.0,308.83614889094366,4,6,1,pre_monsoon,141,0
2021-04-05,76.9,76.9,1,0,76.9,,,0,0,29.4,19.5,38.0,25.916666666666668,6.441666666666666,2.88625,9.0,983.425,0.0,67.75,77.62404811786081,4,0,0,pre_monsoon,142,0
2021-04-06,124.0,124.0,1,0,124.0,,,0,0,30.129166666666663,22.6,37.7,28.916666666666668,9.266666666666667,2.79125,7.9,981.8416666666668,0.0,41.875,97.01133497022676,4,1,0,pre_monsoon,143,0
2021-04-07,65.0,65.0,1,0,65.0,,,0,0,28.683333333333334,21.5,35.6,30.58333333333333,8.533333333333333,3.199583333333333,9.5,984.4125,0.0,3.9583333333333335,321.1128375441662,4,2,0,pre_monsoon,144,0
2021-04-08,47.4,47.4,1,0,47.4,,,0,0,27.15,20.5,34.0,24.70833333333333,4.029166666666667,3.1954166666666666,9.3,984.2041666666668,0.0,0.0,306.9736562466269,4,3,0,pre_monsoon,145,0
2021-04-09,,,0,0,,,,0,0,26.954166666666666,18.6,35.3,21.416666666666668,1.4083333333333332,3.0841666666666665,9.7,984.9708333333332,0.0,22.75,336.4872919769674,4,4,0,pre_monsoon,146,0
2021-04-10,72.5,72.5,1,0,72.5,,,0,0,28.25,19.4,36.2,18.291666666666668,0.8375,3.1508333333333334,11.1,986.5125,0.0,0.25,313.60639055723857,4,5,1,pre_monsoon,147,0
2021-04-11,69.3,69.3,1,0,69.3,,,0,0,29.141666666666666,20.2,37.3,19.625,2.1041666666666665,2.806666666666666,9.3,986.45,0.0,4.458333333333333,311.5244010722017,4,6,1,pre_monsoon,148,0
2021-04-12,112.0,112.0,1,0,112.0,,,0,0,29.925,20.8,38.0,19.416666666666668,2.9791666666666665,2.6445833333333333,9.9,987.0,0.0,25.20833333333333,320.339702352581,4,0,0,pre_monsoon,149,0
2021-04-13,96.8,96.8,1,0,96.8,,,0,0,30.320833333333336,22.0,37.9,21.625,4.983333333333333,3.4104166666666664,11.5,985.4375,0.0,20.625,296.43391370894307,4,1,0,pre_monsoon,150,0
2021-04-14,64.9,64.9,1,0,64.9,,,0,0,30.64583333333333,22.0,38.8,22.041666666666668,5.520833333333333,3.76375,14.2,984.1125,0.0,44.458333333333336,289.84068229184334,4,2,0,pre_monsoon,151,0
2021-04-15,79.5,79.5,1,0,79.5,,,0,0,31.008333333333336,23.0,38.8,19.0,3.6666666666666665,2.9883333333333333,11.3,983.0541666666668,0.0,20.541666666666668,289.1202052400906,4,3,0,pre_monsoon,152,0
2021-04-16,,,0,0,,,,0,0,29.454166666666666,22.6,38.8,32.958333333333336,8.554166666666667,2.975,17.6,982.3791666666666,2.6,54.04166666666666,257.00695327970743,4,4,0,pre_monsoon,153,0
2021-04-17,36.2,36.2,1,0,36.2,,,0,0,27.491666666666664,19.7,34.2,44.29166666666666,12.0125,2.8041666666666667,16.8,984.8708333333334,0.0,15.541666666666666,307.4104902072148,4,5,1,pre_monsoon,154,0
2021-04-18,49.7,49.7,1,0,49.7,,,0,0,28.9,21.3,35.3,29.041666666666668,7.8625,2.3195833333333336,10.0,986.6375,0.0,4.291666666666667,323.46168728799114,4,6,1,pre_monsoon,155,0
2021-04-19,66.7,66.7,1,0,66.7,,,0,0,29.4875,21.4,37.1,28.875,7.966666666666666,3.1220833333333338,10.7,982.7166666666668,0.0,5.708333333333333,311.9741591605185,4,0,0,pre_monsoon,156,0
2021-04-20,57.3,57.3,1,0,57.3,,,0,0,27.73333333333333,22.4,33.9,28.83333333333333,7.595833333333334,4.26875,16.8,981.725,0.0,63.91666666666666,15.751932110462349,4,1,0,pre_monsoon,157,0
2021-04-21,,,0,0,,,,0,0,26.258333333333336,19.0,31.9,40.54166666666666,11.166666666666666,3.747083333333333,13.8,983.3625,0.0,18.58333333333333,266.6951383472593,4,2,0,pre_monsoon,158,0
2021-04-22,41.1,41.1,1,0,41.1,,,0,0,26.54583333333333,19.8,33.0,42.5,11.541666666666666,2.4129166666666664,10.0,985.9041666666668,0.0,5.416666666666667,72.8696947659048,4,3,0,pre_monsoon,159,0
2021-04-23,40.6,40.6,1,0,40.6,,,0,0,27.741666666666664,22.5,34.3,35.208333333333336,10.1875,4.85875,14.7,984.3291666666668,0.0,33.166666666666664,109.81985384441356,4,4,0,pre_monsoon,160,0
2021-04-24,,,0,0,,,,0,0,26.516666666666666,18.9,33.6,35.625,7.9375,3.608333333333333,10.3,985.3083333333334,0.0,0.0,330.42053605707355,4,5,1,pre_monsoon,161,0
2021-04-25,,,0,0,,,,0,0,28.725,21.1,36.7,27.125,6.604166666666667,3.827083333333333,11.9,985.0916666666668,0.0,0.0,317.519569961801,4,6,1,pre_monsoon,162,0
2021-04-26,,,0,0,,,,0,0,30.05,20.9,38.8,23.875,5.4125000000000005,2.585,8.7,983.2625,0.0,0.0,299.148303456249,4,0,0,pre_monsoon,163,0
2021-04-27,97.1,97.1,1,0,97.1,,,0,0,32.80833333333333,23.4,41.0,21.70833333333333,6.329166666666667,2.692916666666666,11.1,982.4125,0.0,4.25,305.7510834123057,4,1,0,pre_monsoon,164,0
2021-04-28,173.0,173.0,1,0,173.0,,,0,0,33.85,24.3,41.5,19.33333333333333,5.458333333333333,2.9904166666666665,9.9,982.9833333333332,0.0,9.208333333333334,297.5397453514537,4,2,0,pre_monsoon,165,0
2021-04-29,149.0,149.0,1,0,149.0,,,0,0,33.3375,25.5,40.7,21.041666666666668,7.191666666666666,3.0820833333333333,13.3,983.0958333333332,0.0,20.45833333333333,318.53458542250297,4,3,0,pre_monsoon,166,0
2021-04-30,110.0,110.0,1,0,110.0,,,0,0,32.22083333333333,24.7,39.7,27.83333333333333,10.295833333333333,2.5729166666666665,9.7,982.7375,0.0,46.5,71.76764601048183,4,4,0,pre_monsoon,167,0
2021-05-01,,,0,0,,,,0,0,32.229166666666664,24.9,39.4,29.875,11.270833333333334,2.52375,14.5,982.5666666666666,0.0,55.333333333333336,138.53683924560954,5,5,1,pre_monsoon,168,0
2021-05-02,,,0,0,,,,0,0,31.96666666666667,26.1,38.9,30.166666666666668,11.595833333333331,2.192083333333333,14.5,983.0416666666666,0.0,56.16666666666666,140.13106446182712,5,6,1,pre_monsoon,169,0
2021-05-03,120.0,120.0,1,0,120.0,,,0,0,31.741666666666664,25.3,37.0,30.70833333333333,11.7375,2.2979166666666666,11.6,981.6416666666668,0.0,36.54166666666666,289.68891266635586,5,0,0,pre_monsoon,170,0
2021-05-04,62.8,62.8,1,0,62.8,,,0,0,32.81666666666667,26.1,40.0,29.916666666666668,11.554166666666667,2.6875,12.4,980.3041666666668,0.0,48.41666666666666,112.06721738832698,5,1,0,pre_monsoon,171,0
2021-05-05,63.5,63.5,1,0,63.5,,,0,0,31.52083333333333,26.1,38.6,39.125,15.2375,3.5516666666666663,13.0,981.2375,0.3,20.541666666666668,94.1377675572232,5,2,0,pre_monsoon,172,0
2021-05-06,61.4,61.4,1,0,61.4,,,0,0,29.27916666666667,24.0,38.7,52.625,17.591666666666665,4.000416666666667,18.8,982.9958333333334,6.1,41.625,85.76029028525505,5,3,0,pre_monsoon,173,0
2021-05-07,56.2,56.2,1,0,56.2,,,0,0,28.28333333333333,21.7,36.2,56.0,17.383333333333333,2.299166666666667,14.8,984.9208333333332,4.1,15.708333333333334,68.25257713688063,5,4,0,pre_monsoon,174,0
2021-05-08,52.0,52.0,1,0,52.0,,,0,0,31.0875,23.6,37.4,38.875,13.720833333333331,2.03625,7.6,983.5375,0.0,37.083333333333336,40.24504176251224,5,5,1,pre_monsoon,175,0
2021-05-09,55.5,55.5,1,0,55.5,,,0,0,31.079166666666666,25.2,37.9,39.708333333333336,14.8,2.3195833333333336,12.5,981.6958333333332,0.0,23.83333333333333,125.10184320217724,5,6,1,pre_monsoon,176,0
2021-05-10,49.8,49.8,1,0,49.8,,,0,0,30.554166666666664,25.0,36.2,42.0,15.3125,2.8095833333333338,9.9,980.1375,0.4,30.791666666666668,111.36859171234757,5,0,0,pre_monsoon,177,0
2021-05-11,,,0,0,,,,0,0,31.28333333333333,25.1,38.4,40.66666666666666,15.35,3.129583333333333,17.3,979.0791666666668,0.1,21.5,110.61678034524698,5,1,0,pre_monsoon,-177,0
2021-05-12,35.4,35.4,1,0,35.4,,,0,0,29.83333333333333,24.3,35.4,45.29166666666666,16.2625,3.2237500000000003,11.9,977.7,0.4,22.666666666666668,100.45535204388484,5,2,0,pre_monsoon,-176,0
2021-05-13,35.2,35.2,1,0,35.2,,,0,0,27.370833333333334,22.3,31.7,58.333333333333336,18.1375,3.705416666666667,13.3,979.0083333333332,1.5000000000000002,37.04166666666666,91.25683872192512,5,3,0,pre_monsoon,-175,0
2021-05-14,,,0,0,,,,0,0,29.6,22.7,36.5,46.79166666666666,15.7375,2.4520833333333334,8.6,979.2541666666666,0.0,21.83333333333333,71.17171292344563,5,4,0,pre_monsoon,-174,0
2021-05-15,45.0,45.0,1,0,45.0,,,0,0,30.229166666666668,24.7,35.7,41.125,14.991666666666667,1.87625,8.8,980.3791666666666,0.0,22.416666666666668,67.05831687535783,5,5,1,pre_monsoon,-173,0
2021-05-16,51.9,51.9,1,0,51.9,,,0,0,31.675,23.8,38.6,37.375,13.645833333333334,2.0058333333333334,7.1,981.475,0.0,15.125,51.84031249753127,5,6,1,pre_monsoon,-172,0
2021-05-17,73.4,73.4,1,0,73.4,,,0,0,32.362500000000004,26.6,37.3,34.625,14.070833333333333,2.0070833333333336,9.0,981.6875,0.0,89.41666666666667,199.5617612973511,5,0,0,pre_monsoon,-171,0
2021-05-18,23.0,23.0,1,0,23.0,,,0,0,27.125,24.6,29.9,53.91666666666666,16.9375,2.91375,11.5,981.8166666666666,1.1,98.0,192.82134550460188,5,1,0,pre_monsoon,-170,0
2021-05-19,,,0,0,,,,0,0,21.7125,20.8,24.3,87.25,19.425,3.80875,10.8,979.3708333333334,98.7,100.0,63.66321801285272,5,2,0,pre_monsoon,-169,0
2021-05-20,24.5,24.5,1,0,24.5,,,0,0,24.245833333333334,20.4,29.3,76.70833333333333,19.620833333333334,4.216666666666667,12.1,977.5291666666668,31.5,50.04166666666666,1.1156837412494838,5,3,0,pre_monsoon,-168,0
2021-05-21,23.7,23.7,1,0,23.7,,,0,0,26.125,20.8,31.6,76.16666666666667,21.366666666666664,2.7275,8.2,980.3666666666668,2.3000000000000003,26.45833333333333,111.71297078872408,5,4,0,pre_monsoon,-167,0
2021-05-22,,,0,0,,,,0,0,28.566666666666663,23.8,33.4,65.625,21.116666666666667,1.825416666666667,5.2,979.8791666666666,0.0,13.333333333333334,171.53073923295415,5,5,1,pre_monsoon,-166,0
2021-05-23,,,0,0,,,,0,0,28.46666666666667,22.8,33.9,55.875,18.370833333333334,2.8175000000000003,8.5,980.8041666666668,0.0,20.625,277.72012999582904,5,6,1,pre_monsoon,-165,0
2021-05-24,,,0,0,,,,0,0,28.8125,22.8,35.2,41.54166666666666,13.841666666666669,4.326666666666667,12.3,980.9916666666668,0.0,0.0,298.3654381824947,5,0,0,pre_monsoon,-164,0
2021-05-25,42.6,42.6,1,0,42.6,,,0,0,30.10833333333333,24.9,37.1,35.458333333333336,12.633333333333333,4.107916666666667,11.0,977.7,0.0,0.0,320.8740926912964,5,1,0,pre_monsoon,-163,0
2021-05-26,,,0,0,,,,0,0,30.175,23.4,37.3,35.5,12.825,2.272083333333333,5.4,975.5416666666666,0.0,0.0,309.1952406946228,5,2,0,pre_monsoon,-162,0
2021-05-27,39.6,39.6,1,0,39.6,,,0,0,30.1875,23.0,37.7,43.875,15.975,1.8770833333333328,5.4,975.7791666666668,0.0,0.0,47.99859273567978,5,3,0,pre_monsoon,-161,0
2021-05-28,31.0,31.0,1,0,31.0,,,0,0,30.383333333333336,24.5,36.7,59.083333333333336,21.133333333333333,3.6666666666666665,10.5,977.1875,0.0,0.7916666666666666,136.93934921068262,5,4,0,pre_monsoon,-160,0
2021-05-29,18.1,18.1,1,0,18.1,,,0,0,31.129166666666663,26.2,37.1,55.54166666666666,20.8875,4.6925,11.4,978.6291666666666,0.0,2.2916666666666665,135.1376499358846,5,5,1,pre_monsoon,-159,0
2021-05-30,,,0,0,,,,0,0,30.34583333333333,25.3,36.0,63.0,22.125,3.28,10.2,978.7,0.7,7.583333333333333,129.87956111579274,5,6,1,pre_monsoon,-158,0
2021-05-31,,,0,0,,,,0,0,31.64583333333333,26.3,36.8,59.458333333333336,22.070833333333336,2.2654166666666664,7.2,975.85,0.1,26.45833333333333,140.26054026188353,5,0,0,pre_monsoon,-157,0
2021-06-01,,,0,0,,,,0,0,28.979166666666668,22.5,34.3,65.5,21.516666666666666,2.408333333333333,9.4,978.1208333333334,0.5,25.791666666666668,116.38310255769376,6,1,0,monsoon,-156,0
2021-06-02,,,0,0,,,,0,0,29.320833333333336,23.5,34.8,64.25,21.383333333333336,1.6991666666666667,10.0,980.0625,5.4,33.583333333333336,314.4475100385277,6,2,0,monsoon,-155,0
2021-06-03,57.3,57.3,1,0,57.3,,,0,0,30.34583333333333,25.2,35.3,58.75,20.78333333333333,1.6266666666666667,5.1,980.9875,0.0,22.916666666666668,68.42551519970345,6,3,0,monsoon,-154,0
2021-06-04,44.5,44.5,1,0,44.5,,,0,0,30.40833333333333,25.2,36.0,62.083333333333336,21.7625,1.680416666666667,6.0,980.9666666666668,0.0,26.375,32.393609703373784,6,4,0,monsoon,-153,0
2021-06-05,42.5,42.5,1,0,42.5,,,0,0,30.89583333333333,25.8,36.3,59.458333333333336,21.541666666666668,2.5066666666666664,9.2,979.4333333333334,0.1,9.875,120.66938356208618,6,5,1,monsoon,-152,0
2021-06-06,36.0,36.0,1,0,36.0,,,0,0,31.89583333333333,25.9,37.5,51.625,20.0,2.2379166666666666,9.0,978.7583333333332,0.0,7.333333333333333,275.8378345792965,6,6,1,monsoon,-151,0
2021-06-07,64.01,60.45,10,0,53.6,192.0,183.0,8,0,32.6875,26.7,39.1,50.333333333333336,20.370833333333334,2.1708333333333334,10.7,976.8,0.0,9.291666666666666,337.6948360361142,6,0,0,monsoon,-150,0
2021-06-08,61.6,61.6,1,0,61.6,,,0,0,35.07083333333333,29.0,40.9,38.75,18.383333333333333,4.333333333333333,13.9,974.5083333333332,0.0,8.708333333333334,276.2070798928983,6,1,0,monsoon,-149,0
2021-06-09,,,0,0,,,,0,0,35.983333333333334,31.3,41.4,37.875,18.95,4.443333333333333,11.4,973.0708333333332,0.0,13.583333333333334,272.2159896702398,6,2,0,monsoon,-148,0
2021-06-10,,,0,0,,,,0,0,32.983333333333334,29.8,38.1,58.25,23.479166666666668,4.3845833333333335,12.4,973.5958333333332,0.0,17.041666666666668,105.70122519070492,6,3,0,monsoon,-147,0
2021-06-11,38.6,38.6,1,0,38.6,,,0,0,32.170833333333334,27.4,37.3,59.29166666666666,22.83333333333333,3.469583333333333,9.3,973.4083333333332,0.0,45.5,100.22250952460593,6,4,0,monsoon,-146,0
2021-06-12,34.8,34.8,1,0,34.8,,,0,0,32.40416666666667,28.7,37.8,58.875,23.0125,4.4470833333333335,12.1,974.4333333333334,0.0,13.625,114.17646373922554,6,5,1,monsoon,-145,0
2021-06-13,36.7,36.7,1,0,36.7,,,0,0,30.758333333333336,25.5,36.7,67.16666666666667,23.4875,2.2383333333333333,8.8,975.2458333333334,7.199999999999999,19.83333333333333,106.43119655127911,6,6,1,monsoon,-144,0
2021-06-14,34.0,34.0,1,0,34.0,,,0,0,31.366666666666664,26.2,36.5,60.625,22.3875,2.1979166666666665,9.0,973.45,0.0,11.5,99.73553602398738,6,0,0,monsoon,-143,0
2021-06-15,29.1,29.1,1,0,29.1,,,0,0,30.65,26.3,36.8,63.91666666666666,22.416666666666668,2.5016666666666665,12.6,970.7041666666668,4.2,31.20833333333333,236.6686657740418,6,1,0,monsoon,-142,0
2021-06-16,,,0,0,,,,0,0,29.475,25.6,35.3,71.875,23.4875,2.39125,11.5,973.1375,2.3,34.375,95.21703154823888,6,2,0,monsoon,-141,0
2021-06-17,35.8,35.8,1,0,35.8,,,0,0,30.008333333333336,26.2,34.9,68.375,23.1875,2.5429166666666667,7.8,975.2291666666666,0.1,17.041666666666668,75.95843754314859,6,3,0,monsoon,-140,0
2021-06-18,,,0,0,,,,0,0,29.329166666666666,25.8,33.7,69.5,22.929166666666664,3.333333333333333,10.2,975.9291666666668,0.7000000000000001,23.70833333333333,92.56718659426996,6,4,0,monsoon,-139,0
2021-06-19,21.8,21.8,1,0,21.8,,,0,0,28.479166666666668,25.1,33.3,72.29166666666667,22.70833333333333,3.224166666666666,11.0,975.9541666666668,0.2,23.95833333333333,57.83872831420331,6,5,1,monsoon,-138,0
2021-06-20,25.2,25.2,1,0,25.2,,,0,0,28.875,25.2,33.3,73.41666666666667,23.291666666666668,2.4525,9.2,976.475,1.1,59.958333333333336,63.3651054986608,6,6,1,monsoon,-137,0
2021-06-21,35.5,35.5,1,0,35.5,,,0,0,30.7125,25.2,36.1,64.375,22.5625,2.4250000000000003,9.6,977.3458333333332,0.1,16.375,38.37228846011379,6,0,0,monsoon,-136,0
2021-06-22,41.8,41.8,1,0,41.8,,,0,0,33.50416666666667,28.4,39.2,47.875,20.04583333333333,2.4208333333333334,10.0,976.6875,0.0,33.208333333333336,289.2536753691393,6,1,0,monsoon,-135,0
2021-06-23,,,0,0,,,,0,0,34.416666666666664,28.8,40.2,43.375,19.258333333333333,2.1283333333333334,8.2,976.9041666666668,0.0,19.0,95.2812738045497,6,2,0,monsoon,-134,0
2021-06-24,51.2,51.2,1,0,51.2,,,0,0,32.5,28.2,38.5,58.458333333333336,22.745833333333334,2.942916666666666,9.5,977.0416666666666,0.0,13.5,122.70146202232443,6,3,0,monsoon,-133,0
2021-06-25,47.1,47.1,1,0,47.1,,,0,0,32.50833333333333,28.4,39.7,58.5,22.329166666666666,2.4375,10.2,976.1833333333334,1.6,30.166666666666668,217.26948212167437,6,4,0,monsoon,-132,0
2021-06-26,41.3,41.3,1,0,41.3,,,0,0,32.041666666666664,26.6,37.8,57.0,21.8,1.6275000000000002,5.9,977.7333333333332,0.0,22.791666666666668,91.13950784715792,6,5,1,monsoon,-131,0
2021-06-27,70.0,70.0,1,0,70.0,,,0,0,33.47083333333333,28.7,38.6,54.0,22.3,2.5195833333333333,7.3,980.225,0.0,15.0,114.04596786670952,6,6,1,monsoon,-130,0
2021-06-28,63.4,63.4,1,0,63.4,,,0,0,34.329166666666666,28.6,39.9,48.91666666666666,21.17083333333333,2.012916666666667,6.8,978.9333333333334,0.0,9.083333333333334,90.53409848498684,6,0,0,monsoon,-129,0
2021-06-29,74.2,74.2,1,0,74.2,,,0,0,36.175,29.4,42.3,37.833333333333336,18.0625,3.1825,11.2,975.7166666666668,0.0,1.7916666666666667,273.51528040506787,6,1,0,monsoon,-128,0
2021-06-30,,,0,0,,,,0,0,36.94583333333333,30.2,43.3,29.791666666666668,15.85,5.133333333333334,17.7,972.95,0.0,39.66666666666666,274.27017259184083,6,2,0,monsoon,-127,0
2021-07-01,,,0,0,,,,0,0,37.04583333333333,32.2,41.8,33.041666666666664,17.7625,4.609583333333333,14.3,971.6,0.0,47.29166666666666,255.0685009633929,7,3,0,monsoon,-126,0
2021-07-02,57.4,57.4,1,0,57.4,,,0,0,35.525,31.2,41.2,42.0,20.079166666666666,4.105,12.0,972.9541666666668,0.1,42.833333333333336,260.81650292054144,7,4,0,monsoon,-125,0
2021-07-03,37.1,37.1,1,0,37.1,,,0,0,33.325,29.3,39.0,50.25,21.091666666666665,3.0141666666666667,12.7,976.1125,0.0,54.583333333333336,255.0180132243548,7,5,1,monsoon,-124,0
2021-07-04,46.9,46.9,1,0,46.9,,,0,0,34.2,28.6,40.3,48.333333333333336,21.15,2.1820833333333334,10.4,977.35,0.0,33.583333333333336,266.5241411107751,7,6,1,monsoon,-123,0
2021-07-05,41.4,41.4,1,0,41.4,,,0,0,34.708333333333336,29.3,39.4,45.625,20.8,2.302916666666667,7.6,977.7458333333334,0.0,36.54166666666666,309.2815559298968,7,0,0,monsoon,-122,0
2021-07-06,41.5,41.5,1,0,41.5,,,0,0,35.24583333333333,29.6,39.9,44.625,20.9125,3.2954166666666667,9.2,976.275,0.0,17.291666666666668,291.71016042421195,7,1,0,monsoon,-121,0
2021-07-07,,,0,0,,,,0,0,36.23333333333333,31.4,41.4,39.75,19.95,3.110416666666667,11.5,975.0125,0.0,26.20833333333333,282.92188415834306,7,2,0,monsoon,-120,0
2021-07-08,,,0,0,,,,0,0,36.020833333333336,32.3,40.3,39.125,19.616666666666667,3.6779166666666665,11.9,975.0958333333332,0.0,53.54166666666666,297.07555540222774,7,3,0,monsoon,-119,0
2021-07-09,46.1,46.1,1,0,46.1,,,0,0,33.18333333333333,28.2,38.5,57.708333333333336,23.27916666666667,3.714583333333333,10.5,976.3125,0.2,41.958333333333336,95.85046178371276,7,4,0,monsoon,-118,0
2021-07-10,,,0,0,,,,0,0,33.583333333333336,29.7,38.1,57.5,23.725,2.970833333333333,8.5,976.1416666666668,1.2,31.791666666666668,106.67967468075892,7,5,1,monsoon,-117,0
2021-07-11,,,0,0,,,,0,0,32.15416666666667,28.9,36.4,64.45833333333333,24.46666666666667,4.865,13.2,977.4833333333332,2.0,72.54166666666667,107.70331109377804,7,6,1,monsoon,-116,0
2021-07-12,,,0,0,,,,0,0,30.516666666666666,28.0,34.0,69.20833333333333,24.079166666666666,5.1691666666666665,12.9,979.3333333333334,4.9,78.20833333333333,112.40223649708378,7,0,0,monsoon,-115,0
2021-07-13,26.4,26.4,1,0,26.4,,,0,0,29.991666666666664,27.3,34.1,76.29166666666667,25.2125,3.2458333333333336,8.7,978.6666666666666,5.3,79.33333333333333,90.88464836396496,7,1,0,monsoon,-114,0
2021-07-14,29.65,28.9,4,0,28.6,71.7333,79.2,3,0,29.33333333333333,27.4,33.5,81.0,25.641666666666666,3.08625,9.9,978.1333333333332,9.4,95.45833333333331,65.35485619087865,7,2,0,monsoon,-113,0
2021-07-15,,,0,0,,,,0,0,30.71666666666667,27.5,34.7,75.125,25.60833333333333,3.2583333333333333,7.6,978.4875,2.5,81.20833333333333,80.17567965477116,7,3,0,monsoon,-112,0
2021-07-16,35.3,35.3,1,0,35.3,,,0,0,31.0125,27.5,34.7,74.375,25.7375,3.0216666666666665,9.2,980.025,3.8,52.125,93.1620508999962,7,4,0,monsoon,-111,0
2021-07-17,40.7,40.7,1,0,40.7,,,0,0,32.708333333333336,28.5,36.8,67.08333333333333,25.508333333333336,2.04625,7.8,977.55,0.7,65.66666666666667,137.72351991146212,7,5,1,monsoon,-110,0
2021-07-18,28.2,28.2,1,0,28.2,,,0,0,30.2,27.3,34.4,80.875,26.35,2.4379166666666667,9.9,974.6666666666666,24.9,99.83333333333331,197.54645707902597,7,6,1,monsoon,-109,0
2021-07-19,11.4,11.4,1,0,11.4,,,0,0,26.3,25.8,27.0,95.83333333333331,25.5625,1.8808333333333331,8.6,974.025,122.7,99.83333333333331,151.17610629665847,7,0,0,monsoon,-108,0
2021-07-20,27.6,27.6,1,0,27.6,,,0,0,27.775,25.8,30.6,87.70833333333333,25.491666666666664,1.09,9.3,974.0166666666668,27.3,94.5,148.9578220094055,7,1,0,monsoon,-107,0
2021-07-21,34.0,34.0,1,0,34.0,,,0,0,28.79583333333333,25.8,32.6,84.91666666666667,25.866666666666664,1.8570833333333332,7.4,973.1375,5.3,63.91666666666666,80.45339673239795,7,2,0,monsoon,-106,0
2021-07-22,22.5857,23.1,7,0,26.4,67.04,61.0,5,0,28.041666666666668,25.7,30.5,87.08333333333333,25.616666666666664,2.520833333333333,8.2,972.0125,5.1000000000000005,81.08333333333333,84.874029527375,7,3,0,monsoon,-105,0
2021-07-23,26.4,26.4,1,0,26.4,,,0,0,28.89583333333333,25.9,31.6,85.04166666666667,26.041666666666668,2.540833333333333,7.8,973.3541666666666,5.8,73.625,111.122080742403,7,4,0,monsoon,-104,0
2021-07-24,33.8,33.8,1,0,33.8,,,0,0,30.2375,26.8,33.9,81.66666666666667,26.566666666666663,1.625,8.0,974.4708333333332,0.7,40.833333333333336,112.32428286815684,7,5,1,monsoon,-103,0
2021-07-25,33.7,33.7,1,0,33.7,,,0,0,30.90833333333333,27.4,34.3,77.54166666666667,26.35833333333333,2.16125,7.2,974.0916666666668,0.0,36.375,116.02217035238384,7,6,1,monsoon,-102,0
2021-07-26,,,0,0,,,,0,0,29.008333333333336,27.9,30.7,84.91666666666667,26.17083333333333,2.2983333333333333,6.0,973.0791666666668,4.9,99.20833333333331,114.97564814911544,7,0,0,monsoon,-101,0
2021-07-27,,,0,0,,,,0,0,28.23333333333333,26.9,31.4,88.875,26.17083333333333,2.26125,9.0,971.2375,14.1,87.5,263.85004197000853,7,1,0,monsoon,-100,0
2021-07-28,,,0,0,,,,0,0,27.17083333333333,26.1,29.0,90.16666666666669,25.3625,2.2695833333333333,7.8,972.5666666666666,18.7,100.0,285.2410870240973,7,2,0,monsoon,-99,0
2021-07-29,,,0,0,,,,0,0,27.379166666666663,25.5,29.8,88.45833333333333,25.225,1.6525,6.8,973.2833333333332,8.200000000000001,88.16666666666667,295.4814804024959,7,3,0,monsoon,-98,0
2021-07-30,,,0,0,,,,0,0,27.325,25.6,30.3,88.95833333333333,25.27083333333333,2.04875,8.1,974.225,11.0,91.33333333333331,90.70582636525457,7,4,0,monsoon,-97,0
2021-07-31,,,0,0,,,,0,0,28.2125,25.3,31.6,86.54166666666667,25.65416666666667,2.5779166666666664,9.4,974.6083333333332,3.3000000000000003,63.875,91.28738694215411,7,5,1,monsoon,-96,0
2021-08-01,,,0,0,,,,0,0,29.120833333333334,26.6,32.1,82.91666666666667,25.79583333333333,1.7270833333333335,7.3,973.7708333333334,0.9,72.41666666666667,216.7417493591467,8,6,1,monsoon,-95,0
2021-08-02,,,0,0,,,,0,0,27.758333333333336,25.8,30.1,88.33333333333333,25.629166666666663,1.6266666666666667,10.0,974.65,25.7,97.70833333333331,78.90712885050567,8,0,0,monsoon,-94,0
2021-08-03,,,0,0,,,,0,0,28.620833333333334,26.2,31.9,84.875,25.72083333333333,3.0516666666666663,13.5,975.5208333333334,8.2,65.375,53.591484703910965,8,1,0,monsoon,-93,0
2021-08-04,17.3,17.3,1,0,17.3,,,0,0,28.75,26.0,32.2,78.25,24.366666666666664,3.2904166666666668,10.1,976.1625,0.0,31.916666666666668,76.63762205060289,8,2,0,monsoon,-92,0
2021-08-05,,,0,0,,,,0,0,29.175,25.8,32.9,78.95833333333333,24.96666666666667,1.585,5.9,976.0708333333332,0.3,24.875,82.83447693130813,8,3,0,monsoon,-91,0
2021-08-06,46.0,46.0,1,0,46.0,,,0,0,29.683333333333334,26.2,33.3,81.125,25.96666666666667,1.2670833333333331,6.2,975.925,2.0,67.45833333333333,68.41492691713182,8,4,0,monsoon,-90,0
2021-08-07,39.0,39.0,1,0,39.0,,,0,0,28.77916666666667,27.2,31.7,86.70833333333333,26.2625,1.0795833333333331,5.5,977.4833333333332,8.5,76.75,96.73369944280968,8,5,1,monsoon,-89,0
2021-08-08,,,0,0,,,,0,0,28.27916666666667,26.4,31.4,88.66666666666667,26.15,1.237083333333333,5.4,979.0291666666668,17.099999999999998,88.70833333333333,105.1365650321104,8,6,1,monsoon,-88,0
2021-08-09,49.2,49.2,1,0,49.2,,,0,0,28.20833333333333,26.2,30.7,87.33333333333333,25.84583333333333,1.4720833333333332,6.3,979.2041666666668,3.2,95.58333333333331,116.61039414443236,8,0,0,monsoon,-87,0
2021-08-10,34.4,34.4,1,0,34.4,,,0,0,29.89583333333333,26.4,34.5,76.91666666666667,25.15,2.844583333333333,10.6,977.4458333333332,0.7000000000000001,47.91666666666666,265.2387839677223,8,1,0,monsoon,-86,0
2021-08-11,26.3,26.3,1,0,26.3,,,0,0,30.52083333333333,27.8,34.7,64.25,22.9125,4.40375,11.7,977.65,0.0,10.666666666666666,261.3429594926965,8,2,0,monsoon,-85,0
2021-08-12,28.1,28.1,1,0,28.1,,,0,0,30.25,26.7,34.5,66.0,23.03333333333333,3.5429166666666667,10.1,978.8416666666668,0.0,20.08333333333333,257.6374382962524,8,3,0,monsoon,-84,0
2021-08-13,28.4,28.4,1,0,28.4,,,0,0,30.604166666666668,27.0,35.1,64.66666666666667,23.041666666666668,3.4758333333333336,10.1,977.1458333333334,0.0,21.20833333333333,251.6115975141802,8,4,0,monsoon,-83,0
2021-08-14,26.8,26.8,1,0,26.8,,,0,0,30.629166666666663,27.2,34.9,63.458333333333336,22.816666666666663,3.894583333333333,11.8,975.15,0.0,19.25,258.62804791753734,8,5,1,monsoon,-82,0
2021-08-15,28.1,28.1,1,0,28.1,,,0,0,30.429166666666664,26.8,34.8,63.875,22.59583333333333,2.87375,8.9,976.65,0.0,13.208333333333334,262.56259632929687,8,6,1,monsoon,-81,0
2021-08-16,33.7,33.7,1,0,33.7,,,0,0,30.433333333333334,26.7,35.1,65.75,23.0125,2.1979166666666665,7.1,979.5208333333334,0.0,9.458333333333334,271.45896541401527,8,0,0,monsoon,-80,0
2021-08-17,43.1,43.1,1,0,43.1,,,0,0,31.2,26.9,35.4,65.625,23.683333333333334,2.0766666666666667,8.3,979.3083333333334,0.0,15.416666666666666,317.8214926872808,8,1,0,monsoon,-79,0
2021-08-18,51.2,51.2,1,0,51.2,,,0,0,31.22083333333333,26.6,35.3,66.54166666666667,23.8375,1.7275,6.7,977.5083333333332,0.0,24.95833333333333,347.1974442903328,8,2,0,monsoon,-78,0
2021-08-19,68.6,68.6,1,0,68.6,,,0,0,30.8375,27.3,34.2,73.83333333333333,25.47083333333333,1.95625,8.5,976.7666666666668,0.5,86.41666666666667,72.93391969722404,8,3,0,monsoon,-77,0
2021-08-20,37.9,37.9,1,0,37.9,,,0,0,27.854166666666668,26.4,29.3,86.54166666666667,25.35833333333333,3.345,9.6,979.2,2.0,99.66666666666669,101.29632604227412,8,4,0,monsoon,-76,0
2021-08-21,20.1,20.1,1,0,20.1,,,0,0,26.70833333333333,24.9,29.0,91.0,25.054166666666664,3.2566666666666664,12.1,980.7875,30.3,95.08333333333331,102.97176542403923,8,5,1,monsoon,-75,0
2021-08-22,31.6,31.6,1,0,31.6,,,0,0,27.616666666666664,24.9,31.1,88.375,25.441666666666663,2.598333333333333,8.9,980.6541666666668,9.8,86.91666666666667,115.66178741388056,8,6,1,monsoon,-74,0
2021-08-23,28.4,28.4,1,0,28.4,,,0,0,28.504166666666663,25.9,31.6,86.70833333333333,25.975,1.622083333333333,6.6,978.5083333333332,5.9,66.54166666666667,188.66034911946596,8,0,0,monsoon,-73,0
2021-08-24,40.2,40.2,1,0,40.2,,,0,0,29.0,26.5,32.0,87.08333333333333,26.5625,1.30125,8.2,977.2333333333332,2.1,98.91666666666669,196.58267715628585,8,1,0,monsoon,-72,0
2021-08-25,30.5,30.5,1,0,30.5,,,0,0,30.416666666666668,27.9,34.3,68.29166666666667,23.7,4.2325,13.6,975.1416666666668,0.0,34.958333333333336,268.7995629693384,8,2,0,monsoon,-71,0
2021-08-26,27.1,27.1,1,0,27.1,,,0,0,29.729166666666668,27.3,33.8,66.95833333333333,22.804166666666664,4.091666666666667,11.9,974.375,0.0,58.29166666666666,264.91413350857727,8,3,0,monsoon,-70,0
2021-08-27,39.4,39.4,1,0,39.4,,,0,0,29.67083333333333,25.8,34.0,66.83333333333333,22.695833333333336,2.828333333333333,7.7,976.4916666666668,0.0,93.54166666666669,222.7775150598588,8,4,0,monsoon,-69,0
2021-08-28,44.4,44.4,1,0,44.4,,,0,0,29.39583333333333,26.6,33.4,74.25,24.133333333333336,1.9695833333333328,7.0,977.3625,0.0,49.66666666666666,143.8858591530353,8,5,1,monsoon,-68,0
2021-08-29,44.5,44.5,1,0,44.5,,,0,0,28.59166666666667,25.9,32.3,84.875,25.67083333333333,2.17375,8.0,978.2041666666668,1.3,30.70833333333333,111.86075207027784,8,6,1,monsoon,-67,0
2021-08-30,,,0,0,,,,0,0,27.454166666666666,25.2,30.8,85.70833333333333,24.78333333333333,3.002083333333333,7.6,981.2583333333332,1.2000000000000002,39.16666666666666,97.01385005406657,8,0,0,monsoon,-66,0
2021-08-31,18.4,18.4,1,0,18.4,,,0,0,27.008333333333336,24.7,31.0,86.91666666666667,24.579166666666666,3.138333333333333,9.4,982.9708333333332,5.3,62.91666666666666,96.6795184457257,8,1,0,monsoon,-65,0
2021-09-01,20.0,20.0,1,0,20.0,,,0,0,26.40416666666667,24.2,29.8,90.16666666666669,24.629166666666663,2.5470833333333336,8.2,982.6,10.7,89.625,73.1684318439851,9,2,0,monsoon,-64,0
2021-09-02,31.16,29.1,25,0,24.5,55.675,54.15,24,0,27.804166666666664,24.6,31.7,87.41666666666667,25.39583333333333,1.66625,7.1,980.4541666666668,1.2000000000000002,74.04166666666667,90.81576872934852,9,3,0,monsoon,-63,0
2021-09-03,21.3846,20.4,13,0,20.4,44.0231,41.8,13,0,27.1625,25.3,30.9,89.125,25.133333333333336,1.87625,8.0,978.9666666666668,11.3,93.54166666666669,131.2228862652504,9,4,0,monsoon,-62,0
2021-09-04,26.28,25.2,10,0,20.2,53.8889,53.4,9,0,27.370833333333334,24.9,30.6,88.125,25.120833333333334,1.27875,6.4,978.7291666666666,14.7,86.54166666666667,154.68046624684894,9,5,1,monsoon,-61,0
2021-09-05,35.2538,32.3,13,0,33.7,71.4083,72.2,12,0,28.21666666666667,25.4,31.8,85.75,25.48333333333333,1.2920833333333337,6.4,978.8291666666668,3.8,32.75,190.18839855029725,9,6,1,monsoon,-60,0
2021-09-06,43.3923,40.7,13,0,40.7,88.0769,85.4,13,0,29.066666666666663,26.1,32.2,84.375,26.04583333333333,1.35125,6.2,980.1583333333332,4.1,49.25,142.08984934072066,9,0,0,monsoon,-59,0
2021-09-07,35.2,36.6,11,0,39.8,75.42,71.1,10,0,28.0125,25.7,30.5,88.04166666666667,25.820833333333336,3.0875,9.5,981.6625,7.6,76.75,84.76277445423693,9,1,0,monsoon,-58,0
2021-09-08,21.6556,20.5,9,0,21.1,60.0625,58.15,8,0,28.04583333333333,26.1,30.7,80.125,24.245833333333334,4.8116666666666665,12.9,980.4541666666668,2.3,52.375,100.31562203687048,9,2,0,monsoon,-57,0
2021-09-09,32.7143,29.2,7,0,26.1,74.7571,75.4,7,0,27.7,24.9,30.9,83.75,24.6125,3.182916666666667,10.8,979.5208333333334,4.4,72.79166666666667,94.8786750555285,9,3,0,monsoon,-56,0
2021-09-10,29.1444,28.9,9,0,28.9,70.3875,65.0,8,0,26.84583333333333,24.9,30.1,88.16666666666667,24.67083333333333,3.986666666666667,12.3,979.4791666666666,16.6,88.54166666666667,95.40201369863894,9,4,0,monsoon,-55,0
2021-09-11,19.6778,20.0,9,0,17.7,37.7556,43.4,9,0,25.891666666666666,23.9,28.7,90.79166666666669,24.229166666666668,4.725833333333333,14.5,979.3166666666666,15.3,98.75,103.28824159109342,9,5,1,monsoon,-54,0
2021-09-12,26.1,25.4,9,0,22.5,58.0556,54.5,9,0,26.479166666666668,24.5,29.2,90.75,24.79583333333333,2.369166666666666,8.1,977.6458333333334,6.4,94.83333333333331,94.75006625663237,9,6,1,monsoon,-53,0
2021-09-13,35.14,33.75,10,0,33.2,78.8667,73.2,9,0,27.666666666666668,25.5,31.5,87.91666666666667,25.4,1.7404166666666667,6.4,977.8083333333334,7.8,72.625,67.1415491255625,9,0,0,monsoon,-52,0
2021-09-14,30.2444,25.7,9,0,26.1,68.4556,61.0,9,0,27.9625,25.7,31.2,83.54166666666667,24.816666666666663,2.7325,8.4,979.8625,0.3,52.41666666666666,47.35469574812777,9,1,0,monsoon,-51,0
2021-09-15,20.3222,18.3,9,0,16.0,64.8125,59.5,8,0,28.4375,25.6,32.2,76.58333333333333,23.775,2.931666666666666,10.7,980.975,0.0,19.08333333333333,82.16711936909729,9,2,0,monsoon,-50,0
2021-09-16,24.8923,23.5,26,0,18.7,68.908,65.3,25,0,27.954166666666666,25.2,32.7,77.29166666666667,23.416666666666668,3.68875,11.9,979.1666666666666,4.1,39.29166666666666,34.12965821299281,9,3,0,monsoon,-49,0
2021-09-17,23.02,21.8,25,0,19.6,58.072,53.7,25,0,26.808333333333334,23.5,29.1,75.5,22.041666666666668,4.41625,15.3,978.5791666666668,1.5,45.41666666666666,48.002487303427074,9,4,0,monsoon,-48,0
2021-09-18,30.75,31.95,24,0,30.3,73.2875,68.95,24,0,27.3875,24.2,30.8,80.125,23.554166666666664,3.495416666666667,11.7,980.8041666666668,0.1,32.0,78.23651155457759,9,5,1,monsoon,-47,0
2021-09-19,29.956,27.9,25,0,24.9,77.696,75.5,25,0,28.15,25.1,31.6,80.75,24.34166666666667,2.63375,7.7,982.4916666666668,0.3,8.25,111.45124833522362,9,6,1,monsoon,-46,0
2021-09-20,30.856,29.1,25,0,25.5,82.5542,79.1,24,0,28.325,24.9,32.1,81.08333333333333,24.554166666666664,2.137916666666667,8.0,981.6166666666668,0.7000000000000001,11.25,123.74650999772156,9,0,0,monsoon,-45,0
2021-09-21,30.364,29.1,25,0,27.9,71.412,66.6,25,0,28.016666666666666,26.0,31.2,82.95833333333333,24.775,2.370416666666667,8.7,980.7541666666666,1.7000000000000002,30.83333333333333,123.7089756868548,9,1,0,monsoon,-44,0
2021-09-22,27.456,26.1,25,0,24.4,64.3375,58.2,24,0,26.45,24.5,29.8,90.0,24.65416666666667,2.8466666666666662,8.8,980.5833333333334,17.3,87.125,115.72241260511804,9,2,0,monsoon,-43,0
2021-09-23,26.8667,26.1,15,0,21.6,59.7071,57.45,14,0,26.67083333333333,24.5,29.4,88.54166666666667,24.5125,2.6787499999999995,8.3,982.0416666666666,6.4,71.41666666666667,93.3176083447952,9,3,0,monsoon,-42,0
2021-09-24,25.1333,25.35,18,0,20.8,59.3889,54.85,18,0,26.975,24.6,30.7,84.75,24.075,2.3745833333333333,9.8,982.9,2.1,48.75,71.40415746681026,9,4,0,monsoon,-41,0
2021-09-25,34.9462,34.5,26,0,39.0,74.9308,71.5,26,0,27.20833333333333,24.5,30.8,85.66666666666667,24.46666666666667,1.9279166666666667,7.6,981.7458333333334,2.1,29.0,62.81808818046852,9,5,1,monsoon,-40,0
2021-09-26,38.4154,36.9,26,0,31.3,77.7808,70.55,26,0,26.829166666666666,24.1,30.5,85.29166666666667,24.02083333333333,2.5816666666666666,8.8,981.4791666666666,1.5,34.625,84.46132146609546,9,6,1,monsoon,-39,0
2021-09-27,54.2654,52.15,26,0,49.1,115.6923,114.0,26,0,28.15,24.5,31.9,81.04166666666667,24.354166666666668,1.5933333333333335,7.3,981.8833333333332,0.2,16.416666666666668,71.62822897677961,9,0,0,monsoon,-38,0
2021-09-28,47.1385,45.8,26,0,45.0,109.9846,105.0,26,0,28.1625,25.6,32.0,81.70833333333333,24.633333333333336,2.855833333333333,10.9,982.5833333333334,1.7,34.541666666666664,88.21358200392478,9,1,0,monsoon,-37,0
2021-09-29,,,0,0,,,,0,0,28.179166666666664,25.2,31.5,79.83333333333333,24.179166666666664,3.27625,12.9,983.6958333333332,0.2,9.5,101.95977779283488,9,2,0,monsoon,-36,0
2021-09-30,33.7769,32.3,26,0,29.1,84.15,77.9,26,0,28.258333333333336,25.3,31.5,81.79166666666667,24.725,1.7966666666666666,6.1,984.9375,0.7000000000000001,16.958333333333332,111.65220187864838,9,3,0,monsoon,-35,0
2021-10-01,42.1,42.1,1,0,42.1,,,0,0,28.604166666666668,25.2,32.2,82.125,25.0625,1.05625,4.9,984.475,0.2,17.25,226.1915365261758,10,4,0,post_monsoon,-34,0
2021-10-02,49.7,49.7,1,0,49.7,,,0,0,28.954166666666666,25.6,33.0,76.875,24.258333333333336,2.103333333333333,7.7,983.075,0.2,12.541666666666666,282.83921362496744,10,5,1,post_monsoon,-33,0
2021-10-03,30.0,30.0,1,0,30.0,,,0,0,29.104166666666668,25.7,33.4,73.95833333333333,23.704166666666666,2.8183333333333334,10.0,981.275,0.0,9.75,274.7224285325849,10,6,1,post_monsoon,-32,0
2021-10-04,28.5,28.5,1,0,28.5,,,0,0,28.954166666666666,25.8,32.8,70.25,22.7625,2.0016666666666665,6.3,981.0625,0.1,16.541666666666668,248.7754255455398,10,0,0,post_monsoon,-31,0
2021-10-05,36.9,36.9,1,0,36.9,,,0,0,28.40416666666667,24.6,32.2,76.79166666666667,23.7375,1.4129166666666666,6.7,983.6833333333334,2.3,23.041666666666668,79.91496784769583,10,1,0,post_monsoon,-30,0
2021-10-06,46.2,46.2,1,0,46.2,,,0,0,28.40833333333333,25.5,32.4,75.41666666666667,23.370833333333334,1.6283333333333332,6.4,983.8416666666668,0.1,9.666666666666666,325.8188748306135,10,2,0,post_monsoon,-29,0
2021-10-07,64.0,64.0,1,0,64.0,,,0,0,27.2875,23.2,32.4,71.25,21.195833333333333,2.3291666666666666,6.8,982.4666666666668,0.0,1.3333333333333333,298.75294025148213,10,3,0,post_monsoon,-28,0
2021-10-08,70.9,70.9,1,0,70.9,,,0,0,27.90416666666667,23.3,33.2,66.08333333333333,20.558333333333334,2.4079166666666665,6.7,981.3458333333332,0.0,0.0833333333333333,284.43262535495,10,4,0,post_monsoon,-27,0
2021-10-09,66.8,66.8,1,0,66.8,,,0,0,28.53333333333333,23.1,34.1,61.583333333333336,19.95833333333333,2.3633333333333333,7.0,981.675,0.0,0.0416666666666666,275.41941224538925,10,5,1,post_monsoon,-26,0
2021-10-10,51.3,51.3,1,0,51.3,,,0,0,28.304166666666664,22.1,34.9,62.833333333333336,19.83333333333333,1.9729166666666669,5.6,982.0208333333334,0.0,1.375,244.8782819931999,10,6,1,post_monsoon,-25,0
2021-10-11,50.4,50.4,1,0,50.4,,,0,0,28.0,22.2,34.7,60.54166666666666,19.066666666666663,2.06875,6.4,981.6833333333334,0.0,0.5833333333333334,213.08135067980444,10,0,0,post_monsoon,-24,0
2021-10-12,73.6,73.6,1,0,73.6,,,0,0,27.870833333333334,22.7,34.5,57.66666666666666,18.120833333333334,2.087916666666666,5.5,982.0,0.0,1.5416666666666667,282.46080378045804,10,1,0,post_monsoon,-23,0
2021-10-13,,,0,0,,,,0,0,26.45,21.3,32.8,54.25,15.445833333333333,2.990833333333333,10.0,982.7958333333332,0.0,0.0,308.6988116855626,10,2,0,post_monsoon,-22,0
2021-10-14,76.3,73.3,26,0,61.9,208.7692,198.5,26,0,25.275,19.6,32.0,54.0,14.7375,3.0820833333333333,9.4,982.6666666666666,0.0,0.0,300.32353504570153,10,3,0,post_monsoon,-21,0
2021-10-15,92.0846,89.75,26,0,91.8,223.2692,213.5,26,0,25.854166666666668,19.6,33.1,53.333333333333336,15.195833333333333,2.640416666666667,7.2,980.6625,0.0,0.0,302.92304697955,10,4,0,post_monsoon,-20,0
2021-10-16,168.5,167.0,22,0,158.0,311.92,302.0,25,0,27.041666666666668,20.9,33.5,62.25,18.65833333333333,1.8104166666666668,4.4,980.8625,0.0,7.0,38.209865242797946,10,5,1,post_monsoon,-19,0
2021-10-17,101.3667,107.0,24,0,125.0,169.6609,165.0,23,0,26.3875,23.0,31.0,76.75,21.829166666666666,2.9729166666666664,10.2,982.2583333333332,3.3,82.70833333333333,76.85664848909875,10,6,1,post_monsoon,-18,0
2021-10-18,15.256,13.6,25,0,12.3,30.775,30.05,24,0,22.47083333333333,20.9,23.7,92.95833333333331,21.28333333333333,2.8866666666666667,8.0,980.9333333333334,27.4,86.16666666666667,26.71515907900209,10,0,0,post_monsoon,-17,0
2021-10-19,54.0923,53.15,26,0,52.3,106.2462,100.05,26,0,23.8125,19.3,28.9,79.70833333333333,19.820833333333333,3.5125,9.6,982.8041666666668,0.0,3.083333333333333,301.28905988823226,10,1,0,post_monsoon,-16,0
2021-10-20,107.0783,103.0,23,0,99.0,219.2692,212.5,26,0,24.3875,20.0,30.8,69.79166666666667,17.95,2.9204166666666667,7.6,985.85,0.0,0.0,277.2046210354316,10,2,0,post_monsoon,-15,0
2021-10-21,75.5385,70.7,26,0,66.0,239.2308,224.5,26,0,23.34583333333333,18.2,29.6,60.875,14.829166666666666,3.717083333333333,10.8,985.4916666666668,0.0,0.0,271.1250516360941,10,3,0,post_monsoon,-14,0
2021-10-22,56.932,52.3,25,0,45.3,185.5154,169.0,26,0,23.89583333333333,20.2,30.3,61.458333333333336,15.679166666666667,3.7104166666666663,9.5,985.75,0.0,0.0,266.6719389436229,10,4,0,post_monsoon,-13,0
2021-10-23,64.436,59.1,25,0,53.4,177.0,174.0,26,0,23.941666666666663,19.5,29.7,64.79166666666667,16.583333333333332,2.1633333333333336,6.3,987.3833333333332,0.0,3.9166666666666665,174.3530019862602,10,5,1,post_monsoon,-12,0
2021-10-24,70.9583,72.95,24,0,60.0,149.0385,150.5,26,0,22.85833333333333,19.0,27.3,70.08333333333333,16.849999999999998,2.47625,9.0,989.125,0.2,41.66666666666666,140.0960322914467,10,6,1,post_monsoon,-11,0
2021-10-25,46.176,46.1,25,0,39.5,104.9077,93.15,26,0,22.02916666666667,17.3,27.3,77.79166666666667,17.604166666666668,1.9166666666666667,6.1,989.6125,0.0,4.0,339.9497232453415,10,0,0,post_monsoon,-10,0
2021-10-26,71.7,69.1,25,0,67.6,171.8846,164.5,26,0,20.92083333333333,16.8,26.7,70.79166666666667,14.920833333333334,2.7304166666666667,7.7,988.7083333333334,0.0,0.0,306.4303013567812,10,1,0,post_monsoon,-9,0
2021-10-27,111.9773,109.5,22,0,108.0,252.0741,251.0,27,0,20.95833333333333,15.6,27.3,63.625,13.258333333333333,2.83625,8.3,990.35,0.0,0.0,306.45359351474707,10,2,0,post_monsoon,-8,0
2021-10-28,130.3952,127.0,21,0,131.0,262.3846,256.5,26,0,20.641666666666666,15.4,27.4,64.25,13.179166666666667,2.796666666666667,7.3,990.4333333333334,0.0,0.0,303.7294285480356,10,3,0,post_monsoon,-7,0
2021-10-29,,,0,0,,,,0,0,21.029166666666665,14.8,28.3,62.875,12.941666666666668,1.997083333333333,5.3,991.8625,0.0,0.0,317.8163094380796,10,4,0,post_monsoon,-6,0
2021-10-30,106.5083,109.5,24,0,102.0,246.3913,233.0,23,0,21.4125,15.8,28.4,56.458333333333336,11.575,3.23375,9.2,991.3583333333332,0.0,0.0,298.33533117690035,10,5,1,post_monsoon,-5,1
2021-10-31,138.2391,135.0,23,0,130.0,305.3478,282.0,23,0,22.2125,16.3,28.9,51.16666666666666,10.933333333333332,2.86875,8.2,989.1166666666668,0.0,0.0,273.50999217016874,10,6,1,post_monsoon,-4,1
2021-11-01,144.5148,145.0,27,0,112.0,308.1111,307.0,27,0,22.129166666666663,16.2,28.9,53.66666666666666,11.941666666666668,2.245833333333333,5.6,988.5291666666668,0.0,0.0,140.5682035816895,11,0,0,post_monsoon,-3,1
2021-11-02,139.4148,137.0,27,0,127.0,273.2885,271.5,26,0,21.541666666666668,16.4,27.8,65.41666666666667,14.270833333333334,2.90875,8.4,990.0416666666666,0.0,2.083333333333333,139.94332880889647,11,1,0,post_monsoon,-2,1
2021-11-03,171.1185,162.0,27,0,147.0,333.1154,335.0,26,0,21.725,15.6,28.6,61.708333333333336,13.483333333333334,2.0908333333333333,5.9,989.8208333333332,0.0,3.7083333333333335,172.63143196709984,11,2,0,post_monsoon,-1,1
2021-11-04,335.92,341.0,25,0,303.0,493.2593,494.0,27,0,21.216666666666665,15.2,27.6,64.25,13.666666666666666,1.6841666666666668,4.2,988.9416666666666,0.0,4.375,287.1027630803528,11,3,0,post_monsoon,0,1
2021-11-05,475.7308,482.0,26,6,383.0,649.5385,669.5,26,3,20.65833333333333,14.8,27.4,62.875,12.445833333333333,2.23625,5.6,988.9083333333332,0.0,22.5,302.2813645714034,11,4,0,post_monsoon,1,1
2021-11-06,328.8519,338.0,27,0,335.0,457.1481,467.0,27,0,20.933333333333334,14.6,28.4,56.583333333333336,11.2625,3.32875,10.3,987.2333333333332,0.0,33.416666666666664,288.7694417123498,11,5,1,post_monsoon,2,1
2021-11-07,271.2593,263.0,27,0,252.0,399.7778,374.0,27,0,21.225,15.6,28.4,59.66666666666666,12.533333333333331,3.016666666666667,7.6,987.0916666666668,0.0,5.25,284.4668733487472,11,6,1,post_monsoon,3,1
2021-11-08,261.9231,257.0,26,0,241.0,406.6296,417.0,27,0,21.041666666666668,14.7,28.7,60.25,12.129166666666668,2.6525,7.4,988.775,0.0,10.291666666666666,293.619880300046,11,0,0,post_monsoon,4,1
2021-11-09,276.3846,271.5,26,0,263.0,425.7407,425.0,27,0,20.9625,15.3,28.2,59.66666666666666,12.191666666666668,2.699583333333333,6.8,989.5666666666666,0.0,19.33333333333333,297.49205858452257,11,1,0,post_monsoon,5,1
2021-11-10,227.6296,229.0,27,0,217.0,396.037,392.0,27,0,20.7625,13.8,28.8,60.5,12.0,2.3745833333333333,6.6,988.8791666666666,0.0,41.25,284.7127186344524,11,2,0,post_monsoon,6,0
2021-11-11,314.4231,312.0,26,0,280.0,505.8077,479.0,26,0,20.391666666666666,13.5,28.3,60.583333333333336,11.645833333333334,2.119166666666666,6.2,988.4166666666666,0.0,3.9583333333333335,298.6812135950328,11,3,0,post_monsoon,7,0
2021-11-12,403.8462,415.5,26,0,409.0,590.4231,574.5,26,1,20.1875,14.5,28.0,60.54166666666666,11.3375,2.42,7.0,988.7291666666666,0.0,8.208333333333334,304.6159100146351,11,4,0,post_monsoon,8,0
2021-11-13,253.4815,260.0,27,0,290.0,416.5926,403.0,27,0,19.433333333333334,12.6,27.0,57.5,9.983333333333333,2.3129166666666667,7.1,988.7666666666668,0.0,0.0,296.2870037750899,11,5,1,post_monsoon,9,0
2021-11-14,191.8077,182.0,26,0,158.0,339.4615,318.0,26,0,18.6125,11.7,26.3,54.04166666666666,8.408333333333333,1.9941666666666664,4.3,987.8291666666668,0.0,0.0,285.62297820960106,11,6,1,post_monsoon,10,0
2021-11-15,216.2222,203.0,27,0,187.0,369.4074,350.0,27,0,18.495833333333334,12.3,25.8,52.91666666666666,8.091666666666667,2.2829166666666665,6.4,987.1291666666666,0.0,0.0,298.3017685175263,11,0,0,post_monsoon,11,0
2021-11-16,265.3704,266.0,27,0,253.0,412.963,414.0,27,0,17.883333333333333,11.3,25.3,57.125,8.683333333333334,2.087916666666666,6.3,988.0958333333332,0.0,0.0,293.72485039499776,11,1,0,post_monsoon,12,0
2021-11-17,218.8846,217.0,26,0,190.0,361.7692,359.5,26,0,17.775000000000002,10.9,24.7,64.5,10.570833333333333,1.7816666666666665,6.0,990.1125,0.0,43.25,340.374917273537,11,2,0,post_monsoon,13,0
2021-11-18,217.6923,211.0,26,0,175.0,365.3077,346.0,26,0,19.09583333333333,12.0,24.6,65.58333333333333,12.033333333333331,0.9129166666666668,3.5,989.025,0.0,50.958333333333336,338.2408721668304,11,3,0,post_monsoon,14,0
2021-11-19,234.04,229.0,25,0,225.0,373.3462,369.5,26,0,18.704166666666666,11.8,24.8,63.875,11.095833333333331,1.7795833333333333,5.3,986.5958333333332,0.0,41.0,303.0357041280163,11,4,0,post_monsoon,15,0
2021-11-20,225.7692,221.0,26,0,204.0,369.8462,369.5,26,0,19.304166666666667,15.6,25.1,58.125,10.45,1.7074999999999998,5.1,986.9416666666666,0.0,49.29166666666666,288.7861125580232,11,5,1,post_monsoon,16,0
2021-11-21,191.7692,195.0,26,0,197.0,309.1154,315.0,26,0,18.98333333333333,13.5,25.9,57.75,9.841666666666669,2.82125,7.8,988.4125,0.0,0.0833333333333333,301.702946488881,11,6,1,post_monsoon,17,0
2021-11-22,133.537,133.0,27,0,153.0,269.6296,266.0,27,0,18.791666666666668,12.9,26.0,51.25,7.520833333333333,4.379166666666666,11.0,988.1916666666666,0.0,0.0,289.4588043201509,11,0,0,post_monsoon,18,0
2021-11-23,158.6296,152.0,27,0,138.0,305.1481,304.0,27,0,18.28333333333333,12.3,25.6,55.25,8.495833333333334,3.45,8.7,987.0208333333334,0.0,0.0,272.3786501653309,11,1,0,post_monsoon,19,0
2021-11-24,233.8148,228.0,27,0,194.0,409.1111,418.0,27,0,18.6625,11.4,26.0,57.79166666666666,9.554166666666667,1.84375,4.6,988.3833333333332,0.0,0.0,117.92401488684813,11,2,0,post_monsoon,20,0
2021-11-25,263.4444,256.0,27,0,249.0,441.2593,426.0,27,0,17.908333333333335,12.0,25.1,70.41666666666667,11.9,1.8683333333333332,5.7,989.6,0.0,0.0,148.97931127230163,11,3,0,post_monsoon,21,0
2021-11-26,280.0,267.0,26,0,258.0,460.2222,468.0,27,0,18.45833333333333,11.8,25.2,68.875,12.125,1.737083333333333,4.8,989.4791666666666,0.0,0.0,151.21604123453,11,4,0,post_monsoon,22,0
2021-11-27,257.7308,260.0,26,0,215.0,418.7407,415.0,27,0,18.779166666666665,13.0,25.2,72.16666666666667,13.204166666666666,2.197083333333333,6.7,990.5541666666668,0.0,1.8333333333333333,122.09383887990263,11,5,1,post_monsoon,23,0
2021-11-28,,,0,0,,,,0,0,18.904166666666665,13.6,25.1,74.04166666666667,13.770833333333334,2.004166666666667,5.6,992.1958333333332,0.0,4.541666666666667,83.59482157081669,11,6,1,post_monsoon,24,0
2021-11-29,192.9615,201.0,26,0,204.0,329.5185,331.0,27,0,18.133333333333333,11.4,24.9,63.875,10.454166666666667,2.728333333333333,7.8,992.4708333333332,0.0,19.625,300.4880497145425,11,0,0,post_monsoon,25,0
2021-11-30,177.0423,182.0,26,0,182.0,298.6926,303.0,27,0,18.0375,12.5,24.8,64.83333333333333,10.758333333333333,3.2062500000000003,8.1,991.7,0.0,99.83333333333331,294.22709119174965,11,1,0,post_monsoon,26,0
2021-12-01,252.9259,244.0,27,0,220.0,425.1111,409.0,27,1,17.145833333333332,13.5,21.9,72.5,11.85,1.7504166666666665,4.8,991.9625,0.0,100.0,325.8431578389953,12,2,0,post_monsoon,27,0
2021-12-02,263.9259,279.0,27,0,301.0,386.2308,382.5,26,0,16.441666666666666,14.1,19.7,80.79166666666667,13.0625,2.0058333333333334,5.8,992.0791666666668,3.9,99.95833333333331,296.3419239893232,12,3,0,post_monsoon,28,0
2021-12-03,201.6538,208.5,26,0,215.0,307.1852,309.0,27,0,17.212500000000002,12.8,22.6,79.75,13.408333333333331,1.7708333333333333,5.4,992.2,0.0,31.45833333333333,291.769925924026,12,4,0,post_monsoon,29,0
2021-12-04,179.2963,175.0,27,0,166.0,299.1154,304.0,26,0,17.429166666666667,11.7,24.0,72.75,12.029166666666669,2.01125,6.2,990.9625,0.0,0.0,280.44213704795663,12,5,1,post_monsoon,30,0
2021-12-05,185.963,180.0,27,0,148.0,309.963,322.0,27,0,19.066666666666663,13.4,24.3,69.70833333333333,13.066666666666668,1.6004166666666666,5.2,991.1708333333332,0.5,36.958333333333336,132.62139384732086,12,6,1,post_monsoon,31,0
2021-12-06,141.2962,144.5,26,0,154.0,233.8889,230.0,27,0,18.2,14.3,23.2,78.75,14.154166666666669,2.1445833333333333,6.6,991.5083333333332,1.6,20.916666666666668,331.67988650172487,12,0,0,post_monsoon,32,0
2021-12-07,104.4889,105.0,27,0,116.0,192.6296,185.0,27,0,16.691666666666666,12.6,22.8,71.5,10.9,3.050416666666667,8.6,992.4458333333332,0.0,0.0,307.44278505747866,12,1,0,post_monsoon,33,0
2021-12-08,113.8481,113.0,27,0,119.0,213.4444,205.0,27,0,15.545833333333334,11.1,22.1,68.20833333333333,9.233333333333333,2.6666666666666665,7.2,992.2875,0.0,0.0,288.1924264089548,12,2,0,post_monsoon,34,0
2021-12-09,164.4481,162.0,27,0,149.0,281.4815,284.0,27,0,15.145833333333334,9.3,22.0,69.58333333333333,9.1625,1.8291666666666664,4.8,994.4708333333332,0.0,0.0,293.8706348474412,12,3,0,post_monsoon,35,0
2021-12-10,151.8808,157.0,26,0,155.0,252.6296,254.0,27,0,15.408333333333331,10.0,22.1,67.625,8.945833333333333,2.5325,7.1,994.5625,0.0,0.0,286.4588387072057,12,4,0,post_monsoon,36,0
2021-12-11,124.263,131.0,27,0,115.0,217.2963,225.0,27,0,14.6125,9.5,21.7,65.41666666666667,7.712499999999999,2.766666666666667,6.9,993.5208333333334,0.0,7.5,273.3880055634771,12,5,1,post_monsoon,37,0
2021-12-12,147.9423,142.5,26,0,117.0,251.7407,252.0,27,0,14.5375,8.9,21.0,65.5,7.716666666666666,1.43875,4.2,993.9916666666668,0.0,55.75,248.77295931974916,12,6,1,post_monsoon,38,0
2021-12-13,219.1481,212.0,27,0,154.0,341.8519,327.0,27,0,14.591666666666669,8.2,19.3,66.04166666666667,7.970833333333332,1.1358333333333333,4.2,992.8541666666666,0.0,61.458333333333336,152.67124751583196,12,0,0,post_monsoon,39,0
2021-12-14,233.4074,229.0,27,0,203.0,366.1111,374.0,27,0,14.879166666666668,8.8,20.7,70.91666666666667,9.195833333333333,1.7633333333333334,5.4,992.0791666666668,0.0,26.041666666666668,73.68647967134666,12,1,0,post_monsoon,40,0
2021-12-15,207.0,204.0,27,0,196.0,316.4615,325.5,26,0,13.9875,9.2,20.6,66.875,7.370833333333334,2.330833333333333,6.9,992.4291666666668,0.0,0.0,338.84463118292894,12,2,0,post_monsoon,41,0
2021-12-16,221.8148,226.0,27,0,211.0,341.1481,346.0,27,0,13.570833333333333,9.9,18.1,69.625,7.979166666666667,2.4845833333333336,8.4,993.1958333333332,0.0,43.16666666666666,338.2169127201051,12,3,0,post_monsoon,42,0
2021-12-17,154.5926,153.0,27,0,163.0,245.8148,242.0,27,0,12.320833333333333,8.0,17.9,57.458333333333336,3.6208333333333336,3.94875,9.9,995.0583333333334,0.0,2.833333333333333,314.7794527066277,12,4,0,post_monsoon,43,0
2021-12-18,136.788,139.0,25,0,158.0,230.1538,226.0,26,0,11.1875,6.3,17.8,64.625,4.129166666666666,4.51125,11.3,994.9208333333332,0.0,0.0,297.3230056762151,12,5,1,post_monsoon,44,0
2021-12-19,146.452,150.0,25,0,146.0,240.0385,239.0,26,0,11.070833333333333,6.1,17.5,62.54166666666666,3.820833333333333,3.9,8.1,994.4625,0.0,4.875,292.99916378217495,12,6,1,post_monsoon,45,0
2021-12-20,167.1385,178.5,26,0,181.0,264.9615,264.0,26,0,11.5875,5.9,18.1,67.25,5.320833333333334,2.68625,6.4,993.4041666666668,0.0,11.5,293.5224180275052,12,0,0,post_monsoon,46,0
2021-12-21,227.0,227.0,1,0,227.0,,,0,0,12.1375,5.2,19.5,70.70833333333333,6.495833333333334,2.02375,5.2,991.9166666666666,0.0,9.458333333333334,307.40601562933057,12,1,0,post_monsoon,47,0
2021-12-22,268.0,268.0,1,0,268.0,,,0,0,13.325,5.9,20.1,66.83333333333333,6.720833333333334,1.778333333333333,5.1,989.7375,0.0,43.29166666666666,317.59788979977554,12,2,0,post_monsoon,48,0
2021-12-23,351.8333,322.5,18,2,332.0,540.2222,509.0,18,2,14.183333333333332,8.4,21.1,72.29166666666667,8.941666666666666,2.064583333333333,5.6,988.9875,0.0,47.79166666666666,132.05314052430248,12,3,0,post_monsoon,49,0
2021-12-24,228.5,236.5,6,0,280.0,361.0,365.5,6,0,14.541666666666666,9.7,21.4,75.125,9.7,2.0187500000000003,5.3,988.85,0.0,34.0,125.9804019833631,12,4,0,post_monsoon,50,0
2021-12-25,287.0,310.5,4,0,351.0,502.6667,496.0,3,0,15.4875,10.6,21.1,71.95833333333333,10.154166666666669,1.3870833333333332,3.9,990.8583333333332,0.0,27.58333333333333,90.40922968709032,12,5,1,post_monsoon,51,0
2021-12-26,410.4,411.0,5,1,369.0,599.25,599.5,4,0,15.025,10.8,18.4,79.75,11.383333333333333,2.091666666666667,6.1,992.6375,4.6,94.29166666666669,98.8681998558061,12,6,1,post_monsoon,52,0
2021-12-27,85.15,83.15,4,0,123.0,183.0,169.0,3,0,14.866666666666667,10.7,19.7,72.08333333333333,9.554166666666667,1.92625,6.7,993.9166666666666,3.2,71.5,49.98107001062488,12,0,0,post_monsoon,53,0
2021-12-28,,,0,0,,,,0,0,13.945833333333333,10.5,19.5,77.70833333333333,9.804166666666664,1.5145833333333334,4.0,993.0208333333334,1.7,82.20833333333333,32.03121856563456,12,1,0,post_monsoon,54,0
2021-12-29,127.0,127.0,1,0,127.0,,,0,0,13.016666666666666,8.4,19.1,72.45833333333333,7.604166666666667,2.0170833333333333,7.7,993.7166666666668,0.0,28.291666666666668,307.6552312857322,12,2,0,post_monsoon,55,0
2021-12-30,157.65,132.0,4,0,154.0,267.4286,262.0,7,0,10.720833333333331,5.2,17.9,66.58333333333333,4.075,2.37125,5.7,997.6166666666668,0.0,40.25,333.2907522507549,12,3,0,post_monsoon,56,0
2021-12-31,204.0,204.0,1,0,204.0,,,0,0,10.504166666666666,5.0,17.8,70.66666666666667,4.925,2.2154166666666666,6.2,997.4583333333334,0.0,39.54166666666666,294.0794052672589,12,4,0,post_monsoon,57,0
2022-01-01,249.0,233.0,16,0,227.0,373.1875,389.5,16,0,10.970833333333331,5.7,18.1,75.83333333333333,6.420833333333333,2.145,5.7,996.2541666666666,0.0,8.458333333333334,285.2149760957016,1,5,1,winter,58,0
2022-01-02,266.0,273.0,21,0,270.0,388.45,388.0,20,0,11.904166666666669,6.8,18.8,77.04166666666667,7.641666666666667,2.035833333333333,5.3,994.9083333333332,0.0,64.83333333333333,295.33501790298504,1,6,1,winter,59,0
2022-01-03,255.6818,259.0,22,0,248.0,370.1091,394.0,22,0,12.620833333333332,7.4,20.2,74.75,7.770833333333333,2.2583333333333333,5.9,993.0875,0.0,28.5,284.46426059468104,1,0,0,winter,60,0
2022-01-04,234.48,221.0,25,0,205.0,369.4,369.0,25,0,14.520833333333334,8.1,22.0,71.04166666666667,8.6625,1.8429166666666663,5.2,992.3375,0.2,55.708333333333336,287.7226864550721,1,1,0,winter,61,0
2022-01-05,248.5,251.5,22,0,278.0,325.6364,323.5,22,0,13.366666666666667,11.6,15.0,86.25,11.054166666666667,2.987916666666667,9.5,991.1416666666668,9.6,99.08333333333331,124.0461908790864,1,2,0,winter,62,0
2022-01-06,98.3125,102.5,16,0,123.0,140.5294,136.0,17,0,14.591666666666669,12.0,18.6,82.95833333333333,11.6375,3.324583333333333,10.4,991.2333333333332,0.9,77.95833333333333,133.784418799337,1,3,0,winter,63,0
2022-01-07,70.9059,72.6,17,0,78.6,111.6588,113.0,17,0,15.641666666666666,12.7,19.9,85.5,13.075,3.9575,9.6,990.7625,1.9,66.45833333333333,131.82462693204104,1,4,0,winter,64,0
2022-01-08,47.97,47.3,20,0,47.4,65.435,62.0,20,0,15.379166666666668,14.1,17.1,90.54166666666669,13.808333333333332,4.255416666666666,10.9,990.2,16.2,82.04166666666667,123.11503760680614,1,5,1,winter,65,0
2022-01-09,47.5762,46.3,21,0,46.1,63.045,59.9,20,0,14.079166666666666,10.4,17.1,89.45833333333333,12.3,2.14125,6.6,989.7625,3.6,72.125,297.47343030224715,1,6,1,winter,66,0
2022-01-10,93.6286,96.9,21,0,107.0,137.8762,140.0,21,0,11.495833333333332,8.0,16.9,82.04166666666667,8.254166666666666,2.3783333333333334,7.0,992.2583333333332,0.0,4.541666666666667,303.30590593278936,1,0,0,winter,67,0
2022-01-11,95.2136,97.05,22,0,115.0,145.1409,143.5,22,0,11.508333333333333,7.3,17.4,79.04166666666667,7.695833333333333,2.630416666666666,7.6,992.375,0.0,1.75,301.479544334691,1,1,0,winter,68,0
2022-01-12,110.9857,110.0,21,0,125.0,185.3333,188.0,21,0,11.341666666666669,7.6,17.1,80.29166666666667,7.904166666666666,2.310833333333333,6.3,991.8333333333334,0.0,41.41666666666666,278.5607835934086,1,2,0,winter,69,0
2022-01-13,212.8421,217.0,19,0,249.0,329.7368,327.0,19,0,12.3,7.2,17.4,75.375,7.766666666666667,1.1666666666666667,3.9,992.15,0.0,35.833333333333336,284.9732827807177,1,3,0,winter,70,0
2022-01-14,189.3182,180.0,22,0,226.0,301.2174,306.0,23,0,10.7625,6.2,16.6,81.25,7.345833333333334,1.57125,4.0,992.725,0.0,33.291666666666664,322.5834126602096,1,4,0,winter,71,0
2022-01-15,122.9577,123.5,26,0,162.0,190.4231,186.5,26,0,9.975,5.8,16.8,86.66666666666667,7.616666666666667,1.8816666666666664,5.4,994.2083333333334,0.0,25.041666666666668,315.2347392656843,1,5,1,winter,72,0
2022-01-16,143.4955,150.0,22,0,163.0,222.3636,220.5,22,0,10.191666666666666,5.9,15.8,85.83333333333333,7.745833333333334,1.6983333333333333,5.7,995.025,0.0,62.875,290.67776235549024,1,6,1,winter,73,0
2022-01-17,176.5045,175.5,22,0,201.0,292.7727,287.0,22,0,9.766666666666667,4.7,14.1,85.45833333333333,7.320833333333333,1.1675,4.4,995.65,0.0,60.91666666666666,292.7918664327125,1,0,0,winter,74,0
2022-01-18,180.075,193.0,20,0,219.0,292.9524,287.0,21,0,9.583333333333334,5.4,16.1,88.5,7.6375,2.2966666666666664,7.1,993.4541666666668,0.0,49.875,285.4307423460932,1,1,0,winter,75,0
2022-01-19,139.9778,134.0,9,0,204.0,256.3333,267.0,9,0,11.0625,6.6,17.7,88.66666666666667,9.091666666666669,1.7308333333333332,5.9,990.5416666666666,0.7,53.79166666666666,304.16732757016376,1,2,0,winter,76,0
2022-01-20,216.5,216.5,2,0,274.0,222.0,222.0,2,0,13.145833333333334,9.3,17.7,85.29166666666667,10.591666666666669,1.5166666666666666,5.3,986.5791666666668,0.9,40.5,129.50608237139988,1,3,0,winter,77,0
2022-01-21,204.0,204.0,1,0,204.0,,,0,0,12.2625,7.2,18.4,85.20833333333333,9.558333333333334,1.8766666666666667,5.6,986.4333333333334,0.0,44.66666666666666,127.22805769018174,1,4,0,winter,78,0
2022-01-22,151.0,151.0,1,0,151.0,,,0,0,13.220833333333331,11.9,16.1,84.66666666666667,10.65,5.47375,15.5,982.2458333333334,22.8,91.41666666666669,119.70627808614478,1,5,1,winter,79,0
2022-01-23,120.0,120.0,1,0,120.0,,,0,0,12.758333333333333,9.2,16.7,86.20833333333333,10.3875,2.28125,6.0,984.6125,3.5,62.91666666666666,158.8168287949834,1,6,1,winter,80,0
2022-01-24,99.5,99.5,1,0,99.5,,,0,0,10.729166666666666,7.1,16.2,82.95833333333333,7.708333333333333,2.317916666666666,7.3,988.3875,0.6,10.958333333333334,307.03543097604984,1,0,0,winter,81,0
2022-01-25,123.0,123.0,1,0,123.0,,,0,0,10.283333333333331,6.2,16.4,80.16666666666667,6.695833333333333,2.3925,7.7,989.3208333333332,0.0,23.25,291.9356831628796,1,1,0,winter,82,0
2022-01-26,122.0,122.0,1,0,122.0,,,0,0,10.7,6.3,16.8,81.41666666666667,7.316666666666666,2.8070833333333334,8.9,990.3083333333334,0.0,11.208333333333334,289.63022421093854,1,2,0,winter,83,0
2022-01-27,,,0,0,,,,0,0,11.554166666666667,7.0,17.8,73.33333333333333,6.4875,3.660833333333333,11.0,991.575,0.0,0.0,287.581254108846,1,3,0,winter,84,0
2022-01-28,104.0,104.0,1,0,104.0,,,0,0,11.591666666666669,7.1,17.9,71.16666666666667,6.220833333333334,3.827916666666667,11.1,991.4333333333334,0.0,0.0,282.64239952790547,1,4,0,winter,85,0
2022-01-29,120.7625,124.0,16,0,127.0,239.7059,242.0,17,0,12.379166666666668,6.8,19.5,72.83333333333333,7.329166666666667,2.567916666666666,6.8,991.3583333333332,0.0,0.0,282.6784614151609,1,5,1,winter,86,0
2022-01-30,141.4741,149.0,27,0,154.0,232.6296,224.0,27,0,13.695833333333333,8.9,20.3,71.66666666666667,8.441666666666666,4.081666666666666,10.6,987.1416666666668,0.0,0.2083333333333333,286.5619840920479,1,6,1,winter,87,0
2022-01-31,202.6,219.0,24,0,225.0,316.6667,324.0,24,0,13.679166666666667,8.2,20.9,79.91666666666667,10.020833333333334,1.5166666666666666,4.1,986.4583333333334,0.0,0.0,133.33952506815496,1,0,0,winter,88,0
2022-02-01,226.0,226.0,1,0,226.0,,,0,0,13.966666666666669,8.7,20.8,84.75,11.158333333333331,2.4320833333333334,7.7,986.0583333333334,0.0,18.0,299.0710874362229,2,1,0,winter,89,0
2022-02-02,163.2308,169.0,26,0,175.0,247.6667,248.0,27,0,14.25,9.0,20.5,77.875,10.0625,2.884583333333333,9.2,985.8833333333332,0.0,13.0,229.11789179536385,2,2,0,winter,90,0
2022-02-03,127.4273,119.0,11,0,174.0,194.9,188.5,10,0,12.733333333333334,10.3,15.1,85.08333333333333,10.2375,5.397083333333334,15.7,981.9833333333332,16.599999999999998,76.45833333333333,111.19218588853391,2,3,0,winter,91,0
2022-02-04,44.72,46.4,10,0,55.5,76.9222,74.9,9,0,11.558333333333332,8.2,16.5,83.75,8.645833333333334,3.671666666666667,9.8,984.4833333333332,0.2,41.375,305.18626328117386,2,4,0,winter,92,0
2022-02-05,95.2125,95.3,8,0,118.0,165.6,134.0,8,0,10.904166666666669,5.7,16.7,83.5,8.016666666666667,1.8316666666666668,4.6,988.6541666666668,0.0,28.0,340.0833081383453,2,5,1,winter,93,0
2022-02-06,121.54,124.0,10,0,106.0,206.57,224.5,10,0,13.691666666666668,7.4,20.5,74.625,8.845833333333333,1.6137499999999998,4.8,990.6166666666668,0.0,0.125,136.22659979710107,2,6,1,winter,94,0
2022-02-07,116.0,116.0,1,0,116.0,,,0,0,15.216666666666669,8.3,22.3,77.83333333333333,10.9625,2.1533333333333333,6.7,989.6833333333334,0.0,18.041666666666668,152.18458106062894,2,0,0,winter,95,0
2022-02-08,115.0,115.0,1,0,115.0,,,0,0,16.099999999999998,10.7,22.1,81.375,12.658333333333331,1.4641666666666666,5.8,988.1083333333332,1.4,16.333333333333332,118.49294769485238,2,1,0,winter,96,0
2022-02-09,95.7,95.7,1,0,95.7,,,0,0,14.395833333333334,10.3,18.6,82.875,11.320833333333333,2.37,8.0,989.8333333333334,3.6,50.833333333333336,50.8340333350734,2,2,0,winter,97,0
2022-02-10,77.8,77.8,1,0,77.8,,,0,0,13.779166666666669,8.0,20.1,74.79166666666667,8.745833333333334,2.9775,10.3,992.2291666666666,0.0,19.20833333333333,295.5881888524932,2,3,0,winter,98,0
2022-02-11,78.3,78.3,1,0,78.3,,,0,0,14.258333333333333,9.9,20.2,64.58333333333333,7.366666666666667,4.333333333333333,11.7,990.9,0.0,0.0,288.52526238305984,2,4,0,winter,99,0
2022-02-12,79.5,79.5,1,0,79.5,,,0,0,14.345833333333331,9.4,21.1,67.45833333333333,8.016666666666667,3.574583333333333,9.5,989.4916666666668,0.0,0.0,284.7043989082713,2,5,1,winter,100,0
2022-02-13,109.0,109.0,1,0,109.0,,,0,0,14.775,8.4,22.4,70.16666666666667,8.804166666666667,1.9270833333333333,4.2,988.2416666666668,0.0,0.0,288.84703910324896,2,6,1,winter,101,0
2022-02-14,76.5,76.5,1,0,76.5,,,0,0,15.566666666666668,9.2,23.1,69.95833333333333,9.425,2.177083333333333,5.1,988.25,0.0,0.0,143.0465549491451,2,0,0,winter,102,0
2022-02-15,77.9,77.9,1,0,77.9,,,0,0,16.554166666666667,11.0,23.2,65.29166666666667,9.566666666666666,1.83375,5.0,988.2875,0.0,1.2916666666666667,265.75545400359886,2,1,0,winter,103,0
2022-02-16,110.0,110.0,1,0,110.0,,,0,0,16.179166666666667,10.0,23.7,69.41666666666667,9.991666666666667,2.2304166666666667,7.0,986.2708333333334,0.0,2.0,304.8733412424046,2,2,0,winter,104,0
2022-02-17,102.0,102.0,1,0,102.0,,,0,0,17.370833333333334,10.6,24.2,63.583333333333336,9.6125,2.3075,6.1,986.0333333333332,0.0,3.9583333333333335,324.5951418722039,2,3,0,winter,105,0
2022-02-18,105.0,105.0,1,0,105.0,,,0,0,17.354166666666668,10.0,25.0,60.66666666666666,8.845833333333333,2.17125,7.8,987.3,0.0,9.5,317.33382233303905,2,4,0,winter,106,0
2022-02-19,74.8,74.8,1,0,74.8,,,0,0,16.595833333333335,10.4,24.0,61.25,8.220833333333333,3.317083333333333,9.6,988.5875,0.0,0.0,303.0489631450974,2,5,1,winter,107,0
2022-02-20,81.5,81.5,1,0,81.5,,,0,0,17.224999999999998,12.5,23.7,57.29166666666666,8.112499999999999,4.443333333333333,12.5,983.6791666666668,0.0,0.2916666666666667,290.6459155580044,2,6,1,winter,108,0
2022-02-21,64.9,64.9,1,0,64.9,,,0,0,17.575,11.2,24.5,53.54166666666666,7.375,2.522083333333333,6.3,983.3166666666666,0.0,0.8333333333333334,276.70075098715085,2,0,0,winter,109,0
2022-02-22,86.1,86.1,1,0,86.1,,,0,0,18.6125,12.5,25.4,55.66666666666666,9.104166666666666,5.754583333333334,14.6,985.125,0.0,24.791666666666668,121.93466993270972,2,1,0,winter,110,0
2022-02-23,110.0,110.0,1,0,110.0,,,0,0,18.65833333333333,14.2,23.8,67.58333333333333,12.304166666666667,3.9479166666666665,12.8,988.9,0.0,33.875,115.20469096495424,2,2,0,winter,111,0
2022-02-24,136.0,136.0,1,0,136.0,,,0,0,18.245833333333334,12.3,25.0,72.0,12.308333333333332,1.95125,7.5,990.5541666666668,0.0,51.41666666666666,339.8464362160719,2,3,0,winter,112,0
2022-02-25,136.0,136.0,1,0,136.0,,,0,0,18.620833333333334,12.6,25.0,68.29166666666667,12.020833333333334,2.2429166666666664,8.2,991.0833333333334,0.0,18.291666666666668,98.22759181751304,2,4,0,winter,113,0
2022-02-26,,,0,0,,,,0,0,17.808333333333334,14.3,23.5,69.16666666666667,11.679166666666667,4.89125,13.2,991.6666666666666,1.5,22.20833333333333,91.54205037514714,2,5,1,winter,114,0
2022-02-27,30.0,30.0,1,0,30.0,,,0,0,17.1375,12.3,23.4,63.708333333333336,9.75,2.9225,7.3,993.025,0.0,10.083333333333334,348.31132350018265,2,6,1,winter,115,0
2022-02-28,39.4,39.4,1,0,39.4,,,0,0,16.412499999999998,10.9,23.0,62.66666666666666,8.549999999999999,3.358333333333333,9.0,991.5208333333334,0.0,11.416666666666666,303.68592668779934,2,0,0,winter,116,0
2022-03-01,81.8,81.8,1,0,81.8,,,0,0,17.116666666666667,10.7,24.4,64.54166666666667,9.566666666666666,2.3504166666666664,5.9,991.6,0.0,4.875,305.8684691333285,3,1,0,pre_monsoon,117,0
2022-03-02,104.0,104.0,1,0,104.0,,,0,0,18.479166666666668,11.3,25.6,62.04166666666666,10.2625,1.7729166666666665,5.1,991.3416666666668,0.0,5.375,301.9073127590142,3,2,0,pre_monsoon,118,0
2022-03-03,67.3,67.3,1,0,67.3,,,0,0,19.5,13.0,26.9,63.333333333333336,11.766666666666666,1.747083333333333,7.6,990.2416666666668,1.6,28.291666666666668,11.69902641915479,3,3,0,pre_monsoon,119,0
2022-03-04,78.3,78.3,1,0,78.3,,,0,0,18.8625,13.3,25.1,69.75,12.6125,3.7883333333333336,9.5,991.1875,0.0,7.208333333333333,307.5112447394363,3,4,0,pre_monsoon,120,0
2022-03-05,50.9,50.9,1,0,50.9,,,0,0,18.945833333333333,13.1,25.7,65.29166666666667,11.566666666666668,4.162916666666667,10.3,989.55,0.0,0.9583333333333334,294.5525929122847,3,5,1,pre_monsoon,121,0
2022-03-06,69.1,69.1,1,0,69.1,,,0,0,19.620833333333334,13.9,26.3,62.958333333333336,11.791666666666666,2.0970833333333334,5.8,988.45,0.0,90.375,269.7304638982102,3,6,1,pre_monsoon,122,0
2022-03-07,88.0,88.0,1,0,88.0,,,0,0,20.954166666666666,14.2,28.0,59.958333333333336,12.1125,1.9666666666666668,5.7,989.825,0.0,48.583333333333336,99.52578056241794,3,0,0,pre_monsoon,123,0
2022-03-08,108.0,108.0,1,0,108.0,,,0,0,21.5,14.2,29.6,56.375,11.333333333333334,2.7391666666666663,8.0,989.0958333333332,0.0,36.458333333333336,320.35894702970177,3,1,0,pre_monsoon,124,0
2022-03-09,55.2,55.2,1,0,55.2,,,0,0,22.120833333333334,15.4,30.1,51.04166666666666,10.675,3.052083333333333,9.5,988.1208333333334,0.0,19.75,303.12085447447333,3,2,0,pre_monsoon,125,0
2022-03-10,59.5,59.5,1,0,59.5,,,0,0,22.22083333333333,16.4,29.0,51.0,11.15,3.4241666666666664,10.6,988.15,0.0,29.08333333333333,302.54092913447727,3,3,0,pre_monsoon,126,0
2022-03-11,77.8,77.8,1,0,77.8,,,0,0,22.004166666666663,15.8,28.9,57.375,12.35,3.5500000000000003,9.9,988.1125,0.0,0.0833333333333333,293.4611568896666,3,4,0,pre_monsoon,127,0
2022-03-12,74.7,74.7,1,0,74.7,,,0,0,22.27083333333333,15.3,30.0,53.833333333333336,11.754166666666668,3.3266666666666667,9.1,986.8166666666666,0.0,0.1666666666666666,292.7832165067143,3,5,1,pre_monsoon,128,0
2022-03-13,81.2,81.2,1,0,81.2,,,0,0,23.525,16.9,31.5,59.04166666666666,14.370833333333332,3.09375,8.8,986.3958333333334,0.0,0.0,295.2424073260167,3,6,1,pre_monsoon,129,0
2022-03-14,104.0,104.0,1,0,104.0,,,0,0,24.27083333333333,16.1,31.9,64.45833333333333,16.391666666666666,2.30625,7.0,985.9708333333332,0.0,0.0,302.2481538877984,3,0,0,pre_monsoon,130,0
2022-03-15,108.0,108.0,1,0,108.0,,,0,0,26.120833333333334,18.8,33.4,63.833333333333336,18.02083333333333,2.747916666666667,8.1,983.4625,0.0,0.0,291.7838794570978,3,1,0,pre_monsoon,131,0
2022-03-16,86.4,86.4,1,0,86.4,,,0,0,27.02083333333333,19.9,34.6,58.29166666666666,17.133333333333333,4.3500000000000005,12.2,981.2875,0.0,24.75,287.09404570179424,3,2,0,pre_monsoon,132,0
2022-03-17,106.0,106.0,1,0,106.0,,,0,0,26.541666666666668,20.1,33.2,64.08333333333333,18.73333333333333,2.1641666666666666,5.5,982.0875,0.0,13.333333333333334,351.58152884960697,3,3,0,pre_monsoon,133,0
2022-03-18,119.0,119.0,1,0,119.0,,,0,0,27.375,21.8,34.0,65.625,19.704166666666666,2.5258333333333334,8.1,983.1875,0.0,19.08333333333333,131.00249923354102,3,4,0,pre_monsoon,134,0
2022-03-19,92.7,92.7,1,0,92.7,,,0,0,27.791666666666668,20.4,34.6,60.16666666666666,18.641666666666666,1.9791666666666667,6.5,981.2583333333332,0.0,4.958333333333333,156.97998766492083,3,5,1,pre_monsoon,135,0
2022-03-20,83.2,83.2,1,0,83.2,,,0,0,28.120833333333334,21.8,36.1,48.16666666666666,14.570833333333333,2.61875,7.1,979.6625,0.0,0.625,186.16431412580556,3,6,1,pre_monsoon,136,0
2022-03-21,117.0,117.0,1,0,117.0,,,0,0,27.85833333333333,20.1,35.9,44.66666666666666,13.166666666666666,2.799166666666667,8.9,982.0583333333334,0.0,1.375,316.1607863337173,3,0,0,pre_monsoon,137,0
2022-03-22,71.9,71.9,1,0,71.9,,,0,0,27.85,20.7,34.9,43.0,12.604166666666666,4.805833333333333,12.6,982.9125,0.0,0.0,301.41550792337534,3,1,0,pre_monsoon,138,0
2022-03-23,,,0,0,,,,0,0,27.541666666666668,18.9,35.3,38.41666666666666,11.225,2.7558333333333334,8.9,982.5791666666668,0.0,8.666666666666666,277.0520680816813,3,2,0,pre_monsoon,139,0
2022-03-24,71.8,71.8,1,0,71.8,,,0,0,27.42083333333333,20.7,34.4,36.91666666666666,10.5875,3.3295833333333333,11.6,980.925,0.0,0.4166666666666667,277.4998540496555,3,3,0,pre_monsoon,140,0
2022-03-25,76.9,76.9,1,0,76.9,,,0,0,26.866666666666664,19.4,34.5,31.33333333333333,7.154166666666666,3.474166666666666,11.0,982.45,0.0,0.0,301.0585878625171,3,4,0,pre_monsoon,141,0
2022-03-26,88.8818,85.05,22,0,85.0,254.4348,247.0,23,0,27.179166666666664,19.7,34.7,29.95833333333333,7.020833333333333,4.860833333333333,15.6,984.2333333333332,0.0,0.0,291.5688786062386,3,5,1,pre_monsoon,142,0
2022-03-27,93.225,82.7,20,0,71.4,249.3333,227.0,21,0,28.02083333333333,20.1,36.2,27.5,6.4750000000000005,4.0125,10.8,983.9833333333332,0.0,0.0,285.86913848535335,3,6,1,pre_monsoon,143,0
2022-03-28,,,0,0,,,,0,0,28.954166666666666,20.2,37.6,27.916666666666668,7.2625,2.54,9.4,983.0541666666668,0.0,0.0,294.5675686687026,3,0,0,pre_monsoon,144,0
2022-03-29,101.3238,109.0,21,0,72.9,318.2609,325.0,23,0,29.1,19.1,38.4,26.70833333333333,6.7250000000000005,3.2383333333333333,10.0,981.1083333333332,0.0,0.0,286.207316350694,3,1,0,pre_monsoon,145,0
2022-03-30,138.087,119.0,23,0,91.7,365.9565,357.0,23,0,29.379166666666663,20.6,38.3,28.375,7.945833333333333,2.05875,7.6,981.225,0.0,0.0,313.2618207900267,3,2,0,pre_monsoon,146,0
2022-03-31,159.4211,149.0,19,0,121.0,361.75,354.0,20,0,29.475,21.3,38.7,38.375,12.258333333333333,2.304583333333333,8.3,981.8416666666668,0.0,0.0,123.86145623263631,3,3,0,pre_monsoon,147,0
2022-04-01,76.71,63.8,20,0,72.7,221.5909,215.0,22,0,28.916666666666668,21.5,35.9,26.166666666666668,5.641666666666667,3.85375,11.1,982.5375,0.0,0.0,292.18338045876885,4,4,0,pre_monsoon,148,0
2022-04-02,106.4095,97.9,21,0,95.6,278.2727,266.5,22,0,28.9125,19.9,37.4,23.5,4.858333333333333,2.398333333333333,7.2,983.8,0.0,0.0,268.0263520251369,4,5,1,pre_monsoon,149,0
2022-04-03,104.7545,102.0,22,0,86.9,286.3478,282.0,23,0,30.120833333333334,21.9,38.8,18.875,2.283333333333333,2.7575000000000003,8.4,983.0958333333332,0.0,0.0,266.2319811998737,4,6,1,pre_monsoon,150,0
2022-04-04,108.8727,108.5,22,0,96.7,306.7143,294.0,21,0,29.141666666666666,21.8,37.9,18.20833333333333,1.9916666666666665,3.5541666666666667,9.8,982.9333333333334,0.0,13.958333333333334,279.28821295389304,4,0,0,pre_monsoon,151,0
2022-04-05,104.5409,100.5,22,0,101.0,269.5238,273.0,21,0,29.46666666666667,20.8,38.2,20.291666666666668,2.5791666666666666,2.985,9.8,985.8375,0.0,53.875,294.5446296353248,4,1,0,pre_monsoon,152,0
2022-04-06,113.5409,111.5,22,0,101.0,309.9091,305.0,22,0,30.266666666666666,20.9,38.7,19.291666666666668,2.9416666666666664,3.375833333333333,10.4,985.7,0.0,28.83333333333333,292.8427713449081,4,2,0,pre_monsoon,153,0
2022-04-07,122.2739,115.0,23,0,118.0,316.4348,283.0,23,0,31.054166666666664,21.4,39.3,18.25,2.6625,3.1195833333333334,10.0,984.9041666666668,0.0,0.0,293.1402097534676,4,3,0,pre_monsoon,154,0
2022-04-08,119.4304,117.0,23,0,83.0,304.6957,300.0,23,0,32.108333333333334,23.0,40.8,15.708333333333334,1.8458333333333332,3.094583333333333,9.0,982.3833333333332,0.0,0.0,296.2319747270081,4,4,0,pre_monsoon,155,0
2022-04-09,112.56,99.5,20,0,82.8,308.619,313.0,21,0,32.925,22.4,41.6,15.875,2.395833333333333,2.88875,9.7,980.7625,0.0,5.041666666666667,283.0957886612255,4,5,1,pre_monsoon,156,0
2022-04-10,83.1812,75.5,16,0,94.7,288.7222,267.5,18,0,33.2875,24.2,41.0,15.5,2.908333333333333,4.199166666666667,11.9,980.0958333333332,0.0,0.0,290.2051462364069,4,6,1,pre_monsoon,157,0
2022-04-11,120.8818,114.0,22,0,94.4,298.1429,300.0,21,0,32.97083333333334,24.5,41.4,17.833333333333332,4.329166666666667,3.0425,9.7,979.4375,0.0,49.29166666666666,271.45379857231615,4,0,0,pre_monsoon,158,0
2022-04-12,106.7364,103.0,22,0,75.2,299.0909,302.0,22,0,32.375,26.0,39.8,20.125,5.908333333333334,2.7891666666666666,8.9,979.4208333333332,0.0,93.95833333333331,254.97348696093331,4,1,0,pre_monsoon,159,0
2022-04-13,114.6636,112.5,22,0,92.8,363.6364,349.0,22,0,32.49583333333333,23.8,38.9,19.70833333333333,5.283333333333333,2.84625,8.4,978.9625,0.0,3.458333333333333,249.3789142815095,4,2,0,pre_monsoon,160,0
2022-04-14,78.7136,75.45,22,0,71.3,380.5455,359.0,22,0,31.829166666666666,25.2,39.3,18.416666666666668,3.8166666666666655,3.731666666666667,10.8,978.5916666666668,0.0,19.291666666666668,290.5731100980375,4,3,0,pre_monsoon,161,0
2022-04-15,70.9143,71.5,21,0,62.1,236.0,234.0,21,0,31.14583333333333,24.0,38.9,20.375,4.729166666666667,2.9279166666666665,10.5,978.4666666666668,0.0,10.125,320.0552212495162,4,4,0,pre_monsoon,162,0
2022-04-16,106.2364,107.0,22,0,84.8,308.1364,315.0,22,0,31.72083333333333,23.1,39.5,18.5,3.391666666666667,2.3466666666666667,11.7,978.2208333333332,0.0,2.083333333333333,312.93962674103506,4,5,1,pre_monsoon,163,0
2022-04-17,120.5048,112.0,21,0,95.3,299.9545,285.0,22,0,32.05833333333333,24.0,40.6,19.375,4.191666666666666,2.584583333333333,9.0,979.1375,0.0,15.833333333333334,190.37949469599403,4,6,1,pre_monsoon,164,0
2022-04-18,112.5727,106.0,22,0,91.5,328.5,309.5,22,0,32.68333333333333,24.1,41.3,21.20833333333333,6.358333333333333,2.2525,8.6,980.9208333333332,0.0,2.208333333333333,343.760590059928,4,0,0,pre_monsoon,165,0
2022-04-19,138.2227,130.5,22,0,111.0,408.0435,429.0,23,0,34.09583333333333,25.2,41.8,17.166666666666668,4.854166666666667,4.202083333333333,12.9,982.6166666666668,0.0,2.625,283.5134264175826,4,1,0,pre_monsoon,166,0
2022-04-20,91.8545,90.15,22,0,95.5,305.0,309.0,23,0,33.97083333333333,27.2,40.8,17.041666666666668,4.845833333333333,4.38375,12.8,981.3666666666668,0.0,49.583333333333336,290.7187614464841,4,2,0,pre_monsoon,167,0
2022-04-21,113.7545,110.5,22,0,86.3,414.0909,406.0,22,0,31.504166666666663,26.3,36.7,23.0,7.395833333333333,3.7,14.2,982.1791666666668,0.0,69.5,299.61436241021624,4,3,0,pre_monsoon,168,0
2022-04-22,65.0095,60.1,21,0,60.1,230.5909,235.0,22,0,30.933333333333334,22.6,38.3,28.20833333333333,8.404166666666667,2.8312500000000003,10.0,983.2416666666668,0.0,2.0,297.7903235400886,4,4,0,pre_monsoon,169,0
2022-04-23,115.9773,107.5,22,0,102.0,296.7727,278.0,22,0,31.629166666666663,23.8,39.2,19.625,4.4125000000000005,2.69875,9.1,983.25,0.0,0.4583333333333333,311.67531764229665,4,5,1,pre_monsoon,170,0
2022-04-24,121.1304,122.0,23,0,128.0,317.6522,298.0,23,0,32.09583333333333,24.3,39.7,18.666666666666668,4.425,4.416250000000001,14.8,981.5208333333334,0.0,6.083333333333333,296.7670544091097,4,6,1,pre_monsoon,171,0
2022-04-25,102.1435,93.6,23,0,93.6,328.3182,327.0,22,0,32.99166666666667,25.1,40.5,19.70833333333333,5.720833333333334,3.619583333333333,10.6,980.3458333333332,0.0,26.5,284.80690182305045,4,0,0,pre_monsoon,172,0
2022-04-26,90.9696,88.4,23,0,94.8,243.3636,241.0,22,0,33.020833333333336,25.1,40.6,20.0,5.508333333333333,3.374166666666667,11.8,980.6583333333332,0.0,3.75,301.13606763870234,4,1,0,pre_monsoon,173,0
2022-04-27,,,0,0,,,,0,0,33.233333333333334,23.9,41.2,16.791666666666668,3.483333333333333,3.047083333333333,10.4,980.3166666666666,0.0,0.0,289.8651155158675,4,2,0,pre_monsoon,174,0
2022-04-28,132.8286,127.0,21,0,161.0,331.5455,316.5,22,0,34.94166666666667,26.1,43.0,16.25,4.295833333333333,2.9916666666666667,8.5,980.1375,0.0,7.125,280.9958808963647,4,3,0,pre_monsoon,175,0
2022-04-29,153.981,158.0,21,0,121.0,365.0,352.0,21,0,35.87083333333333,27.1,43.5,13.625,2.8791666666666664,4.087083333333333,12.2,979.7291666666666,0.0,5.291666666666667,287.60589930280304,4,4,0,pre_monsoon,176,0
2022-04-30,129.7955,120.5,22,0,105.0,306.5652,299.0,23,0,35.78333333333333,28.3,43.3,13.791666666666666,3.1166666666666667,3.355,10.7,976.9625,0.0,4.333333333333333,276.00385142040625,4,5,1,pre_monsoon,177,0
2022-05-01,94.0652,89.7,23,0,73.0,318.5652,308.0,23,0,32.99583333333333,26.4,41.4,31.0,12.4,4.2995833333333335,18.7,976.3333333333334,0.0,20.666666666666668,109.52950714208146,5,6,1,pre_monsoon,-176,0
2022-05-02,90.6391,70.7,23,0,66.1,263.1739,268.0,23,0,32.59166666666667,26.1,40.9,37.208333333333336,15.316666666666668,4.234583333333333,11.8,976.7333333333332,0.0,11.708333333333334,110.12905949506882,5,0,0,pre_monsoon,-175,0
2022-05-03,88.3,88.3,1,0,88.3,,,0,0,32.858333333333334,26.8,39.4,42.083333333333336,17.104166666666668,3.1316666666666664,11.8,979.2208333333332,0.1,19.041666666666668,103.1958747356851,5,1,0,pre_monsoon,-174,0
2022-05-04,61.8125,55.5,16,0,71.7,203.4737,195.0,19,0,31.058333333333334,26.1,39.2,47.0,17.254166666666666,3.0425,14.6,981.5625,0.2,27.45833333333333,80.4941718813144,5,2,0,pre_monsoon,-173,0
2022-05-05,70.1045,69.35,22,0,63.6,183.9565,177.0,23,0,30.6375,23.5,38.2,46.5,16.245833333333334,2.177083333333333,9.0,981.625,0.0,3.6666666666666665,333.8975538038573,5,3,0,pre_monsoon,-172,0
2022-05-06,121.1136,120.5,22,0,109.0,301.1739,289.0,23,0,32.28333333333333,25.7,39.3,33.041666666666664,13.079166666666666,1.9691666666666665,8.7,981.1958333333332,0.0,6.958333333333333,262.3045490893056,5,4,0,pre_monsoon,-171,0
2022-05-07,86.581,83.3,21,0,67.8,249.6818,251.5,22,0,32.791666666666664,26.1,39.9,29.83333333333333,11.2625,2.2783333333333333,9.8,980.8166666666666,0.0,4.625,6.7744129354803135,5,5,1,pre_monsoon,-170,0
2022-05-08,87.99,82.95,20,0,76.8,215.85,209.0,20,0,33.079166666666666,25.5,41.2,33.833333333333336,13.425,3.32625,9.9,979.1666666666666,0.0,0.8333333333333334,141.29238119552247,5,6,1,pre_monsoon,-169,0
2022-05-09,67.6857,64.6,21,0,61.9,168.1905,170.0,21,0,33.36666666666667,27.4,40.2,44.25,18.52083333333333,4.074166666666667,9.3,979.0416666666666,0.0,4.625,114.25543002033704,5,0,0,pre_monsoon,-168,0
2022-05-10,68.2727,64.9,22,0,63.9,165.5217,165.0,23,0,33.45,28.2,39.7,45.41666666666666,19.354166666666668,3.29,9.6,979.1666666666666,0.0,10.625,114.47957495867388,5,1,0,pre_monsoon,-167,0
2022-05-11,65.0842,62.8,19,0,,172.1905,172.0,21,0,34.0875,27.8,41.2,43.958333333333336,19.091666666666665,3.235,9.7,977.4833333333332,0.0,5.708333333333333,104.4565264321672,5,2,0,pre_monsoon,-166,0
2022-05-12,70.2474,64.5,19,0,,184.5455,183.5,22,0,35.145833333333336,28.7,42.7,41.458333333333336,18.041666666666668,3.54125,11.5,976.0458333333332,0.0,3.208333333333333,127.54292812179676,5,3,0,pre_monsoon,-165,0
2022-05-13,78.1889,77.55,18,0,,207.3636,203.0,22,0,34.99583333333333,27.8,43.7,41.708333333333336,17.133333333333333,3.62375,13.9,973.4125,0.0,2.25,69.40174778483231,5,4,0,pre_monsoon,-164,0
2022-05-14,116.9111,112.5,18,0,,309.0952,303.0,21,0,35.95,27.6,44.3,26.375,10.170833333333333,2.740833333333333,10.0,973.6166666666668,0.0,0.4166666666666667,277.7676523444524,5,5,1,pre_monsoon,-163,0
2022-05-15,110.45,109.0,16,0,,301.3889,286.5,18,0,37.69583333333333,29.6,45.4,15.125,5.704166666666667,3.4904166666666665,13.1,974.7,0.0,24.0,283.0645852120966,5,6,1,pre_monsoon,-162,0
2022-05-16,96.8895,85.2,19,0,,406.6,411.0,20,0,36.42916666666667,31.5,42.0,22.33333333333333,9.620833333333334,4.46125,13.1,975.1541666666668,0.0,54.0,275.69166419875603,5,0,0,pre_monsoon,-161,0
2022-05-17,70.7,62.8,18,0,,261.619,253.0,21,0,32.97083333333333,28.0,39.1,41.66666666666666,17.158333333333335,2.8641666666666663,16.1,976.2583333333332,0.4,22.875,71.12726796573531,5,1,0,pre_monsoon,-160,0
2022-05-18,80.7789,75.0,19,0,,259.3333,248.0,21,0,34.833333333333336,27.6,42.3,32.166666666666664,13.820833333333333,2.38625,8.4,977.4583333333334,0.0,13.75,92.3717543711877,5,2,0,pre_monsoon,-159,0
2022-05-19,91.3526,81.4,19,0,,267.4545,262.0,22,0,35.5125,27.1,43.5,28.75,12.408333333333331,2.525,10.5,977.1125,0.0,1.4166666666666667,268.9102005125353,5,3,0,pre_monsoon,-158,0
2022-05-20,103.9526,85.9,19,0,,331.1905,330.0,21,0,36.82083333333333,28.2,45.2,21.83333333333333,9.8125,3.3520833333333333,14.2,974.2,0.0,21.5,255.39598009380785,5,4,0,pre_monsoon,-157,0
2022-05-21,81.2667,67.65,18,0,,350.0,356.0,21,0,35.104166666666664,29.4,40.6,28.041666666666668,12.645833333333334,3.5504166666666666,11.9,972.4958333333334,0.0,44.625,234.38218788136496,5,5,1,pre_monsoon,-156,0
2022-05-22,72.7235,62.4,17,0,,188.55,189.0,20,0,33.420833333333334,25.8,40.0,32.5,13.420833333333334,2.526666666666667,11.9,971.1625,0.0,8.916666666666666,126.90314537398592,5,6,1,pre_monsoon,-155,0
2022-05-23,45.8222,29.1,18,0,,109.0524,110.0,21,0,26.2625,22.0,31.5,64.91666666666667,18.508333333333333,5.922499999999999,16.3,974.4333333333334,25.5,63.083333333333336,113.178581674371,5,0,0,pre_monsoon,-154,0
2022-05-24,52.9684,36.4,19,0,,79.265,76.05,20,0,26.90833333333333,21.5,33.1,64.29166666666667,19.03333333333333,3.174583333333333,11.1,979.4416666666666,0.0,26.125,118.24598571212243,5,1,0,pre_monsoon,-153,0
2022-05-25,99.9167,82.4,18,0,,171.3,167.5,20,0,28.175,23.1,33.3,60.54166666666666,19.1,1.7654166666666666,5.5,980.6791666666668,0.0,4.5,354.12647083221736,5,2,0,pre_monsoon,-152,0
2022-05-26,95.5333,98.55,18,0,,211.9048,218.0,21,0,29.5875,23.8,35.5,54.083333333333336,18.525,1.9333333333333331,6.0,978.6666666666666,0.0,0.25,46.02055693677369,5,3,0,pre_monsoon,-151,0
2022-05-27,,,0,0,,,,0,0,31.379166666666663,25.7,38.2,49.083333333333336,19.0125,2.8675,11.7,975.7875,0.0,13.958333333333334,226.2956588691532,5,4,0,pre_monsoon,-150,0
2022-05-28,82.6611,76.1,18,0,,379.6667,385.0,21,0,32.88333333333333,27.0,39.7,49.16666666666666,20.191666666666663,2.27375,8.4,973.9,1.2,13.541666666666666,217.49453956373844,5,5,1,pre_monsoon,-149,0
2022-05-29,73.6722,67.95,18,0,,279.0,282.0,21,0,33.02916666666667,26.3,40.6,48.208333333333336,19.704166666666666,3.138333333333333,10.3,974.2041666666668,0.0,8.208333333333334,243.92881286496828,5,6,1,pre_monsoon,-148,0
2022-05-30,65.7765,63.0,17,0,,213.087,212.0,23,0,32.854166666666664,27.6,40.7,47.583333333333336,19.05,2.9508333333333336,15.8,975.3666666666668,0.2,5.166666666666667,162.49573475144734,5,0,0,pre_monsoon,-147,0
2022-05-31,97.9056,94.05,18,0,,342.1,331.5,20,0,32.74166666666667,25.6,39.7,40.0,16.116666666666667,2.702083333333333,9.6,975.4708333333332,0.0,7.958333333333333,273.7804686231684,5,1,0,pre_monsoon,-146,0
2022-06-01,106.8211,96.5,19,0,,326.2,326.5,20,0,33.62916666666667,25.4,40.5,33.666666666666664,13.6875,3.01125,11.5,976.3208333333332,0.0,7.833333333333333,275.1394850952763,6,2,0,monsoon,-145,0
2022-06-02,77.8889,70.0,18,0,,253.2,246.0,20,0,34.141666666666666,28.4,41.5,27.291666666666668,11.766666666666666,3.334583333333333,11.8,975.7125,0.0,9.375,279.5916780293273,6,3,0,monsoon,-144,0
2022-06-03,87.7312,89.85,16,0,,269.7059,262.0,17,0,34.93333333333333,27.2,42.5,22.166666666666668,8.475,3.0308333333333333,9.7,974.9583333333334,0.0,6.125,282.8417869802784,6,4,0,monsoon,-143,0
2022-06-04,74.9,72.7,17,0,42.2,235.8889,229.0,18,0,35.483333333333334,26.9,43.4,19.625,7.520833333333333,2.387916666666667,9.5,975.2041666666668,0.0,16.791666666666668,263.45539728101915,6,5,1,monsoon,-142,0
2022-06-05,55.5,48.6,14,0,,269.7059,260.0,17,0,35.82083333333333,28.8,42.9,19.0,8.125,3.6875,11.4,975.6291666666666,0.0,14.458333333333334,269.9204256588938,6,6,1,monsoon,-141,0
2022-06-06,57.5765,50.9,17,0,,226.5,222.0,20,0,35.391666666666666,28.4,42.4,17.791666666666668,6.925,3.317083333333333,9.4,974.8958333333334,0.0,0.0833333333333333,256.303499990734,6,0,0,monsoon,-140,0
2022-06-07,83.6176,75.7,17,0,,391.25,387.5,20,0,36.37916666666667,29.6,43.3,21.166666666666668,10.05,4.2283333333333335,13.2,974.325,0.0,4.125,273.473583524096,6,1,0,monsoon,-139,0
2022-06-08,77.5778,74.8,18,0,52.0,383.7895,393.0,19,0,36.80833333333333,31.8,42.6,19.125,8.975,5.415416666666666,13.7,974.1875,0.0,2.875,266.9160838536342,6,2,0,monsoon,-138,0
2022-06-09,66.6368,56.9,19,0,65.3,281.5238,286.0,21,0,36.7375,30.7,42.9,22.45833333333333,11.141666666666666,4.079583333333333,12.3,973.2916666666666,0.0,15.333333333333334,261.9334460875315,6,3,0,monsoon,-137,0
2022-06-10,73.7474,65.2,19,0,78.8,365.15,378.0,20,0,36.94166666666667,30.5,42.1,21.58333333333333,10.558333333333334,5.102916666666666,13.2,974.0708333333332,0.0,8.333333333333334,267.8413470342793,6,4,0,monsoon,-136,0
2022-06-11,67.1611,63.2,18,0,64.1,297.6667,312.5,18,0,37.225,31.2,43.3,20.45833333333333,10.416666666666666,5.35125,14.0,974.3416666666668,0.0,5.333333333333333,278.2314621991273,6,5,1,monsoon,-135,0
2022-06-12,75.0278,72.0,18,0,70.0,294.8421,295.0,19,0,36.66666666666666,30.0,42.7,23.08333333333333,11.65,4.18125,11.6,975.5041666666666,0.0,10.875,280.8149141918668,6,6,1,monsoon,-134,0
2022-06-13,52.7778,46.25,18,0,46.0,235.2105,245.0,19,0,37.34583333333333,31.7,43.1,25.625,13.691666666666668,5.347083333333334,13.7,977.0541666666668,0.0,23.625,274.42048191786137,6,0,0,monsoon,-133,0
2022-06-14,55.2647,48.1,17,0,53.4,241.2,244.5,20,0,34.733333333333334,31.0,38.5,38.833333333333336,18.42083333333333,6.359999999999999,14.4,976.9,0.0,60.04166666666666,277.73555085574804,6,1,0,monsoon,-132,0
2022-06-15,36.3357,27.8,14,0,27.8,129.0688,124.0,16,0,35.7625,29.4,41.9,39.458333333333336,18.575,5.584166666666667,13.6,975.1416666666668,0.0,7.5,265.889453571426,6,2,0,monsoon,-131,0
2022-06-16,41.375,33.35,8,0,27.3,126.0,126.0,7,0,34.25,30.6,39.0,44.16666666666666,20.17083333333333,3.3541666666666665,11.0,976.025,0.7,14.333333333333334,249.17448462671896,6,3,0,monsoon,-130,0
2022-06-17,28.0905,27.9,21,0,23.5,80.7174,80.5,23,0,29.916666666666668,23.8,36.5,64.08333333333333,21.875,2.66875,10.9,976.75,11.6,21.33333333333333,242.3885630296016,6,4,0,monsoon,-129,0
2022-06-18,42.2174,34.3,23,0,27.9,74.3043,71.3,23,0,29.7375,24.9,34.5,64.70833333333333,22.120833333333334,2.3408333333333333,12.0,977.5208333333334,0.8999999999999999,45.54166666666666,356.26084234300856,6,5,1,monsoon,-128,0
2022-06-19,47.2368,45.0,19,0,31.5,114.165,118.5,20,0,26.633333333333336,23.7,32.0,81.625,22.95,2.7075,7.5,977.175,9.9,87.58333333333333,254.84109563918463,6,6,1,monsoon,-127,0
2022-06-20,51.95,46.9,20,0,35.2,137.35,131.5,22,0,27.566666666666663,22.7,32.6,73.29166666666667,21.945833333333336,1.61625,6.4,975.2541666666666,0.1,45.083333333333336,244.3376283684121,6,0,0,monsoon,-126,0
2022-06-21,45.7864,42.25,22,0,35.2,134.6917,136.5,24,0,27.933333333333334,24.3,32.1,72.04166666666667,22.245833333333334,1.6975,9.1,974.7375,9.3,28.45833333333333,151.51972028081104,6,1,0,monsoon,-125,0
2022-06-22,51.9818,47.2,22,0,45.5,152.125,159.0,24,0,29.55,24.1,34.5,64.91666666666667,21.84583333333333,2.105,6.3,978.9875,13.0,18.916666666666668,8.076751332178958,6,2,0,monsoon,-124,0
2022-06-23,51.3,51.3,1,0,51.3,,,0,0,31.14583333333333,26.3,36.7,52.375,19.39583333333333,3.643333333333333,10.7,979.8458333333332,0.0,15.458333333333334,312.52433217867025,6,3,0,monsoon,-123,0
2022-06-24,61.6,61.6,1,0,61.6,,,0,0,30.929166666666664,24.3,37.4,45.333333333333336,16.6375,3.27875,9.7,977.3791666666666,0.0,0.0,299.0688666820045,6,4,0,monsoon,-122,0
2022-06-25,66.7,66.7,1,0,66.7,,,0,0,32.475,24.9,38.3,39.833333333333336,16.1875,1.7458333333333331,5.9,975.05,0.0,4.416666666666667,38.964103605867706,6,5,1,monsoon,-121,0
2022-06-26,,,0,0,,,,0,0,33.62916666666667,28.6,39.2,51.375,21.575,3.84,11.1,976.0583333333334,0.0,29.58333333333333,112.27731942551486,6,6,1,monsoon,-120,0
2022-06-27,48.6,48.6,1,0,48.6,,,0,0,34.295833333333334,30.3,38.7,53.66666666666666,23.28333333333333,3.43,10.2,976.9208333333332,0.0,47.625,111.55072225669583,6,0,0,monsoon,-119,0
2022-06-28,62.8,62.8,1,0,62.8,,,0,0,34.266666666666666,28.1,41.0,55.91666666666666,23.491666666666664,3.1025,10.2,974.3,0.9,78.16666666666667,107.22437917811226,6,1,0,monsoon,-118,0
2022-06-29,55.3,55.3,1,0,55.3,,,0,0,33.96666666666666,29.3,41.9,57.958333333333336,23.725,3.92125,11.1,971.8083333333334,0.0,90.79166666666669,95.56183080979656,6,2,0,monsoon,-117,0
2022-06-30,32.1,32.1,1,0,32.1,,,0,0,28.641666666666666,26.4,31.3,79.33333333333333,24.6125,2.4916666666666667,10.8,974.5083333333332,1.4,100.0,93.84144777219755,6,3,0,monsoon,-116,0
2022-07-01,22.9,22.9,1,0,22.9,,,0,0,28.120833333333334,24.8,32.0,81.29166666666667,24.416666666666668,1.4966666666666668,5.3,975.0666666666666,1.0,95.875,82.21187193753644,7,4,0,monsoon,-115,0
2022-07-02,31.6,31.6,1,0,31.6,,,0,0,29.929166666666664,26.1,35.0,74.04166666666667,24.42083333333333,2.4879166666666666,7.3,973.7458333333334,2.3,57.958333333333336,122.84955099551485,7,5,1,monsoon,-114,0
2022-07-03,20.4,20.4,1,0,20.4,,,0,0,29.2,25.4,34.4,80.875,25.3,2.5904166666666666,8.7,974.9166666666666,4.5,80.58333333333333,120.27902640988748,7,6,1,monsoon,-113,0
2022-07-04,76.6375,73.65,16,0,51.6,153.8944,149.0,18,0,30.73333333333333,25.9,35.2,75.41666666666667,25.504166666666663,1.2416666666666667,6.0,974.4333333333334,15.500000000000002,75.83333333333333,110.97610286991062,7,0,0,monsoon,-112,0
2022-07-05,83.75,74.0,20,0,54.1,144.4045,147.5,22,0,32.0,27.0,36.4,69.95833333333333,25.516666666666666,2.85625,7.9,974.2041666666668,0.2,81.625,101.01470063557456,7,1,0,monsoon,-111,0
2022-07-06,63.6333,51.5,18,0,44.0,115.2167,113.0,18,0,30.78333333333333,28.6,35.8,75.16666666666667,25.766666666666666,3.674583333333333,10.3,977.1958333333332,4.0,71.25,102.84524641779548,7,2,0,monsoon,-110,0
2022-07-07,35.8833,34.25,18,0,33.6,98.675,92.15,20,0,31.575,27.4,35.5,69.66666666666667,25.079166666666666,3.43625,8.6,978.8375,0.5,63.75,89.68569297270676,7,3,0,monsoon,-109,0
2022-07-08,39.7571,36.8,21,0,28.5,100.1909,95.85,22,0,32.65833333333333,29.0,36.9,63.25,24.454166666666666,3.1041666666666665,9.5,976.2625,0.1,33.25,97.91050926395894,7,4,0,monsoon,-108,0
2022-07-09,52.52,41.7,20,0,36.7,106.3333,106.0,21,0,31.05,28.6,34.1,69.29166666666667,24.704166666666666,3.450416666666667,9.9,974.6416666666668,1.2,90.5,104.839472367207,7,5,1,monsoon,-107,0
2022-07-10,38.1714,33.2,21,0,27.0,78.0773,77.7,22,0,29.558333333333334,27.2,33.2,76.66666666666667,24.933333333333334,2.0329166666666665,6.4,976.1166666666668,7.5,88.75,80.0646967737087,7,6,1,monsoon,-106,0
2022-07-11,46.6667,44.8,21,0,34.1,105.7609,99.3,23,0,31.23333333333333,26.9,35.0,71.375,25.1,1.3895833333333334,5.7,976.5833333333334,0.1,22.25,24.222846818689906,7,0,0,monsoon,-105,0
2022-07-12,43.2762,39.4,21,0,20.3,90.8636,91.6,22,0,31.2125,28.3,35.0,71.41666666666667,25.28333333333333,1.98375,7.0,975.8916666666668,2.7,49.0,86.24965976178447,7,1,0,monsoon,-104,0
2022-07-13,35.16,34.8,20,0,30.0,86.5364,86.0,22,0,30.954166666666666,27.8,35.4,74.20833333333333,25.58333333333333,2.324583333333333,8.3,974.025,0.2,27.916666666666668,79.30286553389209,7,2,0,monsoon,-103,0
2022-07-14,33.0091,30.55,22,0,25.3,92.7826,86.9,23,0,29.950000000000003,28.1,34.7,76.45833333333333,25.229166666666668,3.126666666666667,9.7,973.9791666666666,10.6,59.54166666666666,66.09511340639415,7,3,0,monsoon,-102,0
2022-07-15,25.475,23.45,20,0,21.7,83.4952,77.5,21,0,31.4375,28.9,36.4,67.5,24.554166666666664,4.335833333333333,11.5,975.4833333333332,2.6,46.958333333333336,86.0089792208509,7,4,0,monsoon,-101,0
2022-07-16,24.91,24.15,20,0,20.5,60.8696,59.0,23,0,29.64583333333333,27.9,33.6,75.125,24.729166666666668,2.572083333333333,8.8,976.5791666666668,20.5,59.875,102.56359900183986,7,5,1,monsoon,-100,0
2022-07-17,30.0444,28.15,18,0,23.0,55.58,54.8,20,0,29.65416666666667,25.7,34.2,80.125,25.72083333333333,2.55625,8.7,978.2375,10.3,66.75,90.72927793926124,7,6,1,monsoon,-99,0
2022-07-18,45.115,43.35,20,0,33.0,102.3182,95.9,22,0,30.975,25.9,35.5,75.70833333333333,25.875,1.6720833333333334,7.3,976.9708333333332,3.2,25.791666666666668,56.36022320541485,7,0,0,monsoon,-98,0
2022-07-19,52.5389,44.2,18,0,33.5,104.035,106.5,20,0,31.0625,27.4,35.3,75.16666666666667,25.95,2.002083333333333,8.5,975.85,1.7000000000000002,58.75,85.60810828789624,7,1,0,monsoon,-97,0
2022-07-20,35.4842,36.3,19,0,11.1,82.515,83.0,20,0,28.9375,26.6,33.4,83.5,25.704166666666666,2.7570833333333336,9.4,975.6625,26.9,98.875,265.56333325237165,7,2,0,monsoon,-96,0
2022-07-21,50.61,46.3,20,0,32.4,89.9864,87.1,22,0,27.7875,24.6,30.7,83.70833333333333,24.65416666666667,1.274166666666667,6.4,977.9708333333332,16.5,99.29166666666669,110.44495566247952,7,3,0,monsoon,-95,0
2022-07-22,60.265,58.3,20,0,46.5,116.0286,113.0,21,0,27.804166666666664,25.1,31.3,85.83333333333333,25.120833333333334,1.9175,6.4,979.2625,5.0,99.58333333333331,76.65540397414196,7,4,0,monsoon,-94,0
2022-07-23,32.7364,31.2,22,0,22.3,64.5174,63.1,23,0,27.745833333333334,25.0,30.9,85.41666666666667,25.02083333333333,3.744166666666666,12.3,977.9416666666666,15.4,100.0,97.4996759223809,7,5,1,monsoon,-93,0
2022-07-24,25.0778,22.4,18,0,19.4,55.7947,53.4,19,0,28.954166666666666,25.7,33.3,80.75,25.09583333333333,4.2075000000000005,12.2,977.5791666666668,7.8,91.41666666666669,108.81728267166112,7,6,1,monsoon,-92,0
2022-07-25,31.0048,23.8,21,0,19.5,57.5609,56.6,23,0,28.691666666666663,25.8,32.5,78.70833333333333,24.40833333333333,4.365,12.6,979.7666666666668,9.9,49.0,110.95134836917867,7,0,0,monsoon,-91,0
2022-07-26,,,0,0,,,,0,0,28.183333333333334,25.3,31.5,79.25,24.15416666666667,3.9925,10.8,980.8541666666666,2.8000000000000003,57.04166666666666,111.4367248960142,7,1,0,monsoon,-90,0
2022-07-27,27.9263,25.7,19,0,21.8,70.7,67.45,20,0,28.304166666666664,25.3,32.1,81.0,24.59583333333333,3.567083333333333,9.3,980.6541666666668,4.9,91.875,119.257525446695,7,2,0,monsoon,-89,0
2022-07-28,21.8762,20.4,21,0,15.9,51.9565,46.7,23,0,27.625,25.0,31.7,85.79166666666667,24.891666666666666,1.5733333333333333,5.9,981.625,21.8,96.58333333333331,179.14694079743822,7,3,0,monsoon,-88,0
2022-07-29,18.77,16.35,20,0,15.0,50.5,49.0,22,0,27.308333333333334,24.7,30.2,87.125,24.891666666666666,1.9075,7.9,980.9458333333332,16.9,99.125,260.8349899842997,7,4,0,monsoon,-87,0
2022-07-30,24.5526,20.2,19,0,15.5,59.1864,55.4,22,0,27.695833333333336,25.4,31.3,85.79166666666667,24.945833333333336,1.5491666666666666,6.8,979.0875,4.9,99.95833333333331,250.5746326301727,7,5,1,monsoon,-86,0
2022-07-31,23.335,21.35,20,0,18.4,59.365,57.7,20,0,28.40416666666667,25.5,32.9,81.125,24.475,1.8841666666666663,6.9,976.7041666666668,1.0,89.375,228.77406608169665,7,6,1,monsoon,-85,0
2022-08-01,25.9381,23.7,21,0,17.3,78.6409,71.75,22,0,27.84166666666667,25.2,31.5,83.625,24.67083333333333,1.8325,7.1,976.9458333333332,10.0,74.04166666666667,267.4542083706455,8,0,0,monsoon,-84,0
2022-08-02,32.3909,29.35,22,0,21.9,86.9952,82.5,21,0,29.35,25.8,33.4,77.625,24.766666666666666,2.61,7.3,976.4625,0.3,46.125,286.24520610560427,8,1,0,monsoon,-83,0
2022-08-03,54.7333,48.9,21,0,37.6,129.6773,133.0,22,0,29.09583333333333,26.5,32.9,80.25,25.204166666666666,2.074583333333333,5.5,977.9291666666668,0.6,94.70833333333331,265.7261514285201,8,2,0,monsoon,-82,0
2022-08-04,41.1,41.1,1,0,41.1,,,0,0,28.10833333333333,26.4,31.5,85.375,25.325,2.2379166666666666,8.3,978.6125,1.7,98.33333333333331,104.81098449989742,8,3,0,monsoon,-81,0
2022-08-05,28.3,28.3,1,0,28.3,,,0,0,27.641666666666666,24.6,31.0,85.875,24.95,2.2979166666666666,7.1,977.2083333333334,5.7,67.91666666666667,109.44720417126548,8,4,0,monsoon,-80,0
2022-08-06,45.3,45.3,1,0,45.3,,,0,0,28.683333333333334,25.6,32.4,83.33333333333333,25.35833333333333,1.0729166666666667,4.9,975.2375,1.9,69.20833333333333,140.1660446174522,8,5,1,monsoon,-79,0
2022-08-07,35.6,35.6,1,0,35.6,,,0,0,27.775,25.2,30.7,85.41666666666667,25.016666666666666,2.14125,7.8,975.2791666666668,18.6,98.66666666666669,110.55587720552744,8,6,1,monsoon,-78,0
2022-08-08,34.2,34.2,1,0,34.2,,,0,0,29.070833333333336,24.8,33.3,80.33333333333333,25.104166666666668,1.6329166666666666,6.7,975.0125,0.2,76.125,91.807577536638,8,0,0,monsoon,-77,0
2022-08-09,37.2,37.2,1,0,37.2,,,0,0,30.366666666666664,27.4,33.5,76.66666666666667,25.629166666666663,2.6962500000000005,10.3,974.775,0.4,40.375,86.80462533281445,8,1,0,monsoon,-76,0
2022-08-10,18.8,18.8,1,0,18.8,,,0,0,30.887500000000003,27.6,34.5,71.875,24.975,2.94375,9.9,973.2375,0.4,44.41666666666666,100.44139107500472,8,2,0,monsoon,-75,0
2022-08-11,13.4,13.4,1,0,13.4,,,0,0,27.804166666666664,26.6,28.7,81.66666666666667,24.379166666666663,4.7925,12.4,975.4791666666666,3.8,85.45833333333333,72.08329600825368,8,3,0,monsoon,-74,0
2022-08-12,16.6,16.6,1,0,16.6,,,0,0,29.320833333333336,25.2,33.7,72.45833333333333,23.641666666666666,4.380416666666666,14.4,975.3333333333334,0.2,32.875,89.42099482495269,8,4,0,monsoon,-73,0
2022-08-13,23.6,23.6,1,0,23.6,,,0,0,29.4375,26.3,33.2,75.25,24.4375,3.72625,10.7,975.1625,0.8,21.25,117.0885886862834,8,5,1,monsoon,-72,0
2022-08-14,19.4,19.4,1,0,19.4,,,0,0,27.92083333333333,26.2,32.7,85.375,25.14583333333333,2.02,8.9,977.7333333333332,5.5,68.83333333333333,267.94332126145883,8,6,1,monsoon,-71,0
2022-08-15,15.1,15.1,1,0,15.1,,,0,0,27.90416666666667,25.6,31.0,82.16666666666667,24.4125,3.1020833333333333,9.7,978.9166666666666,1.6,91.16666666666669,71.12634673401243,8,0,0,monsoon,-70,0
2022-08-16,13.4,13.4,1,0,13.4,,,0,0,27.40833333333333,25.4,30.3,79.41666666666667,23.454166666666666,6.187916666666666,18.4,977.4166666666666,8.4,75.29166666666667,98.78111687695298,8,1,0,monsoon,-69,0
2022-08-17,9.23,9.23,1,0,9.23,,,0,0,28.34583333333333,25.2,32.0,75.33333333333333,23.4125,4.554583333333333,11.2,978.5125,0.3,28.416666666666668,135.38045060121397,8,2,0,monsoon,-68,0
2022-08-18,17.2,17.2,1,0,17.2,,,0,0,29.2375,25.5,33.4,72.58333333333333,23.525,2.527083333333333,7.5,977.7375,0.8,13.541666666666666,230.1005088224015,8,3,0,monsoon,-67,0
2022-08-19,12.8,12.8,1,0,12.8,,,0,0,29.954166666666666,26.6,34.0,70.66666666666667,23.829166666666666,3.5525,9.6,977.6416666666668,0.5,48.083333333333336,282.55248281977805,8,4,0,monsoon,-66,0
2022-08-20,26.3,26.3,1,0,26.3,,,0,0,27.791666666666668,24.6,30.6,80.95833333333333,24.14583333333333,1.8258333333333332,6.3,978.9208333333332,6.8,95.5,345.880892531914,8,5,1,monsoon,-65,0
2022-08-21,39.8,39.8,1,0,39.8,,,0,0,29.391666666666666,25.6,33.5,76.45833333333333,24.516666666666666,1.8733333333333333,6.3,977.0708333333332,0.3,85.29166666666667,302.1214516151374,8,6,1,monsoon,-64,0
2022-08-22,29.5,29.5,1,0,29.5,,,0,0,29.1875,25.8,32.9,76.625,24.4625,2.749166666666667,10.1,975.2541666666666,6.5,98.83333333333331,55.50160474842585,8,0,0,monsoon,-63,0
2022-08-23,21.1,21.1,1,0,21.1,,,0,0,29.33333333333333,25.9,33.1,71.08333333333333,23.21666666666667,6.2629166666666665,16.2,976.6958333333332,1.2,69.20833333333333,107.2640604190778,8,1,0,monsoon,-62,0
2022-08-24,15.8,15.8,1,0,15.8,,,0,0,28.366666666666664,25.8,32.3,75.91666666666667,23.5,3.61375,10.3,980.7833333333332,0.7000000000000001,81.625,126.17410291012476,8,2,0,monsoon,-61,0
2022-08-25,,,0,0,,,,0,0,29.10833333333333,25.1,33.6,73.29166666666667,23.3875,1.3833333333333335,5.5,980.1708333333332,0.5,50.5,171.50137895160276,8,3,0,monsoon,-60,0
2022-08-26,26.1,26.1,1,0,26.1,,,0,0,30.191666666666663,26.5,34.8,65.25,22.75,3.02625,8.4,979.4958333333334,0.5,28.45833333333333,283.1997879294387,8,4,0,monsoon,-59,0
2022-08-27,28.4,28.4,1,0,28.4,,,0,0,30.65833333333333,27.6,35.0,60.875,22.016666666666666,4.564166666666667,10.5,978.675,1.2,21.416666666666668,284.4777384429887,8,5,1,monsoon,-58,0
2022-08-28,32.1,32.1,1,0,32.1,,,0,0,31.004166666666663,27.5,35.5,55.458333333333336,20.8375,4.267916666666667,11.5,979.1708333333332,0.1,46.91666666666666,269.337822358828,8,6,1,monsoon,-57,0
2022-08-29,39.7,39.7,1,0,39.7,,,0,0,30.14583333333333,27.2,34.8,60.91666666666666,21.441666666666663,2.2783333333333333,8.2,982.9333333333334,0.6,56.41666666666666,273.0442817658436,8,0,0,monsoon,-56,0
2022-08-30,40.5,40.5,1,0,40.5,,,0,0,30.554166666666664,26.3,36.8,67.54166666666667,23.245833333333334,1.6058333333333332,6.6,983.3666666666668,0.0,51.083333333333336,207.83714577576404,8,1,0,monsoon,-55,0
2022-08-31,37.8,37.8,1,0,37.8,,,0,0,31.3875,27.7,36.8,61.333333333333336,22.7625,2.589583333333333,9.8,980.7875,0.2,57.29166666666666,270.71489117372124,8,2,0,monsoon,-54,0
2022-09-01,37.3,37.3,1,0,37.3,,,0,0,31.85,27.8,36.8,60.29166666666666,22.77916666666667,2.435833333333333,7.9,980.7208333333332,0.5,94.66666666666669,266.0651012299558,9,3,0,monsoon,-53,0
2022-09-02,35.5,35.5,1,0,35.5,,,0,0,31.879166666666663,27.4,36.7,57.79166666666666,21.916666666666668,1.89125,7.6,981.8958333333334,0.0,46.708333333333336,263.520408098473,9,4,0,monsoon,-52,0
2022-09-03,26.5,26.5,1,0,26.5,,,0,0,32.041666666666664,27.5,37.7,51.41666666666666,20.20833333333333,3.495416666666667,11.5,979.45,0.0,11.416666666666666,278.6196987199782,9,5,1,monsoon,-51,0
2022-09-04,18.0,18.0,1,0,18.0,,,0,0,32.083333333333336,27.7,36.9,51.25,20.375,4.236666666666666,11.2,978.325,0.0,5.791666666666667,261.02672768023604,9,6,1,monsoon,-50,0
2022-09-05,14.4,14.4,1,0,14.4,,,0,0,31.454166666666666,27.0,36.2,52.79166666666666,20.3125,2.6179166666666664,7.7,980.0541666666668,0.0,10.0,260.92994634569965,9,0,0,monsoon,-49,0
2022-09-06,28.9,28.9,1,0,28.9,,,0,0,31.729166666666668,27.1,37.4,52.5,20.1875,1.96125,6.6,981.2541666666666,0.0,11.666666666666666,292.45800830583534,9,1,0,monsoon,-48,0
2022-09-07,37.1,37.1,1,0,37.1,,,0,0,31.9875,27.2,37.3,52.54166666666666,20.354166666666668,2.06375,7.8,982.9791666666666,0.0,5.041666666666667,333.0796415215213,9,2,0,monsoon,-47,0
2022-09-08,52.1,52.1,1,0,52.1,,,0,0,31.83333333333333,26.6,36.6,53.25,20.691666666666663,1.7991666666666666,6.7,983.7291666666666,0.0,7.083333333333333,49.48499238217289,9,3,0,monsoon,-46,0
2022-09-09,52.1,52.1,1,0,52.1,,,0,0,31.566666666666663,27.7,35.0,62.708333333333336,23.27916666666667,2.2275,6.9,983.3208333333332,0.2,12.791666666666666,109.98705339481528,9,4,0,monsoon,-45,0
2022-09-10,46.7,46.7,1,0,46.7,,,0,0,30.179166666666664,24.8,34.3,68.95833333333333,23.620833333333334,2.59875,7.7,982.4875,3.1,29.791666666666668,105.18526831028998,9,5,1,monsoon,-44,0
2022-09-11,28.1,28.1,1,0,28.1,,,0,0,29.695833333333336,24.5,33.6,68.04166666666667,22.84583333333333,2.8058333333333336,9.3,980.4583333333334,3.7,34.75,88.67556080976783,9,6,1,monsoon,-43,0
2022-09-12,17.4,17.4,1,0,17.4,,,0,0,30.254166666666663,26.9,35.1,64.25,22.495833333333334,2.9425000000000003,10.0,978.65,1.0,24.791666666666668,87.85596108216248,9,0,0,monsoon,-42,0
2022-09-13,12.9,12.9,1,0,12.9,,,0,0,29.491666666666664,25.2,34.3,67.04166666666667,22.27083333333333,4.82125,14.7,979.3208333333332,1.6,41.16666666666666,89.69714692991914,9,1,0,monsoon,-41,0
2022-09-14,18.05,15.9,20,0,12.6,62.5318,57.15,22,0,27.516666666666666,25.2,30.5,76.58333333333333,22.954166666666666,5.3620833333333335,17.7,979.8625,6.1,72.125,75.06239673238991,9,2,0,monsoon,-40,0
2022-09-15,19.6,15.5,18,0,13.3,36.76,35.45,20,0,26.120833333333334,24.2,30.1,85.54166666666667,23.4375,4.030833333333333,11.4,978.1666666666666,9.2,84.08333333333333,60.02919616533461,9,3,0,monsoon,-39,0
2022-09-16,15.4112,11.7,17,0,9.63,26.4444,22.2,18,0,26.179166666666664,23.4,30.9,83.625,22.916666666666668,2.75375,8.3,975.775,13.4,74.125,357.3894989799636,9,4,0,monsoon,-38,0
2022-09-17,32.9706,32.5,17,0,27.9,95.0444,95.4,18,0,27.4625,23.6,33.5,78.29166666666667,22.933333333333334,2.677083333333333,8.5,977.8458333333332,0.8,38.91666666666666,270.9777112886527,9,5,1,monsoon,-37,0
2022-09-18,46.0944,44.85,18,0,36.5,126.9556,130.0,18,0,28.016666666666666,23.3,33.2,78.66666666666667,23.5375,1.92875,8.5,980.8541666666666,0.4,15.875,18.57476614844535,9,6,1,monsoon,-36,0
2022-09-19,70.5222,72.85,18,0,65.2,182.4944,178.5,18,0,28.541666666666668,24.7,33.5,74.5,23.058333333333334,1.85375,7.1,981.2166666666668,0.0,13.083333333333334,355.8180405225469,9,0,0,monsoon,-35,0
2022-09-20,61.1,50.3,18,0,42.2,110.5039,114.0,19,0,27.191666666666663,23.9,32.0,84.04166666666667,24.0375,1.4833333333333334,6.2,981.1375,2.4,55.625,88.09077942195756,9,1,0,monsoon,-34,0
2022-09-21,40.5273,40.0,22,0,34.9,94.2286,93.1,21,0,27.3875,24.5,31.5,83.91666666666667,24.25,1.5329166666666667,6.6,981.0041666666666,1.7000000000000002,67.54166666666667,60.08721603124428,9,2,0,monsoon,-33,0
2022-09-22,23.8,23.0,20,0,21.6,46.4581,45.6,21,0,25.070833333333336,23.6,26.8,92.29166666666669,23.70833333333333,2.9579166666666663,9.5,980.175,33.9,99.75,44.9305449338861,9,3,0,monsoon,-32,0
2022-09-23,25.6667,26.9,21,0,25.0,37.1255,37.2,22,0,24.700000000000003,23.5,28.1,93.83333333333331,23.625,3.42,8.7,979.3916666666668,48.2,100.0,79.35239141134355,9,4,0,monsoon,-31,0
2022-09-24,,,0,0,,,,0,0,24.6625,23.4,27.0,93.75,23.570833333333336,4.425833333333333,11.3,977.9416666666666,41.5,100.0,105.71937756719382,9,5,1,monsoon,-30,0
2022-09-25,21.7632,21.0,19,0,20.9,51.775,48.35,20,0,26.304166666666664,23.6,30.8,83.91666666666667,23.09583333333333,2.78875,9.1,980.5,0.9,39.875,231.33928854991024,9,6,1,monsoon,-29,0
2022-09-26,47.0238,48.6,21,0,42.4,108.1773,108.5,22,0,26.725,22.6,31.0,83.20833333333333,23.416666666666668,2.118333333333333,8.4,984.0416666666666,0.1,26.166666666666668,313.85851859355535,9,0,0,monsoon,-28,0
2022-09-27,41.0273,41.85,22,0,35.2,114.8545,108.0,22,0,26.65833333333333,22.6,31.4,79.04166666666667,22.383333333333336,2.210833333333333,7.9,982.7708333333334,0.0,7.166666666666667,301.37846895601336,9,1,0,monsoon,-27,0
2022-09-28,54.7087,55.6,23,0,46.4,149.887,155.0,23,0,27.2375,22.9,32.1,76.08333333333333,22.3,1.915,6.8,981.7083333333334,0.2,6.083333333333333,305.51372231715925,9,2,0,monsoon,-26,0
2022-09-29,64.61,65.55,20,0,57.8,151.1714,153.0,21,0,27.1625,22.8,31.7,76.5,22.3125,2.31875,8.7,981.7416666666668,0.0,2.125,306.79016589145675,9,3,0,monsoon,-25,0
2022-09-30,88.9136,84.35,22,0,70.0,182.6364,184.5,22,0,27.329166666666666,23.0,31.9,75.58333333333333,22.27083333333333,2.2066666666666666,8.4,982.1041666666666,0.0,4.791666666666667,315.885418242867,9,4,0,monsoon,-24,0
2022-10-01,78.5333,83.3,21,0,74.4,185.6364,179.0,22,0,27.975,23.2,32.6,72.08333333333333,22.04583333333333,2.145,7.9,981.2125,0.0,4.375,318.3799893101624,10,5,1,post_monsoon,-23,0
2022-10-02,67.5048,69.4,21,0,61.9,179.3,177.0,20,0,28.008333333333336,22.8,33.1,66.16666666666667,20.67083333333333,2.38875,8.4,981.6208333333334,0.0,3.9583333333333335,296.3688782821033,10,6,1,post_monsoon,-22,0
2022-10-03,43.8478,40.8,23,0,36.2,131.9,121.5,24,0,27.741666666666664,23.1,33.2,60.708333333333336,18.979166666666668,4.05,11.8,982.3833333333332,0.0,0.0,304.7611846636248,10,0,0,post_monsoon,-21,0
2022-10-04,64.1318,63.9,22,0,54.4,154.2591,155.5,22,0,27.695833333333336,23.1,32.7,66.54166666666667,20.620833333333334,2.717083333333333,8.2,983.8625,0.0,11.416666666666666,344.1102167871937,10,1,0,post_monsoon,-20,0
2022-10-05,91.5333,93.9,21,0,83.7,185.9545,178.5,22,0,27.120833333333334,22.9,31.7,76.83333333333333,22.45833333333333,2.0304166666666665,7.1,983.6291666666666,0.1,32.375,87.30660064143035,10,2,0,post_monsoon,-19,0
2022-10-06,17.6657,15.0,23,0,12.1,53.8565,54.7,23,0,26.383333333333336,23.1,30.7,74.83333333333333,21.216666666666665,2.8316666666666666,7.1,984.0708333333332,0.0,36.958333333333336,89.95271964249486,10,3,0,post_monsoon,-18,0
2022-10-07,18.07,17.8,20,0,14.5,42.719,43.6,21,0,24.570833333333336,23.0,26.2,82.25,21.3,3.3312500000000003,7.6,985.1333333333332,1.1,98.29166666666669,78.94191822171314,10,4,0,post_monsoon,-17,0
2022-10-08,13.2124,12.9,21,0,9.65,21.8827,19.95,22,0,22.491666666666664,21.5,23.6,94.83333333333331,21.604166666666668,3.8191666666666655,7.7,985.6916666666666,37.2,100.0,83.82042748800552,10,5,1,post_monsoon,-16,0
2022-10-09,8.4384,8.62,19,0,6.23,14.1715,12.35,20,0,22.64583333333333,21.0,25.9,92.625,21.3625,3.31,9.6,984.65,47.1,99.33333333333331,62.2470226488104,10,6,1,post_monsoon,-15,0
2022-10-10,13.429,13.0,20,0,10.9,25.92,24.6,21,0,23.45833333333333,21.3,27.7,88.33333333333333,21.291666666666668,2.4379166666666667,7.2,985.925,1.6,62.91666666666666,74.03502300125501,10,0,0,post_monsoon,-14,0
2022-10-11,36.3864,35.9,22,0,28.6,85.2818,84.8,22,0,23.4625,20.9,26.6,87.41666666666667,21.104166666666668,1.66,5.7,985.3666666666668,2.7,62.66666666666666,199.8665833520106,10,1,0,post_monsoon,-13,0
2022-10-12,61.4667,64.5,21,0,58.6,143.4045,142.5,22,0,23.78333333333333,20.0,28.3,82.66666666666667,20.4125,1.8525,6.6,986.4375,0.0,27.25,322.84973934382526,10,2,0,post_monsoon,-12,0
2022-10-13,53.8857,51.6,21,0,43.7,142.0857,132.0,21,0,23.84583333333333,19.0,29.0,72.29166666666667,18.241666666666667,2.500833333333333,7.5,987.4875,0.0,1.4166666666666667,304.1909792043928,10,3,0,post_monsoon,-11,0
2022-10-14,77.74,79.1,20,0,66.6,178.8947,179.0,19,0,23.72083333333333,19.0,29.4,68.41666666666667,17.245833333333334,2.5558333333333336,7.9,987.3208333333332,0.0,0.0,304.1068116673364,10,4,0,post_monsoon,-10,0
2022-10-15,93.9381,89.3,21,0,87.4,211.5714,200.0,21,0,23.92083333333333,18.7,29.6,68.625,17.400000000000002,2.155416666666667,6.9,986.55,0.0,0.0,293.1716570062664,10,5,1,post_monsoon,-9,0
2022-10-16,103.0571,103.0,21,0,92.2,234.8571,224.0,21,0,24.166666666666668,18.2,29.9,69.29166666666667,17.791666666666668,1.69375,4.1,988.8041666666668,0.0,0.0,301.00641091934875,10,6,1,post_monsoon,-8,0
2022-10-17,97.4,97.4,1,0,97.4,,,0,0,24.254166666666663,18.3,30.3,63.125,16.404166666666665,2.1808333333333336,6.1,988.8833333333332,0.0,0.0,265.35422439785,10,0,0,post_monsoon,-7,0
2022-10-18,90.3,90.3,1,0,90.3,,,0,0,24.27083333333333,18.3,30.4,60.333333333333336,15.566666666666668,2.05375,5.3,987.2916666666666,0.0,0.0,241.5766888095486,10,1,0,post_monsoon,-6,0
2022-10-19,73.0,73.0,1,0,73.0,,,0,0,23.77083333333333,18.7,30.1,66.29166666666667,16.783333333333335,2.0420833333333333,5.5,987.1,0.0,0.0,199.70262686296803,10,2,0,post_monsoon,-5,1
2022-10-20,79.8,79.8,1,0,79.8,,,0,0,23.575,18.6,30.3,64.0,16.0625,1.7554166666666668,5.2,988.6291666666666,1.1,3.8333333333333335,173.98144849141636,10,3,0,post_monsoon,-4,1
2022-10-21,105.0,105.0,1,0,105.0,,,0,0,24.008333333333336,17.2,29.9,65.04166666666667,16.416666666666668,1.5533333333333337,5.1,990.7666666666668,0.0,0.2916666666666667,245.46255908715344,10,4,0,post_monsoon,-3,1
2022-10-22,110.0,110.0,1,0,110.0,,,0,0,22.775,18.1,29.0,67.08333333333333,15.904166666666669,2.387916666666667,7.0,991.7625,0.0,0.0,301.97768191310087,10,5,1,post_monsoon,-2,1
2022-10-23,114.0,114.0,1,0,114.0,,,0,0,22.025,16.0,28.5,63.16666666666666,14.1125,1.9070833333333332,5.6,990.7166666666668,0.0,0.0,305.0415179758854,10,6,1,post_monsoon,-1,1
2022-10-24,,,0,0,,,,0,0,22.254166666666663,16.6,29.4,60.875,13.866666666666667,2.725,7.4,986.3208333333332,0.0,0.0,308.58882094369267,10,0,0,post_monsoon,0,1
2022-10-25,106.0,106.0,1,0,106.0,,,0,0,22.104166666666668,16.2,29.2,56.375,12.520833333333334,3.2375000000000003,9.4,984.5458333333332,0.0,0.0,293.3015795972352,10,1,0,post_monsoon,1,1
2022-10-26,126.0,126.0,1,0,126.0,,,0,0,23.1,16.9,29.8,62.25,15.033333333333331,1.78875,4.8,988.0625,0.0,0.0,268.63928448994955,10,2,0,post_monsoon,2,1
2022-10-27,162.0,162.0,1,0,162.0,,,0,0,24.02916666666667,16.9,30.0,61.16666666666666,15.4375,1.444583333333333,5.2,988.3333333333334,0.0,0.0,271.74682885405025,10,3,0,post_monsoon,3,1
2022-10-28,185.0,185.0,1,0,185.0,,,0,0,23.225,17.0,29.9,65.54166666666667,15.925,1.5912499999999998,3.7,988.2583333333332,0.0,0.0,303.47957886821007,10,4,0,post_monsoon,4,1
2022-10-29,218.0,218.0,1,0,218.0,,,0,0,23.429166666666664,17.3,29.3,63.41666666666666,15.216666666666669,1.3345833333333337,4.2,989.2375,0.0,0.0,283.636506650171,10,5,1,post_monsoon,5,1
2022-10-30,169.0,169.0,1,0,169.0,,,0,0,22.98333333333333,16.7,29.5,62.583333333333336,14.870833333333332,2.0204166666666667,6.1,989.5416666666666,0.0,0.0,281.8185860758831,10,6,1,post_monsoon,6,0
2022-10-31,218.0,218.0,1,0,218.0,,,0,0,23.2125,16.2,29.2,63.208333333333336,15.4,1.5145833333333334,4.7,989.4083333333332,0.0,0.0,252.2779842739424,10,0,0,post_monsoon,7,0
2022-11-01,230.0,230.0,1,0,230.0,,,0,0,23.379166666666663,17.3,30.1,67.79166666666667,16.645833333333332,2.01375,5.4,989.5375,0.0,0.1666666666666666,177.32409295845457,11,1,0,post_monsoon,8,0
2022-11-02,212.0,212.0,1,0,212.0,,,0,0,23.166666666666668,17.7,29.2,70.125,17.133333333333333,2.49625,7.9,987.8833333333332,0.0,0.0,299.16750968298794,11,2,0,post_monsoon,9,0
2022-11-03,379.0,379.0,1,0,379.0,,,0,0,23.479166666666668,18.0,30.4,66.33333333333333,16.195833333333333,2.82875,7.7,987.1916666666666,0.0,17.666666666666668,291.076745395623,11,3,0,post_monsoon,10,0
2022-11-04,313.0,313.0,1,0,313.0,,,0,0,24.816666666666663,20.7,30.6,64.875,17.483333333333334,1.2966666666666666,3.9,988.625,0.0,7.75,78.05133384503262,11,4,0,post_monsoon,11,0
2022-11-05,189.0,189.0,1,0,189.0,,,0,0,23.933333333333334,19.5,29.9,77.08333333333333,19.341666666666665,2.6141666666666667,7.6,990.4958333333334,0.0,11.708333333333334,116.15999684395234,11,5,1,post_monsoon,12,0
2022-11-06,165.0,165.0,1,0,165.0,,,0,0,23.4625,19.0,29.3,77.91666666666667,19.129166666666663,2.08375,5.6,990.85,0.0,73.125,147.7468515589485,11,6,1,post_monsoon,13,0
2022-11-07,161.0,161.0,1,0,161.0,,,0,0,23.366666666666664,18.3,30.4,71.70833333333333,17.295833333333334,1.7358333333333331,8.3,990.025,0.6,46.79166666666666,16.080391596303798,11,0,0,post_monsoon,14,0
2022-11-08,243.0,243.0,1,0,243.0,,,0,0,21.84583333333333,17.7,28.6,74.875,16.900000000000002,1.81625,14.1,990.6208333333334,6.9,60.54166666666666,296.5217192176023,11,1,0,post_monsoon,15,0
2022-11-09,83.7,83.7,1,0,83.7,,,0,0,22.08333333333333,16.4,27.0,70.16666666666667,15.966666666666669,1.0691666666666666,4.0,990.8458333333332,0.1,7.416666666666667,302.9744833360185,11,2,0,post_monsoon,16,0
2022-11-10,122.0,122.0,1,0,122.0,,,0,0,21.116666666666667,17.2,25.8,74.20833333333333,16.0125,2.0479166666666666,8.0,991.9041666666668,0.0,10.458333333333334,318.85139739041426,11,3,0,post_monsoon,17,0
2022-11-11,229.0,229.0,1,0,229.0,,,0,0,20.120833333333334,15.5,26.2,64.5,12.725,3.2120833333333336,9.4,992.0916666666668,0.0,0.0,292.75668054348046,11,4,0,post_monsoon,18,0
2022-11-12,202.0,202.0,1,0,202.0,,,0,0,19.97083333333333,15.4,26.2,58.958333333333336,11.35,3.69125,10.3,991.4625,0.0,0.1666666666666666,293.7210097351878,11,5,1,post_monsoon,19,0
2022-11-13,160.0,160.0,1,0,160.0,,,0,0,19.966666666666665,14.8,26.5,62.91666666666666,12.3375,2.97,10.1,990.0375,0.0,25.33333333333333,283.9946002987917,11,6,1,post_monsoon,20,0
2022-11-14,112.0,112.0,1,0,112.0,,,0,0,20.929166666666667,15.1,27.5,61.79166666666666,12.866666666666667,2.256666666666667,6.9,990.5958333333332,0.0,26.875,116.79107665318465,11,0,0,post_monsoon,21,0
2022-11-15,89.6,89.6,1,0,89.6,,,0,0,20.308333333333334,15.3,26.5,65.95833333333333,13.470833333333331,1.8929166666666664,5.7,990.5125,0.0,11.416666666666666,338.1471409632471,11,1,0,post_monsoon,22,0
2022-11-16,114.0,114.0,1,0,114.0,,,0,0,19.425,15.8,25.1,60.29166666666666,10.820833333333333,2.8833333333333333,8.8,989.5916666666668,0.0,1.7083333333333333,309.57163510282487,11,2,0,post_monsoon,23,0
2022-11-17,132.0,132.0,1,0,132.0,,,0,0,18.091666666666665,13.4,24.3,60.5,9.8625,3.4829166666666667,11.0,989.4666666666668,0.0,0.0,291.3333919591265,11,3,0,post_monsoon,24,0
2022-11-18,157.0,157.0,1,0,157.0,,,0,0,17.337500000000002,12.2,24.2,57.458333333333336,8.216666666666667,2.6733333333333333,7.6,990.5791666666668,0.0,5.208333333333333,300.64485236356694,11,4,0,post_monsoon,25,0
2022-11-19,136.0,136.0,1,0,136.0,,,0,0,17.704166666666666,11.6,24.1,58.54166666666666,9.079166666666667,2.052083333333333,6.2,991.2166666666668,0.0,35.958333333333336,315.4514441073536,11,5,1,post_monsoon,26,0
2022-11-20,170.0,170.0,1,0,170.0,,,0,0,17.483333333333334,11.6,25.0,62.333333333333336,9.825,2.560416666666667,7.6,989.6333333333332,0.0,36.208333333333336,299.7689355434409,11,6,1,post_monsoon,27,0
2022-11-21,150.0,150.0,1,0,150.0,,,0,0,18.0625,12.4,25.4,58.458333333333336,9.258333333333333,3.2783333333333338,8.5,988.7791666666668,0.0,0.0,294.29011810128173,11,0,0,post_monsoon,28,0
2022-11-22,120.0,120.0,1,0,120.0,,,0,0,17.908333333333335,12.6,25.0,55.25,8.375,3.0083333333333333,8.2,988.8041666666668,0.0,0.0,288.92172737268305,11,1,0,post_monsoon,29,0
2022-11-23,,,0,0,,,,0,0,17.620833333333334,11.7,24.9,50.54166666666666,6.6000000000000005,3.3654166666666665,9.6,989.1041666666666,0.0,0.0,284.4137645963108,11,2,0,post_monsoon,30,0
2022-11-24,101.0,101.0,1,0,101.0,,,0,0,17.258333333333333,12.1,24.9,54.0,7.445833333333333,3.1016666666666666,7.9,989.0208333333334,0.0,0.2083333333333333,279.6264738298389,11,3,0,post_monsoon,31,0
2022-11-25,128.0,128.0,1,0,128.0,,,0,0,17.354166666666668,11.1,24.7,57.04166666666666,8.245833333333334,2.119166666666666,5.6,991.2208333333332,0.0,1.0833333333333333,305.49891426959664,11,4,0,post_monsoon,32,0
2022-11-26,191.0,191.0,1,0,191.0,,,0,0,17.2625,11.6,24.8,56.79166666666666,8.233333333333333,2.9125,8.2,988.2083333333334,0.0,11.0,290.53235731695827,11,5,1,post_monsoon,33,0
2022-11-27,179.0,179.0,1,0,179.0,,,0,0,16.879166666666666,11.1,24.6,65.25,9.825,2.1141666666666667,6.0,986.3791666666666,0.0,15.375,282.82088284780207,11,6,1,post_monsoon,34,0
2022-11-28,178.0,178.0,1,0,178.0,,,0,0,17.420833333333334,10.0,24.3,63.29166666666666,9.641666666666667,1.4554166666666666,4.3,988.0041666666666,0.0,0.0,289.29680810838755,11,0,0,post_monsoon,35,0
2022-11-29,217.0,217.0,1,0,217.0,,,0,0,16.795833333333334,10.3,24.0,67.91666666666667,10.354166666666666,1.9675,5.1,989.9666666666668,0.0,36.125,279.0865593480984,11,1,0,post_monsoon,36,0
2022-11-30,182.0,182.0,1,0,182.0,,,0,0,16.816666666666666,11.5,23.8,71.125,11.1375,1.987083333333333,6.1,991.0875,0.0,19.25,284.1755819095528,11,2,0,post_monsoon,37,0
2022-12-01,209.0,209.0,1,0,209.0,,,0,0,16.483333333333334,11.1,23.5,73.91666666666667,11.383333333333333,2.25375,6.8,989.9583333333334,0.0,2.333333333333333,277.57352130525896,12,3,0,post_monsoon,38,0
2022-12-02,168.0,168.0,1,0,168.0,,,0,0,16.754166666666666,11.0,23.4,73.625,11.616666666666667,1.518333333333333,4.0,988.9791666666666,0.0,44.083333333333336,264.0698629438322,12,4,0,post_monsoon,39,0
2022-12-03,196.0,196.0,1,0,196.0,,,0,0,17.075,11.0,23.7,72.70833333333333,11.654166666666669,1.36,3.6,989.7,0.0,5.541666666666667,254.7790752188409,12,5,1,post_monsoon,40,0
2022-12-04,223.0,223.0,1,0,223.0,,,0,0,16.508333333333333,11.3,23.5,73.95833333333333,11.2625,2.3029166666666665,7.0,990.3208333333332,0.0,0.0,279.0177080347906,12,6,1,post_monsoon,41,0
2022-12-05,178.0,178.0,1,0,178.0,,,0,0,15.545833333333334,10.4,22.3,73.66666666666667,10.3875,1.88125,4.8,991.9958333333334,0.0,0.0,282.5730591017841,12,0,0,post_monsoon,42,0
2022-12-06,215.0,215.0,1,0,215.0,,,0,0,16.041666666666668,11.0,22.6,68.625,9.829166666666667,3.6991666666666663,9.1,990.925,0.0,0.0,286.5248962819942,12,1,0,post_monsoon,43,0
2022-12-07,138.0,138.0,1,0,138.0,,,0,0,16.366666666666667,11.3,23.0,68.25,10.0125,4.306666666666667,10.9,990.0,0.0,0.0,285.8753278154454,12,2,0,post_monsoon,44,0
2022-12-08,137.0,137.0,1,0,137.0,,,0,0,15.975,10.9,22.8,73.125,10.691666666666668,3.1275,8.3,990.55,0.0,0.0,298.2198208140948,12,3,0,post_monsoon,45,0
2022-12-09,169.0,169.0,1,0,169.0,,,0,0,16.316666666666666,10.7,23.5,75.79166666666667,11.658333333333331,2.2154166666666666,7.2,989.4625,0.0,0.0,284.97234206062205,12,4,0,post_monsoon,46,0
2022-12-10,206.0,206.0,1,0,206.0,,,0,0,16.941666666666666,10.5,25.0,71.16666666666667,11.1875,2.4129166666666664,6.4,989.7,0.0,0.0,307.47246167151445,12,5,1,post_monsoon,47,0
2022-12-11,142.0,142.0,1,0,142.0,,,0,0,17.3125,11.5,25.2,68.91666666666667,11.166666666666666,2.7295833333333337,6.3,990.175,0.0,0.0,300.6032902604329,12,6,1,post_monsoon,48,0
2022-12-12,93.0,93.0,1,0,93.0,,,0,0,16.900000000000002,11.5,24.6,61.5,9.0,3.1041666666666665,7.2,989.5083333333332,0.0,0.0,297.5549020140593,12,0,0,post_monsoon,49,0
2022-12-13,69.3,69.3,1,0,69.3,,,0,0,16.829166666666666,11.3,24.4,52.79166666666666,6.783333333333334,4.221666666666667,10.3,990.8125,0.0,0.0,297.0558845261523,12,1,0,post_monsoon,50,0
2022-12-14,81.9,81.9,1,0,81.9,,,0,0,15.679166666666667,11.2,22.1,54.833333333333336,6.229166666666667,4.0808333333333335,10.0,990.725,0.0,0.0,291.8766798845059,12,2,0,post_monsoon,51,0
2022-12-15,89.5,89.5,1,0,89.5,,,0,0,14.6375,9.0,21.6,56.458333333333336,5.716666666666666,3.5362500000000003,9.2,989.6375,0.0,0.0,282.5049890095795,12,3,0,post_monsoon,52,0
2022-12-16,102.0,102.0,1,0,102.0,,,0,0,14.0375,8.6,21.2,65.66666666666667,7.383333333333333,2.8425,6.8,988.6041666666666,0.0,0.0,268.7144744078584,12,4,0,post_monsoon,53,0
2022-12-17,,,0,0,,,,0,0,14.0875,8.3,21.7,69.33333333333333,8.195833333333333,2.22375,5.9,990.2,0.0,0.0,267.61131985545296,12,5,1,post_monsoon,54,0
2022-12-18,,,0,0,,,,0,0,14.304166666666667,8.3,21.5,75.875,9.8,1.95125,5.0,990.6375,0.0,0.0,291.43180212362813,12,6,1,post_monsoon,55,0
2022-12-19,233.0,233.0,1,0,233.0,,,0,0,14.175,8.9,21.4,79.375,10.325,2.181666666666666,5.6,989.2958333333332,0.0,72.33333333333333,296.7781028408463,12,0,0,post_monsoon,56,0
2022-12-20,247.0,247.0,1,0,247.0,,,0,0,13.6375,8.6,20.8,76.83333333333333,9.320833333333333,2.1954166666666666,5.9,988.5583333333334,0.0,33.333333333333336,289.5111240100357,12,1,0,post_monsoon,57,0
2022-12-21,223.0,223.0,1,0,223.0,,,0,0,13.070833333333333,7.6,20.5,78.79166666666667,9.116666666666667,2.2687500000000003,5.9,989.9416666666666,0.0,0.4583333333333333,333.3534826143007,12,2,0,post_monsoon,58,0
2022-12-22,236.0,236.0,1,0,236.0,,,0,0,12.9625,8.5,20.3,79.33333333333333,9.033333333333331,2.249166666666667,6.1,989.6208333333334,0.0,2.0,326.1663614782255,12,3,0,post_monsoon,59,0
2022-12-23,,,0,0,,,,0,0,12.2625,7.7,18.9,81.58333333333333,8.816666666666666,1.99625,5.0,989.0791666666668,0.0,46.0,351.36089113960395,12,4,0,post_monsoon,60,0
2022-12-24,169.0,169.0,1,0,169.0,,,0,0,12.475,8.5,18.9,74.70833333333333,7.608333333333333,3.03375,7.9,990.65,0.0,9.75,312.96549785814693,12,5,1,post_monsoon,61,0
2022-12-25,202.0,202.0,1,0,202.0,,,0,0,10.958333333333334,6.5,17.1,81.125,7.5,3.1479166666666667,7.9,991.4208333333332,0.0,12.0,293.1744720139112,12,6,1,post_monsoon,62,0
2022-12-26,223.0,223.0,1,0,223.0,,,0,0,11.125,6.3,18.4,83.54166666666667,8.166666666666666,2.3891666666666667,6.2,993.1,0.0,1.2916666666666667,303.47576711096144,12,0,0,post_monsoon,63,0
2022-12-27,192.0,192.0,1,0,192.0,,,0,0,11.908333333333331,7.1,18.8,78.875,8.049999999999999,3.7783333333333338,9.4,992.6375,0.0,26.70833333333333,290.9751071094236,12,1,0,post_monsoon,64,0
2022-12-28,165.0,165.0,1,0,165.0,,,0,0,13.104166666666666,7.8,19.6,72.125,7.829166666666667,4.426666666666667,10.3,992.2291666666666,0.0,10.458333333333334,282.36641390978656,12,2,0,post_monsoon,65,0
2022-12-29,190.0,190.0,1,0,190.0,,,0,0,14.129166666666668,9.4,20.2,73.95833333333333,9.266666666666667,2.3312500000000003,5.9,993.0291666666668,0.0,34.166666666666664,283.5403627367318,12,3,0,post_monsoon,66,0
2022-12-30,299.0,299.0,1,0,299.0,,,0,0,14.920833333333334,11.1,20.7,74.45833333333333,10.270833333333334,2.357083333333333,7.1,993.6416666666668,0.0,24.95833333333333,132.44554838175418,12,4,0,post_monsoon,67,0
2022-12-31,193.0,193.0,1,0,193.0,,,0,0,13.095833333333331,9.6,19.0,81.45833333333333,9.725,3.49375,9.5,994.0625,0.0,3.583333333333333,289.1761041375583,12,5,1,post_monsoon,68,0
2023-01-01,128.0,128.0,1,0,128.0,,,0,0,12.479166666666666,7.9,18.3,78.54166666666667,8.591666666666667,1.6583333333333332,4.9,994.9541666666668,0.0,27.375,275.43962216408966,1,6,1,winter,69,0
2023-01-02,269.0,269.0,1,0,269.0,,,0,0,12.270833333333334,6.3,18.2,77.70833333333333,8.1875,1.3783333333333332,4.4,995.8041666666668,0.0,0.1666666666666666,316.90040421377734,1,0,0,winter,70,0
2023-01-03,281.0,281.0,1,0,281.0,,,0,0,10.6625,6.0,16.6,85.375,8.049999999999999,1.8345833333333332,6.0,996.7291666666666,0.0,30.041666666666668,316.1526168211064,1,1,0,winter,71,0
2023-01-04,214.0,214.0,1,0,214.0,,,0,0,9.695833333333333,5.4,16.5,87.54166666666667,7.491666666666667,2.3504166666666664,6.3,997.0875,0.0,16.666666666666668,313.95747339955955,1,2,0,winter,72,0
2023-01-05,245.0,245.0,1,0,245.0,,,0,0,8.916666666666666,5.4,15.4,89.20833333333333,7.0375000000000005,2.25375,5.9,997.9833333333332,0.0,40.5,301.966999283684,1,3,0,winter,73,0
2023-01-06,311.0,311.0,1,0,311.0,,,0,0,8.325000000000001,4.8,14.1,87.45833333333333,6.204166666666667,1.8629166666666668,5.2,998.6,0.0,65.45833333333333,309.7466140190565,1,4,0,winter,74,0
2023-01-07,295.0,295.0,1,0,295.0,,,0,0,8.25,3.8,15.3,87.41666666666667,6.070833333333333,2.520833333333333,6.9,996.6125,0.0,42.375,297.2937230677687,1,5,1,winter,75,0
2023-01-08,299.0,299.0,1,0,299.0,,,0,0,10.120833333333334,5.7,17.1,87.70833333333333,7.9875,2.6933333333333334,7.6,993.9208333333332,0.0,23.791666666666668,296.49032933450366,1,6,1,winter,76,0
2023-01-09,449.0,449.0,1,0,449.0,,,0,0,11.083333333333334,5.7,17.4,88.45833333333333,9.091666666666669,1.4904166666666665,5.1,994.6625,0.0,87.66666666666667,298.5670599046672,1,0,0,winter,77,0
2023-01-10,300.0,300.0,1,0,300.0,,,0,0,11.554166666666667,7.5,18.4,89.25,9.691666666666666,2.482083333333333,7.8,993.6916666666666,0.0,50.958333333333336,293.0932128376017,1,1,0,winter,78,0
2023-01-11,197.0,197.0,1,0,197.0,,,0,0,12.179166666666667,7.6,19.7,85.95833333333333,9.6125,2.0416666666666665,6.1,989.5291666666668,0.0,55.29166666666666,339.4850364535248,1,2,0,winter,79,0
2023-01-12,,,0,0,,,,0,0,14.470833333333331,9.8,20.1,80.875,11.075,3.5475,8.6,987.4583333333334,0.1,39.29166666666666,123.2964371528562,1,3,0,winter,80,0
2023-01-13,,,0,0,,,,0,0,13.95,10.6,18.6,87.16666666666667,11.754166666666668,2.6554166666666665,9.2,988.2166666666668,18.2,34.166666666666664,90.8774705490696,1,4,0,winter,81,0
2023-01-14,,,0,0,,,,0,0,12.120833333333332,8.0,17.0,75.66666666666667,7.491666666666667,3.715,9.3,991.4,0.0,29.791666666666668,298.0974563334305,1,5,1,winter,82,0
2023-01-15,,,0,0,,,,0,0,9.416666666666666,5.5,15.3,65.58333333333333,2.775,3.5108333333333337,8.9,990.3458333333332,0.0,4.125,292.9919058053768,1,6,1,winter,83,0
2023-01-16,126.0,126.0,1,0,126.0,,,0,0,9.033333333333331,3.7,15.5,63.5,2.1875,2.6054166666666667,7.6,991.375,0.0,0.75,302.21460573706435,1,0,0,winter,84,0
2023-01-17,153.0,153.0,1,0,153.0,,,0,0,9.0,3.6,16.4,64.16666666666667,2.029166666666667,2.8216666666666668,7.8,991.8916666666668,0.0,0.0,295.7425017141918,1,1,0,winter,85,0
2023-01-18,175.0,175.0,1,0,175.0,,,0,0,9.2125,3.2,16.6,65.08333333333333,2.4458333333333333,2.3858333333333337,6.3,993.5791666666668,0.0,4.833333333333333,293.34882398156714,1,2,0,winter,86,0
2023-01-19,223.0,223.0,1,0,223.0,,,0,0,12.225,6.4,18.4,63.75,5.2250000000000005,2.0033333333333334,7.1,993.7791666666668,0.3,62.16666666666666,328.8192400507309,1,3,0,winter,87,0
2023-01-20,96.5,96.5,1,0,96.5,,,0,0,14.0625,9.7,19.7,70.08333333333333,8.295833333333333,2.90875,7.5,992.1125,0.0,37.458333333333336,355.11331774508466,1,4,0,winter,88,0
2023-01-21,198.0,198.0,1,0,198.0,,,0,0,13.266666666666666,7.0,20.5,79.16666666666667,9.291666666666666,1.5404166666666663,3.6,991.525,0.0,0.0,324.2331968447272,1,5,1,winter,89,0
2023-01-22,,,0,0,,,,0,0,14.15,8.1,21.7,71.29166666666667,8.316666666666666,2.347916666666667,6.2,990.6291666666666,0.0,20.541666666666668,13.36494679544876,1,6,1,winter,90,0
2023-01-23,136.0,136.0,1,0,136.0,,,0,0,15.504166666666668,8.4,22.8,63.833333333333336,8.029166666666667,1.80875,5.2,990.1708333333332,0.0,23.125,32.26587242575664,1,0,0,winter,91,0
2023-01-24,89.1,89.1,1,0,89.1,,,0,0,16.908333333333335,13.1,21.2,81.79166666666667,13.629166666666668,3.324583333333333,12.1,989.0791666666668,11.3,69.70833333333333,135.47906996678262,1,1,0,winter,92,0
2023-01-25,95.1,95.1,1,0,95.1,,,0,0,16.466666666666665,11.9,21.1,83.45833333333333,13.458333333333334,1.6883333333333332,6.0,990.5916666666668,1.0,49.875,312.4547103904614,1,2,0,winter,93,0
2023-01-26,157.0,157.0,1,0,157.0,,,0,0,14.354166666666666,9.9,19.0,76.83333333333333,10.104166666666666,3.532083333333333,8.8,993.0333333333332,0.0,21.875,308.6922954807095,1,3,0,winter,94,0
2023-01-27,101.0,101.0,1,0,101.0,,,0,0,12.141666666666666,7.5,18.6,68.20833333333333,6.0625,4.062916666666667,9.5,992.9375,0.0,0.0,296.39494147425984,1,4,0,winter,95,0
2023-01-28,121.0,121.0,1,0,121.0,,,0,0,12.558333333333332,6.5,20.7,68.45833333333333,6.591666666666666,3.1945833333333336,7.7,989.8875,0.0,3.5,285.8165084243762,1,5,1,winter,96,0
2023-01-29,176.0,176.0,1,0,176.0,,,0,0,12.845833333333331,8.3,16.4,84.29166666666667,10.1875,2.57625,7.8,989.1958333333332,4.2,95.91666666666669,116.89769903868664,1,6,1,winter,97,0
2023-01-30,68.2,68.2,1,0,68.2,,,0,0,13.191666666666668,10.4,16.2,87.04166666666667,11.0375,2.3629166666666666,10.3,992.5333333333332,10.2,72.125,102.60347325126604,1,0,0,winter,98,0
2023-01-31,90.2,90.2,1,0,90.2,,,0,0,14.120833333333332,9.7,20.5,83.58333333333333,11.070833333333333,4.008333333333334,10.7,993.5416666666666,0.0,32.666666666666664,297.27619136151293,1,1,0,winter,99,0
2023-02-01,87.4,87.4,1,0,87.4,,,0,0,13.741666666666667,9.4,19.9,75.33333333333333,9.083333333333334,4.539166666666667,10.2,992.4625,0.0,0.0,290.64491516984526,2,2,0,winter,100,0
2023-02-02,,,0,0,,,,0,0,14.745833333333332,9.4,21.5,64.91666666666667,7.966666666666666,4.3845833333333335,10.1,991.1291666666666,0.0,0.0,293.16927352892634,2,3,0,winter,101,0
2023-02-03,,,0,0,,,,0,0,15.008333333333333,9.6,22.4,68.75,8.966666666666667,3.3125,8.2,991.0333333333332,0.0,0.0833333333333333,285.8085600222433,2,4,0,winter,102,0
2023-02-04,,,0,0,,,,0,0,15.9125,10.3,22.7,65.95833333333333,9.308333333333334,3.745,9.8,988.6541666666668,0.0,0.0,282.35675466237615,2,5,1,winter,103,0
2023-02-05,,,0,0,,,,0,0,16.995833333333334,11.0,23.3,63.41666666666666,9.4875,2.689583333333333,8.0,987.5416666666666,0.0,0.0,277.60256294578164,2,6,1,winter,104,0
2023-02-06,,,0,0,,,,0,0,17.595833333333335,10.4,25.1,70.25,11.879166666666668,2.1558333333333333,6.7,986.6958333333332,0.0,7.875,157.63327639520855,2,0,0,winter,105,0
2023-02-07,,,0,0,,,,0,0,17.087500000000002,13.1,23.4,69.83333333333333,10.975,3.525416666666666,9.4,986.575,0.0,0.4166666666666667,292.5114282165413,2,1,0,winter,106,0
2023-02-08,,,0,0,,,,0,0,15.679166666666667,10.2,22.6,55.5,6.504166666666666,3.105,8.8,988.7833333333332,0.0,15.041666666666666,289.9387692550956,2,2,0,winter,107,0
2023-02-09,,,0,0,,,,0,0,17.370833333333334,10.0,25.8,62.54166666666666,9.654166666666669,2.7445833333333334,7.2,987.2875,0.0,16.708333333333332,205.42128963336097,2,3,0,winter,108,0
2023-02-10,,,0,0,,,,0,0,18.59583333333333,12.9,25.5,71.5,12.970833333333331,2.681666666666666,7.2,986.3458333333332,0.0,19.58333333333333,141.67328532535208,2,4,0,winter,109,0
2023-02-11,,,0,0,,,,0,0,18.8875,13.3,25.9,62.66666666666666,10.5,2.46125,8.6,988.5208333333334,0.0,1.5833333333333333,308.9497369152651,2,5,1,winter,110,0
2023-02-12,,,0,0,,,,0,0,15.791666666666666,10.6,21.9,47.25,3.25,4.196666666666666,11.9,992.5041666666666,0.0,0.0,306.4106579863832,2,6,1,winter,111,0
2023-02-13,,,0,0,,,,0,0,15.016666666666666,9.8,21.0,35.125,-0.5291666666666667,6.142083333333333,14.1,990.7958333333332,0.0,0.1666666666666666,292.3182839673456,2,0,0,winter,112,0
2023-02-14,58.4,58.4,1,0,58.4,,,0,0,16.795833333333334,11.0,23.5,43.958333333333336,4.2125,4.020833333333333,9.4,990.6041666666666,0.0,5.083333333333333,298.0450456030173,2,1,0,winter,113,0
2023-02-15,91.0,91.0,1,0,91.0,,,0,0,18.329166666666666,12.8,25.7,54.583333333333336,8.741666666666667,4.1625000000000005,11.0,988.0583333333334,0.0,0.0833333333333333,291.1532289390463,2,2,0,winter,114,0
2023-02-16,,,0,0,,,,0,0,18.304166666666667,11.5,26.2,70.54166666666667,12.433333333333335,2.1591666666666667,5.3,989.6291666666666,0.0,27.875,310.755861597531,2,3,0,winter,115,0
2023-02-17,,,0,0,,,,0,0,19.604166666666668,13.3,26.7,76.54166666666667,14.95,1.6275000000000002,4.0,990.9416666666666,0.0,51.458333333333336,351.97631321037363,2,4,0,winter,116,0
2023-02-18,,,0,0,,,,0,0,19.0625,12.5,26.4,77.66666666666667,14.5125,2.036666666666666,5.0,990.1958333333332,0.0,12.458333333333334,298.3790934299635,2,5,1,winter,117,0
2023-02-19,,,0,0,,,,0,0,21.004166666666663,14.8,27.9,70.29166666666667,14.808333333333332,1.5570833333333332,4.4,989.1708333333332,0.0,41.41666666666666,29.13465238251058,2,6,1,winter,118,0
2023-02-20,,,0,0,,,,0,0,22.366666666666664,15.3,30.7,64.95833333333333,14.466666666666669,2.0145833333333334,5.6,986.4916666666668,0.0,65.625,149.82446637622292,2,0,0,winter,119,0
2023-02-21,,,0,0,,,,0,0,21.954166666666666,15.1,29.1,57.708333333333336,12.725,2.5775,7.6,985.8083333333334,0.0,23.041666666666668,264.5423254362502,2,1,0,winter,120,0
2023-02-22,,,0,0,,,,0,0,20.54583333333333,13.5,28.4,62.583333333333336,11.925,2.237083333333333,7.6,987.6583333333332,0.0,43.958333333333336,323.8224789198577,2,2,0,winter,121,0
2023-02-23,,,0,0,,,,0,0,19.9875,14.0,27.4,53.04166666666666,9.279166666666669,3.3754166666666667,10.1,987.9458333333332,0.0,0.3333333333333333,293.779849836355,2,3,0,winter,122,0
2023-02-24,,,0,0,,,,0,0,19.83333333333333,13.0,27.9,51.083333333333336,8.608333333333333,2.950416666666667,8.2,989.675,0.0,62.29166666666666,286.56573959948344,2,4,0,winter,123,0
2023-02-25,,,0,0,,,,0,0,20.991666666666667,13.4,28.4,53.75,10.591666666666669,2.04625,5.9,991.3708333333334,0.0,2.4166666666666665,292.35344468535715,2,5,1,winter,124,0
2023-02-26,,,0,0,,,,0,0,22.370833333333334,14.4,29.5,50.708333333333336,10.779166666666669,2.0325,6.3,992.9875,0.0,4.291666666666667,285.18232248078465,2,6,1,winter,125,0
2023-02-27,,,0,0,,,,0,0,22.258333333333336,15.6,29.8,52.66666666666666,11.066666666666668,2.4533333333333336,8.3,992.5958333333332,0.0,26.58333333333333,323.2301284262646,2,0,0,winter,126,0
2023-02-28,,,0,0,,,,0,0,21.67083333333333,14.3,29.3,49.54166666666666,9.816666666666666,2.2116666666666664,7.3,992.5916666666668,0.0,32.208333333333336,343.30548815967427,2,1,0,winter,127,0
2023-03-01,,,0,0,,,,0,0,21.866666666666664,15.7,29.7,49.458333333333336,10.1625,2.809583333333333,7.9,993.8041666666668,0.0,37.66666666666666,18.62686198385063,3,2,0,pre_monsoon,128,0
2023-03-02,,,0,0,,,,0,0,22.08333333333333,15.2,30.0,54.91666666666666,11.783333333333331,2.7329166666666667,8.0,993.7833333333332,0.0,8.916666666666666,312.1402506858951,3,3,0,pre_monsoon,129,0
2023-03-03,,,0,0,,,,0,0,22.666666666666668,16.8,30.6,55.833333333333336,12.75,3.1558333333333333,12.0,994.1833333333334,0.0,11.083333333333334,297.5547353329672,3,4,0,pre_monsoon,130,0
2023-03-04,,,0,0,,,,0,0,22.441666666666663,17.5,29.8,54.29166666666666,12.104166666666666,3.202083333333333,9.8,994.3916666666668,0.0,36.458333333333336,312.31222006863817,3,5,1,pre_monsoon,131,0
2023-03-05,,,0,0,,,,0,0,22.3875,16.3,29.6,53.208333333333336,11.3,3.482083333333333,11.0,993.325,0.0,6.375,303.3612982642037,3,6,1,pre_monsoon,132,0
2023-03-06,,,0,0,,,,0,0,21.691666666666663,15.9,28.7,49.75,9.995833333333334,3.1525,9.7,991.1125,0.0,13.708333333333334,301.8976969757782,3,0,0,pre_monsoon,133,0
2023-03-07,,,0,0,,,,0,0,21.808333333333334,15.8,28.7,48.29166666666666,9.4375,2.4145833333333333,7.9,990.7958333333332,0.0,54.29166666666666,277.95751071718536,3,1,0,pre_monsoon,134,0
2023-03-08,,,0,0,,,,0,0,21.316666666666663,14.8,28.2,53.875,10.958333333333334,2.299583333333333,8.1,991.8041666666668,0.2,51.79166666666666,278.1008127682031,3,2,0,pre_monsoon,135,0
2023-03-09,,,0,0,,,,0,0,21.025,15.9,27.5,61.91666666666666,12.741666666666667,2.4675,7.4,991.8541666666666,0.5,13.041666666666666,254.91660929314403,3,3,0,pre_monsoon,136,0
2023-03-10,,,0,0,,,,0,0,22.370833333333334,15.5,29.2,57.875,12.683333333333332,2.575,8.6,990.9833333333332,0.0,0.375,283.47506399098444,3,4,0,pre_monsoon,137,0
2023-03-11,,,0,0,,,,0,0,23.20833333333333,16.2,30.0,51.41666666666666,11.645833333333334,2.2566666666666664,7.7,990.6375,0.0,2.708333333333333,286.0184009689957,3,5,1,pre_monsoon,138,0
2023-03-12,,,0,0,,,,0,0,24.33333333333333,17.1,31.9,49.083333333333336,12.016666666666666,2.143333333333333,6.5,989.9125,0.0,19.875,306.87067420120104,3,6,1,pre_monsoon,139,0
2023-03-13,,,0,0,,,,0,0,24.316666666666663,17.5,32.1,49.375,12.120833333333332,2.3229166666666665,8.5,988.6208333333334,0.0,58.79166666666666,316.4455503389067,3,0,0,pre_monsoon,140,0
2023-03-14,,,0,0,,,,0,0,24.27083333333333,17.2,31.6,48.5,11.604166666666666,2.7883333333333336,11.7,985.8333333333334,0.0,7.25,293.37565968184526,3,1,0,pre_monsoon,141,0
2023-03-15,,,0,0,,,,0,0,24.804166666666664,17.2,32.3,43.41666666666666,10.5125,1.9654166666666668,10.6,984.8875,0.0,53.333333333333336,326.3717631805191,3,2,0,pre_monsoon,142,0
2023-03-16,,,0,0,,,,0,0,24.554166666666664,19.0,31.9,42.5,10.429166666666667,2.887916666666667,11.5,985.6375,0.1,95.58333333333331,171.26215390234472,3,3,0,pre_monsoon,143,0
2023-03-17,,,0,0,,,,0,0,22.8875,19.5,28.5,54.91666666666666,13.15,1.7933333333333332,9.0,987.2666666666668,1.7000000000000002,76.875,118.18868257087009,3,4,0,pre_monsoon,144,0
2023-03-18,,,0,0,,,,0,0,20.4375,16.7,26.8,74.70833333333333,15.270833333333334,2.235,12.7,986.4166666666666,0.3,53.875,61.93844854067413,3,5,1,pre_monsoon,145,0
2023-03-19,80.9,80.9,1,0,80.9,,,0,0,19.8625,15.2,25.2,82.5,16.529166666666665,1.8458333333333328,6.4,984.4916666666668,0.7000000000000001,83.04166666666667,112.57270776134284,3,6,1,pre_monsoon,146,0
2023-03-20,41.1,41.1,1,0,41.1,,,0,0,18.729166666666668,16.1,23.7,86.91666666666667,16.325,2.004583333333333,9.3,983.3791666666666,24.3,99.83333333333331,82.86528897171092,3,0,0,pre_monsoon,147,0
2023-03-21,49.3,49.3,1,0,49.3,,,0,0,18.3,14.6,23.1,83.54166666666667,15.1875,1.975,7.8,984.4125,3.2,40.29166666666666,56.02829675785063,3,1,0,pre_monsoon,148,0
2023-03-22,94.6,94.6,1,0,94.6,,,0,0,19.554166666666667,14.0,26.3,74.58333333333333,14.2625,1.643333333333333,6.1,985.825,0.0,41.79166666666666,280.7646361946136,3,2,0,pre_monsoon,149,0
2023-03-23,,,0,0,,,,0,0,21.479166666666668,15.5,28.0,64.79166666666667,13.679166666666667,2.5245833333333336,8.4,984.6083333333332,0.0,30.291666666666668,294.2592300992057,3,3,0,pre_monsoon,150,0
2023-03-24,68.8,68.8,1,0,68.8,,,0,0,21.6,17.3,27.5,68.41666666666667,15.25,2.513333333333333,12.9,984.55,15.8,62.583333333333336,125.21512956372408,3,4,0,pre_monsoon,151,0
2023-03-25,31.4,31.4,1,0,31.4,,,0,0,21.195833333333333,17.4,26.3,77.875,16.833333333333332,2.660416666666667,9.2,987.0541666666668,1.1,23.70833333333333,91.59099624562704,3,5,1,pre_monsoon,152,0
2023-03-26,56.5,56.5,1,0,56.5,,,0,0,21.77916666666667,16.5,27.6,61.583333333333336,13.166666666666666,2.704166666666667,7.5,986.6833333333334,0.0,4.75,340.20954358375127,3,6,1,pre_monsoon,153,0
2023-03-27,51.2,51.2,1,0,51.2,,,0,0,20.8125,15.5,26.8,61.583333333333336,12.6875,2.9491666666666667,9.7,985.9583333333334,0.0,0.2916666666666667,294.3099565144663,3,0,0,pre_monsoon,154,0
2023-03-28,60.6,60.6,1,0,60.6,,,0,0,21.7875,15.2,28.2,60.833333333333336,13.254166666666668,2.6566666666666667,9.8,985.5916666666668,0.0,40.29166666666666,309.5018661455752,3,1,0,pre_monsoon,155,0
2023-03-29,69.8,69.8,1,0,69.8,,,0,0,23.329166666666666,16.7,30.8,54.958333333333336,13.079166666666666,2.247916666666667,7.0,986.075,0.2,45.583333333333336,76.472417453785,3,2,0,pre_monsoon,156,0
2023-03-30,61.1,61.1,1,0,61.1,,,0,0,21.7875,17.5,30.8,69.91666666666667,15.375,2.660833333333333,13.2,984.5416666666666,5.7,50.083333333333336,347.78203833967194,3,3,0,pre_monsoon,157,0
2023-03-31,26.9,26.9,1,0,26.9,,,0,0,19.60833333333333,17.0,24.2,82.58333333333333,16.341666666666665,1.6141666666666667,8.4,984.1666666666666,9.4,82.16666666666667,109.35700034920046,3,4,0,pre_monsoon,158,0
2023-04-01,40.0,40.0,1,0,40.0,,,0,0,20.120833333333334,15.1,25.7,79.375,15.9875,1.50625,6.6,984.9083333333332,0.9,26.125,60.92128270370517,4,5,1,pre_monsoon,159,0
2023-04-02,46.0,46.0,1,0,46.0,,,0,0,22.23333333333333,15.9,28.3,69.29166666666667,15.6625,2.3583333333333334,9.4,983.9041666666668,0.0,27.125,307.86688568521305,4,6,1,pre_monsoon,160,0
2023-04-03,58.1,58.1,1,0,58.1,,,0,0,23.304166666666664,16.4,31.3,60.66666666666666,14.429166666666667,2.27,8.0,982.475,0.0,8.625,22.16446000620033,4,0,0,pre_monsoon,161,0
2023-04-04,36.0,36.0,1,0,36.0,,,0,0,22.258333333333336,17.2,28.0,60.91666666666666,13.95,2.73,8.4,984.6791666666668,0.2,13.208333333333334,327.9325839562118,4,1,0,pre_monsoon,162,0
2023-04-05,43.8,43.8,1,0,43.8,,,0,0,22.97083333333333,16.3,30.2,50.333333333333336,10.554166666666667,2.84625,8.6,985.3916666666668,0.0,0.0833333333333333,311.2796180024277,4,2,0,pre_monsoon,163,0
2023-04-06,33.6,33.6,1,0,33.6,,,0,0,23.90833333333333,16.7,31.3,40.54166666666666,8.7875,3.322083333333333,9.1,987.3958333333334,0.0,7.25,322.3224685684599,4,3,0,pre_monsoon,164,0
2023-04-07,38.5,38.5,1,0,38.5,,,0,0,24.3,17.4,31.3,37.04166666666666,7.229166666666667,3.304583333333333,8.9,989.175,0.0,0.0,306.2343824135604,4,4,0,pre_monsoon,165,0
2023-04-08,65.7,65.7,1,0,65.7,,,0,0,24.4,17.1,31.8,33.541666666666664,6.233333333333333,3.0191666666666666,9.2,989.8041666666668,0.0,0.0,287.5184597112361,4,5,1,pre_monsoon,166,0
2023-04-09,91.6,91.6,1,0,91.6,,,0,0,26.1875,18.0,33.1,29.625,5.620833333333334,2.62625,9.6,989.6833333333334,0.0,0.0,305.2973756717356,4,6,1,pre_monsoon,167,0
2023-04-10,70.2,70.2,1,0,70.2,,,0,0,26.45833333333333,19.7,33.3,28.70833333333333,6.104166666666667,2.41875,9.1,987.925,0.0,18.375,299.2779884336784,4,0,0,pre_monsoon,168,0
2023-04-11,117.0,117.0,1,0,117.0,,,0,0,27.683333333333334,19.4,35.9,27.625,6.141666666666667,3.724583333333333,12.8,987.1875,0.0,26.916666666666668,297.00333209678143,4,1,0,pre_monsoon,169,0
2023-04-12,88.9,88.9,1,0,88.9,,,0,0,29.45,23.1,36.4,26.791666666666668,7.754166666666666,4.4279166666666665,13.2,986.8208333333332,0.0,44.16666666666666,283.3022927428524,4,2,0,pre_monsoon,170,0
2023-04-13,91.9,91.9,1,0,91.9,,,0,0,29.5,22.2,37.2,27.58333333333333,7.366666666666667,3.365,10.6,985.1333333333332,0.0,37.333333333333336,289.19477956129646,4,3,0,pre_monsoon,171,0
2023-04-14,96.9,96.9,1,0,96.9,,,0,0,29.5625,21.8,37.3,27.08333333333333,7.4375,2.7679166666666664,9.7,984.2875,0.0,49.583333333333336,287.15630878134016,4,4,0,pre_monsoon,172,0
2023-04-15,79.1,79.1,1,0,79.1,,,0,0,30.975,22.0,39.1,23.08333333333333,5.679166666666667,2.2920833333333333,8.6,983.6791666666668,0.0,1.2916666666666667,260.4746756660316,4,5,1,pre_monsoon,173,0
2023-04-16,75.6,75.6,1,0,75.6,,,0,0,31.291666666666668,22.7,39.2,24.916666666666668,7.966666666666666,2.84375,10.3,982.8625,0.0,18.541666666666668,260.91306744776614,4,6,1,pre_monsoon,174,0
2023-04-17,65.2,65.2,1,0,65.2,,,0,0,32.550000000000004,24.4,39.1,24.70833333333333,8.4375,2.615416666666667,8.8,982.6666666666666,0.0,5.708333333333333,287.622240907839,4,0,0,pre_monsoon,175,0
2023-04-18,68.0,68.0,1,0,68.0,,,0,0,32.608333333333334,25.5,39.1,23.375,8.220833333333333,3.5883333333333334,11.9,983.8,0.0,18.58333333333333,275.4509898642699,4,1,0,pre_monsoon,176,0
2023-04-19,68.4,68.4,1,0,68.4,,,0,0,29.7875,25.1,37.3,35.541666666666664,12.0375,3.046666666666667,13.0,981.7875,0.0,62.708333333333336,325.13890504681063,4,2,0,pre_monsoon,177,0
2023-04-20,40.9,40.9,1,0,40.9,,,0,0,28.1,23.3,34.7,44.208333333333336,13.9875,2.3095833333333333,9.0,978.7458333333334,0.0,81.875,250.80599828553412,4,3,0,pre_monsoon,178,0
2023-04-21,54.5,54.5,1,0,54.5,,,0,0,28.8375,22.4,35.2,34.25,9.566666666666666,2.8329166666666663,9.0,979.7125,0.0,25.041666666666668,59.86668035619925,4,4,0,pre_monsoon,179,0
2023-04-22,,,0,0,,,,0,0,28.620833333333334,20.8,35.1,25.916666666666668,5.320833333333334,2.703333333333333,9.8,980.6125,0.0,10.916666666666666,16.94660745730829,4,5,1,pre_monsoon,180,0
2023-04-23,25.0,25.0,1,0,25.0,,,0,0,26.95,20.9,33.9,27.0,5.320833333333334,3.267916666666667,10.7,982.275,0.0,64.625,20.10479179236637,4,6,1,pre_monsoon,181,0
2023-04-24,52.6,52.6,1,0,52.6,,,0,0,26.0875,20.0,31.9,34.708333333333336,8.595833333333333,2.86375,9.3,985.875,0.0,47.04166666666666,115.54327277090964,4,0,0,pre_monsoon,182,0
2023-04-25,,,0,0,,,,0,0,27.0875,20.6,33.2,36.583333333333336,10.004166666666666,2.960833333333333,9.5,987.1041666666666,0.0,20.25,108.94404433001192,4,1,0,pre_monsoon,183,0
2023-04-26,73.2,73.2,1,0,73.2,,,0,0,28.954166666666666,22.1,35.6,32.291666666666664,9.466666666666669,2.27,7.0,983.8791666666666,0.0,57.875,119.51181656631957,4,2,0,pre_monsoon,184,0
2023-04-27,79.5,79.5,1,0,79.5,,,0,0,29.1,23.6,35.8,30.45833333333333,9.258333333333333,2.671666666666667,14.8,983.6666666666666,0.0,79.125,149.26283956088412,4,3,0,pre_monsoon,185,0
2023-04-28,61.9,61.9,1,0,61.9,,,0,0,27.95833333333333,22.4,33.5,36.04166666666666,10.9625,1.7641666666666669,6.4,984.4708333333332,0.0,85.58333333333333,157.22132586241787,4,4,0,pre_monsoon,186,0
2023-04-29,67.9,67.9,1,0,67.9,,,0,0,26.479166666666668,21.8,33.3,48.583333333333336,14.341666666666669,2.169583333333333,9.5,983.5458333333332,0.6,84.20833333333333,279.29533684758235,4,5,1,pre_monsoon,187,0
2023-04-30,50.2,50.2,1,0,50.2,,,0,0,24.625,21.2,30.4,61.25,16.045833333333334,2.0570833333333334,10.9,982.7833333333332,1.4,88.04166666666667,23.223066962310558,4,6,1,pre_monsoon,188,0
2023-05-01,44.2,44.2,1,0,44.2,,,0,0,22.125,19.8,27.8,80.33333333333333,18.266666666666666,2.29125,7.9,982.9791666666666,5.4,95.625,82.64024006052858,5,0,0,pre_monsoon,189,0
2023-05-02,37.8,37.8,1,0,37.8,,,0,0,22.541666666666668,19.3,28.0,80.91666666666667,18.83333333333333,2.945,9.8,984.5291666666668,5.4,87.04166666666667,97.98937526510645,5,1,0,pre_monsoon,190,0
2023-05-03,37.7,37.7,1,0,37.7,,,0,0,22.46666666666667,19.9,28.2,80.66666666666667,18.666666666666668,1.9375,8.5,985.7708333333334,6.8,60.583333333333336,81.95559330702207,5,2,0,pre_monsoon,191,0
2023-05-04,50.5,50.5,1,0,50.5,,,0,0,24.245833333333334,18.7,29.7,73.125,18.5,1.3354166666666665,5.2,985.2333333333332,0.0,21.375,79.44398498727332,5,3,0,pre_monsoon,192,0
2023-05-05,66.8,66.8,1,0,66.8,,,0,0,25.95,20.6,30.8,59.0,16.604166666666668,2.214583333333333,16.2,983.6416666666668,5.4,21.5,250.12372823303724,5,4,0,pre_monsoon,-191,0
2023-05-06,103.0,103.0,1,0,103.0,,,0,0,27.40833333333333,20.7,35.4,47.875,14.520833333333334,2.3895833333333334,11.5,981.7625,0.0,12.333333333333334,287.9753322715127,5,5,1,pre_monsoon,-190,0
2023-05-07,56.9,56.9,1,0,56.9,,,0,0,28.96666666666667,22.0,36.1,38.958333333333336,12.8125,2.86875,9.1,980.725,0.0,14.625,191.64444987308835,5,6,1,pre_monsoon,-189,0
2023-05-08,51.9,51.9,1,0,51.9,,,0,0,29.22083333333333,21.9,36.6,40.208333333333336,13.216666666666669,3.5175,10.9,980.1791666666668,0.0,17.333333333333332,124.66490825485504,5,0,0,pre_monsoon,-188,0
2023-05-09,90.2,90.2,1,0,90.2,,,0,0,29.53333333333333,21.4,37.1,33.708333333333336,8.737499999999999,3.285,11.3,982.5625,0.0,0.0,329.5999511018272,5,1,0,pre_monsoon,-187,0
2023-05-10,80.8,80.8,1,0,80.8,,,0,0,29.71666666666667,21.9,36.5,22.25,4.120833333333334,3.858333333333333,12.1,982.1791666666668,0.0,0.0,298.48582531194137,5,2,0,pre_monsoon,-186,0
2023-05-11,125.0,125.0,1,0,125.0,,,0,0,31.02916666666667,22.1,38.9,21.58333333333333,5.025,2.322083333333333,8.6,982.6875,0.0,0.5,280.5587027377951,5,3,0,pre_monsoon,-185,0
2023-05-12,74.3,74.3,1,0,74.3,,,0,0,33.300000000000004,23.1,41.7,22.25,7.145833333333333,2.814583333333333,9.2,981.3916666666668,0.0,11.083333333333334,251.94647539590432,5,4,0,pre_monsoon,-184,0
2023-05-13,84.6,84.6,1,0,84.6,,,0,0,33.291666666666664,25.1,41.5,24.916666666666668,9.183333333333334,2.8225,14.6,980.5958333333332,0.0,11.375,104.17878260039517,5,5,1,pre_monsoon,-183,0
2023-05-14,87.8,87.8,1,0,87.8,,,0,0,32.5125,26.5,40.5,28.5,11.054166666666667,3.2183333333333333,16.5,978.0625,0.0,24.25,25.422834163403365,5,6,1,pre_monsoon,-182,0
2023-05-15,30.9,30.9,1,0,30.9,,,0,0,33.44166666666667,25.2,40.5,24.541666666666668,9.320833333333333,2.4220833333333336,9.0,977.4333333333334,0.0,4.25,289.4818075702628,5,0,0,pre_monsoon,-181,0
2023-05-16,129.0,129.0,1,0,129.0,,,0,0,32.42916666666667,26.8,38.6,27.70833333333333,11.15,3.852083333333333,15.3,979.5333333333332,0.0,47.5,272.5616911907125,5,1,0,pre_monsoon,-180,0
2023-05-17,87.2,87.2,1,0,87.2,,,0,0,33.18333333333333,26.0,40.9,25.75,10.0,3.8083333333333336,10.8,980.85,0.0,29.83333333333333,254.87658019442011,5,2,0,pre_monsoon,-179,0
2023-05-18,34.5,34.5,1,0,34.5,,,0,0,31.02916666666667,23.9,38.0,37.79166666666666,14.258333333333333,3.4275,11.3,984.3291666666668,0.0,26.125,321.2231350080265,5,3,0,pre_monsoon,-178,0
2023-05-19,57.4,57.4,1,0,57.4,,,0,0,31.65833333333333,25.9,37.9,34.958333333333336,13.354166666666666,3.9775,11.4,981.9958333333334,0.0,0.25,296.1106529813651,5,4,0,pre_monsoon,-177,0
2023-05-20,56.8,56.8,1,0,56.8,,,0,0,32.84166666666666,24.8,40.0,28.25,10.770833333333334,3.50375,12.8,979.8916666666668,0.0,0.875,285.7508683942303,5,5,1,pre_monsoon,-176,0
2023-05-21,68.0,68.0,1,0,68.0,,,0,0,34.7875,25.4,42.4,21.83333333333333,8.4125,2.853333333333333,13.0,980.025,0.0,19.416666666666668,291.913685674978,5,6,1,pre_monsoon,-175,0
2023-05-22,68.3,68.3,1,0,68.3,,,0,0,36.079166666666666,29.8,42.1,20.5,9.670833333333333,5.095833333333333,15.8,980.6666666666666,0.0,47.91666666666666,275.41418436155016,5,0,0,pre_monsoon,-174,0
2023-05-23,52.9,52.9,1,0,52.9,,,0,0,35.295833333333334,30.0,43.6,27.5,12.883333333333333,5.194166666666667,14.1,980.8041666666668,1.0,65.25,273.0467962570579,5,1,0,pre_monsoon,-173,0
2023-05-24,29.3,29.3,1,0,29.3,,,0,0,30.870833333333334,26.3,37.7,46.5,17.279166666666665,2.83625,11.6,980.8416666666668,0.2,90.5,252.1688490334801,5,2,0,pre_monsoon,-172,0
2023-05-25,21.6,21.6,1,0,21.6,,,0,0,28.179166666666664,23.4,33.9,58.333333333333336,18.766666666666666,2.18375,12.3,980.8291666666668,0.2,46.875,266.1666417214894,5,3,0,pre_monsoon,-171,0
2023-05-26,20.3,20.3,1,0,20.3,,,0,0,28.5125,22.7,34.5,54.625,17.654166666666665,1.4254166666666668,5.3,981.5625,0.0,31.75,123.62471554679372,5,4,0,pre_monsoon,-170,0
2023-05-27,30.2,30.2,1,0,30.2,,,0,0,27.1625,21.0,33.8,63.66666666666666,18.829166666666666,3.612083333333333,17.3,981.4083333333332,19.2,51.333333333333336,89.3972266142917,5,5,1,pre_monsoon,-169,0
2023-05-28,39.7,39.7,1,0,39.7,,,0,0,27.4625,24.0,33.8,65.66666666666667,20.129166666666663,2.0125,17.1,982.0666666666666,0.3,61.458333333333336,122.06516012964448,5,6,1,pre_monsoon,-168,0
2023-05-29,29.0,29.0,1,0,29.0,,,0,0,27.09583333333333,22.5,34.1,70.5,20.8875,2.1445833333333333,10.7,983.8375,1.2,72.75,85.67730797016355,5,0,0,pre_monsoon,-167,0
2023-05-30,32.0,32.0,1,0,32.0,,,0,0,27.3,22.7,34.1,65.375,19.64583333333333,2.220833333333333,8.8,983.8166666666666,0.1,33.333333333333336,345.66465418817774,5,1,0,pre_monsoon,-166,0
2023-05-31,29.6,29.6,1,0,29.6,,,0,0,24.933333333333334,21.6,30.9,73.79166666666667,19.53333333333333,2.874166666666667,11.7,982.7958333333332,2.9000000000000004,32.125,271.8778784065857,5,2,0,pre_monsoon,-165,0
2023-06-01,37.4,37.4,1,0,37.4,,,0,0,26.40416666666667,19.9,33.6,65.45833333333333,18.47083333333333,2.1025,9.6,982.2541666666666,0.4,28.0,327.00013327368623,6,3,0,monsoon,-164,0
2023-06-02,34.0,34.0,1,0,34.0,,,0,0,27.48333333333333,22.0,33.0,56.79166666666666,17.491666666666667,2.6654166666666668,11.3,981.6,1.3,26.416666666666668,326.6982355642883,6,4,0,monsoon,-163,0
2023-06-03,41.3,41.3,1,0,41.3,,,0,0,29.245833333333334,22.7,34.9,51.583333333333336,17.608333333333334,2.15375,7.7,981.5125,0.0,23.5,318.0969450143811,6,5,1,monsoon,-162,0
2023-06-04,,,0,0,,,,0,0,29.2875,23.9,36.2,57.625,19.39583333333333,2.8016666666666663,8.2,981.2125,1.6,40.208333333333336,283.408340121064,6,6,1,monsoon,-161,0
2023-06-05,,,0,0,,,,0,0,30.42083333333333,25.1,37.1,51.66666666666666,18.125,3.62625,14.5,979.8708333333334,0.1,16.708333333333332,290.85534024283936,6,0,0,monsoon,-160,0
2023-06-06,60.9,60.9,1,0,60.9,,,0,0,31.4125,24.1,38.8,42.75,15.979166666666666,2.467083333333333,10.6,979.5208333333334,0.0,13.583333333333334,291.8955245847309,6,1,0,monsoon,-159,0
2023-06-07,90.6,90.6,1,0,90.6,,,0,0,32.09583333333333,25.0,38.4,37.04166666666666,14.4125,3.0708333333333333,11.3,979.4708333333332,0.0,3.4166666666666665,300.5834459892266,6,2,0,monsoon,-158,0
2023-06-08,42.0,42.0,1,0,42.0,,,0,0,32.7375,25.1,39.3,34.958333333333336,14.270833333333334,3.0741666666666667,11.6,978.8666666666668,0.0,7.0,316.58147318146945,6,3,0,monsoon,-157,0
2023-06-09,24.8,24.8,1,0,24.8,,,0,0,34.204166666666666,26.0,40.8,34.416666666666664,15.620833333333332,4.113333333333333,11.6,975.9083333333332,0.0,10.5,276.31643052931344,6,4,0,monsoon,-156,0
2023-06-10,28.4,28.4,1,0,28.4,,,0,0,34.420833333333334,26.5,40.4,38.54166666666666,17.579166666666666,3.7604166666666665,11.9,974.8958333333334,0.0,15.583333333333334,273.4737578177672,6,5,1,monsoon,-155,0
2023-06-11,,,0,0,,,,0,0,33.829166666666666,28.2,39.2,45.25,19.72083333333333,4.207916666666667,12.2,975.0083333333332,0.0,4.041666666666667,286.1590881013545,6,6,1,monsoon,-154,0
2023-06-12,40.4,40.4,1,0,40.4,,,0,0,34.9,29.0,41.0,44.29166666666666,20.129166666666663,4.5375000000000005,14.5,974.5875,0.0,5.083333333333333,289.9938561981258,6,0,0,monsoon,-153,0
2023-06-13,57.7,57.7,1,0,57.7,,,0,0,36.25833333333333,30.2,41.9,34.833333333333336,17.141666666666666,5.826250000000001,15.9,974.4375,0.0,6.083333333333333,284.37473028431793,6,1,0,monsoon,-152,0
2023-06-14,36.7,36.7,1,0,36.7,,,0,0,35.675000000000004,30.7,40.5,36.083333333333336,18.008333333333333,5.882083333333333,15.6,975.4458333333332,0.0,11.666666666666666,284.6124750094967,6,2,0,monsoon,-151,0
2023-06-15,33.8,33.8,1,0,33.8,,,0,0,33.270833333333336,30.3,37.4,46.958333333333336,20.141666666666666,4.84,16.3,976.7875,0.4,10.375,287.9721520448716,6,3,0,monsoon,-150,0
2023-06-16,29.2,29.2,1,0,29.2,,,0,0,32.25416666666667,27.4,38.7,51.375,20.579166666666666,3.859166666666667,15.2,976.85,1.2,30.45833333333333,276.9002987201944,6,4,0,monsoon,-149,0
2023-06-17,35.0,35.0,1,0,35.0,,,0,0,32.95,26.3,39.3,53.54166666666666,21.508333333333336,2.9475,11.2,976.6458333333334,0.3,61.625,243.27500248170827,6,5,1,monsoon,-148,0
2023-06-18,20.9,20.9,1,0,20.9,,,0,0,32.07083333333333,28.4,38.7,59.875,22.92083333333333,2.509583333333333,10.5,976.5583333333334,4.0,61.91666666666666,157.31832477709247,6,6,1,monsoon,-147,0
2023-06-19,14.0,14.0,1,0,14.0,,,0,0,29.625,27.4,32.3,71.20833333333333,23.70833333333333,2.5091666666666668,7.1,975.3625,6.6000000000000005,87.91666666666667,34.57604616765241,6,0,0,monsoon,-146,0
2023-06-20,36.9,36.9,1,0,36.9,,,0,0,30.625,26.1,36.5,67.04166666666667,23.391666666666666,2.540833333333333,13.6,975.3,16.599999999999998,41.375,38.03822803973435,6,1,0,monsoon,-145,0
2023-06-21,29.6,29.6,1,0,29.6,,,0,0,29.3625,25.7,35.6,76.70833333333333,24.6875,2.004166666666667,10.2,976.4125,20.3,64.66666666666667,219.22701137042097,6,2,0,monsoon,-144,0
2023-06-22,31.8,31.8,1,0,31.8,,,0,0,31.40416666666667,27.1,36.1,71.70833333333333,25.516666666666666,2.1525,8.7,976.35,2.7,76.125,192.42557827246932,6,3,0,monsoon,-143,0
2023-06-23,46.5,46.5,1,0,46.5,,,0,0,30.8375,26.1,35.4,76.45833333333333,26.02083333333333,2.3208333333333333,9.5,976.3,6.1,90.375,139.29319796157444,6,4,0,monsoon,-142,0
2023-06-24,58.4,58.4,1,0,58.4,,,0,0,30.9125,27.7,34.5,74.875,25.77083333333333,2.0420833333333333,11.6,975.5708333333332,10.7,93.95833333333331,91.18685062839376,6,5,1,monsoon,-141,0
2023-06-25,18.8,18.8,1,0,18.8,,,0,0,28.0125,25.8,32.3,86.45833333333333,25.40833333333333,1.76,12.4,976.7,13.6,99.54166666666669,80.86164911867132,6,6,1,monsoon,-140,0
2023-06-26,37.3,37.3,1,0,37.3,,,0,0,28.0375,25.1,32.8,83.625,24.725,1.37125,6.7,977.4333333333334,5.8,92.625,88.00621396617623,6,0,0,monsoon,-139,0
2023-06-27,30.5,30.5,1,0,30.5,,,0,0,28.695833333333336,25.2,33.6,82.04166666666667,25.120833333333334,1.9570833333333333,8.3,976.65,8.1,79.375,97.35965538620836,6,1,0,monsoon,-138,0
2023-06-28,24.9,24.9,1,0,24.9,,,0,0,29.133333333333336,26.0,34.0,80.875,25.33333333333333,2.3229166666666665,9.2,977.8541666666666,12.2,43.125,100.31314490165607,6,2,0,monsoon,-137,0
2023-06-29,42.8,42.8,1,0,42.8,,,0,0,28.55,25.8,32.4,82.58333333333333,25.141666666666666,2.67125,10.3,977.0291666666668,11.7,69.5,79.07244708352562,6,3,0,monsoon,-136,0
2023-06-30,26.9,26.9,1,0,26.9,,,0,0,28.866666666666664,25.3,33.9,80.875,24.96666666666667,2.335833333333333,7.5,975.675,12.7,74.25,71.21594627995921,6,4,0,monsoon,-135,0
2023-07-01,22.3,22.3,1,0,22.3,,,0,0,29.104166666666668,24.6,33.7,77.83333333333333,24.58333333333333,2.805,10.8,976.2875,1.9,29.041666666666668,63.679047790152254,7,5,1,monsoon,-134,0
2023-07-02,35.7,35.7,1,0,35.7,,,0,0,30.541666666666668,25.9,35.3,73.16666666666667,24.78333333333333,1.9854166666666664,7.0,976.9583333333334,0.9,35.625,39.2591524536403,7,6,1,monsoon,-133,0
2023-07-03,48.6,48.6,1,0,48.6,,,0,0,31.0875,27.1,36.6,71.66666666666667,25.02916666666667,2.39875,10.2,976.4875,4.5,22.83333333333333,111.6161872752828,7,0,0,monsoon,-132,0
2023-07-04,40.1,40.1,1,0,40.1,,,0,0,30.754166666666663,26.1,36.7,73.66666666666667,25.183333333333334,2.67,8.5,974.9291666666668,2.5,15.916666666666666,116.8991545428031,7,1,0,monsoon,-131,0
2023-07-05,33.1,33.1,1,0,33.1,,,0,0,29.09166666666667,24.4,33.6,80.54166666666667,25.2375,3.0070833333333336,9.6,975.1833333333334,13.000000000000002,64.625,83.25084750982973,7,2,0,monsoon,-130,0
2023-07-06,24.7,24.7,1,0,24.7,,,0,0,29.066666666666663,25.3,33.1,76.5,24.316666666666663,2.8404166666666666,7.2,976.9583333333334,4.8,70.66666666666667,99.1741545909938,7,3,0,monsoon,-129,0
2023-07-07,29.0,29.0,1,0,29.0,,,0,0,28.554166666666664,24.9,33.3,82.70833333333333,25.15416666666667,2.28625,8.1,977.7166666666668,10.0,98.08333333333331,98.82965065327916,7,4,0,monsoon,-128,0
2023-07-08,12.2,12.2,1,0,12.2,,,0,0,27.229166666666668,26.1,29.6,91.20833333333331,25.633333333333336,3.12375,10.8,977.6833333333334,34.4,99.83333333333331,110.17577370688213,7,5,1,monsoon,-127,0
2023-07-09,22.0,22.0,1,0,22.0,,,0,0,27.03333333333333,25.1,30.8,91.33333333333331,25.45,3.1787500000000004,9.4,976.9666666666668,29.7,99.95833333333331,115.56047028159963,7,6,1,monsoon,-126,0
2023-07-10,16.7,16.7,1,0,16.7,,,0,0,27.620833333333334,25.8,31.0,90.16666666666669,25.766666666666666,1.7675,6.9,977.0375,34.1,98.33333333333331,93.2389267807211,7,0,0,monsoon,-125,0
2023-07-11,38.4,38.4,1,0,38.4,,,0,0,28.52916666666667,25.2,33.3,84.41666666666667,25.383333333333336,1.8395833333333331,5.8,976.8666666666668,2.9,82.0,49.35957856075333,7,1,0,monsoon,-124,0
2023-07-12,24.9,24.9,1,0,24.9,,,0,0,28.525,25.7,33.5,86.625,25.8625,2.273333333333333,7.9,976.5541666666668,9.6,79.875,92.04683881842834,7,2,0,monsoon,-123,0
2023-07-13,27.9,27.9,1,0,27.9,,,0,0,29.15833333333333,26.0,33.2,82.375,25.64583333333333,2.4779166666666668,7.5,976.7833333333332,5.2,63.5,103.3041948018311,7,3,0,monsoon,-122,0
2023-07-14,25.0,25.0,1,0,25.0,,,0,0,28.5375,25.7,33.8,82.95833333333333,25.075,1.6858333333333333,7.9,977.6791666666668,21.1,96.45833333333331,151.58607078030843,7,4,0,monsoon,-121,0
2023-07-15,26.3,26.3,1,0,26.3,,,0,0,28.579166666666666,26.0,33.3,86.45833333333333,25.90416666666667,1.6604166666666669,10.5,977.2583333333332,17.7,94.125,179.1911821281387,7,5,1,monsoon,-120,0
2023-07-16,20.4,20.4,1,0,20.4,,,0,0,28.59583333333333,25.2,32.9,85.45833333333333,25.695833333333336,1.5179166666666666,6.4,977.3083333333334,21.9,90.25,101.14617131290412,7,6,1,monsoon,-119,0
2023-07-17,31.0,31.0,1,0,31.0,,,0,0,29.054166666666664,26.3,33.3,84.75,26.075,1.3033333333333337,7.0,976.4,11.8,86.5,172.1481452338171,7,0,0,monsoon,-118,0
2023-07-18,36.4,36.4,1,0,36.4,,,0,0,28.179166666666664,25.4,31.7,86.375,25.6,2.669166666666667,7.9,976.325,13.4,96.58333333333331,119.02483660031646,7,1,0,monsoon,-117,0
2023-07-19,27.7,27.7,1,0,27.7,,,0,0,28.879166666666663,26.3,33.0,85.75,26.075,2.4975,8.0,976.1916666666666,9.3,70.58333333333333,120.95560894296466,7,2,0,monsoon,-116,0
2023-07-20,30.1,30.1,1,0,30.1,,,0,0,29.85,26.9,35.2,80.75,25.89583333333333,1.6670833333333333,9.1,976.0916666666668,23.7,38.04166666666666,29.280960888032556,7,3,0,monsoon,-115,0
2023-07-21,38.9,38.9,1,0,38.9,,,0,0,30.92083333333333,26.5,35.6,76.04166666666667,25.9125,2.4575,7.9,977.5291666666668,4.2,70.20833333333333,114.20226331750688,7,4,0,monsoon,-114,0
2023-07-22,30.6,30.6,1,0,30.6,,,0,0,30.7125,27.2,34.3,76.0,25.854166666666668,3.751666666666667,10.8,979.925,6.0,83.75,91.00440786488622,7,5,1,monsoon,-113,0
2023-07-23,18.9,18.9,1,0,18.9,,,0,0,30.9625,28.3,34.2,73.0,25.48333333333333,4.0441666666666665,11.3,979.9166666666666,0.6000000000000001,90.29166666666669,97.03301107272898,7,6,1,monsoon,-112,0
2023-07-24,23.2,23.2,1,0,23.2,,,0,0,29.98333333333333,27.4,34.1,80.0,25.9625,3.145833333333333,9.1,977.9083333333332,7.8,43.75,93.5609963101441,7,0,0,monsoon,-111,0
2023-07-25,30.4,30.4,1,0,30.4,,,0,0,29.304166666666664,25.6,34.1,82.04166666666667,25.754166666666663,2.5154166666666664,7.3,978.0958333333332,11.8,100.0,127.63563294221314,7,1,0,monsoon,-110,0
2023-07-26,24.6,24.6,1,0,24.6,,,0,0,27.016666666666666,25.6,29.7,90.625,25.266666666666666,2.1725,7.8,979.875,18.3,99.95833333333331,112.09214757347644,7,2,0,monsoon,-109,0
2023-07-27,32.4,32.4,1,0,32.4,,,0,0,28.570833333333336,26.3,31.7,87.54166666666667,26.195833333333336,1.3895833333333334,6.1,978.8166666666666,11.0,98.70833333333331,128.3000709123924,7,3,0,monsoon,-108,0
2023-07-28,23.3,23.3,1,0,23.3,,,0,0,28.195833333333336,26.3,32.9,87.25,25.7375,1.58375,5.5,976.6708333333332,27.0,97.625,257.8354796512348,7,4,0,monsoon,-107,0
2023-07-29,9.13,9.13,1,0,9.13,,,0,0,27.85,24.7,31.4,84.41666666666667,24.866666666666664,1.9395833333333328,8.8,975.9333333333334,11.2,82.29166666666667,242.073181220628,7,5,1,monsoon,-106,0
2023-07-30,11.1,11.1,1,0,11.1,,,0,0,28.975,25.0,33.1,80.25,24.96666666666667,2.6308333333333334,6.7,975.3958333333334,2.3000000000000003,29.916666666666668,284.42445766484644,7,6,1,monsoon,-105,0
2023-07-31,33.5,33.5,1,0,33.5,,,0,0,29.6,25.1,33.6,77.83333333333333,25.10833333333333,3.3408333333333338,8.8,975.0,0.8,29.0,280.09622083489603,7,0,0,monsoon,-104,0
2023-08-01,,,0,0,,,,0,0,30.370833333333334,26.9,34.6,74.91666666666667,25.245833333333334,4.09625,9.5,973.9958333333334,0.2,12.041666666666666,272.02000054504435,8,1,0,monsoon,-103,0
2023-08-02,18.2,18.2,1,0,18.2,,,0,0,30.179166666666664,27.3,35.1,78.33333333333333,25.808333333333334,3.428333333333333,9.6,974.525,1.4,69.25,284.2883220597328,8,2,0,monsoon,-102,0
2023-08-03,23.9,23.9,1,0,23.9,,,0,0,29.4375,26.5,34.1,81.58333333333333,25.75,3.4545833333333333,9.7,974.8708333333334,9.6,88.625,286.2369093407376,8,3,0,monsoon,-101,0
2023-08-04,29.2,29.2,1,0,29.2,,,0,0,28.441666666666663,26.0,31.7,87.79166666666667,26.179166666666664,1.3579166666666669,6.8,977.0083333333332,11.5,100.0,15.295846348486691,8,4,0,monsoon,-100,0
2023-08-05,28.0,28.0,1,0,28.0,,,0,0,29.445833333333336,26.3,33.7,83.375,26.141666666666666,1.85125,7.7,978.1958333333332,4.8,98.33333333333331,268.3738363499011,8,5,1,monsoon,-99,0
2023-08-06,25.9,25.9,1,0,25.9,,,0,0,30.0625,26.0,34.8,74.20833333333333,24.758333333333336,3.625,10.7,975.6041666666666,1.9,79.58333333333333,272.435399026708,8,6,1,monsoon,-98,0
2023-08-07,22.8,22.8,1,0,22.8,,,0,0,30.054166666666664,27.2,34.2,68.08333333333333,23.4,4.505,11.1,973.4166666666666,0.1,24.33333333333333,265.597686476347,8,0,0,monsoon,-97,0
2023-08-08,23.5,23.5,1,0,23.5,,,0,0,30.370833333333334,26.9,34.4,66.875,23.429166666666664,4.944583333333333,12.3,974.7291666666666,0.0,99.79166666666669,264.16434423537976,8,1,0,monsoon,-96,0
2023-08-09,27.8,27.8,1,0,27.8,,,0,0,30.679166666666664,27.4,34.5,65.0,23.241666666666664,3.9575,10.3,978.1875,0.0,90.33333333333331,267.92245124581814,8,2,0,monsoon,-95,0
2023-08-10,32.0,32.0,1,0,32.0,,,0,0,29.97083333333333,27.3,34.0,69.66666666666667,23.59166666666667,3.2724999999999995,9.2,979.7416666666668,1.7,89.625,255.2765813310734,8,3,0,monsoon,-94,0
2023-08-11,33.6,33.6,1,0,33.6,,,0,0,30.675,27.2,34.6,66.83333333333333,23.525,3.000833333333333,8.6,979.5166666666668,1.6,67.33333333333333,262.809017368565,8,4,0,monsoon,-93,0
2023-08-12,28.7,28.7,1,0,28.7,,,0,0,31.3625,28.2,35.3,56.083333333333336,21.375,4.4825,10.8,977.4916666666668,0.0,71.75,258.4429016397405,8,5,1,monsoon,-92,0
2023-08-13,22.7,22.7,1,0,22.7,,,0,0,31.05,27.6,35.6,61.083333333333336,22.508333333333336,4.073333333333333,9.8,975.6666666666666,0.7000000000000001,89.45833333333333,244.5733234116299,8,6,1,monsoon,-91,0
2023-08-14,28.7,28.7,1,0,28.7,,,0,0,29.695833333333336,26.8,33.5,67.25,22.758333333333336,2.660416666666667,7.3,979.2791666666668,0.0,88.70833333333333,160.5374754160389,8,0,0,monsoon,-90,0
2023-08-15,39.3,39.3,1,0,39.3,,,0,0,29.866666666666664,25.8,34.7,74.08333333333333,24.35833333333333,1.5458333333333334,6.5,979.8666666666668,0.1,44.41666666666666,22.80137657309257,8,1,0,monsoon,-89,0
2023-08-16,40.4,40.4,1,0,40.4,,,0,0,30.9125,25.6,36.0,67.29166666666667,23.666666666666668,2.61,8.7,979.2958333333332,0.1,21.0,285.4094342484582,8,2,0,monsoon,-88,0
2023-08-17,35.4,35.4,1,0,35.4,,,0,0,31.879166666666663,27.8,36.0,58.25,22.2875,3.5425,10.8,978.7625,0.0,45.375,278.7518253030461,8,3,0,monsoon,-87,0
2023-08-18,41.2,41.2,1,0,41.2,,,0,0,31.729166666666668,28.3,36.1,60.54166666666666,22.775,2.7895833333333333,8.1,978.8666666666668,0.1,72.54166666666667,299.8634526754963,8,4,0,monsoon,-86,0
2023-08-19,35.8,35.8,1,0,35.8,,,0,0,30.33333333333333,26.2,34.1,75.08333333333333,25.225,2.205416666666667,10.3,979.375,7.399999999999999,48.41666666666666,105.10337596263248,8,5,1,monsoon,-85,0
2023-08-20,30.6,30.6,1,0,30.6,,,0,0,31.8375,27.8,35.8,68.5,24.9375,2.8791666666666664,9.7,979.7208333333332,0.1,48.41666666666666,105.9837011306015,8,6,1,monsoon,-84,0
2023-08-21,31.5,31.5,1,0,31.5,,,0,0,31.991666666666664,28.0,36.3,69.70833333333333,25.4625,1.9629166666666664,6.8,978.5625,0.8,56.75,124.32994106209998,8,0,0,monsoon,-83,0
2023-08-22,29.0,29.0,1,0,29.0,,,0,0,30.45,27.4,35.4,79.25,26.308333333333334,2.2929166666666667,9.4,976.7291666666666,12.6,100.0,152.87067100867955,8,1,0,monsoon,-82,0
2023-08-23,18.8,18.8,1,0,18.8,,,0,0,27.704166666666666,25.6,29.9,89.875,25.85,2.1954166666666666,9.6,976.1625,15.5,99.91666666666669,175.9442911763275,8,2,0,monsoon,-81,0
2023-08-24,20.1,20.1,1,0,20.1,,,0,0,28.995833333333334,24.8,33.3,72.79166666666667,23.28333333333333,3.174166666666667,9.0,975.3541666666666,0.0,86.75,260.4584972409277,8,3,0,monsoon,-80,0
2023-08-25,27.8,27.8,1,0,27.8,,,0,0,30.02083333333333,25.7,33.9,63.25,22.141666666666666,3.7104166666666663,8.9,975.4958333333334,0.0,39.04166666666666,263.2569392575755,8,4,0,monsoon,-79,0
2023-08-26,37.7,37.7,1,0,37.7,,,0,0,30.42083333333333,27.3,34.3,59.958333333333336,21.6375,3.684583333333333,10.0,977.3083333333334,0.0,31.541666666666668,267.70108390298026,8,5,1,monsoon,-78,0
2023-08-27,47.2,47.2,1,0,47.2,,,0,0,30.40833333333333,27.1,34.8,55.833333333333336,20.45,4.633333333333334,12.1,977.2666666666668,0.1,16.25,266.7405063109954,8,6,1,monsoon,-77,0
2023-08-28,42.2,42.2,1,0,42.2,,,0,0,29.433333333333334,26.3,34.8,63.25,21.54583333333333,3.98,12.3,977.2416666666668,2.2,16.541666666666668,262.84169331517785,8,0,0,monsoon,-76,0
2023-08-29,37.8,37.8,1,0,37.8,,,0,0,30.391666666666666,25.8,35.0,58.75,21.0875,3.31,10.5,979.3958333333334,0.0,8.916666666666666,279.69612145001423,8,1,0,monsoon,-75,0
2023-08-30,38.7,38.7,1,0,38.7,,,0,0,30.9125,26.6,36.4,56.79166666666666,20.9625,3.1804166666666664,9.1,980.9333333333334,0.0,8.208333333333334,286.56005054247333,8,2,0,monsoon,-74,0
2023-08-31,40.7,40.7,1,0,40.7,,,0,0,31.17083333333333,25.7,36.4,59.04166666666666,21.67083333333333,2.432916666666667,8.4,981.5833333333334,0.0,5.708333333333333,295.2104622121657,8,3,0,monsoon,-73,0
2023-09-01,36.2,36.2,1,0,36.2,,,0,0,31.9625,26.7,37.3,54.125,20.89583333333333,2.9737500000000003,10.2,981.3,0.0,4.208333333333333,285.3397908617145,9,4,0,monsoon,-72,0
2023-09-02,34.6,34.6,1,0,34.6,,,0,0,31.83333333333333,27.3,37.2,51.083333333333336,20.01666666666667,3.8333333333333335,12.2,980.1125,0.0,1.2916666666666667,285.22164312035886,9,5,1,monsoon,-71,0
2023-09-03,34.7,34.7,1,0,34.7,,,0,0,31.291666666666668,26.3,36.7,52.708333333333336,19.779166666666665,3.6945833333333336,11.7,979.1333333333332,0.0,0.3333333333333333,286.2476257181802,9,6,1,monsoon,-70,0
2023-09-04,31.7,31.7,1,0,31.7,,,0,0,31.35833333333333,25.6,37.3,51.458333333333336,19.491666666666667,3.3225,9.9,978.6416666666668,0.0,0.0416666666666666,305.6434182100903,9,0,0,monsoon,-69,0
2023-09-05,35.2,35.2,1,0,35.2,,,0,0,30.725,26.5,36.2,66.83333333333333,23.541666666666668,2.217083333333333,7.3,979.6541666666668,6.1,14.0,62.76147166956082,9,1,0,monsoon,-68,0
2023-09-06,21.5,21.5,1,0,21.5,,,0,0,30.954166666666666,24.3,36.2,64.08333333333333,22.616666666666664,1.8420833333333333,10.1,980.7166666666668,1.7,8.375,111.44536393543945,9,2,0,monsoon,-67,0
2023-09-07,27.2,27.2,1,0,27.2,,,0,0,31.9125,27.0,38.4,59.5,22.245833333333334,1.5791666666666666,6.1,979.9916666666668,0.0,13.375,167.20168565824054,9,3,0,monsoon,-66,0
2023-09-08,18.5,18.5,1,0,18.5,,,0,0,30.27916666666667,25.5,36.6,67.79166666666667,23.1875,2.67125,10.7,980.225,1.3,32.375,110.85659609484884,9,4,0,monsoon,-65,0
2023-09-09,9.58,9.58,1,0,9.58,,,0,0,27.808333333333334,25.4,32.4,79.91666666666667,23.791666666666668,3.84,13.0,979.5458333333332,2.5,71.375,72.8062154351374,9,5,1,monsoon,-64,0
2023-09-10,6.98,6.98,1,0,6.98,,,0,0,26.1,24.2,30.0,88.875,24.0625,3.49375,9.6,977.525,35.300000000000004,74.41666666666667,64.16102335999364,9,6,1,monsoon,-63,0
2023-09-11,23.4,23.4,1,0,23.4,,,0,0,27.566666666666663,23.9,32.1,80.75,23.741666666666664,2.7687500000000003,10.3,977.8583333333332,1.0,26.45833333333333,69.99875787411202,9,0,0,monsoon,-62,0
2023-09-12,31.8,31.8,1,0,31.8,,,0,0,28.72083333333333,24.4,33.4,78.58333333333333,24.23333333333333,1.5066666666666668,6.2,978.35,0.0,14.208333333333334,105.50843797525285,9,1,0,monsoon,-61,0
2023-09-13,45.4,45.4,1,0,45.4,,,0,0,29.704166666666666,26.4,33.7,79.29166666666667,25.504166666666663,1.606666666666667,7.5,978.5333333333332,7.399999999999999,69.08333333333333,123.30584057500204,9,2,0,monsoon,-60,0
2023-09-14,52.1,52.1,1,0,52.1,,,0,0,29.1875,26.7,34.1,81.625,25.508333333333336,2.4925,8.0,979.8083333333334,5.499999999999999,98.0,98.70066941867844,9,3,0,monsoon,-59,0
2023-09-15,30.0,30.0,1,0,30.0,,,0,0,28.1625,25.5,32.0,87.41666666666667,25.77916666666667,2.05125,8.4,980.8541666666666,5.7,96.70833333333331,51.94064297734525,9,4,0,monsoon,-58,0
2023-09-16,23.3,23.3,1,0,23.3,,,0,0,28.370833333333334,26.4,31.5,84.125,25.275,3.7975,12.5,980.0541666666668,7.8,77.29166666666667,79.24589579918143,9,5,1,monsoon,-57,0
2023-09-17,18.9,18.9,1,0,18.9,,,0,0,27.1375,25.2,31.7,87.33333333333333,24.7625,4.610833333333333,13.2,978.3875,6.5,94.45833333333331,90.4407107004493,9,6,1,monsoon,-56,0
2023-09-18,11.2,11.2,1,0,11.2,,,0,0,27.9,24.7,31.7,78.95833333333333,23.683333333333334,4.115,12.8,979.3041666666668,2.1,27.375,124.8277487795284,9,0,0,monsoon,-55,0
2023-09-19,19.7,19.7,1,0,19.7,,,0,0,28.625,24.6,33.1,77.0,23.8875,2.4075,7.3,981.6666666666666,0.2,19.75,125.54638030577428,9,1,0,monsoon,-54,0
2023-09-20,34.2,34.2,1,0,34.2,,,0,0,29.416666666666668,25.5,33.1,75.875,24.495833333333334,1.4104166666666669,5.9,982.0708333333332,0.8999999999999999,20.666666666666668,36.85585836492896,9,2,0,monsoon,-53,0
2023-09-21,32.3,32.3,1,0,32.3,,,0,0,28.916666666666668,26.0,33.5,80.875,25.09166666666667,1.9016666666666664,10.7,981.4333333333334,2.6,35.0,243.65282493041624,9,3,0,monsoon,-52,0
2023-09-22,46.3,46.3,1,0,46.3,,,0,0,29.441666666666663,25.3,33.3,77.75,24.916666666666668,1.829583333333333,6.3,981.5166666666668,0.3,31.58333333333333,35.728550896495506,9,4,0,monsoon,-51,0
2023-09-23,41.2,41.2,1,0,41.2,,,0,0,28.60833333333333,25.6,32.8,82.41666666666667,25.10833333333333,1.7491666666666663,7.4,982.1916666666666,1.4,27.95833333333333,104.82325214375868,9,5,1,monsoon,-50,0
2023-09-24,48.6,48.6,1,0,48.6,,,0,0,27.941666666666663,25.3,32.8,80.16666666666667,23.866666666666664,2.1029166666666668,10.6,981.8666666666668,0.9,24.416666666666668,306.262682156163,9,6,1,monsoon,-49,0
2023-09-25,57.0,57.0,1,0,57.0,,,0,0,28.59583333333333,24.6,32.9,76.16666666666667,23.65,1.5641666666666667,5.6,982.1791666666668,0.2,13.375,12.37032709051573,9,0,0,monsoon,-48,0
2023-09-26,72.2,72.2,1,0,72.2,,,0,0,28.804166666666664,24.9,32.9,72.58333333333333,23.0375,1.6883333333333337,5.3,983.1791666666668,0.2,7.5,7.204195453494151,9,1,0,monsoon,-47,0
2023-09-27,42.9,42.9,1,0,42.9,,,0,0,27.84166666666667,23.3,33.3,65.29166666666667,20.2,2.4233333333333333,8.1,982.9833333333332,0.0,0.0,321.3600813836028,9,2,0,monsoon,-46,0
2023-09-28,51.0,51.0,1,0,51.0,,,0,0,26.6625,20.6,33.1,61.875,18.2,2.3275,7.3,982.4958333333334,0.0,5.333333333333333,320.32659525597944,9,3,0,monsoon,-45,0
2023-09-29,61.6,61.6,1,0,61.6,,,0,0,26.804166666666664,20.4,33.2,61.458333333333336,18.191666666666663,1.9633333333333327,6.0,982.3708333333334,0.0,10.125,316.3899070535087,9,4,0,monsoon,-44,0
2023-09-30,55.6,55.6,1,0,55.6,,,0,0,27.96666666666667,22.8,34.8,56.66666666666666,17.870833333333334,2.9791666666666665,8.9,982.2708333333334,0.0,7.541666666666667,331.9894538783843,9,5,1,monsoon,-43,0
2023-10-01,56.8,56.8,1,0,56.8,,,0,0,27.40833333333333,21.3,34.6,53.458333333333336,15.958333333333334,2.9441666666666664,9.8,981.8166666666666,0.0,20.625,332.238019736043,10,6,1,post_monsoon,-42,0
2023-10-02,48.7,48.7,1,0,48.7,,,0,0,26.73333333333333,20.2,33.8,42.625,12.008333333333333,3.235416666666667,10.0,982.7083333333334,0.0,0.0,334.1156296666598,10,0,0,post_monsoon,-41,0
2023-10-03,51.2,51.2,1,0,51.2,,,0,0,26.375,20.0,33.9,40.29166666666666,11.245833333333332,3.431666666666666,11.8,983.3083333333334,0.0,0.0,305.291423943578,10,1,0,post_monsoon,-40,0
2023-10-04,58.9,58.9,1,0,58.9,,,0,0,26.329166666666666,18.9,33.9,53.375,15.245833333333332,3.411666666666666,10.9,983.4666666666668,0.0,0.0,313.73547058207794,10,2,0,post_monsoon,-39,0
2023-10-05,74.5,74.5,1,0,74.5,,,0,0,26.42083333333333,19.9,34.3,51.91666666666666,14.75,3.0987500000000003,9.0,982.8,0.0,0.0,302.2890909987235,10,3,0,post_monsoon,-38,0
2023-10-06,77.7,77.7,1,0,77.7,,,0,0,27.325,19.9,35.3,50.958333333333336,15.475,2.4025,7.8,981.7291666666666,0.0,0.0,289.4213536157473,10,4,0,post_monsoon,-37,0
2023-10-07,60.0,60.0,1,0,60.0,,,0,0,28.2875,21.6,35.0,60.375,19.433333333333334,2.4341666666666666,7.9,982.9291666666668,0.0,0.0416666666666666,299.5378808174272,10,5,1,post_monsoon,-36,0
2023-10-08,51.4,51.4,1,0,51.4,,,0,0,29.700000000000003,24.1,35.3,58.458333333333336,20.075,2.5470833333333336,8.4,983.6208333333334,0.0,0.5833333333333334,280.7203880571683,10,6,1,post_monsoon,-35,0
2023-10-09,54.3,54.3,1,0,54.3,,,0,0,29.35833333333333,24.6,35.2,54.25,18.54583333333333,2.717083333333333,9.1,984.3458333333332,0.0,1.8333333333333333,261.9470316496008,10,0,0,post_monsoon,-34,0
2023-10-10,51.3,51.3,1,0,51.3,,,0,0,28.375,24.4,33.5,54.625,18.03333333333333,2.724166666666666,7.9,985.3166666666666,2.5,5.375,291.0206771981465,10,1,0,post_monsoon,-33,0
2023-10-11,83.8,83.8,1,0,83.8,,,0,0,26.516666666666666,21.2,33.7,57.083333333333336,16.150000000000002,2.9066666666666667,8.1,986.175,0.0,0.0,306.05165439710515,10,2,0,post_monsoon,-32,0
2023-10-12,105.0,105.0,1,0,105.0,,,0,0,25.875,18.9,33.2,53.91666666666666,15.0375,2.485,8.1,987.4666666666668,0.0,0.0,309.040494717989,10,3,0,post_monsoon,-31,0
2023-10-13,110.0,110.0,1,0,110.0,,,0,0,27.55,20.3,34.7,54.79166666666666,16.691666666666666,2.1725,7.5,988.0708333333332,0.0,0.7083333333333334,312.59263245736133,10,4,0,post_monsoon,-30,0
2023-10-14,93.7,93.7,1,0,93.7,,,0,0,28.225,21.6,35.0,52.16666666666666,16.208333333333332,2.2329166666666667,9.3,987.3208333333332,0.0,5.75,316.6040151668599,10,5,1,post_monsoon,-29,0
2023-10-15,72.3,72.3,1,0,72.3,,,0,0,27.3125,22.3,33.7,54.625,16.883333333333333,1.9354166666666668,7.6,985.4166666666666,0.1,25.70833333333333,328.500105180898,10,6,1,post_monsoon,-28,0
2023-10-16,62.7,62.7,1,0,62.7,,,0,0,24.329166666666666,19.8,29.0,65.08333333333333,17.150000000000002,3.272083333333333,14.3,986.8958333333334,9.9,75.79166666666667,80.45814166430722,10,0,0,post_monsoon,-27,0
2023-10-17,39.2,39.2,1,0,39.2,,,0,0,22.35833333333333,18.2,28.7,71.95833333333333,16.6375,1.9333333333333331,9.0,990.1583333333332,3.3000000000000003,42.91666666666666,62.93356435960322,10,1,0,post_monsoon,-26,0
2023-10-18,51.5,51.5,1,0,51.5,,,0,0,22.6125,17.1,29.0,64.75,14.891666666666666,2.9408333333333334,8.4,990.5875,0.0,0.2083333333333333,308.9568831116075,10,2,0,post_monsoon,-25,0
2023-10-19,43.9,43.9,1,0,43.9,,,0,0,21.95833333333333,17.0,28.6,63.25,14.095833333333331,2.544583333333333,7.4,990.2625,0.0,0.0,301.8486733809399,10,3,0,post_monsoon,-24,0
2023-10-20,94.0,94.0,1,0,94.0,,,0,0,22.4,17.0,29.1,64.95833333333333,14.754166666666668,2.04375,5.9,990.625,0.0,0.0,315.6487618750536,10,4,0,post_monsoon,-23,0
2023-10-21,133.0,133.0,1,0,133.0,,,0,0,22.791666666666668,16.7,29.7,63.25,14.55,1.9366666666666663,5.0,990.9666666666668,0.0,1.8333333333333333,320.99615710082435,10,5,1,post_monsoon,-22,0
2023-10-22,137.0,137.0,1,0,137.0,,,0,0,23.33333333333333,17.1,30.4,61.125,14.645833333333334,1.7825,5.7,991.425,0.0,13.833333333333334,5.425978662590012,10,6,1,post_monsoon,-21,0
2023-10-23,127.0,127.0,1,0,127.0,,,0,0,23.254166666666663,17.6,29.7,64.5,15.358333333333334,2.35375,7.3,990.0083333333332,0.0,0.7916666666666666,318.6131841971671,10,0,0,post_monsoon,-20,0
2023-10-24,97.1,97.1,1,0,97.1,,,0,0,23.4,17.7,30.5,60.208333333333336,14.35,2.2079166666666667,6.9,989.25,0.0,1.7916666666666667,307.3814283138195,10,1,0,post_monsoon,-19,0
2023-10-25,126.0,126.0,1,0,126.0,,,0,0,23.204166666666666,17.1,30.6,59.375,13.883333333333333,2.4441666666666664,8.1,990.0291666666668,0.0,0.625,305.93664316869746,10,2,0,post_monsoon,-18,0
2023-10-26,119.0,119.0,1,0,119.0,,,0,0,22.89583333333333,16.9,30.5,57.66666666666666,13.125,2.50875,7.7,989.6041666666666,0.0,0.0,294.55877902466887,10,3,0,post_monsoon,-17,0
2023-10-27,129.0,129.0,1,0,129.0,,,0,0,22.95,16.6,30.4,51.41666666666666,11.558333333333332,2.2975,6.2,988.8166666666666,0.0,12.666666666666666,296.1794372930698,10,4,0,post_monsoon,-16,0
2023-10-28,136.0,136.0,1,0,136.0,,,0,0,24.42083333333333,18.6,30.0,47.91666666666666,12.2625,1.4158333333333335,4.4,989.0916666666668,0.0,64.70833333333333,322.6820135764874,10,5,1,post_monsoon,-15,0
2023-10-29,146.0,146.0,1,0,146.0,,,0,0,24.025,17.8,31.4,56.5,14.170833333333334,1.5733333333333333,3.9,989.0791666666668,0.0,22.70833333333333,85.64269774040451,10,6,1,post_monsoon,-14,0
2023-10-30,151.0,151.0,1,0,151.0,,,0,0,23.879166666666663,17.6,31.7,66.54166666666667,16.483333333333334,1.9783333333333333,5.1,989.7375,0.0,8.75,69.30983035955393,10,0,0,post_monsoon,-13,0
2023-10-31,189.0,189.0,1,0,189.0,,,0,0,24.1,18.5,31.1,68.625,17.212500000000002,1.79625,4.7,991.1458333333334,0.0,28.666666666666668,87.47946053345561,10,1,0,post_monsoon,-12,0
2023-11-01,187.0,187.0,1,0,187.0,,,0,0,23.995833333333334,18.8,30.5,66.29166666666667,16.670833333333334,1.8904166666666664,5.6,991.7166666666668,0.0,0.2916666666666667,39.22664809974748,11,2,0,post_monsoon,-11,0
2023-11-02,294.0,294.0,1,0,294.0,,,0,0,24.09583333333333,19.0,30.3,65.41666666666667,16.641666666666666,2.0500000000000003,6.4,990.0041666666666,0.0,3.5,328.4484086661003,11,3,0,post_monsoon,-10,0
2023-11-03,319.0,319.0,1,0,319.0,,,0,0,22.5375,17.8,28.5,70.41666666666667,16.316666666666666,2.263333333333333,9.9,987.8125,1.1,8.0,295.6021144319333,11,4,0,post_monsoon,-9,0
2023-11-04,358.0,358.0,1,0,358.0,,,0,0,22.508333333333336,15.9,29.6,66.25,15.208333333333334,2.1725,8.1,988.0541666666668,0.0,24.875,315.7230025273026,11,5,1,post_monsoon,-8,0
2023-11-05,314.0,314.0,1,0,314.0,,,0,0,22.766666666666666,16.8,29.6,61.75,13.970833333333331,2.045,5.8,989.4958333333334,0.0,0.2083333333333333,321.6807825911754,11,6,1,post_monsoon,-7,0
2023-11-06,260.0,260.0,1,0,260.0,,,0,0,22.20833333333333,15.2,29.5,60.083333333333336,13.316666666666668,1.655,4.3,990.9916666666668,0.0,2.2916666666666665,26.577483855657363,11,0,0,post_monsoon,-6,0
2023-11-07,249.0,249.0,1,0,249.0,,,0,0,22.479166666666668,16.3,30.1,63.708333333333336,14.429166666666667,2.08625,5.0,990.1875,0.0,2.833333333333333,5.900066769929765,11,1,0,post_monsoon,-5,1
2023-11-08,300.0,300.0,1,0,300.0,,,0,0,22.729166666666668,16.8,29.5,64.79166666666667,15.204166666666666,1.91125,5.3,989.2666666666668,0.0,7.875,308.83279161739114,11,2,0,post_monsoon,-4,1
2023-11-09,297.0,297.0,1,0,297.0,,,0,0,22.71666666666667,16.9,29.2,64.875,15.216666666666669,2.0204166666666667,5.9,989.2166666666668,0.0,4.291666666666667,294.2654480071012,11,3,0,post_monsoon,-3,1
2023-11-10,122.0,122.0,1,0,122.0,,,0,0,20.491666666666667,16.1,26.4,75.91666666666667,15.866666666666667,2.567083333333333,12.1,991.3083333333334,2.9,37.333333333333336,67.24705314808551,11,4,0,post_monsoon,-2,1
2023-11-11,94.4,94.4,1,0,94.4,,,0,0,19.266666666666666,14.9,25.3,75.875,14.3875,2.279583333333333,7.1,992.9875,0.0,0.375,320.5390556514621,11,5,1,post_monsoon,-1,1
2023-11-12,132.0,132.0,1,0,132.0,,,0,0,18.820833333333333,13.9,25.1,73.58333333333333,13.566666666666668,2.2375000000000003,7.1,993.1208333333334,0.0,0.0,293.4913052512445,11,6,1,post_monsoon,0,1
2023-11-13,286.0,286.0,1,0,286.0,,,0,0,18.975,13.2,25.6,73.375,13.591666666666669,1.7725,4.9,993.075,0.0,52.25,318.48742845117965,11,0,0,post_monsoon,1,1
2023-11-14,257.0,257.0,1,0,257.0,,,0,0,18.95833333333333,14.1,25.2,70.625,13.033333333333331,2.1366666666666667,5.4,992.5291666666668,0.0,84.29166666666667,314.7427657106919,11,1,0,post_monsoon,2,1
2023-11-15,269.0,269.0,1,0,269.0,,,0,0,18.479166666666668,13.1,25.7,71.91666666666667,12.783333333333331,2.1466666666666665,6.6,992.2541666666666,0.0,0.0,289.40423098574894,11,2,0,post_monsoon,3,1
2023-11-16,345.0,345.0,1,0,345.0,,,0,0,19.741666666666667,13.0,26.2,68.54166666666667,13.233333333333334,1.61125,4.1,993.125,0.0,0.0,345.92620962741603,11,3,0,post_monsoon,4,1
2023-11-17,236.0,236.0,1,0,236.0,,,0,0,20.454166666666666,14.3,26.8,70.70833333333333,14.4125,1.66875,5.0,992.8291666666668,0.0,4.125,55.4397774585658,11,4,0,post_monsoon,5,1
2023-11-18,153.0,153.0,1,0,153.0,,,0,0,19.95,14.6,26.2,70.25,13.816666666666668,1.58875,5.4,991.3125,0.0,7.75,198.64081897658085,11,5,1,post_monsoon,6,0
2023-11-19,136.0,136.0,1,0,136.0,,,0,0,20.10833333333333,13.9,25.7,65.75,12.991666666666667,1.5166666666666666,6.6,992.2666666666668,0.0,4.208333333333333,142.2350929337956,11,6,1,post_monsoon,7,0
2023-11-20,187.0,187.0,1,0,187.0,,,0,0,19.629166666666663,13.4,25.5,65.29166666666667,12.429166666666667,1.8558333333333328,6.1,992.5666666666666,0.0,0.0,302.02102109215326,11,0,0,post_monsoon,8,0
2023-11-21,259.0,259.0,1,0,259.0,,,0,0,18.8125,13.5,25.2,69.5,12.5375,2.85625,8.7,991.4666666666668,0.0,3.8333333333333335,287.1192011516022,11,1,0,post_monsoon,9,0
2023-11-22,257.0,257.0,1,0,257.0,,,0,0,18.116666666666667,13.1,24.8,64.875,11.020833333333334,3.112083333333333,8.0,989.4291666666668,0.0,0.0,283.10151573106435,11,2,0,post_monsoon,10,0
2023-11-23,242.0,242.0,1,0,242.0,,,0,0,18.075,11.3,24.8,68.375,11.5625,1.37375,4.0,989.0583333333334,0.0,0.0,195.5468686448667,11,3,0,post_monsoon,11,0
2023-11-24,269.0,269.0,1,0,269.0,,,0,0,18.52083333333333,13.4,25.1,69.08333333333333,12.3,1.6570833333333337,5.2,991.0625,0.0,9.0,323.6029203638969,11,4,0,post_monsoon,12,0
2023-11-25,243.0,243.0,1,0,243.0,,,0,0,18.55,12.4,25.3,68.45833333333333,11.95,1.675,5.2,992.075,0.0,44.04166666666666,285.148802226292,11,5,1,post_monsoon,13,0
2023-11-26,216.0,216.0,1,0,216.0,,,0,0,19.23333333333333,14.2,25.5,67.95833333333333,12.629166666666668,2.15375,5.7,992.7208333333332,0.0,99.66666666666669,108.42401860911129,11,6,1,post_monsoon,14,0
2023-11-27,211.0,211.0,1,0,211.0,,,0,0,18.54583333333333,15.7,24.0,75.375,13.754166666666668,2.870416666666667,11.7,990.575,4.0,88.66666666666667,134.11712838652454,11,0,0,post_monsoon,15,0
2023-11-28,132.0,132.0,1,0,132.0,,,0,0,17.4375,15.1,20.6,88.0,15.341666666666669,1.62875,6.0,990.45,3.2,50.458333333333336,77.91454640910752,11,1,0,post_monsoon,16,0
2023-11-29,183.0,183.0,1,0,183.0,,,0,0,18.491666666666667,13.4,24.4,79.91666666666667,14.4875,1.7541666666666669,6.1,990.6541666666668,0.3999999999999999,15.333333333333334,84.68662680863656,11,2,0,post_monsoon,17,0
2023-11-30,231.0,231.0,1,0,231.0,,,0,0,17.8125,14.1,21.7,83.875,14.908333333333331,2.117083333333333,7.5,991.6791666666668,1.0,30.416666666666668,33.233852308868336,11,3,0,post_monsoon,18,0
2023-12-01,233.0,233.0,1,0,233.0,,,0,0,18.441666666666663,13.8,24.2,81.54166666666667,14.883333333333333,1.7504166666666665,5.7,992.0333333333332,0.1,37.708333333333336,347.7909942265775,12,4,0,post_monsoon,19,0
2023-12-02,174.0,174.0,1,0,174.0,,,0,0,18.0625,13.2,24.2,78.875,13.908333333333331,1.965,5.4,992.2583333333332,0.0,2.458333333333333,337.8673524759909,12,5,1,post_monsoon,20,0
2023-12-03,129.0,129.0,1,0,129.0,,,0,0,18.05,12.2,24.5,74.45833333333333,12.825,1.895,5.4,992.5541666666668,0.1,22.95833333333333,351.15206784043005,12,6,1,post_monsoon,21,0
2023-12-04,151.0,151.0,1,0,151.0,,,0,0,17.770833333333332,13.7,22.9,72.5,12.245833333333332,2.183333333333333,6.8,991.3041666666668,0.0,21.416666666666668,334.7081470560033,12,0,0,post_monsoon,22,0
2023-12-05,134.0,134.0,1,0,134.0,,,0,0,16.575,11.5,23.2,72.79166666666667,11.104166666666666,2.32375,6.8,990.8083333333334,0.0,0.0,323.4861422257265,12,1,0,post_monsoon,23,0
2023-12-06,140.0,140.0,1,0,140.0,,,0,0,16.429166666666667,11.7,23.6,75.83333333333333,11.7375,1.93875,5.0,991.3916666666668,0.0,0.0,287.5168826119878,12,2,0,post_monsoon,24,0
2023-12-07,164.0,164.0,1,0,164.0,,,0,0,16.7,11.6,24.1,76.54166666666667,12.058333333333332,2.2333333333333334,6.0,990.7125,0.0,0.25,294.4651221024159,12,3,0,post_monsoon,25,0
2023-12-08,150.0,150.0,1,0,150.0,,,0,0,16.474999999999998,11.4,23.8,74.20833333333333,11.354166666666666,2.379583333333333,7.1,990.2333333333332,0.0,0.0,292.4161290893302,12,4,0,post_monsoon,26,0
2023-12-09,167.0,167.0,1,0,167.0,,,0,0,15.904166666666669,10.7,23.4,70.25,9.883333333333333,2.70375,7.3,991.1333333333332,0.0,1.375,290.41366247364743,12,5,1,post_monsoon,27,0
2023-12-10,168.0,168.0,1,0,168.0,,,0,0,15.5625,10.8,22.5,68.29166666666667,9.179166666666667,3.2608333333333337,9.7,989.425,0.0,10.875,284.9003494062148,12,6,1,post_monsoon,28,0
2023-12-11,164.0,164.0,1,0,164.0,,,0,0,15.258333333333333,9.1,22.3,69.375,9.004166666666666,1.7175,4.8,990.0958333333332,0.0,0.0,291.5247265139134,12,0,0,post_monsoon,29,0
2023-12-12,206.0,206.0,1,0,206.0,,,0,0,15.608333333333334,9.3,22.8,70.04166666666667,9.620833333333334,1.7575,4.9,989.275,0.0,0.1666666666666666,101.78284810405393,12,1,0,post_monsoon,30,0
2023-12-13,223.0,223.0,1,0,223.0,,,0,0,15.916666666666666,10.4,22.8,66.58333333333333,9.258333333333333,1.9058333333333333,5.9,991.0625,0.0,13.375,341.15055797104014,12,2,0,post_monsoon,31,0
2023-12-14,172.0,172.0,1,0,172.0,,,0,0,14.691666666666668,9.7,22.1,70.875,8.866666666666667,2.855,8.8,991.9208333333332,0.0,52.083333333333336,283.7580385383067,12,3,0,post_monsoon,32,0
2023-12-15,184.0,184.0,1,0,184.0,,,0,0,14.191666666666668,7.5,22.1,70.875,8.233333333333333,1.9145833333333333,4.9,993.1375,0.0,68.75,303.30874461386776,12,4,0,post_monsoon,33,0
2023-12-16,195.0,195.0,1,0,195.0,,,0,0,14.5,7.7,22.3,66.70833333333333,7.666666666666667,2.2029166666666664,6.8,991.8041666666668,0.0,38.54166666666666,317.9229496483116,12,5,1,post_monsoon,34,0
2023-12-17,203.0,203.0,1,0,203.0,,,0,0,15.383333333333333,9.5,22.6,63.833333333333336,8.079166666666667,2.3158333333333334,7.2,992.8041666666668,0.0,0.0,330.10968096655614,12,6,1,post_monsoon,35,0
2023-12-18,178.0,178.0,1,0,178.0,,,0,0,14.341666666666669,9.1,21.5,66.79166666666667,7.508333333333333,3.54,10.5,994.3958333333334,0.0,0.0,288.8784441410033,12,0,0,post_monsoon,36,0
2023-12-19,137.0,137.0,1,0,137.0,,,0,0,14.245833333333332,8.6,21.5,64.41666666666667,7.2375,3.682916666666667,9.2,994.4958333333334,0.0,8.291666666666666,283.0715652739271,12,1,0,post_monsoon,37,0
2023-12-20,146.0,146.0,1,0,146.0,,,0,0,13.65,7.9,20.4,70.125,7.925,2.45125,6.8,994.2041666666668,0.0,88.70833333333333,287.2771274750319,12,2,0,post_monsoon,38,0
2023-12-21,255.0,255.0,1,0,255.0,,,0,0,13.975,8.1,21.6,74.16666666666667,8.895833333333334,2.3595833333333336,7.4,992.4833333333332,0.0,84.75,301.8900554111617,12,3,0,post_monsoon,39,0
2023-12-22,343.0,343.0,1,0,343.0,,,0,0,13.883333333333333,7.1,21.5,75.875,9.125,1.5516666666666667,3.8,992.1,0.0,34.791666666666664,309.09531919729307,12,4,0,post_monsoon,40,0
2023-12-23,307.0,307.0,1,0,307.0,,,0,0,16.099999999999998,11.1,22.1,72.125,10.641666666666667,1.7404166666666667,6.2,994.3541666666666,0.3,22.291666666666668,118.94099922382122,12,5,1,post_monsoon,41,0
2023-12-24,278.0,278.0,1,0,278.0,,,0,0,15.854166666666666,9.7,22.9,76.33333333333333,11.179166666666667,1.6170833333333334,5.0,995.6666666666666,0.0,4.791666666666667,331.1440553041638,12,6,1,post_monsoon,42,0
2023-12-25,230.0,230.0,1,0,230.0,,,0,0,15.479166666666666,10.7,22.9,78.125,11.245833333333332,2.34,6.5,993.8791666666666,0.0,0.125,280.93672499228614,12,0,0,post_monsoon,43,0
2023-12-26,247.0,247.0,1,0,247.0,,,0,0,15.370833333333332,9.5,22.7,75.20833333333333,10.470833333333331,1.7679166666666666,4.7,993.6416666666668,0.0,82.625,310.166393817274,12,1,0,post_monsoon,44,0
2023-12-27,273.0,273.0,1,0,273.0,,,0,0,14.333333333333334,8.5,21.7,79.66666666666667,10.454166666666667,2.03875,5.3,994.675,0.0,18.08333333333333,313.6191001255305,12,2,0,post_monsoon,45,0
2023-12-28,230.0,230.0,1,0,230.0,,,0,0,13.9875,9.7,20.9,84.66666666666667,11.141666666666666,1.94125,5.0,993.5666666666666,0.0,17.125,315.1621051112349,12,3,0,post_monsoon,46,0
2023-12-29,279.0,279.0,1,0,279.0,,,0,0,13.366666666666667,8.3,20.2,87.25,11.016666666666666,0.8075,3.7,994.1041666666666,0.0,74.875,357.44134943174475,12,4,0,post_monsoon,47,0
2023-12-30,303.0,303.0,1,0,303.0,,,0,0,12.554166666666667,9.0,19.0,90.29166666666669,10.833333333333334,1.387916666666667,4.1,993.0041666666666,0.0,97.29166666666669,326.4805536282873,12,5,1,post_monsoon,48,0
2023-12-31,262.0,262.0,1,0,262.0,,,0,0,12.708333333333334,7.6,18.7,83.75,9.7125,1.2395833333333333,4.0,992.8708333333334,0.0,32.0,8.963651354942726,12,6,1,post_monsoon,49,0
2024-01-01,211.0,211.0,1,0,211.0,,,0,0,10.466666666666669,5.9,16.2,85.125,7.820833333333333,1.51875,5.0,993.0958333333332,0.0,42.875,324.30530255368024,1,0,0,winter,50,0
2024-01-02,207.0,207.0,1,0,207.0,,,0,0,9.104166666666666,4.6,15.3,85.91666666666667,6.6125,1.5558333333333332,4.2,992.5125,0.0,29.75,320.1416261774778,1,1,0,winter,51,0
2024-01-03,222.0,222.0,1,0,222.0,,,0,0,9.5125,4.8,15.9,88.625,7.508333333333333,1.5295833333333333,5.1,992.225,0.0,47.0,343.1750200606548,1,2,0,winter,52,0
2024-01-04,257.0,257.0,1,0,257.0,,,0,0,11.541666666666666,5.2,17.9,82.125,8.262500000000001,1.7045833333333331,5.6,992.3791666666666,0.0,35.958333333333336,317.97290987818843,1,3,0,winter,53,0
2024-01-05,204.0,204.0,1,0,204.0,,,0,0,11.7625,7.3,17.3,85.25,9.1125,1.5666666666666669,4.2,992.5833333333334,0.1,58.04166666666666,337.0071374880292,1,4,0,winter,54,0
2024-01-06,196.0,196.0,1,0,196.0,,,0,0,11.675,6.3,16.9,81.54166666666667,8.320833333333333,1.60375,5.3,993.8541666666666,0.0,63.75,332.4973207376703,1,5,1,winter,55,0
2024-01-07,193.0,193.0,1,0,193.0,,,0,0,11.466666666666669,6.1,17.5,80.58333333333333,7.954166666666667,1.3920833333333331,4.4,994.4,0.0,16.833333333333332,291.1217531494111,1,6,1,winter,56,0
2024-01-08,277.0,277.0,1,0,277.0,,,0,0,10.9,5.5,18.4,86.54166666666667,8.4625,1.69375,4.2,994.1166666666668,0.0,11.25,332.4616676122912,1,0,0,winter,57,0
2024-01-09,165.0,165.0,1,0,165.0,,,0,0,10.783333333333331,6.2,18.0,86.41666666666667,8.333333333333334,2.475416666666667,8.1,994.2791666666668,0.0,14.708333333333334,315.53999901492955,1,1,0,winter,58,0
2024-01-10,189.0,189.0,1,0,189.0,,,0,0,9.2125,4.6,15.8,84.5,6.533333333333334,3.5908333333333338,8.4,993.1625,0.0,1.6666666666666667,291.97514950182523,1,2,0,winter,59,0
2024-01-11,221.0,221.0,1,0,221.0,,,0,0,9.341666666666669,5.6,15.5,87.70833333333333,7.2625,2.7725000000000004,6.7,993.6291666666666,0.0,25.916666666666668,297.58224518818577,1,3,0,winter,60,0
2024-01-12,203.0,203.0,1,0,203.0,,,0,0,10.083333333333334,5.6,17.4,85.95833333333333,7.566666666666666,2.6804166666666664,6.8,992.5666666666666,0.0,31.08333333333333,290.39552523421463,1,4,0,winter,61,0
2024-01-13,460.0,460.0,1,0,460.0,,,0,0,10.358333333333333,5.9,18.1,84.5,7.458333333333333,1.2766666666666666,3.6,991.7416666666668,0.0,72.29166666666667,326.64387532704296,1,5,1,winter,62,0
2024-01-14,396.0,396.0,1,0,396.0,,,0,0,9.7,4.8,18.0,85.58333333333333,7.045833333333333,1.887916666666667,5.4,991.8875,0.0,34.958333333333336,312.7714729183708,1,6,1,winter,63,0
2024-01-15,208.0,208.0,1,0,208.0,,,0,0,8.970833333333333,5.0,16.1,85.54166666666667,6.3625,2.1225,5.6,991.5291666666668,0.0,62.16666666666666,309.94061129019127,1,0,0,winter,64,0
2024-01-16,261.0,261.0,1,0,261.0,,,0,0,8.970833333333333,3.9,17.5,85.5,6.308333333333334,1.5266666666666666,4.0,989.2708333333334,0.0,47.54166666666666,78.4121903063965,1,1,0,winter,65,0
2024-01-17,240.0,240.0,1,0,240.0,,,0,0,9.9,4.0,17.8,83.91666666666667,6.925,2.254583333333333,5.8,989.3541666666666,0.0,3.0416666666666665,134.6505088331312,1,2,0,winter,66,0
2024-01-18,185.0,185.0,1,0,185.0,,,0,0,11.008333333333333,6.0,17.5,86.04166666666667,8.529166666666667,0.91375,4.3,991.575,0.0,43.458333333333336,158.94539384524342,1,3,0,winter,67,0
2024-01-19,202.0,202.0,1,0,202.0,,,0,0,10.208333333333334,6.3,16.8,88.75,8.25,1.4566666666666668,4.5,992.9541666666668,0.0,40.79166666666666,160.04636728438936,1,4,0,winter,68,0
2024-01-20,212.0,212.0,1,0,212.0,,,0,0,9.604166666666666,5.1,16.1,88.25,7.516666666666667,1.7233333333333334,4.8,993.4166666666666,0.0,31.83333333333333,342.37165443755583,1,5,1,winter,69,0
2024-01-21,205.0,205.0,1,0,205.0,,,0,0,9.045833333333333,5.2,16.1,89.375,7.179166666666667,2.7404166666666665,8.2,992.7875,0.0,49.29166666666666,294.16922185269505,1,6,1,winter,70,0
2024-01-22,225.0,225.0,1,0,225.0,,,0,0,9.266666666666667,5.0,16.9,86.08333333333333,6.7125,1.2433333333333334,3.4,993.725,0.0,51.5,84.3544576337357,1,0,0,winter,71,0
2024-01-23,253.0,253.0,1,0,253.0,,,0,0,10.454166666666667,4.9,17.3,88.08333333333333,8.362499999999999,1.64,5.3,992.9583333333334,0.0,47.54166666666666,195.00779572433868,1,1,0,winter,72,0
2024-01-24,316.0,316.0,1,0,316.0,,,0,0,11.308333333333332,6.4,18.2,84.16666666666667,8.354166666666666,1.82125,5.0,993.0083333333332,0.0,16.833333333333332,323.6954220059835,1,2,0,winter,73,0
2024-01-25,232.0,232.0,1,0,232.0,,,0,0,10.208333333333334,5.6,17.5,87.91666666666667,8.0375,1.57125,4.3,995.1,0.0,79.20833333333333,329.1128170616426,1,3,0,winter,74,0
2024-01-26,375.0,375.0,1,0,375.0,,,0,0,11.466666666666669,6.0,18.5,83.875,8.566666666666666,1.6016666666666666,4.2,995.5541666666668,0.0,86.375,293.7935312889257,1,4,0,winter,75,0
2024-01-27,194.0,194.0,1,0,194.0,,,0,0,12.508333333333333,6.9,20.6,76.66666666666667,8.029166666666667,3.2770833333333336,9.0,993.925,0.0,12.083333333333334,288.6464808962455,1,5,1,winter,76,0
2024-01-28,272.0,272.0,1,0,272.0,,,0,0,13.816666666666668,7.0,20.3,79.08333333333333,9.975,2.2433333333333336,6.2,992.5208333333334,0.0,99.54166666666669,113.3446449652336,1,6,1,winter,77,0
2024-01-29,233.0,233.0,1,0,233.0,,,0,0,14.566666666666668,9.5,21.3,85.20833333333333,11.841666666666669,2.3075,5.7,992.4333333333334,0.0,6.083333333333333,104.40501853428322,1,0,0,winter,78,0
2024-01-30,279.0,279.0,1,0,279.0,,,0,0,13.820833333333333,10.0,20.5,89.45833333333333,11.870833333333332,1.8075,5.2,991.6041666666666,0.0,51.333333333333336,320.46616593933896,1,1,0,winter,79,0
2024-01-31,253.0,253.0,1,0,253.0,,,0,0,14.0625,9.9,20.2,91.79166666666669,12.625,2.2875,7.9,990.4666666666668,9.0,83.20833333333333,124.16130445834403,1,2,0,winter,80,0
2024-02-01,,,0,0,,,,0,0,15.3875,12.2,21.2,86.20833333333333,12.908333333333331,3.67125,11.1,990.675,30.0,32.875,114.90671583516291,2,3,0,winter,81,0
2024-02-02,115.0,115.0,1,0,115.0,,,0,0,13.0,8.5,19.3,84.0,9.95,2.734583333333333,8.2,993.7625,0.0,34.291666666666664,316.42882539451705,2,4,0,winter,82,0
2024-02-03,91.1,91.1,1,0,91.1,,,0,0,14.104166666666666,8.2,20.7,69.95833333333333,8.3375,2.191666666666667,6.2,992.4708333333332,0.0,63.29166666666666,305.9574384040659,2,5,1,winter,83,0
2024-02-04,142.0,142.0,1,0,142.0,,,0,0,16.0125,12.9,20.7,84.83333333333333,13.408333333333331,2.2220833333333334,10.7,990.9666666666668,7.1,70.95833333333333,155.57469292168832,2,6,1,winter,84,0
2024-02-05,80.6,80.6,1,0,80.6,,,0,0,15.170833333333334,10.3,19.8,82.70833333333333,11.895833333333334,2.4445833333333336,6.4,992.2208333333332,2.1,37.333333333333336,328.9485540022829,2,0,0,winter,85,0
2024-02-06,74.9,74.9,1,0,74.9,,,0,0,12.179166666666667,7.5,18.7,74.95833333333333,7.183333333333334,2.7291666666666665,8.3,994.1041666666666,0.0,18.916666666666668,308.2906347538232,2,1,0,winter,86,0
2024-02-07,82.4,82.4,1,0,82.4,,,0,0,12.520833333333334,7.9,18.4,65.625,5.895833333333333,3.872083333333333,11.9,994.7791666666668,0.0,33.041666666666664,303.30082064934123,2,2,0,winter,87,0
2024-02-08,71.5,71.5,1,0,71.5,,,0,0,13.083333333333334,8.2,19.1,63.708333333333336,6.033333333333334,5.510000000000001,13.8,993.3125,0.0,19.375,289.3562765336678,2,3,0,winter,88,0
2024-02-09,66.6,66.6,1,0,66.6,,,0,0,13.383333333333333,8.1,20.5,65.95833333333333,6.804166666666667,2.969583333333333,7.0,993.5375,0.0,0.0,304.2650212800088,2,4,0,winter,89,0
2024-02-10,179.0,179.0,1,0,179.0,,,0,0,13.158333333333331,7.2,19.7,77.83333333333333,9.020833333333334,2.0375,5.9,995.7166666666668,0.0,20.0,4.761185881624499,2,5,1,winter,90,0
2024-02-11,169.0,169.0,1,0,169.0,,,0,0,14.141666666666666,8.1,21.5,75.04166666666667,9.241666666666667,2.130416666666666,6.0,995.2375,0.0,0.0416666666666666,321.2959230253683,2,6,1,winter,91,0
2024-02-12,179.0,179.0,1,0,179.0,,,0,0,14.308333333333332,7.7,21.5,74.875,9.420833333333333,1.8641666666666667,5.2,994.1791666666668,0.0,66.04166666666667,332.9315274838546,2,0,0,winter,92,0
2024-02-13,227.0,227.0,1,0,227.0,,,0,0,14.941666666666668,8.5,21.2,73.04166666666667,9.604166666666666,1.7366666666666666,3.9,993.3708333333334,0.0,84.58333333333333,339.88284427238654,2,1,0,winter,93,0
2024-02-14,196.0,196.0,1,0,196.0,,,0,0,15.833333333333334,9.6,22.7,74.08333333333333,10.658333333333331,2.4529166666666664,8.0,993.2541666666666,0.0,19.791666666666668,306.76404539451084,2,2,0,winter,94,0
2024-02-15,137.0,137.0,1,0,137.0,,,0,0,15.8625,9.7,23.6,68.70833333333333,9.341666666666669,2.6391666666666667,8.2,994.1791666666668,0.0,0.0,304.2219302153411,2,3,0,winter,95,0
2024-02-16,127.0,127.0,1,0,127.0,,,0,0,15.683333333333335,8.6,24.5,64.0,7.7375,2.4454166666666666,7.4,994.4458333333332,0.0,0.0,312.0835923946754,2,4,0,winter,96,0
2024-02-17,123.0,123.0,1,0,123.0,,,0,0,16.229166666666668,9.7,24.6,60.958333333333336,7.679166666666667,3.154166666666667,8.5,990.0333333333332,0.0,1.5416666666666667,289.02140998083826,2,5,1,winter,97,0
2024-02-18,109.0,109.0,1,0,109.0,,,0,0,18.65,10.0,27.1,58.708333333333336,9.408333333333331,2.723333333333333,7.9,987.1958333333332,0.0,58.958333333333336,152.2860897377734,2,6,1,winter,98,0
2024-02-19,99.4,99.4,1,0,99.4,,,0,0,20.375,14.7,26.8,60.958333333333336,12.291666666666666,5.675,14.6,985.5458333333332,0.0,17.541666666666668,130.6852242597232,2,0,0,winter,99,0
2024-02-20,136.0,136.0,1,0,136.0,,,0,0,20.216666666666665,15.3,27.3,66.16666666666667,12.575,2.81875,9.1,985.3458333333332,0.2,16.708333333333332,117.50952234294029,2,1,0,winter,100,0
2024-02-21,94.1,94.1,1,0,94.1,,,0,0,18.475,12.2,25.9,57.958333333333336,7.675,2.78,7.9,985.5333333333332,0.0,5.625,339.67695105089507,2,2,0,winter,101,0
2024-02-22,58.4,58.4,1,0,58.4,,,0,0,17.425,10.9,24.0,51.375,5.883333333333333,2.9875000000000003,8.6,988.0958333333332,0.0,11.75,322.8123904893572,2,3,0,winter,102,0
2024-02-23,62.3,62.3,1,0,62.3,,,0,0,15.641666666666667,8.5,22.8,47.75,3.6125,2.7691666666666666,8.8,990.6291666666666,0.0,0.0,319.22544039020937,2,4,0,winter,103,0
2024-02-24,81.2,81.2,1,0,81.2,,,0,0,16.216666666666665,9.3,23.4,45.29166666666666,3.6291666666666655,1.96375,7.4,990.9333333333334,0.0,27.75,49.44714073867823,2,5,1,winter,104,0
2024-02-25,76.5,76.5,1,0,76.5,,,0,0,17.337500000000002,10.5,25.0,38.91666666666666,1.875,2.356666666666667,9.5,992.9583333333334,0.0,44.625,34.73661203862838,2,6,1,winter,105,0
2024-02-26,72.0,72.0,1,0,72.0,,,0,0,17.587500000000002,11.1,24.6,45.708333333333336,4.941666666666666,2.095833333333333,6.5,992.8125,0.0,87.54166666666667,356.7457215243747,2,0,0,winter,106,0
2024-02-27,65.0,65.0,1,0,65.0,,,0,0,18.054166666666667,14.1,24.5,46.04166666666666,5.716666666666666,2.8541666666666665,9.4,992.4958333333334,0.9,48.04166666666666,324.5798766913944,2,1,0,winter,107,0
2024-02-28,63.7,63.7,1,0,63.7,,,0,0,17.316666666666666,11.4,24.0,57.04166666666666,7.9875,3.665,11.2,991.15,0.0,0.0,302.4830397694624,2,2,0,winter,108,0
2024-02-29,70.5,70.5,1,0,70.5,,,0,0,18.383333333333333,12.0,26.3,56.41666666666666,8.6,3.10375,8.0,989.6791666666668,0.0,3.208333333333333,297.21008496243246,2,3,0,winter,109,0
2024-03-01,90.7,90.7,1,0,90.7,,,0,0,20.066666666666663,13.9,26.5,59.91666666666666,11.766666666666666,2.0500000000000003,8.3,988.9375,1.7,90.66666666666669,100.33317380916355,3,4,0,pre_monsoon,110,0
2024-03-02,32.3,32.3,1,0,32.3,,,0,0,19.825,17.3,24.7,74.08333333333333,14.85,5.882916666666667,16.2,986.2041666666668,6.5,82.5,143.138212427445,3,5,1,pre_monsoon,111,0
2024-03-03,51.2,51.2,1,0,51.2,,,0,0,17.6375,13.4,22.7,70.20833333333333,11.2375,2.60875,8.4,986.9083333333332,10.4,22.625,299.39217845296,3,6,1,pre_monsoon,112,0
2024-03-04,42.9,42.9,1,0,42.9,,,0,0,15.808333333333332,11.1,21.7,62.083333333333336,6.545833333333333,2.839166666666667,8.4,990.9875,0.0,43.208333333333336,340.7613410330444,3,0,0,pre_monsoon,113,0
2024-03-05,54.3,54.3,1,0,54.3,,,0,0,14.683333333333332,8.9,20.9,54.25,5.016666666666667,3.209583333333333,8.9,992.0708333333332,0.0,39.625,308.3224064596038,3,1,0,pre_monsoon,114,0
2024-03-06,65.8,65.8,1,0,65.8,,,0,0,15.120833333333332,9.2,21.1,56.16666666666666,5.995833333333334,2.849166666666666,8.9,990.2416666666668,0.0,59.91666666666666,299.6781639279634,3,2,0,pre_monsoon,115,0
2024-03-07,79.3,79.3,1,0,79.3,,,0,0,17.1375,10.1,24.2,56.04166666666666,7.45,2.765833333333333,8.3,989.6708333333332,0.0,2.625,316.01592880342275,3,3,0,pre_monsoon,116,0
2024-03-08,60.5,60.5,1,0,60.5,,,0,0,17.916666666666668,11.3,25.4,52.583333333333336,7.308333333333334,3.2604166666666665,9.4,990.5291666666668,0.0,0.0,323.30607192222567,3,4,0,pre_monsoon,117,0
2024-03-09,57.5,57.5,1,0,57.5,,,0,0,17.891666666666666,11.8,25.2,50.083333333333336,6.7375,3.276666666666667,9.7,990.4333333333334,0.0,43.125,300.7933844267031,3,5,1,pre_monsoon,118,0
2024-03-10,96.7,96.7,1,0,96.7,,,0,0,19.241666666666667,12.0,26.6,51.04166666666666,7.908333333333334,2.5125,7.3,990.0083333333332,0.0,78.125,299.8940950276947,3,6,1,pre_monsoon,119,0
2024-03-11,77.5,77.5,1,0,77.5,,,0,0,22.291666666666668,14.8,29.5,46.625,9.375,2.16875,7.4,991.025,0.0,23.33333333333333,21.23633878304355,3,0,0,pre_monsoon,120,0
2024-03-12,79.4,79.4,1,0,79.4,,,0,0,21.95833333333333,13.9,29.1,46.54166666666666,9.158333333333331,3.262916666666667,8.7,989.3708333333334,0.0,2.625,336.18195385348986,3,1,0,pre_monsoon,121,0
2024-03-13,71.3,71.3,1,0,71.3,,,0,0,21.391666666666666,13.9,29.4,52.29166666666666,10.3125,2.322083333333333,9.4,986.925,0.2,8.0,318.98188784044805,3,2,0,pre_monsoon,122,0
2024-03-14,80.0,80.0,1,0,80.0,,,0,0,21.58333333333333,14.1,29.2,52.708333333333336,10.054166666666667,2.87375,9.3,989.3583333333332,0.0,4.208333333333333,346.40423382382613,3,3,0,pre_monsoon,123,0
2024-03-15,39.4,39.4,1,0,39.4,,,0,0,20.3125,14.3,27.2,42.875,6.379166666666666,3.4775,9.8,988.9333333333334,0.0,12.625,299.9077772283491,3,4,0,pre_monsoon,124,0
2024-03-16,72.7,72.7,1,0,72.7,,,0,0,19.67083333333333,12.7,27.6,44.54166666666666,6.129166666666666,2.377083333333333,7.2,990.5458333333332,0.0,38.75,310.4260920384786,3,5,1,pre_monsoon,125,0
2024-03-17,96.3,96.3,1,0,96.3,,,0,0,20.5625,11.8,28.8,46.04166666666666,7.4875,2.5383333333333336,6.6,990.0875,0.0,49.91666666666666,301.2867887055695,3,6,1,pre_monsoon,126,0
2024-03-18,103.0,103.0,1,0,103.0,,,0,0,20.6625,13.0,28.5,48.41666666666666,8.179166666666667,2.4179166666666667,7.6,988.55,0.0,12.0,297.93999656669075,3,0,0,pre_monsoon,127,0
2024-03-19,96.5,96.5,1,0,96.5,,,0,0,21.54583333333333,13.6,29.8,45.208333333333336,7.733333333333333,2.41875,9.4,988.025,0.0,2.7916666666666665,312.448626908658,3,1,0,pre_monsoon,128,0
2024-03-20,117.0,117.0,1,0,117.0,,,0,0,23.266666666666666,14.2,32.0,44.125,8.4375,2.2179166666666665,7.3,988.3916666666668,0.0,4.291666666666667,328.3352239165904,3,2,0,pre_monsoon,129,0
2024-03-21,73.7,73.7,1,0,73.7,,,0,0,22.729166666666668,16.9,29.2,54.79166666666666,12.679166666666667,3.515,9.9,988.2333333333332,0.0,43.04166666666666,115.32196931457412,3,3,0,pre_monsoon,130,0
2024-03-22,69.5,69.5,1,0,69.5,,,0,0,24.7875,17.8,32.4,51.208333333333336,12.8625,2.6020833333333333,8.1,984.9583333333334,0.0,2.6666666666666665,124.2653671059158,3,4,0,pre_monsoon,131,0
2024-03-23,89.6,89.6,1,0,89.6,,,0,0,25.72083333333333,18.1,33.8,45.54166666666666,11.420833333333334,3.072083333333333,10.5,983.8125,0.0,6.875,315.3605746531208,3,5,1,pre_monsoon,132,0
2024-03-24,80.1,80.1,1,0,80.1,,,0,0,24.433333333333334,18.6,31.0,44.75,10.941666666666668,3.669166666666667,17.3,985.9708333333332,0.1,73.25,344.8428121939259,3,6,1,pre_monsoon,133,0
2024-03-25,217.0,217.0,1,0,217.0,,,0,0,25.04583333333333,16.6,32.8,47.208333333333336,11.5625,3.2929166666666667,11.2,987.5791666666668,0.0,2.958333333333333,307.3661533841384,3,0,0,pre_monsoon,134,0
2024-03-26,61.9,61.9,1,0,61.9,,,0,0,26.0375,18.5,33.6,42.125,11.125,2.7433333333333336,8.2,986.6541666666668,0.0,76.20833333333333,294.4069074549819,3,1,0,pre_monsoon,135,0
2024-03-27,53.7,53.7,1,0,53.7,,,0,0,28.45833333333333,21.6,36.4,40.66666666666666,12.5625,2.415,9.9,988.3041666666668,0.0,34.041666666666664,337.14473692963617,3,2,0,pre_monsoon,136,0
2024-03-28,59.8,59.8,1,0,59.8,,,0,0,29.05,21.9,37.0,40.958333333333336,13.5125,2.47625,7.7,985.6916666666666,0.0,93.25,313.2117887443247,3,3,0,pre_monsoon,137,0
2024-03-29,61.1,61.1,1,0,61.1,,,0,0,28.2,20.9,36.5,45.625,14.745833333333332,2.3779166666666667,9.9,984.7958333333332,0.0,95.125,78.60093296585899,3,4,0,pre_monsoon,138,0
2024-03-30,78.1,78.1,1,0,78.1,,,0,0,28.46666666666667,22.8,35.2,39.0,12.3375,3.452916666666667,12.1,985.2375,0.0,32.291666666666664,14.01437345118802,3,5,1,pre_monsoon,139,0
2024-03-31,75.7,75.7,1,0,75.7,,,0,0,27.40833333333333,20.0,34.4,36.333333333333336,10.020833333333334,3.359583333333333,10.9,986.2625,0.0,2.25,319.3219141949696,3,6,1,pre_monsoon,140,0
2024-04-01,64.3,64.3,1,0,64.3,,,0,0,24.875,18.7,31.3,38.333333333333336,8.420833333333333,3.829583333333333,11.3,984.4791666666666,0.0,66.91666666666667,300.1993298453365,4,0,0,pre_monsoon,141,0
2024-04-02,59.0,59.0,1,0,59.0,,,0,0,25.379166666666663,17.1,32.9,33.125,6.558333333333334,3.516666666666667,11.7,983.2041666666668,0.0,54.29166666666666,312.6024760189844,4,1,0,pre_monsoon,142,0
2024-04-03,54.7,54.7,1,0,54.7,,,0,0,28.3625,21.8,35.9,24.291666666666668,4.870833333333333,2.145833333333333,9.9,983.9708333333332,0.0,74.0,21.970421773087764,4,2,0,pre_monsoon,143,0
2024-04-04,42.5,42.5,1,0,42.5,,,0,0,29.183333333333334,20.5,36.4,25.75,6.016666666666667,3.0341666666666662,8.6,983.9458333333332,0.0,69.41666666666667,1.758713522483106,4,3,0,pre_monsoon,144,0
2024-04-05,,,0,0,,,,0,0,28.27083333333333,21.2,35.6,24.375,5.2375,4.1675,14.6,983.7333333333332,0.0,80.20833333333333,306.3397486441526,4,4,0,pre_monsoon,145,0
2024-04-06,,,0,0,,,,0,0,27.308333333333334,19.6,35.0,21.20833333333333,2.220833333333333,3.349166666666666,11.4,983.6041666666666,0.0,0.375,315.2532110464145,4,5,1,pre_monsoon,146,0
2024-04-07,,,0,0,,,,0,0,26.89583333333333,17.5,35.4,20.58333333333333,0.8083333333333332,3.2604166666666665,11.0,983.5,0.0,0.0,305.28124465402504,4,6,1,pre_monsoon,147,0
2024-04-08,,,0,0,,,,0,0,28.004166666666663,19.0,36.8,19.75,1.15,2.78125,10.7,984.55,0.0,2.583333333333333,307.03279869195245,4,0,0,pre_monsoon,148,0
2024-04-09,58.2,58.2,1,0,58.2,,,0,0,28.979166666666668,19.9,37.8,18.041666666666668,0.4624999999999999,2.27625,9.8,985.2,0.0,50.375,335.16449368280144,4,1,0,pre_monsoon,149,0
2024-04-10,82.1,82.1,1,0,82.1,,,0,0,28.929166666666664,19.8,38.6,21.0,3.1208333333333336,2.225,8.5,985.2375,0.0,13.791666666666666,47.28778986236756,4,2,0,pre_monsoon,150,0
2024-04-11,71.7,71.7,1,0,71.7,,,0,0,29.98333333333333,22.2,38.0,21.25,4.083333333333333,2.165833333333333,9.0,986.1875,0.0,15.208333333333334,83.87756290944293,4,3,0,pre_monsoon,151,0
2024-04-12,86.6,86.6,1,0,86.6,,,0,0,30.53333333333333,21.8,38.8,20.916666666666668,4.279166666666667,2.210833333333333,6.8,985.4125,0.0,62.083333333333336,86.19966625942203,4,4,0,pre_monsoon,152,0
2024-04-13,57.6,57.6,1,0,57.6,,,0,0,30.866666666666664,25.3,38.5,26.95833333333333,7.870833333333334,3.2550000000000003,9.7,984.8291666666668,1.2,73.125,150.18305284984865,4,5,1,pre_monsoon,153,0
2024-04-14,44.6,44.6,1,0,44.6,,,0,0,27.54583333333333,22.8,33.8,44.91666666666666,13.9875,2.765416666666667,10.6,987.1958333333332,0.5,91.25,4.793468104778469,4,6,1,pre_monsoon,154,0
2024-04-15,85.5,85.5,1,0,85.5,,,0,0,28.816666666666663,22.3,36.3,47.66666666666666,15.341666666666669,2.3504166666666664,13.1,986.5416666666666,1.3,95.41666666666669,307.2826877065879,4,0,0,pre_monsoon,155,0
2024-04-16,40.0,40.0,1,0,40.0,,,0,0,29.86666666666667,23.5,35.7,35.916666666666664,11.7875,4.25875,11.2,985.5083333333332,0.0,59.083333333333336,295.1565331774918,4,1,0,pre_monsoon,156,0
2024-04-17,36.5,36.5,1,0,36.5,,,0,0,29.291666666666668,22.2,35.3,26.70833333333333,6.4625,5.388750000000001,14.6,984.2125,0.0,41.333333333333336,299.7933760894422,4,2,0,pre_monsoon,157,0
2024-04-18,60.9,60.9,1,0,60.9,,,0,0,30.9375,23.7,37.8,24.0,7.6,3.1012500000000003,10.1,982.7,0.0,61.16666666666666,293.2118340748606,4,3,0,pre_monsoon,158,0
2024-04-19,46.6,46.6,1,0,46.6,,,0,0,31.675,24.6,38.3,29.416666666666668,10.8875,3.272083333333333,10.2,980.4791666666666,0.0,17.625,281.579505295221,4,4,0,pre_monsoon,159,0
2024-04-20,,,0,0,,,,0,0,30.058333333333334,22.3,36.7,28.0,8.833333333333334,4.097916666666666,11.3,980.0458333333332,0.0,26.541666666666668,304.45405176073024,4,5,1,pre_monsoon,160,0
2024-04-21,,,0,0,,,,0,0,30.17083333333333,23.6,36.6,26.95833333333333,8.258333333333333,3.35875,9.4,981.475,0.0,64.125,309.7798655293035,4,6,1,pre_monsoon,161,0
2024-04-22,,,0,0,,,,0,0,31.120833333333334,24.5,37.0,24.541666666666668,7.466666666666666,3.69625,12.8,982.1166666666668,0.0,30.416666666666668,310.6395649869543,4,0,0,pre_monsoon,162,0
2024-04-23,47.6,47.6,1,0,47.6,,,0,0,30.016666666666666,22.6,38.0,25.791666666666668,7.029166666666666,2.7258333333333336,12.2,981.6375,0.0,8.083333333333334,306.53463200291964,4,1,0,pre_monsoon,163,0
2024-04-24,51.1,51.1,1,0,51.1,,,0,0,29.84583333333333,21.0,36.9,27.75,7.495833333333334,3.26375,11.5,981.725,0.0,0.5416666666666666,302.9973376321013,4,2,0,pre_monsoon,164,0
2024-04-25,77.2,77.2,1,0,77.2,,,0,0,30.0,21.5,38.3,24.416666666666668,6.270833333333333,3.21375,12.3,981.8666666666668,0.0,4.333333333333333,316.5653399126868,4,3,0,pre_monsoon,165,0
2024-04-26,53.7,53.7,1,0,53.7,,,0,0,32.233333333333334,23.4,39.2,22.625,7.3875,2.94125,16.0,980.8333333333334,0.0,21.45833333333333,247.76906818577828,4,4,0,pre_monsoon,166,0
2024-04-27,50.9,50.9,1,0,50.9,,,0,0,32.0375,26.0,37.9,27.041666666666668,9.6125,4.31125,11.8,981.45,0.0,41.0,283.9488973799434,4,5,1,pre_monsoon,167,0
2024-04-28,48.5,48.5,1,0,48.5,,,0,0,30.59166666666667,22.7,37.5,27.916666666666668,8.5875,2.73,9.8,982.6125,0.0,63.41666666666666,328.5986729133001,4,6,1,pre_monsoon,168,0
2024-04-29,69.9,69.9,1,0,69.9,,,0,0,30.84583333333333,23.6,38.1,25.95833333333333,8.387500000000001,3.25625,11.7,981.9208333333332,0.0,28.08333333333333,322.8236794778225,4,0,0,pre_monsoon,169,0
2024-04-30,51.9,51.9,1,0,51.9,,,0,0,29.758333333333336,23.3,36.2,25.125,5.633333333333333,3.5620833333333333,10.0,980.8958333333334,0.0,0.0,303.7985749235195,4,1,0,pre_monsoon,170,0
2024-05-01,59.9,59.9,1,0,59.9,,,0,0,26.9125,20.5,32.7,22.33333333333333,2.4250000000000003,4.585833333333333,12.7,979.2125,0.0,0.0,314.02855757229827,5,2,0,pre_monsoon,171,0
2024-05-02,69.9,69.9,1,0,69.9,,,0,0,27.65,19.3,35.0,26.125,5.4875,3.70125,10.8,980.3333333333334,0.0,20.416666666666668,307.6567374480692,5,3,0,pre_monsoon,172,0
2024-05-03,155.0,155.0,1,0,155.0,,,0,0,30.183333333333334,20.7,38.1,22.166666666666668,4.854166666666667,3.7829166666666665,12.8,981.0583333333334,0.0,69.54166666666667,299.4823924644655,5,4,0,pre_monsoon,173,0
2024-05-04,130.0,130.0,1,0,130.0,,,0,0,33.0,26.5,40.6,18.791666666666668,5.0125,3.1283333333333334,9.6,980.8458333333332,0.0,43.54166666666666,301.3704935754052,5,5,1,pre_monsoon,174,0
2024-05-05,130.0,130.0,1,0,130.0,,,0,0,33.27916666666667,25.0,40.9,19.95833333333333,6.275,3.404583333333333,10.2,977.3291666666668,0.0,4.416666666666667,305.5094365155773,5,6,1,pre_monsoon,175,0
2024-05-06,132.0,132.0,1,0,132.0,,,0,0,33.80416666666667,26.0,40.6,21.541666666666668,8.0875,3.74625,12.4,979.2333333333332,0.0,6.416666666666667,306.2883082440013,5,0,0,pre_monsoon,176,0
2024-05-07,146.0,146.0,1,0,146.0,,,0,0,34.06666666666667,26.2,41.4,24.666666666666668,9.85,2.49375,8.4,980.7708333333334,0.0,6.041666666666667,25.490031734852263,5,1,0,pre_monsoon,177,0
2024-05-08,84.5,84.5,1,0,84.5,,,0,0,32.729166666666664,27.0,39.7,39.0,15.995833333333332,3.765416666666667,10.8,981.35,0.0,16.125,111.3224140038036,5,2,0,pre_monsoon,-176,0
2024-05-09,57.7,57.7,1,0,57.7,,,0,0,32.52916666666667,26.2,39.6,36.708333333333336,14.991666666666667,3.8875,12.5,980.6791666666668,0.0,5.833333333333333,106.07935194278303,5,3,0,pre_monsoon,-175,0
2024-05-10,70.8,70.8,1,0,70.8,,,0,0,32.12083333333333,26.0,39.5,43.29166666666666,17.595833333333335,3.148333333333333,12.4,981.4958333333334,1.1,22.541666666666668,105.99452298935525,5,4,0,pre_monsoon,-174,0
2024-05-11,65.5,65.5,1,0,65.5,,,0,0,31.891666666666666,26.0,38.8,42.458333333333336,16.4875,2.525,10.4,983.2625,0.1,28.791666666666668,3.4560342940463897,5,5,1,pre_monsoon,-173,0
2024-05-12,74.7,74.7,1,0,74.7,,,0,0,32.300000000000004,27.5,37.8,37.708333333333336,15.466666666666669,2.855,10.3,983.3083333333334,0.1,26.041666666666668,19.56914402474206,5,6,1,pre_monsoon,-172,0
2024-05-13,77.4,77.4,1,0,77.4,,,0,0,33.016666666666666,27.2,40.3,29.416666666666668,11.1125,2.485,7.7,983.4708333333332,0.0,32.208333333333336,335.2156519432859,5,0,0,pre_monsoon,-171,0
2024-05-14,98.9,98.9,1,0,98.9,,,0,0,32.78333333333334,24.6,40.7,20.5,6.1125,2.9195833333333336,11.2,983.7666666666668,0.0,10.375,315.88346624147954,5,1,0,pre_monsoon,-170,0
2024-05-15,108.0,108.0,1,0,108.0,,,0,0,34.18333333333333,25.4,42.3,19.45833333333333,5.754166666666666,2.80875,9.6,983.3916666666668,0.0,0.0,315.97696700596816,5,2,0,pre_monsoon,-169,0
2024-05-16,99.4,99.4,1,0,99.4,,,0,0,34.56666666666667,26.5,42.7,18.166666666666668,6.1000000000000005,2.5116666666666667,10.1,982.7958333333332,0.0,0.125,339.04460734909003,5,3,0,pre_monsoon,-168,0
2024-05-17,83.1,83.1,1,0,83.1,,,0,0,36.35416666666666,28.1,44.0,17.625,6.741666666666667,2.918333333333333,8.9,980.0208333333334,0.0,8.416666666666666,303.14345846169545,5,4,0,pre_monsoon,-167,0
2024-05-18,88.7,88.7,1,0,88.7,,,0,0,36.97916666666666,27.1,44.0,19.25,8.183333333333334,3.478333333333333,13.5,977.4833333333332,0.0,6.041666666666667,294.793661861259,5,5,1,pre_monsoon,-166,0
2024-05-19,74.7,74.7,1,0,74.7,,,0,0,36.7375,27.7,44.9,16.875,6.625,3.489583333333333,13.5,975.9666666666668,0.0,3.4166666666666665,299.7887612875767,5,6,1,pre_monsoon,-165,0
2024-05-20,74.3,74.3,1,0,74.3,,,0,0,36.4125,29.1,43.6,18.83333333333333,8.108333333333333,3.239583333333333,17.0,976.8,0.0,32.625,304.0275421247471,5,0,0,pre_monsoon,-164,0
2024-05-21,78.9,78.9,1,0,78.9,,,0,0,35.2,29.1,42.6,27.625,13.108333333333334,2.785833333333333,8.3,977.5291666666668,0.0,2.0416666666666665,89.6374817813703,5,1,0,pre_monsoon,-163,0
2024-05-22,75.9,75.9,1,0,75.9,,,0,0,35.229166666666664,29.8,41.1,35.916666666666664,17.479166666666668,4.10625,12.8,977.9708333333332,0.3,5.083333333333333,107.61908062980064,5,2,0,pre_monsoon,-162,0
2024-05-23,53.6,53.6,1,0,53.6,,,0,0,35.71666666666667,30.5,41.1,35.625,17.429166666666667,3.922083333333333,11.6,977.325,0.0,6.833333333333333,125.44948120474952,5,3,0,pre_monsoon,-161,0
2024-05-24,50.5,50.5,1,0,50.5,,,0,0,35.641666666666666,30.4,40.9,35.583333333333336,17.491666666666667,3.4912500000000004,11.2,977.3041666666668,0.0,3.125,111.47948816003606,5,4,0,pre_monsoon,-160,0
2024-05-25,55.0,55.0,1,0,55.0,,,0,0,37.454166666666666,30.6,44.4,27.375,13.795833333333334,3.4625,13.1,975.3958333333334,0.0,5.708333333333333,310.61382115420577,5,5,1,pre_monsoon,-159,0
2024-05-26,67.0,67.0,1,0,67.0,,,0,0,38.15,29.5,46.0,17.375,8.1,3.45125,12.8,973.625,0.0,0.0,332.70639905135954,5,6,1,pre_monsoon,-158,0
2024-05-27,80.5,80.5,1,0,80.5,,,0,0,38.1875,30.2,45.7,17.5,7.575,3.130416666666666,11.5,971.075,0.0,1.875,330.5375038528106,5,0,0,pre_monsoon,-157,0
2024-05-28,82.0,82.0,1,0,82.0,,,0,0,37.30416666666667,28.9,45.8,13.708333333333334,3.6208333333333336,2.4975,9.5,969.3458333333332,0.0,0.0,317.1764867144216,5,1,0,pre_monsoon,-156,0
2024-05-29,72.2,72.2,1,0,72.2,,,0,0,38.61666666666667,31.1,45.7,17.875,8.979166666666666,3.0345833333333334,9.8,970.4875,0.0,15.083333333333334,272.21290461977446,5,2,0,pre_monsoon,-155,0
2024-05-30,54.2,54.2,1,0,54.2,,,0,0,39.22083333333333,33.0,45.8,16.041666666666668,5.829166666666667,4.39125,12.6,973.6791666666668,0.0,8.25,276.1011169466734,5,3,0,pre_monsoon,-154,0
2024-05-31,49.6,49.6,1,0,49.6,,,0,0,37.59166666666667,28.5,45.9,11.916666666666666,2.220833333333333,3.5933333333333333,12.3,975.2916666666666,0.0,5.375,295.5063117334066,5,4,0,pre_monsoon,-153,0
2024-06-01,70.9,70.9,1,0,70.9,,,0,0,37.42916666666667,31.3,44.0,17.0,7.55,4.33875,12.4,976.8291666666668,0.0,60.083333333333336,283.1515437765521,6,5,1,monsoon,-152,0
2024-06-02,37.7,37.7,1,0,37.7,,,0,0,36.37916666666667,30.5,41.4,24.95833333333333,12.170833333333334,3.0941666666666667,9.7,978.275,0.0,37.125,292.70249258801346,6,6,1,monsoon,-151,0
2024-06-03,48.5,48.5,1,0,48.5,,,0,0,36.90416666666667,29.6,44.4,24.75,11.254166666666668,3.973333333333333,11.7,977.0583333333334,0.0,7.041666666666667,283.89415009584826,6,0,0,monsoon,-150,0
2024-06-04,71.1,71.1,1,0,71.1,,,0,0,36.9,30.9,43.1,18.875,9.041666666666666,3.2870833333333334,12.3,976.6833333333334,0.0,7.75,277.7509247940361,6,1,0,monsoon,-149,0
2024-06-05,66.2,66.2,1,0,66.2,,,0,0,36.6625,30.2,41.7,23.416666666666668,12.104166666666666,4.477083333333334,14.8,977.8291666666668,0.0,18.83333333333333,289.4604691865417,6,2,0,monsoon,-148,0
2024-06-06,57.2,57.2,1,0,57.2,,,0,0,35.00833333333333,28.2,40.8,28.375,13.254166666666668,3.4275,9.9,980.0375,0.0,3.8333333333333335,308.4324707595257,6,3,0,monsoon,-147,0
2024-06-07,109.0,109.0,1,0,109.0,,,0,0,35.204166666666666,28.9,42.2,30.125,14.1625,4.17375,12.9,977.8625,0.0,7.375,295.8841405050757,6,4,0,monsoon,-146,0
2024-06-08,59.8,59.8,1,0,59.8,,,0,0,34.75,28.3,40.2,27.416666666666668,12.470833333333331,4.282916666666667,13.4,977.0166666666668,0.0,14.833333333333334,303.81201963950963,6,5,1,monsoon,-145,0
2024-06-09,46.2,46.2,1,0,46.2,,,0,0,35.0625,28.3,42.2,22.666666666666668,8.9125,3.71625,10.7,976.7416666666668,0.0,0.7083333333333334,310.23147791414544,6,6,1,monsoon,-144,0
2024-06-10,40.4,40.4,1,0,40.4,,,0,0,35.979166666666664,27.9,43.0,18.166666666666668,7.441666666666666,3.740833333333333,11.7,976.8416666666668,0.0,12.833333333333334,291.53945321418587,6,0,0,monsoon,-143,0
2024-06-11,83.3,83.3,1,0,83.3,,,0,0,36.3125,28.9,43.2,19.0,8.295833333333333,3.1325000000000003,10.7,976.2666666666668,0.0,10.541666666666666,289.36756796121773,6,1,0,monsoon,-142,0
2024-06-12,87.5,87.5,1,0,87.5,,,0,0,36.95,28.8,44.1,17.5,7.333333333333333,3.3029166666666665,9.9,975.9166666666666,0.0,0.6666666666666666,288.3786587413283,6,2,0,monsoon,-141,0
2024-06-13,79.2,79.2,1,0,79.2,,,0,0,37.65,29.6,44.9,20.041666666666668,9.954166666666667,5.03,14.2,974.9375,0.0,3.9166666666666665,282.2954912352055,6,3,0,monsoon,-140,0
2024-06-14,67.4,67.4,1,0,67.4,,,0,0,37.5,32.8,43.4,27.58333333333333,15.295833333333334,6.182083333333334,15.9,974.5833333333334,0.0,20.5,275.1252811479658,6,4,0,monsoon,-139,0
2024-06-15,42.8,42.8,1,0,42.8,,,0,0,37.725,32.2,43.3,26.83333333333333,14.770833333333334,5.396666666666667,14.6,974.675,0.0,2.6666666666666665,285.79199042003097,6,5,1,monsoon,-138,0
2024-06-16,75.4,75.4,1,0,75.4,,,0,0,38.37916666666667,32.8,44.1,25.166666666666668,14.479166666666666,5.005833333333333,13.3,975.0166666666668,0.0,3.875,283.490067781239,6,6,1,monsoon,-137,0
2024-06-17,69.6,69.6,1,0,69.6,,,0,0,38.954166666666666,33.7,44.0,24.916666666666668,14.958333333333334,5.361666666666667,14.1,974.9291666666668,0.0,9.041666666666666,279.9269973303359,6,0,0,monsoon,-136,0
2024-06-18,116.0,116.0,1,0,116.0,,,0,0,38.92083333333333,34.5,44.2,24.541666666666668,14.458333333333334,5.57,15.7,972.925,0.0,5.708333333333333,279.478734094793,6,1,0,monsoon,-135,0
2024-06-19,76.3,76.3,1,0,76.3,,,0,0,37.05833333333333,33.7,41.3,34.958333333333336,18.829166666666666,5.19875,16.4,971.4541666666668,0.8,28.83333333333333,269.079403781819,6,2,0,monsoon,-134,0
2024-06-20,46.0,46.0,1,0,46.0,,,0,0,34.02916666666667,25.5,39.3,44.75,19.554166666666667,2.2816666666666667,14.0,973.2333333333332,4.9,34.708333333333336,218.20517062616224,6,3,0,monsoon,-133,0
2024-06-21,61.2,61.2,1,0,61.2,,,0,0,32.545833333333334,25.4,38.3,52.79166666666666,21.141666666666666,2.675416666666667,13.2,975.3375,2.1,31.58333333333333,330.7773687057773,6,4,0,monsoon,-132,0
2024-06-22,80.0,80.0,1,0,80.0,,,0,0,33.6875,29.9,38.5,50.583333333333336,21.6875,2.074583333333333,8.2,975.2125,0.0,45.708333333333336,29.888667083449437,6,5,1,monsoon,-131,0
2024-06-23,55.7,55.7,1,0,55.7,,,0,0,34.550000000000004,30.2,39.5,50.958333333333336,22.570833333333336,2.8441666666666667,8.9,975.7958333333332,0.3,28.416666666666668,95.9132106794268,6,6,1,monsoon,-130,0
2024-06-24,52.0,52.0,1,0,52.0,,,0,0,34.1625,31.0,39.5,53.583333333333336,23.08333333333333,2.2133333333333334,10.0,974.6375,1.7,38.16666666666666,95.72744405539112,6,0,0,monsoon,-129,0
2024-06-25,60.7,60.7,1,0,60.7,,,0,0,32.895833333333336,29.8,36.6,62.41666666666666,24.53333333333333,2.214166666666667,8.8,973.7333333333332,4.0,71.25,122.2345594625395,6,1,0,monsoon,-128,0
2024-06-26,47.4,47.4,1,0,47.4,,,0,0,30.98333333333333,26.8,34.3,73.33333333333333,25.4375,3.0179166666666664,8.6,974.2833333333332,23.3,94.25,105.9787758429951,6,2,0,monsoon,-127,0
2024-06-27,27.1,27.1,1,0,27.1,,,0,0,28.34583333333333,25.4,30.4,83.58333333333333,25.254166666666663,3.745,10.0,976.8083333333334,11.5,92.125,107.72631505111268,6,3,0,monsoon,-126,0
2024-06-28,29.5,29.5,1,0,29.5,,,0,0,27.804166666666664,25.6,30.6,85.33333333333333,25.0125,2.39375,8.0,975.9666666666668,20.9,76.58333333333333,127.26392509324272,6,4,0,monsoon,-125,0
2024-06-29,39.1,39.1,1,0,39.1,,,0,0,29.3,26.5,32.9,80.04166666666667,25.425,1.97375,7.6,974.5458333333332,18.9,55.583333333333336,195.64406500913444,6,5,1,monsoon,-124,0
2024-06-30,47.8,47.8,1,0,47.8,,,0,0,30.766666666666666,26.8,34.8,74.41666666666667,25.5125,1.7679166666666666,7.5,973.7666666666668,11.9,39.458333333333336,304.7603472859049,6,6,1,monsoon,-123,0
2024-07-01,29.9,29.9,1,0,29.9,,,0,0,30.125,25.9,34.1,78.66666666666667,25.83333333333333,1.96875,7.5,971.65,11.5,75.16666666666667,274.9419665379138,7,0,0,monsoon,-122,0
2024-07-02,32.3,32.3,1,0,32.3,,,0,0,29.28333333333333,26.4,33.6,83.625,26.1375,2.106666666666667,7.0,970.7416666666668,14.1,99.45833333333331,178.54279662430758,7,1,0,monsoon,-121,0
2024-07-03,30.3,30.3,1,0,30.3,,,0,0,29.34166666666667,26.0,32.9,83.08333333333333,26.016666666666666,2.3229166666666665,8.4,973.1166666666668,2.5,100.0,148.48927106132578,7,2,0,monsoon,-120,0
2024-07-04,18.5,18.5,1,0,18.5,,,0,0,28.05,25.5,31.6,83.125,24.754166666666663,2.1666666666666665,6.5,975.2916666666666,7.3,99.25,83.75800204366357,7,3,0,monsoon,-119,0
2024-07-05,25.0,25.0,1,0,25.0,,,0,0,27.84583333333333,26.2,30.4,84.54166666666667,24.95,2.66125,7.6,972.5166666666668,0.7,99.75,69.64959907361111,7,4,0,monsoon,-118,0
2024-07-06,22.9,22.9,1,0,22.9,,,0,0,28.579166666666666,26.0,33.0,80.375,24.72083333333333,2.5083333333333333,8.2,971.3375,1.0,91.375,67.51482623192487,7,5,1,monsoon,-117,0
2024-07-07,7.19,7.19,1,0,7.19,,,0,0,28.6125,25.6,33.5,76.29166666666667,23.741666666666664,1.87625,8.3,974.4,0.1,84.08333333333333,67.19516491994051,7,6,1,monsoon,-116,0
2024-07-08,20.8,20.8,1,0,20.8,,,0,0,28.9125,25.3,33.2,75.95833333333333,23.995833333333334,2.1220833333333333,6.6,977.4375,0.0,64.0,33.841810020744106,7,0,0,monsoon,-115,0
2024-07-09,38.1,38.1,1,0,38.1,,,0,0,29.504166666666663,26.2,32.4,79.91666666666667,25.616666666666664,1.79375,8.1,978.3625,4.9,36.583333333333336,97.04301299318551,7,1,0,monsoon,-114,0
2024-07-10,51.0,51.0,1,0,51.0,,,0,0,30.379166666666663,26.5,34.1,79.08333333333333,26.179166666666664,1.715833333333333,7.0,978.2125,11.3,78.83333333333333,161.4439464399726,7,2,0,monsoon,-113,0
2024-07-11,45.4,45.4,1,0,45.4,,,0,0,31.254166666666663,26.8,36.4,76.0,26.183333333333334,2.5587500000000003,12.4,974.1291666666666,3.9,76.91666666666667,229.61241490400485,7,3,0,monsoon,-112,0
2024-07-12,24.6,24.6,1,0,24.6,,,0,0,30.3125,27.0,35.3,74.375,25.09583333333333,2.567083333333333,12.9,972.375,0.5,56.125,266.2632358899095,7,4,0,monsoon,-111,0
2024-07-13,34.9,34.9,1,0,34.9,,,0,0,29.9625,25.2,34.3,77.25,25.22083333333333,1.5229166666666665,7.2,973.2375,12.4,18.541666666666668,323.72204627387083,7,5,1,monsoon,-110,0
2024-07-14,44.1,44.1,1,0,44.1,,,0,0,31.129166666666663,27.0,34.9,72.375,25.28333333333333,1.3020833333333333,5.3,973.1375,0.3,13.916666666666666,89.94521301634535,7,6,1,monsoon,-109,0
2024-07-15,40.9,40.9,1,0,40.9,,,0,0,30.241666666666664,25.5,33.2,75.70833333333333,25.3625,3.1454166666666663,12.4,975.7625,3.0,64.91666666666667,89.59129799076891,7,0,0,monsoon,-108,0
2024-07-16,39.5,39.5,1,0,39.5,,,0,0,30.775,25.6,34.3,77.125,26.08333333333333,2.9591666666666665,8.6,976.3958333333334,17.0,52.833333333333336,97.63463638809212,7,1,0,monsoon,-107,0
2024-07-17,32.0,32.0,1,0,32.0,,,0,0,31.27083333333333,28.2,34.7,75.29166666666667,26.225,2.9441666666666664,8.0,976.2166666666668,0.2,27.95833333333333,102.349797702344,7,2,0,monsoon,-106,0
2024-07-18,39.8,39.8,1,0,39.8,,,0,0,31.23333333333333,27.7,34.7,75.91666666666667,26.2875,2.1083333333333334,6.6,974.9333333333334,2.0,80.75,117.2938477732216,7,3,0,monsoon,-105,0
2024-07-19,58.0,58.0,1,0,58.0,,,0,0,30.575,27.3,34.4,77.04166666666667,25.85833333333333,2.151666666666667,5.9,973.7625,0.9,71.54166666666667,112.85402912834076,7,4,0,monsoon,-104,0
2024-07-20,47.2,47.2,1,0,47.2,,,0,0,31.025,27.1,35.1,75.08333333333333,25.8375,2.3075,6.4,974.5083333333332,0.2,45.708333333333336,117.42172972453524,7,5,1,monsoon,-103,0
2024-07-21,36.9,36.9,1,0,36.9,,,0,0,31.10833333333333,27.2,34.8,78.04166666666667,26.683333333333334,2.70125,9.7,974.4875,1.9,41.0,117.8670257526071,7,6,1,monsoon,-102,0
2024-07-22,34.6,34.6,1,0,34.6,,,0,0,30.96666666666667,27.8,34.6,78.04166666666667,26.47083333333333,2.32125,6.4,974.6625,5.0,91.125,116.34290059744468,7,0,0,monsoon,-101,0
2024-07-23,44.7,44.7,1,0,44.7,,,0,0,30.39583333333333,27.0,34.8,80.375,26.40833333333333,1.544166666666667,7.3,973.6791666666668,4.3,65.79166666666667,101.65409132120794,7,1,0,monsoon,-100,0
2024-07-24,47.7,47.7,1,0,47.7,,,0,0,29.566666666666663,26.4,33.7,82.20833333333333,26.04583333333333,1.4479166666666667,6.4,970.4625,6.9,74.66666666666667,91.2385467519672,7,2,0,monsoon,-99,0
2024-07-25,33.4,33.4,1,0,33.4,,,0,0,30.854166666666668,27.2,34.7,76.16666666666667,26.0,1.2920833333333333,5.4,969.5875,0.6,81.20833333333333,36.25887615333932,7,3,0,monsoon,-98,0
2024-07-26,50.3,50.3,1,0,50.3,,,0,0,29.89583333333333,27.4,33.0,81.125,26.1625,1.8666666666666665,6.4,971.3833333333332,10.2,98.25,41.30650694659244,7,4,0,monsoon,-97,0
2024-07-27,37.9,37.9,1,0,37.9,,,0,0,30.5125,28.0,34.0,80.79166666666667,26.745833333333334,1.6183333333333334,8.8,973.5458333333332,4.5,84.125,82.67417004890615,7,5,1,monsoon,-96,0
2024-07-28,23.4,23.4,1,0,23.4,,,0,0,31.45833333333333,28.6,35.1,76.91666666666667,26.704166666666666,2.5391666666666666,11.7,973.725,6.0,39.083333333333336,97.86334201137936,7,6,1,monsoon,-95,0
2024-07-29,27.4,27.4,1,0,27.4,,,0,0,31.8125,28.3,35.7,72.54166666666667,26.08333333333333,3.296666666666667,8.9,973.7375,0.3,52.0,106.5996932620235,7,0,0,monsoon,-94,0
2024-07-30,31.3,31.3,1,0,31.3,,,0,0,32.800000000000004,29.0,36.4,69.79166666666667,26.3375,3.0229166666666667,7.9,975.0333333333332,0.1,59.54166666666666,129.61056578085078,7,1,0,monsoon,-93,0
2024-07-31,23.7,23.7,1,0,23.7,,,0,0,31.04583333333333,26.5,37.1,78.25,26.48333333333333,1.9979166666666668,11.4,975.0,116.0,99.58333333333331,199.12636996543665,7,2,0,monsoon,-92,0
2024-08-01,9.64,9.64,1,0,9.64,,,0,0,28.179166666666664,25.5,31.2,85.16666666666667,25.3125,1.8133333333333328,9.7,974.6625,34.7,98.83333333333331,157.6208089944048,8,3,0,monsoon,-91,0
2024-08-02,21.7,21.7,1,0,21.7,,,0,0,28.429166666666664,25.5,32.2,83.25,25.204166666666666,3.0691666666666664,10.3,973.5625,3.0,82.33333333333333,115.2958683475798,8,4,0,monsoon,-90,0
2024-08-03,14.8,14.8,1,0,14.8,,,0,0,28.916666666666668,26.0,32.4,82.45833333333333,25.479166666666668,3.7608333333333337,11.2,975.2625,1.9,44.875,123.23572889757588,8,5,1,monsoon,-89,0
2024-08-04,11.4,11.4,1,0,11.4,,,0,0,29.7125,26.9,33.5,74.08333333333333,24.42083333333333,4.799166666666667,14.4,976.8125,0.1,36.833333333333336,90.50169271218572,8,6,1,monsoon,-88,0
2024-08-05,14.8,14.8,1,0,14.8,,,0,0,29.0375,26.4,32.6,76.5,24.3375,6.110833333333333,14.7,976.3666666666668,1.2000000000000002,54.79166666666666,111.62697707683115,8,0,0,monsoon,-87,0
2024-08-06,12.2,12.2,1,0,12.2,,,0,0,29.004166666666663,26.4,31.8,76.29166666666667,24.320833333333336,3.1366666666666667,8.0,975.4291666666668,0.1,70.125,178.1482802596512,8,1,0,monsoon,-86,0
2024-08-07,11.3,11.3,1,0,11.3,,,0,0,27.3125,25.5,30.1,86.0,24.71666666666667,1.9833333333333332,6.0,976.4833333333332,16.400000000000002,97.66666666666669,209.26752208232352,8,2,0,monsoon,-85,0
2024-08-08,12.8,12.8,1,0,12.8,,,0,0,27.570833333333336,25.5,31.5,87.08333333333333,25.120833333333334,2.07375,6.7,977.9125,10.8,82.41666666666667,132.8309763096898,8,3,0,monsoon,-84,0
2024-08-09,18.5,18.5,1,0,18.5,,,0,0,27.775,25.3,31.8,86.70833333333333,25.245833333333334,1.6529166666666668,5.8,979.0083333333332,30.8,98.79166666666669,100.6521997897105,8,4,0,monsoon,-83,0
2024-08-10,24.5,24.5,1,0,24.5,,,0,0,27.6375,24.9,31.3,87.41666666666667,25.20833333333333,1.56375,6.1,978.0625,16.7,99.58333333333331,75.13294246190497,8,5,1,monsoon,-82,0
2024-08-11,16.5,16.5,1,0,16.5,,,0,0,27.316666666666663,25.6,30.9,88.625,25.22083333333333,1.7458333333333331,6.2,976.7458333333334,11.4,99.16666666666669,106.4095841414545,8,6,1,monsoon,-81,0
2024-08-12,23.7,23.7,1,0,23.7,,,0,0,26.77083333333333,25.6,30.0,90.95833333333331,25.133333333333336,2.115833333333333,7.0,977.6958333333332,10.9,98.20833333333331,78.57483384690227,8,0,0,monsoon,-80,0
2024-08-13,12.8,12.8,1,0,12.8,,,0,0,27.3375,25.2,30.8,89.70833333333333,25.441666666666663,2.5079166666666666,8.3,978.8291666666668,9.1,93.75,83.92947171356155,8,1,0,monsoon,-79,0
2024-08-14,24.6,24.6,1,0,24.6,,,0,0,28.03333333333333,25.9,30.7,89.04166666666667,25.991666666666664,1.875,6.3,979.1625,7.800000000000001,98.16666666666669,84.3518827844128,8,2,0,monsoon,-78,0
2024-08-15,15.4,15.4,1,0,15.4,,,0,0,28.445833333333336,25.9,32.2,87.0,25.941666666666663,2.6266666666666665,7.8,978.0875,10.9,84.54166666666667,105.50363473511015,8,3,0,monsoon,-77,0
2024-08-16,12.7,12.7,1,0,12.7,,,0,0,27.866666666666664,25.5,32.3,87.66666666666667,25.516666666666666,3.0308333333333333,8.6,977.4541666666668,15.0,97.45833333333331,113.20581546944491,8,4,0,monsoon,-76,0
2024-08-17,24.1,24.1,1,0,24.1,,,0,0,28.491666666666664,25.7,31.9,85.83333333333333,25.75,1.6045833333333333,5.8,979.8333333333334,7.7,97.16666666666669,353.0667017428155,8,5,1,monsoon,-75,0
2024-08-18,21.9,21.9,1,0,21.9,,,0,0,29.1,26.2,32.7,82.79166666666667,25.766666666666666,2.410833333333333,8.3,980.6,2.3,63.083333333333336,281.1805478291293,8,6,1,monsoon,-74,0
2024-08-19,18.7,18.7,1,0,18.7,,,0,0,29.070833333333336,26.2,32.7,81.66666666666667,25.47083333333333,2.1054166666666667,8.8,979.6208333333334,1.6,87.25,283.6378369051133,8,0,0,monsoon,-73,0
2024-08-20,16.9,16.9,1,0,16.9,,,0,0,28.204166666666666,26.4,31.6,85.5,25.4625,1.382083333333333,8.4,979.6875,4.3,97.375,230.9011182044237,8,1,0,monsoon,-72,0
2024-08-21,22.4,22.4,1,0,22.4,,,0,0,28.379166666666663,25.1,32.0,85.66666666666667,25.59583333333333,1.235,5.8,980.775,5.4,90.125,123.31822000376854,8,2,0,monsoon,-71,0
2024-08-22,20.9,20.9,1,0,20.9,,,0,0,28.254166666666663,24.7,32.8,85.875,25.558333333333334,1.3645833333333333,7.3,979.8208333333332,7.0,66.33333333333333,255.5480823187565,8,3,0,monsoon,-70,0
2024-08-23,24.9,24.9,1,0,24.9,,,0,0,27.4125,24.9,30.7,86.33333333333333,24.8,1.4829166666666669,6.1,980.2708333333334,0.8999999999999999,73.75,76.96902819404204,8,4,0,monsoon,-69,0
2024-08-24,49.6,49.6,1,0,49.6,,,0,0,28.3125,25.3,31.5,84.45833333333333,25.329166666666666,1.66,9.0,979.7916666666666,8.8,70.875,50.212459676334674,8,5,1,monsoon,-68,0
2024-08-25,17.1,17.1,1,0,17.1,,,0,0,28.77916666666667,24.9,32.2,79.20833333333333,24.666666666666668,4.59625,12.5,977.6166666666668,15.2,44.875,87.8110014569179,8,6,1,monsoon,-67,0
2024-08-26,21.2,21.2,1,0,21.2,,,0,0,28.1875,26.0,31.6,82.54166666666667,24.870833333333334,4.274166666666667,11.7,977.4708333333332,3.8,43.833333333333336,99.62435779865672,8,0,0,monsoon,-66,0
2024-08-27,16.1,16.1,1,0,16.1,,,0,0,27.254166666666663,24.3,31.2,85.33333333333333,24.46666666666667,4.8075,13.6,979.5083333333332,11.1,87.83333333333333,113.71002299768776,8,1,0,monsoon,-65,0
2024-08-28,15.3,15.3,1,0,15.3,,,0,0,26.8625,24.2,30.3,87.375,24.475,2.828333333333333,8.7,979.3708333333334,7.9,91.125,120.421531878449,8,2,0,monsoon,-64,0
2024-08-29,17.9,17.9,1,0,17.9,,,0,0,26.933333333333334,24.4,30.9,87.29166666666667,24.4875,2.89625,10.1,979.4291666666668,19.5,80.54166666666667,124.3742484776107,8,3,0,monsoon,-63,0
2024-08-30,33.7,33.7,1,0,33.7,,,0,0,27.525,25.0,31.3,88.20833333333333,25.2875,1.5783333333333331,6.2,981.3958333333334,7.5,52.625,94.602615325925,8,4,0,monsoon,-62,0
2024-08-31,32.2,32.2,1,0,32.2,,,0,0,29.245833333333334,25.6,33.3,78.95833333333333,24.954166666666666,2.3375,7.4,980.8125,0.0,22.166666666666668,313.57160682657985,8,5,1,monsoon,-61,0
2024-09-01,33.7,33.7,1,0,33.7,,,0,0,29.64583333333333,25.9,33.5,76.375,24.816666666666663,2.25875,6.3,980.3875,0.1,38.083333333333336,326.5061669244263,9,6,1,monsoon,-60,0
2024-09-02,26.1,26.1,1,0,26.1,,,0,0,28.016666666666666,25.1,31.5,83.875,24.941666666666663,2.8679166666666664,7.7,981.1791666666668,11.7,82.625,109.58430042347112,9,0,0,monsoon,-59,0
2024-09-03,22.0,22.0,1,0,22.0,,,0,0,27.40833333333333,25.4,31.6,86.66666666666667,24.891666666666666,2.3866666666666667,7.2,981.6208333333334,17.8,65.95833333333333,86.8969242697512,9,1,0,monsoon,-58,0
2024-09-04,16.5,16.5,1,0,16.5,,,0,0,27.2375,24.4,30.8,86.625,24.691666666666663,1.6395833333333334,6.2,979.5083333333332,0.9000000000000001,86.91666666666667,320.2732292501941,9,2,0,monsoon,-57,0
2024-09-05,25.0,25.0,1,0,25.0,,,0,0,27.566666666666663,24.8,31.6,84.16666666666667,24.40416666666667,0.9820833333333332,7.8,977.6041666666666,2.9,39.875,282.4693661818866,9,3,0,monsoon,-56,0
2024-09-06,16.9,16.9,1,0,16.9,,,0,0,26.512500000000003,24.2,30.6,89.33333333333333,24.5125,1.96,7.4,979.2,14.7,79.625,108.15476660682742,9,4,0,monsoon,-55,0
2024-09-07,23.4,23.4,1,0,23.4,,,0,0,26.84583333333333,24.1,30.4,88.08333333333333,24.558333333333334,1.39625,5.5,980.2916666666666,23.6,94.0,109.66465742111262,9,5,1,monsoon,-54,0
2024-09-08,43.4,43.4,1,0,43.4,,,0,0,27.641666666666666,24.4,31.3,86.91666666666667,25.1625,1.43625,6.1,979.9083333333332,14.1,96.75,312.6603494863516,9,6,1,monsoon,-53,0
2024-09-09,41.6,41.6,1,0,41.6,,,0,0,28.445833333333336,25.2,32.7,81.625,24.729166666666668,1.7275,5.9,977.8416666666668,3.4,55.208333333333336,320.6093717099017,9,0,0,monsoon,-52,0
2024-09-10,36.2,36.2,1,0,36.2,,,0,0,27.25,24.9,30.7,88.91666666666667,25.2125,0.9979166666666668,6.4,977.4375,11.8,86.16666666666667,69.21799246060829,9,1,0,monsoon,-51,0
2024-09-11,26.9,26.9,1,0,26.9,,,0,0,27.504166666666663,25.0,31.7,89.41666666666667,25.5,2.0275000000000003,8.4,977.0208333333334,26.7,74.75,356.13719149338885,9,2,0,monsoon,-50,0
2024-09-12,9.91,9.91,1,0,9.91,,,0,0,25.40833333333333,23.9,27.2,91.5,23.92083333333333,4.693333333333333,12.2,975.325,100.8,96.91666666666669,7.4262768978748,9,3,0,monsoon,-49,0
2024-09-13,11.4,11.4,1,0,11.4,,,0,0,25.42083333333333,23.3,30.0,89.375,23.495833333333334,3.87375,12.4,976.2666666666668,54.7,83.08333333333333,285.79045350339504,9,4,0,monsoon,-48,0
2024-09-14,21.6,21.6,1,0,21.6,,,0,0,25.991666666666664,22.6,29.9,83.83333333333333,22.9,2.8070833333333334,10.1,978.7041666666668,4.7,47.208333333333336,293.87918763598424,9,5,1,monsoon,-47,0
2024-09-15,30.8,30.8,1,0,30.8,,,0,0,26.4125,22.5,31.2,79.29166666666667,22.304166666666664,3.1129166666666666,10.2,979.2333333333332,0.1,14.875,290.34575906200143,9,6,1,monsoon,-46,0
2024-09-16,39.0,39.0,1,0,39.0,,,0,0,27.22083333333333,23.7,32.1,72.54166666666667,21.620833333333334,3.3200000000000003,9.3,980.5833333333334,0.0,3.7083333333333335,288.69649689191976,9,0,0,monsoon,-45,0
2024-09-17,46.6,46.6,1,0,46.6,,,0,0,27.629166666666663,23.9,31.5,74.08333333333333,22.4125,1.96875,6.4,981.9625,0.0,61.708333333333336,302.6394475812591,9,1,0,monsoon,-44,0
2024-09-18,29.6,29.6,1,0,29.6,,,0,0,24.95833333333333,22.8,27.7,86.08333333333333,22.42083333333333,2.966666666666667,8.6,980.9458333333332,62.7,99.29166666666669,35.04739439706333,9,2,0,monsoon,-43,0
2024-09-19,26.0,26.0,1,0,26.0,,,0,0,26.229166666666668,22.8,29.8,85.5,23.45833333333333,3.139583333333333,10.2,980.7833333333332,3.7,59.208333333333336,87.87313278512624,9,3,0,monsoon,-42,0
2024-09-20,26.7,26.7,1,0,26.7,,,0,0,27.225,24.0,31.1,80.41666666666667,23.27083333333333,1.8479166666666669,7.0,981.0583333333334,0.0,28.0,134.41229960648195,9,4,0,monsoon,-41,0
2024-09-21,32.7,32.7,1,0,32.7,,,0,0,27.891666666666666,24.8,31.6,79.25,23.791666666666668,1.3108333333333333,5.7,982.2708333333334,0.2,45.41666666666666,188.16245564394117,9,5,1,monsoon,-40,0
2024-09-22,61.5,61.5,1,0,61.5,,,0,0,29.02916666666667,25.3,33.1,77.125,24.445833333333336,1.585,4.9,981.6875,0.0,26.83333333333333,305.08647859502327,9,6,1,monsoon,-39,0
2024-09-23,70.8,70.8,1,0,70.8,,,0,0,28.95,25.1,33.3,78.33333333333333,24.59583333333333,1.8558333333333328,5.6,981.1,0.0,1.3333333333333333,295.3759025752943,9,0,0,monsoon,-38,0
2024-09-24,81.0,81.0,1,0,81.0,,,0,0,29.354166666666668,25.2,33.6,77.125,24.65833333333333,1.0579166666666666,3.1,980.075,0.0,6.833333333333333,229.50576221650127,9,1,0,monsoon,-37,0
2024-09-25,71.0,71.0,1,0,71.0,,,0,0,29.008333333333336,26.4,33.0,81.45833333333333,25.3875,2.94375,7.7,980.375,0.4,50.375,119.39478476883583,9,2,0,monsoon,-36,0
2024-09-26,23.2,23.2,1,0,23.2,,,0,0,27.95,25.3,31.4,81.70833333333333,24.4,2.9591666666666665,7.2,980.4333333333334,0.4,85.95833333333333,115.54411375544856,9,3,0,monsoon,-35,0
2024-09-27,11.3,11.3,1,0,11.3,,,0,0,27.316666666666663,24.8,30.9,79.66666666666667,23.39583333333333,2.9104166666666664,8.8,980.0625,0.8,30.666666666666668,95.26233934151992,9,4,0,monsoon,-34,0
2024-09-28,16.1,16.1,1,0,16.1,,,0,0,26.3125,23.1,30.5,81.29166666666667,22.666666666666668,2.192916666666666,6.6,981.9,0.0,72.5,74.36972783690959,9,5,1,monsoon,-33,0
2024-09-29,23.1,23.1,1,0,23.1,,,0,0,26.383333333333336,22.6,30.7,83.16666666666667,23.09583333333333,1.8816666666666664,5.9,984.5333333333332,0.3,61.375,58.62351787644786,9,6,1,monsoon,-32,0
2024-09-30,52.9,52.9,1,0,52.9,,,0,0,27.7625,23.5,32.7,77.45833333333333,23.141666666666666,2.359583333333333,8.1,983.6291666666666,0.0,29.45833333333333,287.62790869130373,9,0,0,monsoon,-31,0
2024-10-01,58.9,58.9,1,0,58.9,,,0,0,28.3375,24.0,33.2,76.33333333333333,23.4875,2.379583333333333,7.8,980.8916666666668,0.0,1.0,283.2557686841975,10,1,0,post_monsoon,-30,0
2024-10-02,59.0,59.0,1,0,59.0,,,0,0,28.9375,24.7,34.6,72.58333333333333,23.070833333333336,2.592083333333333,9.1,980.2833333333332,0.0,0.0416666666666666,270.5728749211162,10,2,0,post_monsoon,-29,0
2024-10-03,45.0,45.0,1,0,45.0,,,0,0,28.616666666666664,24.5,33.9,65.95833333333333,21.3125,2.93,9.6,979.8208333333332,0.0,0.0,284.033573781001,10,3,0,post_monsoon,-28,0
2024-10-04,50.8,50.8,1,0,50.8,,,0,0,28.3625,23.8,33.5,68.0,21.6125,2.44875,7.5,980.9958333333334,0.0,0.2916666666666667,268.5380840264873,10,4,0,post_monsoon,-27,0
2024-10-05,36.8,36.8,1,0,36.8,,,0,0,28.39583333333333,24.2,33.6,66.16666666666667,21.2,2.768333333333333,9.3,983.1375,0.0,7.291666666666667,272.3904419158464,10,5,1,post_monsoon,-26,0
2024-10-06,39.1,39.1,1,0,39.1,,,0,0,27.79583333333333,23.7,33.6,65.41666666666667,20.391666666666666,2.5125,7.8,986.3041666666668,0.0,5.041666666666667,306.2873600099304,10,6,1,post_monsoon,-25,0
2024-10-07,43.7,43.7,1,0,43.7,,,0,0,26.70833333333333,21.9,32.4,71.04166666666667,20.641666666666666,1.8958333333333333,5.9,988.2625,0.0,0.0,317.61713556115376,10,0,0,post_monsoon,-24,0
2024-10-08,62.7,62.7,1,0,62.7,,,0,0,27.004166666666663,22.2,32.5,69.875,20.525,1.9770833333333333,5.8,987.7125,0.0,0.9583333333333334,333.9870636369161,10,1,0,post_monsoon,-23,0
2024-10-09,60.0,60.0,1,0,60.0,,,0,0,26.525,20.6,32.2,65.25,18.97083333333333,2.0383333333333336,7.4,985.775,0.0,1.5416666666666667,300.9845821686718,10,2,0,post_monsoon,-22,0
2024-10-10,43.3,43.3,1,0,43.3,,,0,0,26.15833333333333,21.0,32.3,60.29166666666666,17.25,2.66125,7.4,985.0125,0.0,7.791666666666667,299.20057875193265,10,3,0,post_monsoon,-21,0
2024-10-11,55.9,55.9,1,0,55.9,,,0,0,25.041666666666668,19.1,31.7,56.375,15.2875,2.567083333333333,7.7,985.1208333333334,0.0,4.583333333333333,282.3641408777158,10,4,0,post_monsoon,-20,0
2024-10-12,60.0,60.0,1,0,60.0,,,0,0,25.308333333333334,19.1,32.0,61.16666666666666,16.595833333333335,2.2204166666666665,6.3,985.7,0.0,0.125,279.51712921270405,10,5,1,post_monsoon,-19,0
2024-10-13,84.3,84.3,1,0,84.3,,,0,0,25.979166666666668,19.7,32.1,56.625,15.954166666666666,1.77625,5.0,986.5958333333332,0.0,24.75,303.44799651659787,10,6,1,post_monsoon,-18,0
2024-10-14,85.9,85.9,1,0,85.9,,,0,0,25.6875,20.5,31.8,55.41666666666666,15.483333333333334,1.73625,5.8,987.0791666666668,0.0,5.125,312.5491812939801,10,0,0,post_monsoon,-17,0
2024-10-15,76.2,76.2,1,0,76.2,,,0,0,25.183333333333334,19.4,31.9,56.708333333333336,15.520833333333334,2.521666666666667,7.1,986.1875,0.0,0.0,283.6409689786228,10,1,0,post_monsoon,-16,0
2024-10-16,92.2,92.2,1,0,92.2,,,0,0,25.72083333333333,19.6,32.4,57.5,16.1375,1.8591666666666664,5.1,985.1708333333332,0.0,52.625,260.2206146500401,10,2,0,post_monsoon,-15,0
2024-10-17,112.0,112.0,1,0,112.0,,,0,0,26.291666666666668,20.6,32.8,62.91666666666666,18.125,1.684583333333333,4.5,985.75,0.0,32.708333333333336,104.15394340484414,10,3,0,post_monsoon,-14,0
2024-10-18,97.8,97.8,1,0,97.8,,,0,0,26.141666666666666,20.1,33.4,65.0,18.229166666666668,1.7620833333333332,4.0,985.65,0.0,0.0,136.32483227693268,10,4,0,post_monsoon,-13,0
2024-10-19,101.0,101.0,1,0,101.0,,,0,0,26.879166666666663,21.0,33.7,63.16666666666666,18.604166666666668,1.600833333333333,4.9,985.9541666666668,0.0,0.8333333333333334,177.71120857875258,10,5,1,post_monsoon,-12,0
2024-10-20,120.0,120.0,1,0,120.0,,,0,0,26.4875,20.2,33.0,67.66666666666667,19.2625,1.8970833333333332,6.5,987.2666666666668,0.0,3.625,93.70276060877478,10,6,1,post_monsoon,-11,0
2024-10-21,131.0,131.0,1,0,131.0,,,0,0,25.6375,20.0,32.3,70.45833333333333,19.229166666666668,1.7991666666666666,5.4,987.8541666666666,0.0,0.2916666666666667,63.44223059779932,10,0,0,post_monsoon,-10,0
2024-10-22,136.0,136.0,1,0,136.0,,,0,0,25.575,20.1,31.5,67.54166666666667,18.525,2.0116666666666667,5.6,988.8333333333334,0.0,0.0833333333333333,41.32726819213269,10,1,0,post_monsoon,-9,0
2024-10-23,194.0,194.0,1,0,194.0,,,0,0,26.075,20.1,32.1,61.29166666666666,17.270833333333332,2.785,9.2,988.1791666666668,0.0,0.6666666666666666,312.2126485374703,10,2,0,post_monsoon,-8,0
2024-10-24,130.0,130.0,1,0,130.0,,,0,0,25.504166666666663,20.2,32.6,59.458333333333336,16.654166666666665,3.030416666666667,8.3,986.8708333333334,0.0,0.0,309.33293889335624,10,3,0,post_monsoon,-7,0
2024-10-25,111.0,111.0,1,0,111.0,,,0,0,25.008333333333336,19.1,32.1,60.66666666666666,16.433333333333334,2.88875,9.3,986.1333333333332,0.0,0.0,301.5984624738601,10,4,0,post_monsoon,-6,0
2024-10-26,137.0,137.0,1,0,137.0,,,0,0,24.65416666666667,19.0,31.6,65.95833333333333,17.325,2.4366666666666665,7.3,986.0541666666668,0.0,0.0,337.66145560431784,10,5,1,post_monsoon,-5,1
2024-10-27,157.0,157.0,1,0,157.0,,,0,0,25.166666666666668,20.4,31.1,73.75,19.641666666666666,1.82375,5.8,985.3375,0.0,0.0416666666666666,114.50845777253916,10,6,1,post_monsoon,-4,1
2024-10-28,115.0,115.0,1,0,115.0,,,0,0,25.695833333333336,21.0,31.4,71.0,19.541666666666668,2.0795833333333333,6.8,984.0958333333332,0.0,0.0,154.35565102783073,10,0,0,post_monsoon,-3,1
2024-10-29,97.7,97.7,1,0,97.7,,,0,0,26.425,20.6,32.9,70.08333333333333,19.929166666666667,1.8283333333333331,5.7,984.4708333333332,0.0,0.0,158.8369126462859,10,1,0,post_monsoon,-2,1
2024-10-30,131.0,131.0,1,0,131.0,,,0,0,27.0375,21.3,34.3,64.66666666666667,18.808333333333334,2.1041666666666665,6.3,985.175,0.0,0.4166666666666667,329.9065388144695,10,2,0,post_monsoon,-1,1
2024-10-31,176.0,176.0,1,0,176.0,,,0,0,26.104166666666668,20.8,32.8,62.91666666666666,17.654166666666665,3.055,9.6,986.8125,0.0,0.0416666666666666,294.61129331206826,10,3,0,post_monsoon,0,1
2024-11-01,117.0,117.0,1,0,117.0,,,0,0,24.879166666666663,19.3,32.0,52.66666666666666,13.7375,3.3083333333333336,9.4,987.5916666666668,0.0,0.0,292.98036564890657,11,4,0,post_monsoon,1,1
2024-11-02,184.0,184.0,1,0,184.0,,,0,0,24.445833333333336,17.7,31.7,53.79166666666666,13.920833333333334,1.9654166666666668,5.6,988.6875,0.0,0.0,292.96957225800503,11,5,1,post_monsoon,2,1
2024-11-03,207.0,207.0,1,0,207.0,,,0,0,24.4,18.2,31.3,54.25,13.604166666666666,1.82,5.4,989.575,0.0,0.0,31.28881647919195,11,6,1,post_monsoon,3,1
2024-11-04,218.0,218.0,1,0,218.0,,,0,0,23.758333333333336,17.5,30.4,61.833333333333336,15.420833333333334,1.8683333333333327,5.0,988.1708333333332,0.0,0.0,296.4917533155892,11,0,0,post_monsoon,4,1
2024-11-05,171.0,171.0,1,0,171.0,,,0,0,23.4375,18.1,29.4,71.0,17.433333333333334,1.7875,4.8,990.0958333333332,0.0,0.5416666666666666,86.3154615988372,11,1,0,post_monsoon,5,1
2024-11-06,168.0,168.0,1,0,168.0,,,0,0,23.97083333333333,18.1,30.2,67.33333333333333,16.933333333333334,1.5470833333333334,5.1,990.4083333333332,0.0,0.0416666666666666,296.3689223989345,11,2,0,post_monsoon,6,0
2024-11-07,206.0,206.0,1,0,206.0,,,0,0,24.22083333333333,19.0,30.1,66.625,17.095833333333335,1.5904166666666668,4.6,989.5875,0.0,0.0,147.01699672998552,11,3,0,post_monsoon,7,0
2024-11-08,180.0,180.0,1,0,180.0,,,0,0,24.65833333333333,19.0,30.3,66.29166666666667,17.5125,1.505,4.6,989.3916666666668,0.0,1.75,145.76871469516078,11,4,0,post_monsoon,8,0
2024-11-09,164.0,164.0,1,0,164.0,,,0,0,24.5625,19.7,30.6,67.58333333333333,17.620833333333334,2.169166666666667,6.8,989.6,0.0,1.7916666666666667,145.31325959842218,11,5,1,post_monsoon,9,0
2024-11-10,156.0,156.0,1,0,156.0,,,0,0,24.316666666666663,19.3,30.2,69.375,17.912499999999998,1.8066666666666664,5.1,989.5041666666666,0.0,0.2916666666666667,109.5412689484492,11,6,1,post_monsoon,10,0
2024-11-11,167.0,167.0,1,0,167.0,,,0,0,23.8875,18.5,29.8,74.41666666666667,18.529166666666665,1.68875,5.0,989.4166666666666,0.0,1.1666666666666667,77.40159466308847,11,0,0,post_monsoon,11,0
2024-11-12,177.0,177.0,1,0,177.0,,,0,0,24.95833333333333,19.0,31.2,60.04166666666666,15.241666666666667,2.058333333333333,8.0,988.9583333333334,0.0,0.0,259.5229645439057,11,1,0,post_monsoon,12,0
2024-11-13,385.0,385.0,1,0,385.0,,,0,0,24.08333333333333,18.8,30.0,56.125,14.041666666666666,1.53,8.1,988.1291666666666,0.0,0.0,298.94740830355016,11,2,0,post_monsoon,13,0
2024-11-14,292.0,292.0,1,0,292.0,,,0,0,24.09583333333333,19.0,30.0,55.41666666666666,13.6625,0.9041666666666668,7.1,990.1208333333334,0.0,0.0833333333333333,303.65485995895665,11,3,0,post_monsoon,14,0
2024-11-15,251.0,251.0,1,0,251.0,,,0,0,23.775,18.7,29.0,51.16666666666666,12.295833333333334,1.6545833333333333,8.8,989.5375,0.0,0.0416666666666666,299.5151288853644,11,4,0,post_monsoon,15,0
2024-11-16,321.0,321.0,1,0,321.0,,,0,0,23.3,17.6,28.8,55.54166666666666,13.075,1.5404166666666663,8.0,988.5625,0.0,1.1666666666666667,297.80919356356696,11,5,1,post_monsoon,16,0
2024-11-17,470.0,470.0,1,0,470.0,,,0,0,22.945833333333336,18.0,28.5,57.91666666666666,13.679166666666667,1.3625,7.0,989.1416666666668,0.0,1.25,297.0580803211245,11,6,1,post_monsoon,17,0
2024-11-18,,,0,0,,,,0,0,20.8375,15.9,26.4,59.625,12.0,1.50875,6.5,990.7,0.0,0.5833333333333334,291.6404631149659,11,0,0,post_monsoon,18,0
2024-11-19,310.0,310.0,1,0,310.0,,,0,0,20.104166666666668,14.2,25.9,51.29166666666666,8.875,1.606666666666667,7.3,991.6666666666666,0.0,0.0,289.329219684809,11,1,0,post_monsoon,19,0
2024-11-20,253.0,253.0,1,0,253.0,,,0,0,19.7875,13.6,25.9,49.54166666666666,8.133333333333335,1.5358333333333334,7.0,990.6041666666666,0.0,0.0,288.39114300679364,11,2,0,post_monsoon,20,0
2024-11-21,190.0,190.0,1,0,190.0,,,0,0,19.779166666666665,13.6,25.8,50.5,8.558333333333334,1.49875,6.7,990.1333333333332,0.0,0.0,288.67518362623406,11,3,0,post_monsoon,21,0
2024-11-22,264.0,264.0,1,0,264.0,,,0,0,20.341666666666665,14.0,26.3,53.875,10.058333333333334,1.2758333333333334,6.3,989.8791666666666,0.0,0.0,292.4749658470892,11,4,0,post_monsoon,22,0
2024-11-23,208.0,208.0,1,0,208.0,,,0,0,20.90833333333333,14.1,27.5,51.333333333333336,9.429166666666667,1.1758333333333333,5.9,990.3708333333334,0.0,0.0833333333333333,248.84938858121933,11,5,1,post_monsoon,23,0
2024-11-24,134.0,134.0,1,0,134.0,,,0,0,21.475,15.7,27.7,48.16666666666666,9.370833333333334,2.052083333333333,8.2,990.2125,0.0,0.0416666666666666,271.1551449276994,11,6,1,post_monsoon,24,0
2024-11-25,259.0,259.0,1,0,259.0,,,0,0,20.6,15.1,25.9,57.29166666666666,11.416666666666666,2.1279166666666667,8.6,990.2291666666666,0.0,0.0,285.6927003663607,11,0,0,post_monsoon,25,0
2024-11-26,154.0,154.0,1,0,154.0,,,0,0,19.6875,13.9,25.6,55.75,9.7375,1.7983333333333331,7.9,990.3541666666666,0.0,0.0,286.31329153216006,11,1,0,post_monsoon,26,0
2024-11-27,149.0,149.0,1,0,149.0,,,0,0,19.77083333333333,13.6,26.0,49.04166666666666,7.920833333333333,1.2054166666666666,6.6,989.8833333333332,0.0,0.0,299.8004847259755,11,2,0,post_monsoon,27,0
2024-11-28,167.0,167.0,1,0,167.0,,,0,0,19.47083333333333,12.8,25.5,50.25,8.016666666666667,0.9408333333333334,5.7,991.4416666666666,0.0,0.0416666666666666,333.5217777227079,11,3,0,post_monsoon,28,0
2024-11-29,195.0,195.0,1,0,195.0,,,0,0,18.945833333333333,12.5,24.6,58.958333333333336,10.120833333333334,0.6629166666666667,4.6,992.0583333333334,0.0,0.0,347.307656514275,11,4,0,post_monsoon,29,0
2024-11-30,186.0,186.0,1,0,186.0,,,0,0,18.941666666666663,12.4,24.9,60.0,10.229166666666666,1.1966666666666663,6.1,990.25,0.0,0.0,306.5855749870829,11,5,1,post_monsoon,30,0
2024-12-01,152.0,152.0,1,0,152.0,,,0,0,19.370833333333334,14.0,24.8,61.458333333333336,11.183333333333332,1.3379166666666666,6.2,988.4666666666668,0.0,0.0,300.49494952890586,12,6,1,post_monsoon,31,0
2024-12-02,134.0,134.0,1,0,134.0,,,0,0,19.5,13.3,25.8,58.375,10.266666666666667,1.3704166666666666,6.3,988.7041666666668,0.0,0.0,300.04432321553816,12,0,0,post_monsoon,32,0
2024-12-03,120.0,120.0,1,0,120.0,,,0,0,20.141666666666666,13.5,26.5,56.25,10.291666666666666,1.83875,7.6,990.775,0.0,0.0,306.9141888475248,12,1,0,post_monsoon,33,0
2024-12-04,82.3,82.3,1,0,82.3,,,0,0,20.09583333333333,15.2,25.6,49.75,8.816666666666666,2.71875,9.8,989.9416666666666,0.0,0.0,298.2664901610156,12,2,0,post_monsoon,34,0
2024-12-05,82.6,82.6,1,0,82.6,,,0,0,17.866666666666667,12.0,23.6,44.54166666666666,4.845833333333333,2.2704166666666667,9.0,989.45,0.0,0.0,282.6857449654096,12,3,0,post_monsoon,35,0
2024-12-06,93.9,93.9,1,0,93.9,,,0,0,17.5625,11.3,23.5,46.958333333333336,5.670833333333333,1.99125,8.8,988.3208333333332,0.0,0.25,286.48989542515534,12,4,0,post_monsoon,36,0
2024-12-07,108.0,108.0,1,0,108.0,,,0,0,16.900000000000002,9.7,23.1,44.04166666666666,3.4,0.9366666666666666,4.3,987.9041666666668,0.0,0.0,283.1768936173196,12,5,1,post_monsoon,37,0
2024-12-08,148.0,148.0,1,0,148.0,,,0,0,16.116666666666667,11.0,22.3,56.16666666666666,6.925,2.280416666666667,9.4,987.6791666666668,1.5,18.625,124.14594659755215,12,6,1,post_monsoon,38,0
2024-12-09,96.1,96.1,1,0,96.1,,,0,0,15.345833333333331,10.4,20.2,65.375,8.433333333333334,1.1966666666666663,4.8,989.9916666666668,0.0,0.6666666666666666,36.05917106016898,12,0,0,post_monsoon,39,0
2024-12-10,109.0,109.0,1,0,109.0,,,0,0,14.529166666666669,9.8,20.1,52.875,3.795833333333333,2.29625,9.0,991.9958333333334,0.0,0.0,304.0302494406397,12,1,0,post_monsoon,40,0
2024-12-11,119.0,119.0,1,0,119.0,,,0,0,13.904166666666669,8.2,20.2,46.708333333333336,2.3125,2.230833333333333,7.8,991.725,0.0,0.0,291.6378733673478,12,2,0,post_monsoon,41,0
2024-12-12,164.0,164.0,1,0,164.0,,,0,0,14.266666666666666,7.7,20.5,52.125,3.9166666666666665,2.072083333333333,7.6,991.125,0.0,0.0,298.94972951880493,12,3,0,post_monsoon,42,0
2024-12-13,120.0,120.0,1,0,120.0,,,0,0,14.85,9.2,20.6,47.708333333333336,3.1791666666666667,3.3120833333333333,10.6,992.3416666666668,0.0,1.4583333333333333,295.9543965417648,12,4,0,post_monsoon,43,0
2024-12-14,106.0,106.0,1,0,106.0,,,0,0,14.675,8.6,20.7,44.208333333333336,2.2208333333333337,2.657083333333333,8.0,992.5375,0.0,0.0,287.4801255176934,12,5,1,post_monsoon,44,0
2024-12-15,177.0,177.0,1,0,177.0,,,0,0,14.283333333333331,7.3,21.1,51.5,3.6375,1.2204166666666667,4.7,993.7875,0.0,0.0,298.38532060258154,12,6,1,post_monsoon,45,0
2024-12-16,267.0,267.0,1,0,267.0,,,0,0,14.183333333333332,7.0,21.0,67.04166666666667,7.558333333333334,0.9379166666666668,4.9,992.1083333333332,0.0,0.0833333333333333,314.21979092750007,12,0,0,post_monsoon,46,0
2024-12-17,298.0,298.0,1,0,298.0,,,0,0,14.204166666666666,7.7,20.6,74.0,8.950000000000001,0.78375,4.3,990.7458333333334,0.0,29.541666666666668,325.08894661151527,12,1,0,post_monsoon,47,0
2024-12-18,373.0,373.0,1,0,373.0,,,0,0,14.020833333333334,7.6,20.9,69.16666666666667,7.658333333333334,1.163333333333333,5.1,990.2375,0.0,11.666666666666666,279.23911212040167,12,2,0,post_monsoon,48,0
2024-12-19,299.0,299.0,1,0,299.0,,,0,0,14.529166666666669,8.0,20.8,62.54166666666666,6.5625,1.23,6.8,990.3041666666668,0.0,0.0,123.32898500017497,12,3,0,post_monsoon,49,0
2024-12-20,332.0,332.0,1,0,332.0,,,0,0,16.25,10.2,23.2,62.25,8.049999999999999,1.1479166666666667,4.5,990.0666666666666,0.0,0.9166666666666666,5.408480240831693,12,4,0,post_monsoon,50,0
2024-12-21,226.0,226.0,1,0,226.0,,,0,0,15.491666666666667,9.2,22.1,64.625,8.0,1.3675,5.8,990.5458333333332,0.0,3.4166666666666665,319.69882009354086,12,5,1,post_monsoon,51,0
2024-12-22,286.0,286.0,1,0,286.0,,,0,0,16.304166666666667,10.5,22.5,59.54166666666666,7.733333333333333,0.92375,5.2,990.3666666666668,0.0,30.916666666666668,134.02842421881928,12,6,1,post_monsoon,52,0
2024-12-23,275.0,275.0,1,0,275.0,,,0,0,14.491666666666667,11.6,17.6,68.45833333333333,8.700000000000001,1.8691666666666664,7.2,990.4208333333332,1.4,56.25,97.78065181799684,12,0,0,post_monsoon,53,0
2024-12-24,191.0,191.0,1,0,191.0,,,0,0,14.695833333333333,11.4,18.7,76.58333333333333,10.441666666666666,1.4854166666666666,5.9,991.7416666666668,0.5,49.29166666666666,45.80994095927326,12,1,0,post_monsoon,54,0
2024-12-25,212.0,212.0,1,0,212.0,,,0,0,15.091666666666669,10.8,20.6,77.625,10.783333333333331,1.43625,5.8,993.5208333333334,0.0,5.291666666666667,319.0337250853207,12,2,0,post_monsoon,55,0
2024-12-26,210.0,210.0,1,0,210.0,,,0,0,16.108333333333334,9.9,22.6,67.625,9.4125,0.86375,3.9,995.2291666666666,0.0,17.958333333333332,349.6491172952481,12,3,0,post_monsoon,56,0
2024-12-27,149.0,149.0,1,0,149.0,,,0,0,15.154166666666669,13.8,17.1,84.33333333333333,12.433333333333332,2.1179166666666664,8.3,993.6708333333332,29.9,86.75,64.38287840446776,12,4,0,post_monsoon,57,0
2024-12-28,91.8,91.8,1,0,91.8,,,0,0,14.954166666666666,12.3,18.1,89.33333333333333,13.154166666666669,1.5016666666666667,5.5,993.2833333333332,4.6,62.16666666666666,338.4866721488014,12,5,1,post_monsoon,58,0
2024-12-29,109.0,109.0,1,0,109.0,,,0,0,13.729166666666666,10.6,18.3,86.04166666666667,11.275,2.2375000000000003,6.7,995.0333333333332,0.0,15.625,306.53515958890875,12,6,1,post_monsoon,59,0
2024-12-30,116.0,116.0,1,0,116.0,,,0,0,12.691666666666668,9.6,18.1,87.25,10.516666666666667,2.11,7.0,994.1708333333332,0.0,20.125,290.31842202031066,12,0,0,post_monsoon,60,0
2024-12-31,183.0,183.0,1,0,183.0,,,0,0,11.320833333333333,7.5,16.1,88.79166666666667,9.408333333333331,0.97875,4.4,995.2375,0.0,41.375,296.59757318491074,12,1,0,post_monsoon,61,0
2025-01-01,210.0,210.0,1,0,210.0,,,0,0,11.1625,7.7,16.8,88.875,9.2875,1.6241666666666663,6.7,993.375,0.0,51.66666666666666,294.4567147918915,1,2,0,winter,62,0
2025-01-02,199.0,199.0,1,0,199.0,,,0,0,12.383333333333333,8.5,18.2,85.125,9.779166666666669,1.8491666666666668,6.2,992.6125,0.0,85.375,286.70442069410126,1,3,0,winter,63,0
2025-01-03,268.0,268.0,1,0,268.0,,,0,0,12.845833333333331,8.6,19.6,86.0,10.379166666666666,1.17875,4.2,992.3583333333332,0.0,74.70833333333333,285.8594555642945,1,4,0,winter,64,0
2025-01-04,275.0,275.0,1,0,275.0,,,0,0,13.495833333333332,8.4,21.1,88.83333333333333,11.545833333333334,1.1679166666666667,4.0,990.2958333333332,0.0,27.25,126.79541296533596,1,5,1,winter,65,0
2025-01-05,237.0,237.0,1,0,237.0,,,0,0,12.458333333333334,9.2,18.1,89.70833333333333,10.691666666666668,1.7670833333333331,6.2,990.4291666666668,0.0,32.916666666666664,124.12815285485402,1,6,1,winter,66,0
2025-01-06,,,0,0,,,,0,0,13.025,8.8,18.0,88.875,11.116666666666667,1.372083333333333,5.8,991.4583333333334,4.9,35.0,324.93600622997246,1,0,0,winter,67,0
2025-01-07,,,0,0,,,,0,0,13.0125,10.2,17.5,88.125,10.983333333333334,2.735416666666667,9.3,992.1416666666668,0.0,35.0,295.119019568651,1,1,0,winter,68,0
2025-01-08,137.0,137.0,1,0,137.0,,,0,0,12.7375,8.7,18.4,75.08333333333333,8.174999999999999,2.44,7.8,990.3166666666666,0.0,0.25,282.1830667050609,1,2,0,winter,69,0
2025-01-09,262.0,262.0,1,0,262.0,,,0,0,12.8,8.0,18.7,76.70833333333333,8.583333333333334,0.7579166666666667,3.6,992.5666666666666,0.0,3.7083333333333335,316.38252014310547,1,3,0,winter,70,0
2025-01-10,255.0,255.0,1,0,255.0,,,0,0,12.15,7.9,17.9,85.08333333333333,9.483333333333333,1.2375,4.7,994.2333333333332,0.0,12.416666666666666,106.22504693522473,1,4,0,winter,71,0
2025-01-11,164.0,164.0,1,0,164.0,,,0,0,12.204166666666666,8.0,16.8,87.66666666666667,10.1,1.882083333333333,9.2,992.8458333333332,3.9,66.0,103.28054830469812,1,5,1,winter,72,0
2025-01-12,155.0,155.0,1,0,155.0,,,0,0,13.275,9.8,18.0,87.375,11.095833333333331,1.20625,4.5,993.525,0.1,29.291666666666668,68.1615604568043,1,6,1,winter,73,0
2025-01-13,125.0,125.0,1,0,125.0,,,0,0,13.395833333333334,9.2,19.0,85.625,10.866666666666667,1.89375,5.8,993.1708333333332,0.0,10.166666666666666,295.42417521929656,1,0,0,winter,74,0
2025-01-14,159.0,159.0,1,0,159.0,,,0,0,13.254166666666668,8.7,18.2,82.875,10.254166666666666,1.3008333333333333,4.5,993.5208333333334,0.0,0.0416666666666666,300.4990831236237,1,1,0,winter,75,0
2025-01-15,264.0,264.0,1,0,264.0,,,0,0,13.0625,9.1,18.4,87.16666666666667,10.8125,0.93875,5.7,994.4333333333334,2.9,61.208333333333336,114.9012866462374,1,2,0,winter,76,0
2025-01-16,160.0,160.0,1,0,160.0,,,0,0,13.9125,11.1,18.0,83.70833333333333,11.029166666666669,1.1833333333333331,5.0,995.4083333333332,0.7,43.66666666666666,45.356394874147725,1,3,0,winter,77,0
2025-01-17,147.0,147.0,1,0,147.0,,,0,0,13.2,9.2,18.9,80.66666666666667,9.7375,1.9,6.5,994.8041666666668,0.0,1.0,308.3683209922925,1,4,0,winter,78,0
2025-01-18,166.0,166.0,1,0,166.0,,,0,0,12.3,7.8,17.8,86.41666666666667,9.870833333333334,1.15625,5.2,992.9666666666668,0.0,52.083333333333336,288.86337420766546,1,5,1,winter,79,0
2025-01-19,219.0,219.0,1,0,219.0,,,0,0,14.629166666666668,8.9,21.3,85.83333333333333,12.1,0.8791666666666668,4.2,991.7125,0.0,63.083333333333336,324.3094560027979,1,6,1,winter,80,0
2025-01-20,169.0,169.0,1,0,169.0,,,0,0,16.354166666666668,11.7,21.9,83.16666666666667,13.3625,2.0708333333333333,7.2,989.9791666666666,0.0,10.208333333333334,287.4039447840629,1,0,0,winter,81,0
2025-01-21,136.0,136.0,1,0,136.0,,,0,0,15.9875,11.1,21.9,77.95833333333333,11.891666666666666,2.065,6.3,988.8,0.0,0.1666666666666666,289.3394823051184,1,1,0,winter,82,0
2025-01-22,124.0,124.0,1,0,124.0,,,0,0,16.1875,10.4,22.8,75.25,11.3875,1.2954166666666669,3.8,988.4125,0.0,6.333333333333333,304.35945220983825,1,2,0,winter,83,0
2025-01-23,111.0,111.0,1,0,111.0,,,0,0,16.308333333333334,11.7,21.9,70.54166666666667,10.4375,1.98,7.3,990.0375,1.6,14.166666666666666,306.3251276082675,1,3,0,winter,84,0
2025-01-24,90.8,90.8,1,0,90.8,,,0,0,14.945833333333333,10.4,20.9,67.04166666666667,8.508333333333335,2.5241666666666664,8.5,990.2125,0.0,0.0,286.85572869925346,1,4,0,winter,85,0
2025-01-25,71.7,71.7,1,0,71.7,,,0,0,14.208333333333334,9.0,20.8,62.66666666666666,6.8375,2.529166666666667,7.6,989.7625,0.0,0.0,273.15177274820223,1,5,1,winter,86,0
2025-01-26,86.1,86.1,1,0,86.1,,,0,0,14.083333333333334,8.2,21.0,62.04166666666666,6.4375,1.98875,6.8,989.4166666666666,0.0,0.0,275.4567985760294,1,6,1,winter,87,0
2025-01-27,113.0,113.0,1,0,113.0,,,0,0,14.391666666666666,7.8,21.5,62.0,6.429166666666667,1.95625,7.5,988.1916666666666,0.0,0.0,276.85496683964675,1,0,0,winter,88,0
2025-01-28,116.0,116.0,1,0,116.0,,,0,0,15.304166666666667,8.0,22.9,58.29166666666666,6.2250000000000005,1.5166666666666666,6.0,987.8,0.0,0.0,269.8426230089945,1,1,0,winter,89,0
2025-01-29,231.0,231.0,1,0,231.0,,,0,0,16.666666666666668,10.2,24.0,63.04166666666666,8.65,2.0033333333333334,7.8,989.2125,0.0,1.2916666666666667,117.44816390787427,1,2,0,winter,90,0
2025-01-30,180.0,180.0,1,0,180.0,,,0,0,17.745833333333334,11.3,24.8,66.33333333333333,10.554166666666667,1.617916666666667,6.5,986.2416666666668,0.0,0.0416666666666666,138.50776941983793,1,3,0,winter,91,0
2025-01-31,183.0,183.0,1,0,183.0,,,0,0,18.7875,12.1,26.3,65.33333333333333,10.616666666666667,1.1516666666666666,6.5,985.8166666666666,0.0,17.875,146.54048411088456,1,4,0,winter,92,0
2025-02-01,221.0,221.0,1,0,221.0,,,0,0,19.133333333333333,12.7,25.5,63.04166666666666,11.025,1.8170833333333332,9.6,987.9833333333332,0.0,21.416666666666668,108.50266613789664,2,5,1,winter,93,0
2025-02-02,183.0,183.0,1,0,183.0,,,0,0,17.8875,13.7,23.6,70.125,11.704166666666666,1.9779166666666663,8.3,990.2708333333334,0.0,5.916666666666667,317.577330415604,2,6,1,winter,94,0
2025-02-03,111.0,111.0,1,0,111.0,,,0,0,16.383333333333333,10.8,22.8,66.125,9.220833333333331,1.403333333333333,5.9,989.4708333333332,1.7,7.833333333333333,321.82806054994376,2,0,0,winter,95,0
2025-02-04,157.0,157.0,1,0,157.0,,,0,0,17.595833333333335,13.0,22.9,70.04166666666667,11.8,1.0145833333333334,5.1,989.4875,0.7,49.125,100.06898498851604,2,1,0,winter,96,0
2025-02-05,109.0,109.0,1,0,109.0,,,0,0,16.2,11.9,21.4,68.08333333333333,9.379166666666666,1.9708333333333328,8.7,990.4333333333334,0.3,5.125,303.42863721023025,2,2,0,winter,97,0
2025-02-06,90.5,90.5,1,0,90.5,,,0,0,15.879166666666668,11.4,21.1,51.41666666666666,5.316666666666666,3.302083333333333,11.4,991.8916666666668,0.0,3.083333333333333,317.53303599913835,2,3,0,winter,98,0
2025-02-07,68.4,68.4,1,0,68.4,,,0,0,15.329166666666666,10.6,20.8,52.16666666666666,5.116666666666666,3.553333333333333,11.7,991.6458333333334,0.0,8.25,293.2915550091028,2,4,0,winter,99,0
2025-02-08,75.9,75.9,1,0,75.9,,,0,0,16.7,11.1,23.3,51.66666666666666,6.2625,2.775416666666666,9.0,990.35,0.0,32.75,291.6488151672427,2,5,1,winter,100,0
2025-02-09,108.0,108.0,1,0,108.0,,,0,0,17.858333333333334,10.8,25.2,58.625,8.525,1.43625,6.5,989.4708333333332,0.0,3.458333333333333,288.9238772756382,2,6,1,winter,101,0
2025-02-10,127.0,127.0,1,0,127.0,,,0,0,19.216666666666665,11.7,27.2,59.29166666666666,9.208333333333334,1.2354166666666666,6.4,988.8916666666668,0.0,9.5,290.3864131272451,2,0,0,winter,102,0
2025-02-11,120.0,120.0,1,0,120.0,,,0,0,20.279166666666665,12.3,27.9,60.16666666666666,11.108333333333333,1.205833333333333,6.9,988.3375,0.0,11.416666666666666,315.7674304353762,2,1,0,winter,103,0
2025-02-12,78.3,78.3,1,0,78.3,,,0,0,19.275,13.6,25.3,51.375,7.891666666666667,2.8375,11.4,989.4125,0.0,0.25,302.9215232271133,2,2,0,winter,104,0
2025-02-13,57.5,57.5,1,0,57.5,,,0,0,18.325,13.7,23.6,46.79166666666666,6.291666666666667,3.48625,11.0,989.825,0.0,0.2916666666666667,300.6024672781424,2,3,0,winter,105,0
2025-02-14,62.4,62.4,1,0,62.4,,,0,0,18.5125,12.3,24.6,42.375,5.066666666666666,2.793333333333333,10.3,987.9833333333332,0.0,16.833333333333332,287.1249102069936,2,4,0,winter,106,0
2025-02-15,87.0,87.0,1,0,87.0,,,0,0,19.9125,13.0,25.6,46.04166666666666,6.995833333333334,1.5175,8.0,985.9125,0.0,27.375,26.69828217188399,2,5,1,winter,107,0
2025-02-16,146.0,146.0,1,0,146.0,,,0,0,20.379166666666663,13.5,26.6,52.25,9.470833333333331,1.1241666666666668,6.1,987.5291666666668,0.0,36.333333333333336,2.486001276385593,2,6,1,winter,108,0
2025-02-17,92.4,92.4,1,0,92.4,,,0,0,21.67083333333333,16.2,28.8,51.625,9.616666666666667,0.7283333333333334,5.9,990.2125,0.0,33.041666666666664,329.3100530124448,2,0,0,winter,109,0
2025-02-18,81.9,81.9,1,0,81.9,,,0,0,20.9625,16.8,26.4,53.375,10.370833333333334,1.5175,7.3,989.7625,0.0,41.083333333333336,297.69788421360977,2,1,0,winter,110,0
2025-02-19,78.8156,77.6,32,0,76.6,190.3125,194.0,32,0,20.641666666666666,14.2,27.0,51.16666666666666,9.1375,1.5533333333333337,7.1,988.1291666666666,1.0,76.29166666666667,265.40431168886323,2,2,0,winter,111,0
2025-02-20,61.2828,59.1,29,0,53.5,144.1207,141.0,29,0,19.02083333333333,15.1,23.7,69.41666666666667,12.954166666666666,3.2425,11.4,988.9583333333334,7.1,48.91666666666666,91.47428537846474,2,3,0,winter,112,0
2025-02-21,82.84,85.1,30,0,83.9,159.0,156.0,29,0,18.98333333333333,13.7,25.1,71.20833333333333,13.075,1.60875,7.4,991.8041666666668,0.4,32.0,346.89302056226063,2,4,0,winter,113,0
2025-02-22,60.071,60.6,31,0,63.2,118.629,115.0,31,0,18.3375,13.5,23.9,66.25,11.141666666666666,2.3075,9.0,991.6291666666666,0.0,19.166666666666668,298.8235043329012,2,5,1,winter,114,0
2025-02-23,69.59,70.05,30,0,66.6,137.0433,136.5,30,0,18.95,13.3,25.1,61.66666666666666,10.729166666666666,1.5466666666666666,7.2,992.5041666666666,0.0,0.0,298.5256228542591,2,6,1,winter,115,0
2025-02-24,86.0469,83.6,32,0,84.0,173.5312,166.0,32,0,20.1,13.3,26.9,56.625,9.85,1.4591666666666667,8.0,993.4083333333332,0.0,22.125,308.9290110803209,2,0,0,winter,116,0
2025-02-25,93.5774,94.6,31,0,87.7,208.9032,202.0,31,0,21.375,14.4,28.1,53.583333333333336,10.204166666666667,1.1733333333333331,6.0,993.5583333333334,0.0,46.54166666666666,307.4151307461907,2,1,0,winter,117,0
2025-02-26,120.0323,113.0,31,0,108.0,291.4667,293.0,30,0,23.745833333333334,17.9,30.1,54.708333333333336,13.383333333333333,1.2925,6.5,993.3375,0.0,84.45833333333333,170.5582039783593,2,2,0,winter,118,0
2025-02-27,73.2414,71.5,29,0,63.0,178.4286,170.0,28,0,21.116666666666667,19.1,23.4,69.66666666666667,15.3125,2.361666666666667,13.4,990.7,1.0,98.33333333333331,68.16847025016341,2,3,0,winter,119,0
2025-02-28,58.69,55.65,30,0,52.8,131.9357,125.5,28,0,20.0625,18.2,23.4,73.41666666666667,15.054166666666667,2.6416666666666666,8.9,987.3291666666668,3.3,73.08333333333333,97.5020998126114,2,4,0,winter,120,0
2025-03-01,59.7933,60.0,30,0,58.1,114.5414,113.0,29,0,19.525,15.5,24.1,81.04166666666667,16.054166666666667,2.063333333333333,8.9,988.4416666666666,7.7,51.833333333333336,72.45147029950118,3,5,1,pre_monsoon,121,0
2025-03-02,51.8833,49.5,30,0,44.5,118.8034,116.0,29,0,19.09583333333333,15.4,24.6,67.08333333333333,12.058333333333332,2.05875,9.0,987.6,0.0,0.0,318.58301518814926,3,6,1,pre_monsoon,122,0
2025-03-03,64.7655,60.6,29,0,60.0,172.2759,169.0,29,0,19.775,12.8,26.9,59.04166666666666,10.875,1.4675,6.0,986.5666666666666,0.0,8.833333333333334,125.12890255456476,3,0,0,pre_monsoon,123,0
2025-03-04,51.36,50.05,30,0,49.3,147.31,143.5,30,0,19.8375,15.6,24.4,60.083333333333336,11.370833333333332,3.032083333333333,10.8,988.1041666666666,0.0,8.5,293.6504786210596,3,1,0,pre_monsoon,124,0
2025-03-05,30.5909,29.2,33,0,30.5,120.4968,119.0,31,0,17.783333333333335,12.6,22.8,45.16666666666666,5.095833333333333,4.892916666666667,15.0,989.1666666666666,0.0,0.0,300.6792429663358,3,2,0,pre_monsoon,125,0
2025-03-06,51.1697,47.1,33,0,47.1,148.1613,144.0,31,0,19.616666666666667,12.8,26.6,41.375,5.5375000000000005,2.79125,9.9,987.2083333333334,0.0,0.0,286.8614119293944,3,3,0,pre_monsoon,126,0
2025-03-07,88.9455,88.5,33,0,91.4,199.4375,194.0,32,0,20.883333333333333,12.5,28.4,43.958333333333336,6.7375,1.4487500000000002,7.7,985.6791666666668,0.0,0.125,290.2343263690884,3,4,0,pre_monsoon,127,0
2025-03-08,72.7233,70.45,30,0,67.6,172.2,170.0,30,0,22.383333333333336,14.6,30.1,43.333333333333336,8.108333333333333,1.9016666666666664,9.4,984.2916666666666,0.0,0.625,288.57673502350417,3,5,1,pre_monsoon,128,0
2025-03-09,96.5793,104.0,29,0,81.9,222.1071,214.5,28,0,24.741666666666664,16.8,31.8,43.208333333333336,10.15,1.7354166666666666,7.9,987.4875,0.0,2.2916666666666665,142.91339049925227,3,6,1,pre_monsoon,129,0
2025-03-10,92.7033,94.6,30,0,88.6,218.8276,212.0,29,0,25.22083333333333,19.0,31.7,45.75,11.929166666666667,2.3591666666666664,10.1,990.7125,0.0,49.125,130.9343774995093,3,0,0,pre_monsoon,130,0
2025-03-11,120.5375,117.0,32,0,100.0,272.3226,262.0,31,0,26.90416666666667,19.5,34.4,45.958333333333336,12.841666666666669,1.0845833333333337,6.5,988.5208333333334,0.0,56.5,359.18724609129305,3,1,0,pre_monsoon,131,0
2025-03-12,95.7167,94.35,30,0,96.0,205.3448,197.0,29,0,26.4125,19.8,32.9,49.79166666666666,13.883333333333333,2.115,9.4,984.6875,0.0,59.79166666666666,298.38722794798326,3,2,0,pre_monsoon,132,0
2025-03-13,81.4828,83.6,29,0,78.8,187.5357,184.0,28,0,25.2125,21.0,32.0,53.208333333333336,14.525,1.5470833333333334,11.9,983.1,5.9,36.958333333333336,317.8031480881484,3,3,0,pre_monsoon,133,0
2025-03-14,87.5062,81.55,32,0,71.8,169.2233,166.0,30,0,25.75,19.0,33.2,50.875,13.270833333333334,1.6583333333333332,8.8,984.1333333333332,0.0,46.91666666666666,155.91987696200215,3,4,0,pre_monsoon,134,0
2025-03-15,25.9469,26.65,32,0,26.5,71.46,68.4,30,0,24.120833333333334,19.0,30.3,54.708333333333336,13.9625,2.520833333333333,9.5,985.8291666666668,0.5,34.916666666666664,49.555384574028494,3,5,1,pre_monsoon,135,0
2025-03-16,43.5355,44.3,31,0,45.7,97.5,92.7,31,0,23.70833333333333,18.0,29.9,48.29166666666666,10.966666666666669,2.055,9.6,987.2333333333332,0.1,3.7083333333333335,322.7276429408965,3,6,1,pre_monsoon,136,0
2025-03-17,53.2467,52.4,30,0,53.9,115.4,109.0,30,0,23.14583333333333,17.6,28.3,44.375,9.6875,2.25,10.6,988.075,0.0,8.0,306.0345434518675,3,0,0,pre_monsoon,137,0
2025-03-18,58.7519,53.9,27,0,59.9,132.8222,131.0,27,0,23.575,17.1,29.9,43.333333333333336,9.3875,2.2133333333333334,9.2,987.925,0.0,2.5,295.57990606581654,3,1,0,pre_monsoon,138,0
2025-03-19,72.8387,68.2,31,0,73.0,171.5667,159.0,30,0,25.2,17.7,32.3,37.375,8.216666666666667,1.7375,8.7,988.6875,0.0,15.291666666666666,305.8637942246337,3,2,0,pre_monsoon,139,0
2025-03-20,64.5031,60.9,32,0,51.6,171.7097,158.0,31,0,26.225,19.1,33.0,32.375,6.9125000000000005,1.7716666666666667,9.7,989.8833333333332,0.0,2.1666666666666665,322.2042924081237,3,3,0,pre_monsoon,140,0
2025-03-21,62.5,58.3,31,0,69.2,156.6267,146.5,30,0,25.4625,19.4,32.0,32.291666666666664,6.504166666666666,2.4604166666666667,11.1,989.3708333333334,0.0,2.333333333333333,309.271846336409,3,4,0,pre_monsoon,141,0
2025-03-22,74.2897,64.9,29,0,61.5,185.3103,170.0,29,0,25.23333333333333,18.0,31.3,32.75,6.866666666666667,2.2816666666666667,11.7,988.2041666666668,0.0,5.833333333333333,295.98592347155534,3,5,1,pre_monsoon,142,0
2025-03-23,76.6448,74.1,29,0,63.5,198.0714,194.0,28,0,26.008333333333336,18.5,32.7,33.75,7.441666666666666,1.4275,7.4,989.8,0.0,0.0,218.0661285573455,3,6,1,pre_monsoon,143,0
2025-03-24,89.9484,92.6,31,0,71.4,214.4333,209.5,30,0,27.241666666666664,20.0,33.9,31.666666666666668,7.670833333333333,1.3733333333333333,7.5,989.1,0.0,0.0,176.57376924595258,3,0,0,pre_monsoon,144,0
2025-03-25,109.571,109.0,31,0,89.0,259.3333,254.0,30,0,28.683333333333334,20.9,36.4,31.625,8.270833333333334,1.69375,7.8,985.1875,0.0,0.125,113.71206187848033,3,1,0,pre_monsoon,145,0
2025-03-26,104.6935,110.0,31,0,81.7,274.7667,264.0,30,0,30.058333333333334,21.8,37.9,28.916666666666668,7.75,1.4720833333333332,8.9,982.3416666666668,0.0,0.0,180.5480801074344,3,2,0,pre_monsoon,146,0
2025-03-27,96.3515,92.4,33,0,73.4,300.3438,286.0,32,0,30.104166666666668,24.1,36.2,27.45833333333333,8.5375,1.775,9.9,982.0916666666668,0.0,16.875,278.8178638524644,3,3,0,pre_monsoon,147,0
2025-03-28,56.5344,56.95,32,0,54.0,228.1,228.0,30,0,26.133333333333336,21.8,31.0,24.541666666666668,3.1833333333333336,3.362083333333333,10.2,984.7458333333334,0.0,1.375,292.74257558317805,3,4,0,pre_monsoon,148,0
2025-03-29,39.325,37.45,32,0,37.8,152.65,150.0,30,0,23.05,16.2,28.9,21.625,-0.3041666666666666,3.6475,11.0,985.375,0.0,76.54166666666667,298.28565654836206,3,5,1,pre_monsoon,149,0
2025-03-30,46.0433,42.5,30,0,41.9,134.1536,131.5,28,0,24.820833333333336,17.5,31.5,21.70833333333333,0.9333333333333332,2.75125,9.7,985.8791666666666,0.0,18.666666666666668,296.0829815162699,3,6,1,pre_monsoon,150,0
2025-03-31,67.3593,65.0,27,0,76.3,148.9808,154.0,26,0,26.195833333333336,17.6,33.9,21.166666666666668,1.3416666666666668,2.3695833333333334,9.5,986.0833333333334,0.0,0.0,294.59777299073056,3,0,0,pre_monsoon,151,0
2025-04-01,70.9667,67.1,27,0,73.0,182.6154,176.5,26,0,26.508333333333336,19.0,33.3,20.5,1.0416666666666667,2.244166666666666,10.2,985.125,0.0,0.0,290.1404744829223,4,1,0,pre_monsoon,152,0
2025-04-02,103.7615,94.2,26,0,95.0,257.76,256.0,25,0,27.741666666666664,18.6,35.7,21.541666666666668,2.2291666666666665,1.4895833333333333,8.6,985.9375,0.0,0.0,294.9451704477473,4,2,0,pre_monsoon,153,0
2025-04-03,81.9154,80.4,26,0,60.5,241.8,246.0,25,0,29.65,20.4,37.4,18.875,0.8083333333333335,1.2808333333333335,6.7,986.6,0.0,19.20833333333333,251.3535448588583,4,3,0,pre_monsoon,154,0
2025-04-04,79.3548,75.8,31,0,65.6,240.6333,239.5,30,0,30.1625,21.7,37.0,17.583333333333332,1.8,1.9925,10.0,986.1833333333334,0.0,0.75,299.2838526162401,4,4,0,pre_monsoon,155,0
2025-04-05,67.0483,61.1,29,0,63.7,184.4828,181.0,29,0,29.02916666666667,22.0,35.2,21.541666666666668,4.441666666666666,2.3591666666666664,10.6,984.3,0.0,1.3333333333333333,290.463880564749,4,5,1,pre_monsoon,156,0
2025-04-06,97.9233,86.9,30,0,75.1,237.75,228.5,28,0,30.53333333333333,22.0,38.1,21.58333333333333,5.054166666666666,1.615,8.0,982.5375,0.0,10.5,284.0254639202432,4,6,1,pre_monsoon,157,0
2025-04-07,116.537,116.0,27,0,87.8,303.44,295.0,25,0,32.541666666666664,24.4,39.9,22.125,7.075,1.35375,5.7,983.7416666666668,0.0,5.583333333333333,92.6841467773658,4,0,0,pre_monsoon,158,0
2025-04-08,98.1207,95.2,29,0,92.6,277.0714,267.0,28,0,32.8375,25.2,39.9,22.0,7.291666666666667,1.79375,8.2,985.7208333333332,0.0,9.333333333333334,110.56537084321276,4,1,0,pre_monsoon,159,0
2025-04-09,96.3,96.3,1,0,96.3,,,0,0,33.55416666666667,26.1,40.7,25.25,9.958333333333334,1.9095833333333327,7.9,983.6041666666666,0.0,14.166666666666666,102.47419524993649,4,2,0,pre_monsoon,160,0
2025-04-10,67.5,67.5,1,0,67.5,,,0,0,31.5,26.6,38.9,32.541666666666664,12.125,1.971666666666667,19.9,979.4916666666668,1.4,64.79166666666667,131.1753521079803,4,3,0,pre_monsoon,161,0
2025-04-11,46.8,46.8,1,0,46.8,,,0,0,26.34583333333333,22.5,34.2,60.29166666666666,17.529166666666665,3.225,15.1,979.1333333333332,8.1,55.16666666666666,106.39835633698056,4,4,0,pre_monsoon,162,0
2025-04-12,42.0871,41.5,31,0,48.6,105.9967,112.0,30,0,26.27083333333333,20.5,34.8,57.0,15.970833333333331,1.3870833333333332,8.6,982.0708333333332,1.1,20.08333333333333,99.26524176552,4,5,1,pre_monsoon,163,0
2025-04-13,59.675,58.9,32,0,52.6,158.1968,161.0,31,0,28.35833333333333,21.1,35.3,47.125,14.55,0.9516666666666668,5.4,983.775,0.0,6.291666666666667,90.83023628548648,4,6,1,pre_monsoon,164,0
2025-04-14,67.0,67.0,1,0,67.0,,,0,0,29.379166666666663,22.3,35.6,41.66666666666666,13.983333333333334,1.7645833333333334,6.7,984.0125,0.0,1.0,116.37341558245272,4,0,0,pre_monsoon,165,0
2025-04-15,57.8167,58.0,24,0,63.8,177.913,174.0,23,0,30.83333333333333,24.7,36.6,37.04166666666666,13.9,2.0304166666666665,8.3,984.3583333333332,0.0,8.666666666666666,127.51784656286247,4,1,0,pre_monsoon,166,0
2025-04-16,82.1,82.1,1,0,82.1,,,0,0,32.25,25.6,38.2,33.875,13.4375,1.77625,8.0,982.8125,0.0,7.25,124.22546436933452,4,2,0,pre_monsoon,167,0
2025-04-17,72.7333,69.8,30,0,68.5,242.7241,236.0,29,0,33.30833333333333,26.2,40.5,31.791666666666668,12.958333333333334,2.2591666666666668,11.0,980.1708333333332,0.0,14.5,117.46489440932372,4,3,0,pre_monsoon,168,0
2025-04-18,69.1097,68.3,31,0,87.4,236.7,233.5,30,0,32.9125,25.7,40.8,39.708333333333336,16.154166666666665,2.191666666666667,14.1,978.7583333333332,0.0,15.541666666666666,99.07358643376858,4,4,0,pre_monsoon,169,0
2025-04-19,49.7065,48.8,31,0,52.5,164.0333,161.0,30,0,32.61666666666667,27.4,39.9,41.16666666666666,16.25,3.29875,12.2,979.1125,0.0,8.541666666666666,127.92416817902132,4,5,1,pre_monsoon,170,0
2025-04-20,54.54,54.35,30,0,53.0,172.9655,175.0,29,0,33.13333333333333,27.0,40.0,37.208333333333336,14.7,2.637916666666667,12.3,979.475,0.0,6.541666666666667,114.41387875451125,4,6,1,pre_monsoon,171,0
2025-04-21,70.8062,71.95,32,0,69.3,252.0645,249.0,31,0,33.862500000000004,26.3,40.4,23.291666666666668,4.991666666666666,1.893333333333333,8.8,982.2458333333334,0.0,19.75,264.6935515810966,4,0,0,pre_monsoon,172,0
2025-04-22,79.1906,75.55,32,0,81.7,257.6774,253.0,31,0,32.579166666666666,24.6,39.5,10.25,-3.6,2.450833333333333,9.4,983.6208333333334,0.0,0.0,277.1941916811853,4,1,0,pre_monsoon,173,0
2025-04-23,80.3774,76.3,31,0,71.2,247.7,234.5,30,0,32.25416666666667,23.8,39.2,11.541666666666666,-2.4125,2.3516666666666666,10.5,981.3708333333334,0.0,0.0,282.3090295088096,4,2,0,pre_monsoon,174,0
2025-04-24,101.0133,97.4,30,0,90.8,275.7586,262.0,29,0,32.84166666666667,24.4,40.4,10.958333333333334,-2.754166666666667,1.935,11.4,979.1041666666666,0.0,0.0,276.9856190970297,4,3,0,pre_monsoon,175,0
2025-04-25,101.0935,96.8,31,0,86.3,299.5517,318.0,29,0,33.858333333333334,25.3,41.6,13.041666666666666,-0.3708333333333333,1.8541666666666667,10.3,979.9666666666668,0.0,1.125,317.03227989533843,4,4,0,pre_monsoon,176,0
2025-04-26,104.6033,95.45,30,0,117.0,298.3296,303.0,27,0,34.34583333333333,26.0,41.5,12.666666666666666,0.5625,2.256666666666667,12.6,979.9791666666666,0.0,51.29166666666666,259.5957396765951,4,5,1,pre_monsoon,177,0
2025-04-27,83.5033,84.6,30,0,92.0,289.6071,288.5,28,0,34.541666666666664,28.3,40.8,13.75,1.508333333333333,1.3979166666666665,7.5,981.1583333333332,0.0,25.20833333333333,326.1257566957908,4,6,1,pre_monsoon,-176,0
2025-04-28,101.0667,102.0,27,0,153.0,302.2154,317.0,26,0,33.050000000000004,26.5,41.1,19.625,5.854166666666667,2.1591666666666667,10.8,979.9333333333334,0.0,11.083333333333334,97.38214815956962,4,0,0,pre_monsoon,-175,0
2025-04-29,60.9536,59.85,28,0,86.3,235.1786,215.5,28,0,31.35,25.0,37.5,34.666666666666664,13.054166666666667,2.9095833333333334,10.5,980.8916666666668,0.0,2.0416666666666665,107.98146670200951,4,1,0,pre_monsoon,-174,0
2025-04-30,69.2581,68.4,31,0,86.2,208.8333,205.5,30,0,31.5375,26.3,36.8,36.66666666666666,14.320833333333333,2.523333333333333,9.0,982.4833333333332,0.0,22.125,106.9377992637984,4,2,0,pre_monsoon,-173,0
2025-05-01,71.7774,72.1,31,0,78.1,198.0333,192.5,30,0,31.77916666666667,25.9,37.6,36.41666666666666,14.004166666666668,2.8025,9.7,983.4291666666668,0.0,36.125,106.0251798850528,5,3,0,pre_monsoon,-172,0
2025-05-02,49.871,50.2,31,0,40.0,155.6633,149.0,30,0,26.241666666666664,21.7,28.6,65.45833333333333,18.775,2.3320833333333333,8.6,984.5583333333334,12.4,66.70833333333333,89.10447364172126,5,4,0,pre_monsoon,-171,0
2025-05-03,84.5938,83.45,32,0,68.7,203.5161,192.0,31,0,28.3125,24.0,35.4,53.91666666666666,17.5625,1.4629166666666666,13.6,981.875,3.4,70.58333333333333,118.60754137595468,5,5,1,pre_monsoon,-170,0
2025-05-04,94.5645,95.1,31,0,81.8,230.1667,214.0,30,0,29.929166666666664,24.4,34.8,48.91666666666666,17.729166666666668,1.3904166666666666,9.9,980.0625,2.0,92.125,106.45793816890227,5,6,1,pre_monsoon,-169,0
2025-05-05,39.0581,39.7,31,0,37.2,107.2933,104.0,30,0,28.504166666666663,24.2,35.6,57.875,18.616666666666667,2.3008333333333333,9.9,981.225,0.1,89.75,88.09431304482888,5,0,0,pre_monsoon,-168,0
2025-05-06,55.8031,56.65,32,0,50.2,150.2161,149.0,31,0,27.370833333333334,22.2,34.4,62.083333333333336,18.883333333333333,2.0816666666666666,12.9,981.3458333333332,0.4,70.58333333333333,88.04137270394813,5,1,0,pre_monsoon,-167,0
2025-05-07,55.4424,56.3,33,0,52.0,138.3094,134.0,32,0,27.8625,23.7,33.3,62.208333333333336,19.354166666666668,2.0595833333333333,9.2,980.8416666666668,0.5,69.375,87.83015420480103,5,2,0,pre_monsoon,-166,0
2025-05-08,77.3935,74.0,31,0,70.7,185.0667,176.5,30,0,28.29583333333333,23.9,32.4,61.208333333333336,19.591666666666665,1.649166666666667,8.9,981.0666666666666,2.7,46.5,76.79859396651455,5,3,0,pre_monsoon,-165,0
2025-05-09,65.9645,66.6,31,0,,157.6419,153.0,31,0,30.766666666666666,25.1,37.1,49.208333333333336,18.1625,1.5424999999999998,8.0,982.0958333333332,1.1,32.416666666666664,114.18260666872204,5,4,0,pre_monsoon,-164,0
2025-05-10,93.0938,91.2,32,0,,195.0312,179.5,32,0,30.9,26.6,37.1,51.54166666666666,19.291666666666668,1.24,13.9,981.7041666666668,1.5,28.0,62.79644514563023,5,5,1,pre_monsoon,-163,0
2025-05-11,64.3387,61.0,31,0,,161.4194,151.0,31,0,31.7125,25.1,38.2,49.375,18.35833333333333,1.5575,8.5,980.0875,0.0,8.791666666666666,309.92988385014826,5,6,1,pre_monsoon,-162,0
2025-05-12,51.0258,49.1,31,0,43.9,149.2581,141.0,31,0,32.99166666666667,25.5,39.6,34.583333333333336,13.991666666666667,1.8108333333333333,10.0,978.9708333333332,0.0,3.208333333333333,294.1902620115451,5,0,0,pre_monsoon,-161,0
2025-05-13,36.6594,31.95,32,0,27.5,130.4742,120.0,31,0,34.71666666666667,28.1,41.3,24.58333333333333,10.520833333333334,2.784166666666667,11.9,978.9583333333334,0.0,9.958333333333334,280.1230911458356,5,1,0,pre_monsoon,-160,0
2025-05-14,63.6375,63.25,32,0,66.0,201.8571,195.0,28,0,35.358333333333334,28.5,41.2,21.20833333333333,9.016666666666667,2.504166666666667,10.4,979.0958333333332,0.0,1.2083333333333333,286.6463511676841,5,2,0,pre_monsoon,-159,0
2025-05-15,206.9719,207.5,32,0,211.0,452.5172,459.0,29,0,36.266666666666666,29.7,41.9,20.58333333333333,9.233333333333333,1.8729166666666663,9.7,979.0041666666666,0.0,0.0,284.8931100049135,5,3,0,pre_monsoon,-158,0
2025-05-16,94.3062,92.1,32,0,80.9,291.0667,290.0,30,0,35.8125,28.8,42.7,23.95833333333333,11.095833333333331,2.783333333333333,13.3,978.1583333333332,0.0,6.208333333333333,298.7738315984357,5,4,0,pre_monsoon,-157,0
2025-05-17,47.5097,46.3,31,0,36.3,158.63,158.5,30,0,35.6875,29.2,42.8,28.291666666666668,13.416666666666666,2.7566666666666664,13.6,977.6916666666666,0.0,13.125,265.4457121641458,5,5,1,pre_monsoon,-156,0
2025-05-18,62.2621,60.9,29,0,57.2,197.963,200.0,27,0,35.25,29.5,42.1,31.20833333333333,14.779166666666669,2.6775,10.5,977.7125,0.0,4.916666666666667,306.51932673425136,5,6,1,pre_monsoon,-155,0
2025-05-19,78.5,76.2,33,0,74.0,225.5806,225.0,31,0,34.53333333333333,28.2,42.0,45.375,19.954166666666666,2.408333333333333,9.5,977.8208333333332,0.0,4.583333333333333,105.47441155681076,5,0,0,pre_monsoon,-154,0
2025-05-20,75.4344,75.05,32,0,70.8,240.129,233.0,31,0,34.9375,28.0,42.6,45.375,19.808333333333334,2.65625,14.8,976.225,0.0,11.708333333333334,98.85890511630528,5,1,0,pre_monsoon,-153,0
2025-05-21,70.08,69.35,30,0,59.5,207.6667,205.5,30,0,34.8125,29.8,43.0,45.083333333333336,19.866666666666667,2.7591666666666668,15.3,976.7208333333332,0.0,14.833333333333334,114.42845591724762,5,2,0,pre_monsoon,-152,0
2025-05-22,30.0393,29.1,28,0,25.5,82.9786,81.5,28,0,31.42083333333333,25.0,37.0,55.208333333333336,20.916666666666668,3.0420833333333337,10.8,977.6208333333334,0.0,2.708333333333333,117.16806707173748,5,3,0,pre_monsoon,-151,0
2025-05-23,44.5097,44.5,31,0,41.4,110.5167,110.0,30,0,32.35,26.4,38.2,51.66666666666666,20.566666666666663,3.2579166666666666,10.0,976.0,1.5,5.541666666666667,107.50954803577451,5,4,0,pre_monsoon,-150,0
2025-05-24,59.0097,57.4,31,0,53.1,146.6133,146.0,30,0,33.45,28.5,37.7,48.0,20.72083333333333,3.5629166666666667,11.6,976.4083333333332,0.4,21.625,107.2792249210977,5,5,1,pre_monsoon,-149,0
2025-05-25,29.337,26.7,27,0,24.1,73.72,72.0,25,0,28.425,23.0,31.2,65.91666666666667,21.195833333333333,2.36375,9.8,979.1708333333332,0.4,47.91666666666666,87.47366628129862,5,6,1,pre_monsoon,-148,0
2025-05-26,37.2667,46.7,3,0,46.7,108.0,108.0,2,0,29.829166666666666,24.1,35.7,65.08333333333333,21.95,2.074583333333333,8.5,978.0,1.8,25.125,93.78666680989473,5,0,0,pre_monsoon,-147,0
2025-05-27,58.0129,52.9,31,0,44.0,129.8742,124.0,31,0,31.183333333333334,26.2,36.1,61.79166666666666,22.45833333333333,1.4854166666666666,6.7,975.5875,0.0,2.0,86.93966486679494,5,1,0,pre_monsoon,-146,0
2025-05-28,63.15,64.6,4,0,53.1,133.6667,137.0,3,0,33.18333333333333,27.4,39.5,54.54166666666666,22.03333333333333,1.487083333333333,8.3,974.175,0.0,9.041666666666666,103.7167416661306,5,2,0,pre_monsoon,-145,0
2025-05-29,60.0839,55.9,31,0,51.1,166.9,152.0,30,0,33.645833333333336,27.6,40.1,52.208333333333336,21.175,1.6204166666666666,7.2,972.15,0.3,62.625,173.37569606602096,5,3,0,pre_monsoon,-144,0
2025-05-30,66.7031,64.8,32,0,58.5,192.0968,188.0,31,0,31.6125,27.1,36.1,49.083333333333336,19.166666666666668,1.5220833333333337,9.2,971.5708333333332,0.0,48.333333333333336,181.45653673105696,5,4,0,pre_monsoon,-143,0
2025-05-31,90.4133,87.3,30,0,63.4,279.0,264.0,29,0,31.90833333333333,26.1,39.7,47.625,18.1125,1.7645833333333334,9.0,973.5083333333332,1.0,34.208333333333336,204.1548255223483,5,5,1,pre_monsoon,-142,0
2025-06-01,53.9714,49.6,28,0,46.1,210.1111,201.0,27,0,30.995833333333334,26.4,37.3,48.125,17.945833333333333,2.6820833333333334,13.3,974.6375,4.2,48.79166666666666,225.1166133233148,6,6,1,monsoon,-141,0
2025-06-02,45.4133,43.85,30,0,40.6,142.4483,136.0,29,0,30.933333333333334,24.1,37.1,47.75,17.933333333333334,1.575,8.2,974.6625,0.3,41.75,249.57629542101188,6,0,0,monsoon,-140,0
2025-06-03,38.4667,38.2,3,0,38.2,122.0,122.0,2,0,30.195833333333336,25.8,34.6,46.375,16.945833333333333,1.65125,9.4,976.7791666666668,0.0,60.625,259.42267435659915,6,1,0,monsoon,-139,0
2025-06-04,59.0633,55.0,30,0,48.5,195.3103,188.0,29,0,28.85833333333333,24.5,36.4,54.91666666666666,18.304166666666667,1.5558333333333334,14.2,979.6125,0.3,54.833333333333336,79.89132680584919,6,2,0,monsoon,-138,0
2025-06-05,55.0273,55.0,33,0,42.1,163.4375,154.0,32,0,30.945833333333336,24.4,37.2,46.04166666666666,16.804166666666667,1.0979166666666669,8.4,982.2541666666666,0.0,14.083333333333334,201.7503403652754,6,3,0,monsoon,-137,0
2025-06-06,47.2879,46.0,33,0,41.2,161.5906,156.5,32,0,32.75,25.9,37.8,40.25,16.779166666666665,1.5420833333333333,8.8,981.4416666666666,0.0,11.458333333333334,201.5597209578082,6,4,0,monsoon,-136,0
2025-06-07,67.8806,67.7,31,0,60.2,206.4138,204.0,29,0,34.75833333333333,28.0,41.2,37.375,17.275000000000002,1.9154166666666663,8.9,979.6625,0.0,5.25,167.12083376483633,6,5,1,monsoon,-135,0
2025-06-08,74.38,73.45,30,0,60.2,227.2759,224.0,29,0,36.66666666666666,29.6,42.8,35.458333333333336,17.845833333333335,2.02625,9.9,977.975,0.0,2.958333333333333,256.17733239865,6,6,1,monsoon,-134,0
2025-06-09,75.3781,73.7,32,0,64.5,263.1613,241.0,31,0,37.48333333333333,30.0,43.7,28.541666666666668,14.9125,2.671666666666667,11.3,976.3166666666666,0.0,0.0416666666666666,289.24288619135825,6,0,0,monsoon,-133,0
2025-06-10,60.4312,55.95,32,0,55.1,276.6667,272.0,30,0,37.40833333333333,30.1,43.1,21.95833333333333,11.570833333333333,2.5191666666666666,10.7,975.6875,0.0,0.0,295.6812370142253,6,1,0,monsoon,-132,0
2025-06-11,71.5394,71.6,33,0,70.4,264.0469,268.5,32,0,37.1,30.1,43.6,32.25,16.724999999999998,2.2025,8.1,976.0625,0.0,0.2083333333333333,335.01009886949714,6,2,0,monsoon,-131,0
2025-06-12,68.8697,69.1,33,0,69.1,199.5938,192.5,32,0,36.87916666666667,31.1,43.1,45.083333333333336,22.2,2.1495833333333336,8.0,976.1,0.5,11.416666666666666,112.93188459695456,6,3,0,monsoon,-130,0
2025-06-13,56.4125,56.4,32,0,54.5,192.8438,186.5,32,0,35.987500000000004,31.3,41.1,48.41666666666666,22.979166666666668,2.595,10.6,976.7541666666666,0.0,12.583333333333334,115.84457490460444,6,4,0,monsoon,-129,0
2025-06-14,66.96,61.4,30,0,59.0,167.8552,166.0,29,0,36.23333333333333,30.6,42.9,46.41666666666666,22.08333333333333,1.971666666666667,9.1,974.9583333333334,0.3,8.625,109.6849470136545,6,5,1,monsoon,-128,0
2025-06-15,41.5548,41.8,31,0,38.3,121.74,119.0,30,0,33.8125,29.6,37.9,53.25,22.7125,2.262083333333333,12.5,973.9083333333332,1.2999999999999998,43.958333333333336,125.09022093025663,6,6,1,monsoon,-127,0
2025-06-16,45.1067,42.5,30,0,41.0,110.3793,108.0,29,0,29.416666666666668,24.8,32.0,80.625,25.6,1.6895833333333332,13.8,974.7166666666668,25.6,79.58333333333333,80.55403577762843,6,0,0,monsoon,-126,0
2025-06-17,36.5516,35.7,31,0,32.7,79.1581,75.6,31,0,29.116666666666664,25.2,33.7,81.83333333333333,25.479166666666668,1.680416666666667,7.2,975.2333333333332,16.9,70.20833333333333,86.14412699630259,6,1,0,monsoon,-125,0
2025-06-18,42.0594,41.7,32,0,39.9,90.31,85.3,30,0,28.883333333333336,24.0,33.2,78.45833333333333,24.516666666666666,1.2654166666666666,5.2,973.9416666666666,5.3,62.75,127.08763190787464,6,2,0,monsoon,-124,0
2025-06-19,33.1455,33.6,33,0,32.2,84.7438,74.1,32,0,29.758333333333336,27.0,32.7,77.0,25.129166666666663,1.7091666666666665,8.0,972.5333333333332,0.1,42.25,119.93947315016038,6,3,0,monsoon,-123,0
2025-06-20,28.2606,28.4,33,0,26.0,71.4226,67.4,31,0,28.766666666666666,25.5,31.7,83.54166666666667,25.633333333333336,2.1725,8.3,974.9375,1.2000000000000002,99.45833333333331,107.771480100203,6,4,0,monsoon,-122,0
2025-06-21,33.6562,33.6,32,0,29.3,82.9567,74.15,30,0,30.429166666666664,26.2,34.7,77.25,25.666666666666668,1.3729166666666668,6.0,975.625,1.6,36.875,126.01147258139724,6,5,1,monsoon,-121,0
2025-06-22,36.6276,34.9,29,0,33.0,92.9607,85.3,28,0,30.98333333333333,28.0,34.0,74.5,25.745833333333334,1.4254166666666668,7.6,974.8208333333332,0.7999999999999999,67.79166666666667,129.68202489221244,6,6,1,monsoon,-120,0
2025-06-23,45.131,42.3,29,0,39.6,105.9964,99.15,28,0,31.504166666666663,27.8,35.7,73.45833333333333,25.85,1.4045833333333333,7.2,972.875,0.1,32.25,113.29508622469292,6,0,0,monsoon,-119,0
2025-06-24,45.329,45.6,31,0,42.0,108.1833,97.9,30,0,31.254166666666663,27.3,36.1,75.45833333333333,26.0375,1.315,5.1,972.225,1.1,33.333333333333336,122.4910060031956,6,1,0,monsoon,-118,0
2025-06-25,54.3,54.3,1,0,54.3,,,0,0,29.15416666666667,26.5,32.1,84.0,26.066666666666663,2.54,7.9,974.9916666666668,12.9,83.04166666666667,93.07865264953152,6,2,0,monsoon,-117,0
2025-06-26,33.4194,29.3,31,0,29.0,87.6897,77.7,29,0,30.620833333333334,26.0,34.5,76.375,25.695833333333336,2.3937500000000003,7.8,976.6583333333332,11.5,85.125,99.63631945067118,6,3,0,monsoon,-116,0
2025-06-27,23.0333,23.05,30,0,21.1,73.8552,68.5,29,0,30.729166666666668,27.7,33.7,75.20833333333333,25.7,1.9216666666666664,7.4,975.8833333333332,0.5,62.0,101.43801596076251,6,4,0,monsoon,-115,0
2025-06-28,34.7161,34.3,31,0,25.8,94.1226,92.7,31,0,30.84166666666667,25.6,35.8,74.04166666666667,25.29583333333333,1.2870833333333334,6.6,974.7125,8.3,72.70833333333333,145.529773498574,6,5,1,monsoon,-114,0
2025-06-29,38.2097,37.9,31,0,35.5,81.2645,75.4,31,0,29.554166666666664,26.1,33.4,78.875,25.2875,1.63125,7.6,972.5,16.2,99.95833333333331,157.26551122370518,6,6,1,monsoon,-113,0
2025-06-30,28.1,28.1,1,0,28.1,,,0,0,27.79583333333333,25.4,31.7,87.08333333333333,25.375,1.424583333333333,8.9,973.5916666666668,17.3,93.29166666666669,120.36170441454249,6,0,0,monsoon,-112,0
2025-07-01,31.9727,30.1,33,0,26.5,75.82,69.5,30,0,28.725,25.0,33.2,84.0,25.454166666666666,1.3637499999999998,6.5,974.4916666666668,9.1,57.333333333333336,83.52436430483692,7,1,0,monsoon,-111,0
2025-07-02,32.5375,30.75,32,0,25.0,85.91,78.65,30,0,29.9125,26.9,33.2,80.75,26.10833333333333,1.7245833333333334,8.7,974.4333333333334,1.1,29.916666666666668,100.43977705415377,7,2,0,monsoon,-110,0
2025-07-03,29.1406,27.45,32,0,27.6,74.3867,66.5,30,0,30.08333333333333,26.6,33.5,78.25,25.666666666666668,2.000833333333333,7.5,975.0125,0.9,61.583333333333336,103.47068142432796,7,3,0,monsoon,-109,0
2025-07-04,31.7727,29.2,33,0,25.9,70.1935,65.3,31,0,30.29583333333333,26.7,34.2,78.16666666666667,25.820833333333336,1.419166666666667,5.1,975.15,0.3,18.791666666666668,103.81048384688243,7,4,0,monsoon,-108,0
2025-07-05,39.9625,35.55,32,0,30.4,89.17,83.6,30,0,30.891666666666666,26.5,35.2,76.54166666666667,26.0,1.1158333333333337,4.8,974.0708333333332,3.4,32.583333333333336,140.16127951888734,7,5,1,monsoon,-107,0
2025-07-06,35.3444,35.15,32,0,30.4,84.03,79.05,30,0,31.008333333333336,26.7,35.7,74.5,25.5625,1.17875,6.0,973.7875,7.4,54.958333333333336,193.2337085144293,7,6,1,monsoon,-106,0
2025-07-07,19.7955,19.6,31,0,15.1,52.1,48.0,30,0,28.98333333333333,25.9,33.2,83.33333333333333,25.679166666666664,0.9304166666666666,4.6,974.6625,13.5,86.04166666666667,267.9092989089558,7,0,0,monsoon,-105,0
2025-07-08,35.2323,32.9,31,0,28.4,99.6379,87.6,29,0,30.89583333333333,27.1,34.0,76.04166666666667,25.96666666666667,1.32625,7.0,974.7166666666668,0.0,79.83333333333333,277.5007261697153,7,1,0,monsoon,-104,0
2025-07-09,19.8174,17.7,31,0,12.2,53.671,47.9,31,0,29.191666666666663,27.0,31.7,81.66666666666667,25.7,1.0254166666666666,9.1,975.9291666666668,14.9,99.83333333333331,225.2192849132892,7,2,0,monsoon,-103,0
2025-07-10,20.1132,19.05,28,0,13.6,46.4869,36.2,29,0,27.48333333333333,25.6,29.6,85.375,24.741666666666664,1.1033333333333333,6.5,977.8791666666666,3.6,96.58333333333331,149.32468416073135,7,3,0,monsoon,-102,0
2025-07-11,44.2571,38.8,28,0,29.9,92.0963,78.1,27,0,28.383333333333336,25.6,31.6,82.5,24.95,0.615,4.2,977.3583333333332,0.4,75.70833333333333,181.28142579377428,7,4,0,monsoon,-101,0
2025-07-12,36.7207,34.5,29,0,30.0,88.4828,82.8,29,0,29.329166666666666,26.5,33.5,79.5,25.23333333333333,0.7170833333333334,5.7,977.1375,2.7,65.95833333333333,94.0153544289144,7,5,1,monsoon,-100,0
2025-07-13,29.6138,27.9,29,0,27.9,73.2393,70.2,28,0,28.23333333333333,26.3,32.5,86.79166666666667,25.70833333333333,1.3858333333333333,8.4,977.0333333333332,18.6,99.875,74.75813042454826,7,6,1,monsoon,-99,0
2025-07-14,19.9103,20.6,30,0,18.1,47.8071,43.0,28,0,28.04583333333333,25.8,30.5,85.45833333333333,25.2875,3.5529166666666665,11.7,975.0958333333332,17.6,99.95833333333331,101.1342563345114,7,0,0,monsoon,-98,0
2025-07-15,18.769,18.6,30,0,15.5,46.6679,41.5,28,0,28.066666666666663,25.6,32.2,83.79166666666667,24.90833333333333,3.7295833333333337,11.1,974.5416666666666,7.3,91.83333333333331,130.39662145287036,7,1,0,monsoon,-97,0
2025-07-16,27.6859,26.5,32,0,25.0,70.68,68.45,30,0,28.754166666666663,25.3,32.3,83.29166666666667,25.45833333333333,2.244166666666666,7.4,976.1458333333334,8.200000000000001,87.70833333333333,131.18858690716348,7,2,0,monsoon,-96,0
2025-07-17,23.7838,22.2,32,0,18.8,62.7133,53.65,30,0,28.504166666666663,26.8,31.1,82.04166666666667,25.0375,2.17375,9.3,978.1541666666668,1.4,95.54166666666669,118.40528229247916,7,3,0,monsoon,-95,0
2025-07-18,24.1839,25.2,33,0,22.2,52.6806,50.2,31,0,28.52083333333333,26.4,31.6,80.29166666666667,24.679166666666664,3.553333333333333,13.8,976.6083333333332,4.1,56.958333333333336,73.32144972647689,7,4,0,monsoon,-94,0
2025-07-19,19.7121,19.1,33,0,18.0,53.7871,48.7,31,0,29.016666666666666,25.8,32.2,76.45833333333333,24.25,3.0029166666666662,9.9,974.5125,0.0,53.708333333333336,131.43781418470076,7,5,1,monsoon,-93,0
2025-07-20,26.2576,25.2,33,0,21.0,75.62,66.25,30,0,30.166666666666668,26.1,34.3,72.75,24.45,1.5904166666666668,7.1,974.5708333333332,0.0,84.04166666666667,213.99594588405915,7,6,1,monsoon,-92,0
2025-07-21,35.9161,36.3,31,0,30.9,92.9643,93.85,28,0,28.945833333333336,26.6,31.5,78.125,24.65833333333333,1.1641666666666668,5.2,976.8916666666668,0.4,84.70833333333333,161.86996112397603,7,0,0,monsoon,-91,0
2025-07-22,39.9212,38.0,33,0,31.0,89.1469,80.0,32,0,30.129166666666663,26.0,34.8,73.95833333333333,24.575,1.0970833333333334,5.7,975.5208333333334,0.2,88.33333333333333,237.96942033594596,7,1,0,monsoon,-90,0
2025-07-23,24.1636,21.7,33,0,16.9,66.9188,60.85,32,0,29.8125,27.0,33.2,77.83333333333333,25.40833333333333,1.6458333333333333,8.2,972.7541666666666,1.2,70.58333333333333,249.29949855200695,7,2,0,monsoon,-89,0
2025-07-24,34.0125,32.45,32,0,28.3,104.9625,95.05,32,0,30.745833333333334,25.4,35.5,72.20833333333333,24.745833333333334,1.9679166666666663,7.3,971.7333333333332,1.5,28.0,279.4176526869396,7,3,0,monsoon,-88,0
2025-07-25,41.2485,39.2,33,0,33.0,127.2688,112.0,32,0,31.804166666666664,26.6,36.3,68.125,24.7,1.7612500000000002,8.8,971.4,0.5,28.166666666666668,295.0516062642345,7,4,0,monsoon,-87,0
2025-07-26,29.4844,29.05,32,0,22.9,75.6567,71.35,30,0,31.03333333333333,26.9,35.4,73.375,25.445833333333336,1.335,7.5,972.5958333333332,2.3,86.41666666666667,150.79009956022293,7,5,1,monsoon,-86,0
2025-07-27,28.7897,28.0,29,0,24.4,74.7345,67.4,29,0,32.1625,28.8,36.3,67.58333333333333,25.075,1.865,9.5,972.5708333333332,0.9,74.95833333333333,100.23657972981248,7,6,1,monsoon,-85,0
2025-07-28,38.9724,38.2,29,0,32.1,87.9333,81.7,27,0,32.170833333333334,28.1,36.6,67.29166666666667,24.875,1.30125,6.1,972.7208333333332,1.6,84.33333333333333,127.12963741490682,7,0,0,monsoon,-84,0
2025-07-29,27.225,26.05,32,0,17.8,54.3367,50.6,30,0,29.20833333333333,27.2,32.9,82.25,25.78333333333333,1.3949999999999998,6.8,973.5,3.8,95.83333333333331,110.19877168551405,7,1,0,monsoon,-83,0
2025-07-30,26.4548,24.7,31,0,18.9,57.5929,54.9,28,0,27.954166666666666,26.2,31.6,88.0,25.695833333333336,2.157083333333333,8.1,974.275,15.3,98.66666666666669,101.94117915499316,7,2,0,monsoon,-82,0
2025-07-31,22.088,20.6,30,0,15.0,35.1233,31.5,30,0,27.691666666666663,25.3,31.5,88.0,25.379166666666663,1.6420833333333336,7.3,975.0208333333334,29.2,98.5,144.0044334931486,7,3,0,monsoon,-81,0
2025-08-01,24.1,23.15,28,0,16.2,58.3846,55.05,26,0,28.291666666666668,25.5,32.0,85.375,25.5,1.2183333333333335,7.5,975.8833333333332,7.5,82.875,222.1514354763617,8,4,0,monsoon,-80,0
2025-08-02,27.5094,24.95,32,0,22.8,85.125,79.05,28,0,29.14583333333333,26.0,32.4,78.58333333333333,24.954166666666666,1.8470833333333327,7.8,976.1916666666666,0.9,91.875,254.27232167544287,8,5,1,monsoon,-79,0
2025-08-03,31.2844,28.3,32,0,24.9,101.2355,92.8,31,0,29.70833333333333,26.8,33.1,77.20833333333333,25.17083333333333,2.1416666666666666,9.0,977.3166666666666,0.7,100.0,254.83295179549796,8,6,1,monsoon,-78,0
2025-08-04,32.2562,29.7,32,0,25.5,109.0516,98.5,31,0,28.629166666666663,26.2,31.0,81.95833333333333,25.195833333333336,2.0741666666666667,8.0,978.6833333333334,0.1,98.20833333333331,235.6154821057322,8,0,0,monsoon,-77,0
2025-08-05,28.7438,26.05,32,0,23.5,94.4484,84.6,31,0,27.9375,26.9,30.1,84.41666666666667,25.05,1.919166666666667,6.9,978.8875,8.299999999999999,94.79166666666669,211.07949113276123,8,1,0,monsoon,-76,0
2025-08-06,29.6968,27.3,31,0,27.3,102.0833,100.5,30,0,28.7375,26.3,32.1,79.95833333333333,24.84166666666667,1.5675,6.0,979.3791666666666,0.5,81.25,241.5568843716403,8,2,0,monsoon,-75,0
2025-08-07,29.8938,27.9,32,0,22.7,123.7419,110.0,31,0,29.96666666666667,26.0,33.9,71.95833333333333,24.15416666666667,2.3625000000000003,8.6,978.0291666666668,0.0,42.25,274.2668571522587,8,3,0,monsoon,-74,0
2025-08-08,31.6406,28.35,32,0,24.8,129.6387,120.0,31,0,29.95833333333333,26.4,33.1,70.45833333333333,23.875,2.0429166666666667,7.3,979.1166666666668,0.0,78.75,270.7464417277934,8,4,0,monsoon,-73,0
2025-08-09,22.8152,21.2,27,0,17.8,49.3493,39.3,27,0,27.83333333333333,26.1,30.5,84.16666666666667,24.870833333333334,1.190416666666667,5.3,981.25,8.9,84.5,298.64656587799533,8,5,1,monsoon,-72,0
2025-08-10,33.3708,33.05,24,0,29.4,102.3957,92.5,23,0,28.9625,25.9,32.1,82.54166666666667,25.59583333333333,0.8791666666666668,5.5,979.8875,1.7000000000000002,78.91666666666667,308.95747545422284,8,6,1,monsoon,-71,0
2025-08-11,33.2897,32.0,29,0,27.1,114.1793,112.0,29,0,29.791666666666668,26.6,33.9,77.625,25.275,2.0241666666666664,8.8,978.5208333333334,1.6,99.04166666666669,260.29126842715215,8,0,0,monsoon,-70,0
2025-08-12,33.7966,31.6,29,0,28.5,93.2286,87.75,28,0,29.195833333333336,26.3,33.3,79.70833333333333,25.183333333333334,1.63875,7.1,977.8875,3.9,85.58333333333333,252.2574994530216,8,1,0,monsoon,-69,0
2025-08-13,37.5141,37.2,32,0,31.5,129.0839,118.0,31,0,30.3,26.9,33.4,74.08333333333333,24.975,1.6441666666666668,6.5,977.0,0.0,99.79166666666669,270.369467631474,8,2,0,monsoon,-68,0
2025-08-14,31.9,26.3,29,0,17.8,63.1517,54.9,29,0,27.79583333333333,26.3,29.6,87.54166666666667,25.5,1.3733333333333333,5.6,979.6666666666666,8.200000000000001,90.04166666666667,110.0836115271839,8,3,0,monsoon,-67,0
2025-08-15,46.6867,44.15,30,0,41.4,79.0172,72.0,29,0,28.46666666666667,25.3,31.7,85.91666666666667,25.77916666666667,1.0545833333333332,4.5,978.575,4.6,59.79166666666666,103.31220945083804,8,4,0,monsoon,-66,0
2025-08-16,48.4139,50.1,29,0,41.7,93.4357,86.45,28,0,28.64583333333333,26.4,31.2,86.875,26.175,1.3241666666666667,7.2,977.4541666666668,4.1000000000000005,88.54166666666667,97.79487432920132,8,5,1,monsoon,-65,0
2025-08-17,37.9201,38.3,30,0,29.4,80.1724,79.2,29,0,29.03333333333333,27.3,32.0,86.125,26.4125,1.6825,8.3,978.3875,3.6,90.08333333333331,82.95422672826692,8,6,1,monsoon,-64,0
2025-08-18,35.3194,33.7,31,0,29.5,78.89,73.0,30,0,29.204166666666666,27.2,31.8,83.25,25.979166666666668,2.280416666666667,8.3,979.9208333333332,9.0,59.833333333333336,90.42347371843022,8,0,0,monsoon,-63,0
2025-08-19,35.7845,31.4,31,0,24.9,82.0968,79.0,31,0,29.191666666666663,26.6,31.9,82.0,25.70833333333333,2.0383333333333336,9.4,978.5875,5.4,35.541666666666664,89.16851582303809,8,1,0,monsoon,-62,0
2025-08-20,31.5516,25.6,31,0,20.0,72.3552,67.4,29,0,29.33333333333333,26.8,32.7,78.83333333333333,25.15,2.6675,8.3,977.9583333333334,5.6,54.125,97.0610782378975,8,2,0,monsoon,-61,0
2025-08-21,32.3433,29.6,30,0,24.1,82.1,77.05,28,0,29.6875,25.6,33.6,78.04166666666667,25.17083333333333,1.81375,9.3,978.0958333333332,13.8,62.333333333333336,95.1445554763372,8,3,0,monsoon,-60,0
2025-08-22,49.1968,46.9,31,0,41.7,106.9552,99.7,29,0,30.325,25.3,34.2,75.45833333333333,25.17083333333333,1.1329166666666668,6.0,975.95,3.3000000000000003,86.91666666666667,123.32397002320585,8,4,0,monsoon,-59,0
2025-08-23,36.84,30.55,30,0,25.7,72.3567,63.75,30,0,28.34166666666667,25.6,32.6,84.0,25.25,1.4475,7.6,975.8291666666668,13.2,99.58333333333331,79.89242772970385,8,5,1,monsoon,-58,0
2025-08-24,27.8533,24.05,30,0,21.8,51.7222,49.7,27,0,27.629166666666663,25.7,31.1,86.83333333333333,25.166666666666668,2.2783333333333333,10.8,976.6666666666666,11.8,97.45833333333331,97.64524932872376,8,6,1,monsoon,-57,0
2025-08-25,26.9138,25.0,29,0,19.0,50.5571,49.6,28,0,26.579166666666666,24.4,29.0,89.33333333333333,24.641666666666666,3.285416666666667,11.3,975.9541666666668,19.7,99.875,110.665126490229,8,0,0,monsoon,-56,0
2025-08-26,21.8044,21.6,32,0,11.7,41.7897,38.2,29,0,27.20833333333333,25.1,29.9,88.58333333333333,25.09583333333333,3.2070833333333333,11.0,978.45,6.7,99.66666666666669,122.97440491001804,8,1,0,monsoon,-55,0
2025-08-27,36.6567,34.4,30,0,26.2,79.1207,71.9,29,0,28.47083333333333,25.2,32.6,86.04166666666667,25.75,1.5591666666666668,6.2,978.4791666666666,1.4,65.16666666666667,117.71737814663705,8,2,0,monsoon,-54,0
2025-08-28,56.7531,56.25,32,0,44.9,125.8097,118.0,31,0,28.6375,25.3,32.4,86.04166666666667,25.991666666666664,1.47875,6.6,977.9791666666666,15.5,98.83333333333331,120.48953032025128,8,3,0,monsoon,-53,0
2025-08-29,42.2133,42.25,30,0,33.9,83.3034,78.7,29,0,27.875,25.0,31.3,87.83333333333333,25.579166666666666,2.23375,8.0,979.1,12.6,100.0,111.2484404712788,8,4,0,monsoon,-52,0
2025-08-30,31.9387,29.3,31,0,22.7,80.4724,69.7,29,0,28.4125,26.0,31.8,83.95833333333333,25.29583333333333,2.2070833333333333,8.1,980.6583333333332,3.8,84.95833333333333,103.81589061958977,8,5,1,monsoon,-51,0
2025-08-31,35.7906,29.95,32,0,20.1,70.6258,64.6,31,0,26.741666666666664,24.5,30.0,90.58333333333331,25.004166666666663,2.34875,9.5,978.75,13.1,95.04166666666669,116.40293022624417,8,6,1,monsoon,-50,0
2025-09-01,14.967,13.05,30,0,9.13,33.2214,32.8,28,0,25.46666666666667,24.0,29.2,92.33333333333331,24.0875,3.047916666666667,10.4,975.475,31.5,98.625,121.09512879744562,9,0,0,monsoon,-49,0
2025-09-02,15.8535,14.5,31,0,9.29,29.5276,25.3,29,0,25.0625,23.8,27.0,92.75,23.7875,3.5741666666666667,12.0,976.7625,21.7,99.20833333333331,121.59991874534036,9,1,0,monsoon,-48,0
2025-09-03,22.7994,21.3,31,0,15.1,41.3867,38.2,30,0,26.2,24.1,29.4,88.875,24.17083333333333,2.0704166666666666,7.4,979.6625,14.7,92.54166666666669,94.4200217493488,9,2,0,monsoon,-47,0
2025-09-04,29.971,26.7,31,0,19.0,57.46,51.6,30,0,27.133333333333336,24.2,31.4,87.375,24.729166666666668,1.6191666666666666,8.0,980.1,17.7,89.375,41.9282052694287,9,3,0,monsoon,-46,0
2025-09-05,28.2258,26.8,31,0,22.0,61.2267,56.8,30,0,27.58333333333333,25.2,31.0,84.75,24.691666666666663,2.74875,12.9,980.0583333333334,4.8,81.54166666666667,80.71036104091422,9,4,0,monsoon,-45,0
2025-09-06,36.5767,31.95,30,0,25.5,79.6448,67.6,29,0,27.6875,24.5,31.2,85.33333333333333,24.89583333333333,2.8225,10.7,980.5875,13.3,97.5,100.83095679417112,9,5,1,monsoon,-44,0
2025-09-07,31.9286,29.3,28,0,24.1,73.7667,68.8,27,0,28.004166666666663,24.8,31.9,85.16666666666667,25.14583333333333,2.13625,8.9,980.2625,2.3,54.04166666666666,121.9575629607807,9,6,1,monsoon,-43,0
2025-09-08,38.3111,33.9,27,0,18.6,96.5615,96.05,26,0,28.59166666666667,25.2,32.0,81.20833333333333,24.816666666666663,1.0445833333333334,5.9,981.1958333333332,0.7000000000000001,26.125,152.52118383096092,9,0,0,monsoon,-42,0
2025-09-09,33.6207,27.4,29,0,19.6,100.1207,83.6,29,0,29.070833333333336,25.8,32.4,75.875,24.2625,2.0816666666666666,7.3,982.5333333333332,0.4,10.0,284.00311205306707,9,1,0,monsoon,-41,0
2025-09-10,27.0966,23.8,29,0,19.4,79.869,76.8,29,0,29.20833333333333,25.6,33.2,72.75,23.58333333333333,3.049583333333333,10.3,981.5833333333334,0.0,6.708333333333333,288.08419433395625,9,2,0,monsoon,-40,0
2025-09-11,30.5161,27.0,31,0,21.6,99.3533,92.5,30,0,28.89583333333333,24.7,32.8,69.125,22.441666666666663,2.815,10.4,981.175,0.0,43.875,282.1501544994661,9,3,0,monsoon,-39,0
2025-09-12,31.4433,25.95,30,0,21.8,107.9069,99.5,29,0,29.375,24.6,33.5,66.83333333333333,22.28333333333333,2.0975,8.4,982.4541666666668,0.2,23.33333333333333,277.9013626025324,9,4,0,monsoon,-38,0
2025-09-13,30.8,26.0,32,0,21.6,100.9645,91.7,31,0,30.85833333333333,26.3,35.3,60.125,21.7625,1.6908333333333332,8.9,982.7291666666666,0.8999999999999999,50.958333333333336,272.889333535272,9,5,1,monsoon,-37,0
2025-09-14,38.3871,33.3,31,0,29.0,123.24,107.0,30,0,31.9375,27.0,36.5,56.75,21.6875,1.7745833333333334,9.0,982.1875,0.2,37.333333333333336,269.46824489126925,9,6,1,monsoon,-36,0
2025-09-15,35.8742,31.3,31,0,26.0,119.8226,106.0,31,0,32.28333333333333,27.3,36.4,53.833333333333336,21.20833333333333,2.06375,10.0,980.4666666666668,0.0,28.875,265.04478107656496,9,0,0,monsoon,-35,0
2025-09-16,38.829,36.7,31,0,31.3,124.3267,115.5,30,0,31.72083333333333,27.3,36.8,56.333333333333336,21.479166666666668,1.8316666666666668,8.6,980.675,0.1,48.41666666666666,209.9579251621433,9,1,0,monsoon,-34,0
2025-09-17,47.6467,47.4,30,0,42.0,113.4483,107.0,29,0,31.179166666666664,26.7,36.4,61.375,22.3,1.4158333333333333,7.4,981.3541666666666,0.2,15.5,34.20435467571747,9,2,0,monsoon,-33,0
2025-09-18,52.1867,52.25,30,0,43.6,118.6,109.0,28,0,30.22083333333333,25.1,34.9,66.58333333333333,22.89583333333333,1.4704166666666667,7.5,981.5125,1.6,23.08333333333333,69.99420885609152,9,3,0,monsoon,-32,0
2025-09-19,52.6097,52.0,31,0,42.8,146.6167,140.5,30,0,31.133333333333336,26.8,35.5,61.91666666666666,22.4,1.76,8.9,982.0833333333334,0.7000000000000001,14.291666666666666,321.3671517690149,9,4,0,monsoon,-31,0
2025-09-20,41.8903,38.7,31,0,34.7,138.5167,132.5,30,0,31.52916666666667,26.8,36.2,56.125,21.04583333333333,2.305,10.2,981.4958333333334,0.0,5.125,302.89275373303184,9,5,1,monsoon,-30,0
2025-09-21,40.9581,36.8,31,0,32.7,144.0333,140.5,30,0,31.225,25.4,36.4,53.25,19.9875,2.574583333333333,10.8,980.6416666666668,0.0,6.0,291.92102160490765,9,6,1,monsoon,-29,0
2025-09-22,41.7345,37.0,29,0,32.0,147.3929,143.5,28,0,31.65,26.1,36.9,50.54166666666666,19.48333333333333,2.79125,11.5,981.1125,0.0,2.083333333333333,287.2701459068369,9,0,0,monsoon,-28,0
2025-09-23,36.6607,31.65,28,0,28.0,131.5536,125.5,28,0,31.55416666666667,26.1,36.7,47.41666666666666,18.48333333333333,2.942916666666666,11.8,980.7958333333332,0.0,2.958333333333333,295.3587022786238,9,1,0,monsoon,-27,0
2025-09-24,38.16,33.55,30,0,27.4,132.01,127.0,30,0,31.008333333333336,25.8,36.1,49.625,18.7875,2.7429166666666664,11.3,979.3125,0.0,0.0,290.4380543029526,9,2,0,monsoon,-26,0
2025-09-25,37.3207,32.6,29,0,28.1,124.4345,120.0,29,0,31.133333333333336,25.9,36.2,51.79166666666666,19.3875,2.439583333333333,10.0,980.2041666666668,0.0,0.0,295.668678991674,9,3,0,monsoon,-25,0
2025-09-26,40.9933,37.75,30,0,30.1,129.0034,130.0,29,0,31.629166666666663,25.8,37.0,52.29166666666666,20.041666666666668,2.36625,10.4,981.3583333333332,0.0,0.0,314.5950662209125,9,4,0,monsoon,-24,0
2025-09-27,66.4242,64.4,33,0,58.3,172.0,173.0,32,0,32.59166666666667,27.2,38.7,53.75,21.42083333333333,1.0720833333333333,6.2,983.1416666666668,0.1,18.125,49.31801328491491,9,5,1,monsoon,-23,0
2025-09-28,39.2355,35.0,31,0,29.1,106.3935,98.4,31,0,32.358333333333334,28.3,36.5,59.708333333333336,23.104166666666668,2.41625,10.8,982.5083333333332,0.0,7.25,104.8517829796877,9,6,1,monsoon,-22,0
2025-09-29,42.2645,37.7,31,0,34.6,109.8967,110.5,30,0,32.0375,27.8,36.3,58.29166666666666,22.245833333333334,1.8116666666666663,7.9,980.95,0.2,9.791666666666666,123.93000358028615,9,0,0,monsoon,-21,0
2025-09-30,43.3182,41.1,33,0,33.7,100.5031,95.45,32,0,30.64583333333333,24.4,34.8,63.79166666666666,22.5375,1.200416666666667,9.5,979.225,8.0,69.66666666666667,190.7842677534,9,1,0,monsoon,-20,0
2025-10-01,46.8641,46.1,32,0,40.6,105.6226,106.0,31,0,28.304166666666664,24.5,33.5,74.29166666666667,23.09166666666667,1.1808333333333334,9.2,979.4,2.8000000000000003,32.333333333333336,205.2625819722988,10,2,0,post_monsoon,-19,0
2025-10-02,47.0633,45.35,30,0,37.2,100.775,97.9,28,0,28.45,24.4,32.4,71.45833333333333,22.491666666666664,1.58625,7.8,983.1208333333334,1.0,35.75,117.65988069100445,10,3,0,post_monsoon,-18,0
2025-10-03,37.2,37.4,31,0,26.6,87.8786,78.75,28,0,29.15,25.0,33.6,70.66666666666667,22.75,1.4420833333333334,6.7,985.8833333333332,0.0,40.66666666666666,75.67515892855596,10,4,0,post_monsoon,-17,0
2025-10-04,68.2424,69.2,33,0,57.9,154.2625,145.0,32,0,30.33333333333333,26.3,34.6,60.333333333333336,21.14583333333333,1.92875,9.5,983.9125,0.1,25.5,295.569758757372,10,5,1,post_monsoon,-16,0
2025-10-05,67.2438,68.8,32,0,57.0,160.5806,157.0,31,0,29.22083333333333,23.7,33.9,60.208333333333336,20.229166666666668,2.026666666666667,10.6,982.8166666666666,0.7,9.791666666666666,271.5356944963297,10,6,1,post_monsoon,-15,0
2025-10-06,32.4406,31.35,32,0,23.9,69.775,66.25,32,0,24.054166666666664,22.3,29.2,84.83333333333333,21.17083333333333,1.6354166666666667,9.2,984.8833333333332,14.6,74.54166666666667,76.07187585721738,10,0,0,post_monsoon,-14,0
2025-10-07,24.2258,23.8,31,0,19.5,45.3517,42.9,29,0,23.45833333333333,20.7,28.5,86.625,20.92083333333333,1.7212500000000002,8.1,985.2583333333332,5.2,48.04166666666666,137.20241428045574,10,1,0,post_monsoon,-13,0
2025-10-08,38.3303,37.7,33,0,36.9,83.4906,78.75,32,0,22.679166666666664,20.4,25.7,85.66666666666667,20.029166666666665,1.2670833333333331,7.8,986.7958333333332,0.2,47.5,309.8571014365481,10,2,0,post_monsoon,-12,0
2025-10-09,41.5061,41.7,33,0,43.2,119.8,110.5,32,0,23.8,20.6,28.2,74.83333333333333,18.70833333333333,1.8825,7.0,988.5833333333334,0.4,6.5,306.4659226358255,10,3,0,post_monsoon,-11,0
2025-10-10,65.4903,65.5,31,0,65.2,195.9333,193.0,30,0,23.558333333333334,19.4,28.5,68.33333333333333,16.941666666666666,1.3075,5.2,987.4708333333332,0.0,0.1666666666666666,295.7345923865644,10,4,0,post_monsoon,-10,0
2025-10-11,73.9515,76.0,33,0,68.8,205.4688,202.5,32,0,23.90833333333333,19.2,29.0,67.625,17.179166666666667,1.6137499999999998,6.6,987.1833333333334,0.0,12.708333333333334,283.2408472934706,10,5,1,post_monsoon,-9,0
2025-10-12,64.1333,66.3,33,0,63.9,183.6562,177.0,32,0,25.2,20.5,30.7,63.41666666666666,17.204166666666666,1.7125,7.1,986.8458333333332,0.0,1.2916666666666667,304.6064461031212,10,6,1,post_monsoon,-8,0
2025-10-13,77.2939,78.7,33,0,72.3,214.4688,205.5,32,0,25.820833333333336,20.4,31.7,59.375,16.516666666666666,0.9358333333333334,4.8,987.7333333333332,0.0,0.875,303.1846084155219,10,0,0,post_monsoon,-7,0
2025-10-14,80.1656,79.1,32,0,74.6,220.1613,209.0,31,0,26.47083333333333,21.1,32.0,52.083333333333336,14.816666666666668,0.8941666666666667,5.6,986.8916666666668,0.0,0.25,292.921093873999,10,1,0,post_monsoon,-6,0
2025-10-15,102.1129,99.6,31,0,76.2,256.8667,231.5,30,0,26.745833333333334,21.2,31.9,48.583333333333336,14.1875,0.7591666666666667,5.8,986.9125,0.0,0.4166666666666667,275.3357127237684,10,2,0,post_monsoon,-5,1
2025-10-16,109.3903,103.0,31,0,88.6,274.55,257.5,30,0,26.166666666666668,20.2,31.7,51.458333333333336,14.6375,1.1441666666666668,5.8,986.8125,0.0,0.0,290.3780039351309,10,3,0,post_monsoon,-4,1
2025-10-17,114.6484,113.0,31,0,101.0,264.8667,263.5,30,0,26.52916666666667,20.4,32.3,53.958333333333336,15.891666666666666,1.16875,5.8,987.9875,0.0,1.375,295.5388229807086,10,4,0,post_monsoon,-3,1
2025-10-18,124.4125,122.0,32,0,111.0,271.4194,251.0,31,0,27.266666666666666,21.6,33.2,52.91666666666666,15.975,0.82625,5.0,987.5,0.0,2.5416666666666665,260.6732815877922,10,5,1,post_monsoon,-2,1
2025-10-19,163.2969,163.0,32,0,129.0,324.4839,310.0,31,0,27.933333333333334,23.0,33.6,51.875,16.400000000000002,0.645,7.1,986.9125,0.0,8.583333333333334,173.3051502420875,10,6,1,post_monsoon,-1,1
2025-10-20,238.9839,232.0,31,0,182.0,401.6207,388.0,29,0,28.09166666666667,22.8,33.1,48.958333333333336,15.6875,1.0820833333333333,6.9,987.2208333333332,0.0,4.125,99.00744985268808,10,0,0,post_monsoon,0,1
2025-10-21,263.8438,274.0,32,0,,423.8125,422.0,32,0,26.979166666666668,22.7,30.4,57.125,17.1875,1.2220833333333332,6.9,988.6125,0.4,21.041666666666668,136.5294705702005,10,1,0,post_monsoon,1,1
2025-10-22,203.7,203.0,33,0,202.0,317.7812,308.5,32,0,27.64583333333333,23.5,32.1,53.29166666666666,16.1875,1.2604166666666667,6.5,988.7666666666668,0.0,6.916666666666667,300.5650614454014,10,2,0,post_monsoon,2,1
2025-10-23,139.8515,138.0,33,0,123.0,259.7742,256.0,31,0,26.5875,21.2,31.8,42.25,11.854166666666666,1.63,6.9,988.3,0.0,0.7916666666666666,305.3617491201915,10,3,0,post_monsoon,3,1
2025-10-24,127.1636,127.0,33,0,103.0,268.6562,262.0,32,0,25.945833333333336,20.2,32.2,45.75,12.225,1.04875,5.4,987.8458333333332,0.0,0.0,276.8528421210895,10,4,0,post_monsoon,4,1
2025-10-25,156.0758,153.0,33,0,118.0,319.7097,306.0,31,0,25.71666666666667,19.7,31.7,44.91666666666666,11.858333333333334,0.9233333333333332,6.1,987.3666666666668,0.0,0.0,247.7990184353366,10,5,1,post_monsoon,5,1
2025-10-26,119.5,119.5,2,0,120.0,193.0,193.0,1,0,25.504166666666663,18.9,31.6,45.79166666666666,12.025,1.015,5.9,988.2583333333332,0.0,7.833333333333333,128.8630837607131,10,6,1,post_monsoon,6,0
2025-10-27,150.8133,148.0,30,0,,280.2581,282.0,31,0,24.254166666666663,20.3,30.3,55.5,14.354166666666666,1.725833333333333,9.8,988.825,0.0,62.833333333333336,132.78566251149505,10,0,0,post_monsoon,7,0
2025-10-28,131.525,136.5,32,0,,229.3438,232.5,32,0,23.35833333333333,21.3,26.6,71.54166666666667,17.720833333333335,1.1758333333333333,5.7,990.1583333333332,0.0,99.16666666666669,117.04670189056937,10,1,0,post_monsoon,8,0
2025-10-29,158.2636,161.0,33,0,151.0,267.8125,263.0,32,0,24.84166666666667,20.2,29.2,65.91666666666667,17.533333333333335,1.1133333333333333,7.3,988.1458333333334,0.0,64.20833333333333,354.7890455568065,10,2,0,post_monsoon,9,0
2025-10-30,197.0,198.0,33,0,187.0,317.5938,312.0,32,0,24.554166666666664,22.6,27.3,73.95833333333333,19.45833333333333,1.0295833333333333,4.9,987.3958333333334,0.1,95.375,122.79663976478236,10,3,0,post_monsoon,10,0
2025-10-31,97.4152,101.0,33,0,93.2,177.6562,172.5,32,0,25.354166666666668,21.4,30.3,74.54166666666667,19.991666666666667,1.2775,5.5,986.5,0.1,53.04166666666666,258.2956149034028,10,4,0,post_monsoon,11,0
2025-11-01,206.1939,216.0,33,0,213.0,344.75,348.0,32,0,25.09166666666667,20.8,30.9,61.79166666666666,15.954166666666666,1.7804166666666663,7.7,986.7208333333332,0.0,1.3333333333333333,283.29490371976937,11,5,1,post_monsoon,12,0
2025-11-02,183.6938,192.0,32,0,177.0,310.8065,308.0,31,0,23.7,19.3,29.4,58.5,14.570833333333333,2.1716666666666664,8.8,986.7041666666668,0.0,0.0416666666666666,286.5011017596775,11,6,1,post_monsoon,13,0
2025-11-03,164.9875,138.5,32,0,124.0,309.7097,294.0,31,0,23.525,17.9,30.5,52.958333333333336,12.783333333333331,2.08875,9.1,984.8291666666668,0.0,0.4583333333333333,276.7660596956952,11,0,0,post_monsoon,14,0
2025-11-04,99.2,99.2,1,0,99.2,,,0,0,23.40416666666667,18.9,28.7,60.41666666666666,15.004166666666668,1.5266666666666666,8.4,984.8708333333334,0.0,23.416666666666668,159.36207624681117,11,1,0,post_monsoon,15,0
2025-11-05,106.1515,109.0,33,0,107.0,194.25,188.0,32,0,23.95833333333333,18.9,29.5,62.25,15.408333333333331,1.8833333333333333,7.3,985.3833333333332,0.0,4.75,314.0077819126699,11,2,0,post_monsoon,16,0
2025-11-06,189.6515,196.0,33,0,186.0,307.0,305.0,32,0,20.683333333333334,15.8,26.1,48.625,8.983333333333333,2.4529166666666664,7.5,988.1333333333332,0.0,0.0,297.4031895764291,11,3,0,post_monsoon,17,0
2025-11-07,215.6242,234.0,33,0,215.0,359.0312,352.0,32,0,20.3,14.8,27.3,47.333333333333336,7.9875,2.28125,7.3,989.5083333333332,0.0,0.0,286.3468030975048,11,4,0,post_monsoon,18,0
2025-11-08,256.097,276.0,33,0,251.0,419.5,418.0,32,0,20.05,13.9,26.8,44.625,6.733333333333333,1.9766666666666663,7.9,990.4625,0.0,0.0,290.7174775177101,11,5,1,post_monsoon,19,0
2025-11-09,221.5969,230.0,32,0,213.0,358.6452,371.0,31,0,20.104166666666668,14.1,26.8,45.91666666666666,7.370833333333334,1.9370833333333333,7.2,989.1,0.0,0.0,286.5633632675986,11,6,1,post_monsoon,20,0
2025-11-10,286.8704,307.0,27,0,279.0,461.2692,462.0,26,0,20.1625,13.9,27.0,46.5,7.441666666666666,1.5520833333333333,7.1,988.8583333333332,0.0,22.166666666666668,289.600364269068,11,0,0,post_monsoon,21,0
2025-11-11,295.9375,319.0,32,0,297.0,468.7419,472.0,31,0,20.08333333333333,13.7,27.4,46.833333333333336,7.4375,1.88875,7.7,989.775,0.0,0.375,286.4343341668171,11,1,0,post_monsoon,22,0
2025-11-12,319.7182,344.0,33,0,326.0,503.0,509.0,32,0,20.42083333333333,14.0,27.5,47.583333333333336,8.058333333333334,2.099166666666666,9.4,990.675,0.0,0.0,290.76734980278525,11,2,0,post_monsoon,23,0
2025-11-13,282.1364,296.0,33,0,287.0,454.6875,464.5,32,0,19.329166666666666,13.2,26.3,52.25,8.308333333333334,1.8708333333333331,7.6,992.0666666666666,0.0,0.0,284.7506769040211,11,3,0,post_monsoon,24,0
2025-11-14,227.8531,230.0,32,0,228.0,391.0323,392.0,31,0,19.2375,13.3,26.0,49.958333333333336,7.616666666666667,1.8029166666666667,7.5,992.0125,0.0,0.0,283.4874874529315,11,4,0,post_monsoon,25,0
2025-11-15,239.75,245.5,32,0,,402.9688,404.0,32,0,19.3625,12.8,26.6,49.91666666666666,7.691666666666666,1.8170833333333332,7.5,992.8958333333334,0.0,0.0,289.37859654866975,11,5,1,post_monsoon,26,0
2025-11-16,240.5625,250.0,32,0,,381.3125,375.5,32,0,19.17083333333333,12.3,26.8,49.833333333333336,7.341666666666668,1.867916666666667,8.4,994.5083333333332,0.0,0.0,295.1125663763471,11,6,1,post_monsoon,27,0
2025-11-17,213.3667,214.0,30,0,,373.1333,368.5,30,0,18.9875,12.3,26.0,50.29166666666666,7.6625,1.2433333333333334,6.1,993.9708333333332,0.0,0.0416666666666666,287.6300429168893,11,0,0,post_monsoon,28,0
2025-11-18,251.8065,242.0,31,0,208.0,438.6897,429.0,29,0,19.404166666666665,13.5,25.8,58.25,10.391666666666667,1.132083333333333,6.6,992.0375,0.0,1.2916666666666667,287.9824307065612,11,1,0,post_monsoon,29,0
2025-11-19,274.6452,279.0,31,0,,450.8438,447.0,32,0,19.7,13.3,26.0,62.625,11.716666666666669,0.8870833333333333,5.7,991.775,0.0,2.9166666666666665,180.29341452220064,11,2,0,post_monsoon,30,0
2025-11-20,238.9677,245.0,31,0,,400.0323,410.0,31,0,20.04583333333333,14.1,26.1,63.708333333333336,12.420833333333334,0.9604166666666668,5.5,992.3833333333332,0.0,0.0833333333333333,217.9286081972677,11,3,0,post_monsoon,31,0
2025-11-21,218.9375,220.5,32,0,163.0,364.7097,374.0,31,0,20.366666666666667,14.5,26.2,60.75,12.008333333333333,0.83875,5.6,993.5083333333332,0.0,0.0,194.56299474989703,11,4,0,post_monsoon,32,0
2025-11-22,230.8303,239.0,33,0,180.0,395.6875,383.5,32,0,20.3125,14.1,26.2,56.75,10.433333333333334,1.0216666666666667,6.4,991.8541666666666,0.0,0.0,276.97707951938776,11,5,1,post_monsoon,33,0
2025-11-23,270.1394,278.0,33,0,223.0,446.4688,434.0,32,0,19.35,13.2,25.9,55.54166666666666,9.333333333333334,1.1291666666666669,6.5,991.9791666666666,0.0,0.0,282.16995965760896,11,6,1,post_monsoon,34,0
2025-11-24,221.5455,234.0,33,0,221.0,381.0312,374.0,32,0,18.445833333333333,12.2,25.0,57.958333333333336,9.095833333333331,1.13625,5.7,993.3708333333334,0.0,0.0,293.4972444140336,11,0,0,post_monsoon,35,0
2025-11-25,195.0303,202.0,33,0,192.0,344.4688,338.5,32,0,17.420833333333334,11.4,24.0,57.75,8.279166666666667,1.5945833333333332,7.0,993.2916666666666,0.0,0.0,286.97254391459296,11,1,0,post_monsoon,36,0
2025-11-26,185.9781,190.5,32,0,164.0,341.75,340.0,32,0,17.366666666666667,11.2,23.9,57.25,8.008333333333333,1.0137500000000002,4.8,993.4333333333334,0.0,0.0,302.613623095408,11,2,0,post_monsoon,37,0
2025-11-27,249.9424,253.0,33,0,221.0,429.2812,425.5,32,0,18.14583333333333,12.6,24.4,54.79166666666666,8.125,0.5745833333333333,4.4,994.7666666666668,0.0,0.0,31.356256791328637,11,3,0,post_monsoon,38,0
2025-11-28,215.5152,216.0,33,0,221.0,367.0645,367.0,31,0,18.04583333333333,11.5,25.2,60.54166666666666,9.366666666666667,1.4087500000000002,5.8,992.95,0.0,7.5,299.23290060977104,11,4,0,post_monsoon,39,0
2025-11-29,141.7091,143.0,33,0,146.0,251.4667,260.0,30,0,19.004166666666663,13.7,25.9,54.29166666666666,8.887500000000001,2.01375,8.3,991.2541666666666,0.0,0.0416666666666666,304.8099867198493,11,5,1,post_monsoon,40,0
2025-11-30,144.4562,149.0,32,0,155.0,252.6129,255.0,31,0,17.283333333333335,11.7,23.6,49.54166666666666,6.016666666666667,2.04375,8.9,990.2541666666666,0.0,61.29166666666666,287.19539746752395,11,6,1,post_monsoon,41,0
2025-12-01,172.8364,171.0,33,0,152.0,304.4688,315.5,32,0,16.945833333333333,10.0,24.3,49.29166666666666,5.4625,0.99375,5.8,990.0208333333334,0.0,0.0,302.7037342385358,12,0,0,post_monsoon,42,0
2025-12-02,248.9688,260.5,32,0,236.0,419.6774,429.0,31,0,18.308333333333334,12.7,25.2,56.958333333333336,9.320833333333333,1.153333333333333,5.2,990.0666666666666,0.0,3.625,319.38597873054715,12,1,0,post_monsoon,43,0
2025-12-03,162.8091,167.0,33,0,174.0,287.8065,291.0,31,0,16.25,10.3,22.9,54.66666666666666,6.3625,1.6891666666666667,7.4,993.1208333333334,0.0,5.25,300.1581264918425,12,2,0,post_monsoon,44,0
2025-12-04,174.4688,177.5,32,0,173.0,304.871,307.0,31,0,15.233333333333334,9.8,21.9,55.833333333333336,5.883333333333333,1.9783333333333333,8.0,994.0041666666666,0.0,19.166666666666668,290.03804326030286,12,3,0,post_monsoon,45,0
2025-12-05,178.303,179.0,33,0,178.0,313.3438,313.0,32,0,15.05,8.6,21.8,56.208333333333336,5.595833333333334,1.4479166666666667,5.5,995.4416666666666,0.0,0.0,282.8982496510296,12,4,0,post_monsoon,46,0
2025-12-06,165.3333,167.0,33,0,169.0,290.9688,286.5,32,0,16.2375,10.2,23.6,53.04166666666666,5.995833333333334,2.61,8.5,994.2333333333332,0.0,49.875,283.261381264034,12,5,1,post_monsoon,47,0
2025-12-07,159.5312,160.5,32,0,161.0,279.4062,275.5,32,0,17.041666666666668,10.7,24.1,56.25,7.833333333333333,2.404583333333333,7.4,993.625,0.0,29.875,282.8401000404559,12,6,1,post_monsoon,48,0
2025-12-08,147.8182,152.0,33,0,152.0,275.4062,273.0,32,0,18.0125,12.1,25.2,52.66666666666666,7.658333333333334,2.62875,8.5,993.4625,0.0,12.666666666666666,288.500778650799,12,0,0,post_monsoon,49,0
2025-12-09,132.1758,128.0,33,0,130.0,259.0625,247.5,32,0,17.554166666666667,11.6,24.5,53.75,7.570833333333333,2.76375,8.4,993.0,0.0,0.125,282.33616569220555,12,1,0,post_monsoon,50,0
2025-12-10,132.0333,129.0,33,0,129.0,260.375,250.5,32,0,17.541666666666668,11.8,24.1,57.0,8.504166666666666,2.1133333333333333,7.0,992.8,0.0,6.5,286.6825722220148,12,2,0,post_monsoon,51,0
2025-12-11,176.4545,181.0,33,0,143.0,320.5312,320.5,32,0,17.375,10.8,24.7,60.41666666666666,8.925,1.5704166666666666,7.7,991.6875,0.0,0.0,279.6326348582108,12,3,0,post_monsoon,52,0
2025-12-12,238.0909,237.0,33,0,191.0,412.9688,403.0,32,0,17.279166666666665,10.4,24.4,62.79166666666666,9.254166666666666,0.9991666666666666,4.5,990.9708333333332,0.0,14.041666666666666,286.19026926399147,12,4,0,post_monsoon,53,0
2025-12-13,372.6875,380.0,32,0,357.0,575.5484,571.0,31,0,17.829166666666666,12.7,24.5,65.79166666666667,10.704166666666666,0.67125,4.4,992.0625,0.0,49.708333333333336,104.01027166459198,12,5,1,post_monsoon,54,0
2025-12-14,400.0968,397.0,31,3,384.0,572.8667,548.5,30,3,17.73333333333333,11.2,24.2,69.58333333333333,11.529166666666669,0.5675,3.6,993.2791666666668,0.0,71.875,127.26898490137596,12,6,1,post_monsoon,55,0
2025-12-15,284.2424,271.0,33,0,270.0,405.0,385.5,32,0,16.625,10.5,23.3,72.41666666666667,11.0875,1.5666666666666669,6.2,992.6958333333332,0.0,31.95833333333333,274.60174474833576,12,0,0,post_monsoon,56,0
2025-12-16,179.5455,185.0,33,0,184.0,290.7188,285.5,32,0,16.995833333333334,11.6,23.3,69.08333333333333,10.9,2.6266666666666665,8.6,991.8958333333334,0.0,1.625,289.39551024200813,12,1,0,post_monsoon,57,0
2025-12-17,195.2121,202.0,33,0,184.0,314.1562,301.0,32,0,17.029166666666665,11.4,23.8,70.16666666666667,11.1125,2.245,7.3,992.6708333333332,0.0,0.375,284.19435332479725,12,2,0,post_monsoon,58,0
2025-12-18,253.2424,258.0,33,0,301.0,381.1562,381.0,32,0,16.404166666666665,11.6,22.5,74.41666666666667,11.416666666666666,1.5083333333333335,6.0,993.6416666666668,0.0,76.04166666666667,305.751440680648,12,3,0,post_monsoon,59,0
2025-12-19,216.4848,224.0,33,0,232.0,327.2188,320.0,32,0,15.704166666666666,11.2,21.9,77.66666666666667,11.3125,1.62125,6.5,991.2791666666668,0.0,63.625,287.91912941888205,12,4,0,post_monsoon,60,0
2025-12-20,283.7188,287.0,32,0,275.0,409.0312,403.0,32,0,14.995833333333332,9.5,21.8,78.41666666666667,10.8,1.1070833333333334,4.2,990.1291666666666,0.0,48.29166666666666,138.26080855851365,12,5,1,post_monsoon,61,0
2025-12-21,214.8438,222.0,32,0,239.0,330.5,315.0,32,0,14.475,10.7,20.4,84.375,11.575,1.18625,5.0,992.2416666666668,0.0,65.375,123.27703970730649,12,6,1,post_monsoon,62,0
2025-12-22,262.1818,278.0,33,0,290.0,427.7812,431.5,32,0,15.370833333333332,11.4,21.3,83.33333333333333,12.2625,0.8925,4.3,992.25,0.0,41.083333333333336,167.13518541909184,12,0,0,post_monsoon,63,0
2025-12-23,240.5,243.5,32,0,283.0,352.8387,354.0,31,0,16.504166666666666,11.6,23.1,80.54166666666667,12.770833333333334,2.185833333333333,7.1,990.4583333333334,0.0,30.666666666666668,285.18600464059585,12,1,0,post_monsoon,64,0
2025-12-24,112.4312,118.5,32,0,108.0,199.5806,193.0,31,0,15.85,11.6,21.1,69.25,9.6375,2.449583333333333,8.9,990.4541666666668,0.0,0.0,283.37625631047206,12,2,0,post_monsoon,65,0
2025-12-25,146.9969,148.0,32,0,104.0,265.5484,257.0,31,0,14.733333333333334,9.3,21.0,64.16666666666667,7.529166666666666,1.50375,5.8,991.5416666666666,0.0,26.625,271.91148186245186,12,3,0,post_monsoon,66,0
2025-12-26,239.8182,243.0,33,0,173.0,360.3438,348.0,32,0,15.183333333333332,9.9,21.1,66.83333333333333,8.520833333333334,1.2929166666666667,6.8,991.9875,0.0,76.5,303.5657876818264,12,4,0,post_monsoon,67,0
2025-12-27,259.4545,273.0,33,0,264.0,379.125,383.5,32,0,14.870833333333332,9.7,20.5,76.79166666666667,10.441666666666666,1.3420833333333333,5.9,991.8166666666666,0.0,70.45833333333333,295.91640645113495,12,5,1,post_monsoon,68,0
2025-12-28,289.6875,284.5,32,0,247.0,405.5161,413.0,31,0,14.6125,9.4,20.5,78.25,10.475,1.195,5.8,992.4333333333334,0.0,36.958333333333336,285.32219785821303,12,6,1,post_monsoon,69,0
2025-12-29,276.7419,282.0,31,0,285.0,388.5161,374.0,31,0,14.0875,10.6,19.9,80.75,10.379166666666666,0.92375,5.6,992.1958333333332,0.0,46.16666666666666,277.372132709617,12,0,0,post_monsoon,70,0
2025-12-30,241.6774,241.0,31,0,247.0,351.5,337.0,30,0,14.183333333333332,9.7,20.4,78.54166666666667,9.95,1.2770833333333331,6.2,989.4791666666666,0.0,42.458333333333336,281.9486349667993,12,1,0,post_monsoon,71,0
2025-12-31,249.2258,267.0,31,0,275.0,349.1667,351.0,30,0,13.204166666666666,9.1,19.4,83.54166666666667,10.270833333333334,1.8445833333333332,6.6,987.6833333333334,0.0,45.875,117.97145224694378,12,2,0,post_monsoon,72,0
2026-01-01,211.8065,227.0,31,0,234.0,313.3667,307.0,30,0,13.3125,10.5,16.9,89.91666666666667,11.616666666666667,1.5395833333333335,5.8,989.8458333333332,1.6,87.20833333333333,126.9662343554167,1,3,0,winter,73,0
2026-01-02,91.5233,95.35,30,0,96.1,144.569,141.0,29,0,14.033333333333331,11.1,17.5,78.58333333333333,10.1,2.05125,7.8,992.8666666666668,0.0,51.458333333333336,306.0661558346353,1,4,0,winter,74,0
2026-01-03,136.5344,140.0,32,0,146.0,214.8065,219.0,31,0,13.208333333333334,10.7,17.1,77.25,9.091666666666669,1.0691666666666666,5.4,993.6916666666666,0.0,60.375,300.12795709517354,1,5,1,winter,75,0
2026-01-04,145.7645,148.0,31,0,139.0,213.7,215.0,30,0,12.441666666666668,8.5,17.1,78.83333333333333,8.604166666666666,1.3995833333333332,6.6,994.8125,0.0,41.41666666666666,300.0580448539752,1,6,1,winter,76,0
2026-01-05,122.6281,127.5,32,0,132.0,203.2258,202.0,31,0,12.475,8.5,17.2,79.41666666666667,8.85,1.4891666666666667,5.6,995.9041666666668,0.0,11.916666666666666,312.4935717509243,1,0,0,winter,77,0
2026-01-06,157.8781,164.0,32,0,186.0,240.3548,243.0,31,0,11.9875,8.5,17.1,84.83333333333333,9.316666666666666,1.61875,6.5,995.8083333333334,0.0,23.0,299.5014435883566,1,1,0,winter,78,0
2026-01-07,137.0531,138.0,32,0,155.0,224.871,220.0,31,0,10.866666666666667,7.9,15.4,89.16666666666667,9.029166666666669,1.7162499999999998,6.9,996.925,0.0,37.5,305.51210949841084,1,2,0,winter,79,0
2026-01-08,155.1875,144.0,32,0,168.0,254.4516,244.0,31,0,10.145833333333334,7.5,14.4,87.79166666666667,8.075000000000001,1.29375,5.6,997.1,0.0,48.958333333333336,319.4473869953068,1,3,0,winter,80,0
2026-01-09,200.625,196.5,32,0,215.0,328.0,313.0,31,0,11.433333333333332,7.5,17.3,82.70833333333333,8.2125,0.97,3.8,996.025,0.7,48.41666666666666,9.95638703229639,1,4,0,winter,81,0
2026-01-10,159.0935,164.0,31,0,171.0,270.3548,271.0,31,0,11.341666666666669,6.6,17.1,81.08333333333333,7.895833333333333,1.695,5.9,994.6541666666668,0.0,5.958333333333333,297.64164510487586,1,5,1,winter,82,0
2026-01-11,158.0,158.0,1,0,158.0,,,0,0,10.595833333333331,6.0,16.4,75.79166666666667,6.0875,2.178333333333333,6.8,996.6458333333334,0.0,0.0,296.0875473450255,1,6,1,winter,83,0
2026-01-12,167.0,167.0,1,0,167.0,,,0,0,10.575,4.9,17.2,70.375,4.745833333333334,1.3854166666666667,4.7,996.5833333333334,0.0,0.125,307.2632515128048,1,0,0,winter,84,0
2026-01-13,260.0,260.0,1,0,260.0,,,0,0,11.154166666666669,5.0,18.5,75.5,6.541666666666667,1.28,6.5,995.1208333333334,0.0,28.041666666666668,308.3627746902732,1,1,0,winter,85,0
2026-01-14,237.0,237.0,1,0,237.0,,,0,0,10.716666666666669,5.6,17.4,75.95833333333333,6.0375000000000005,1.819583333333333,6.7,992.1666666666666,0.0,20.83333333333333,296.55850324728925,1,2,0,winter,86,0
2026-01-15,217.0,217.0,1,0,217.0,,,0,0,11.170833333333334,5.8,17.9,76.04166666666667,6.4875,1.81375,7.5,992.2541666666666,0.0,24.625,295.67887336170406,1,3,0,winter,87,0
2026-01-16,220.0,220.0,1,0,220.0,,,0,0,12.6625,6.1,20.5,68.375,6.1625000000000005,1.2229166666666669,4.9,991.0791666666668,0.0,51.04166666666666,295.6174965905123,1,4,0,winter,88,0
2026-01-17,368.0,368.0,1,0,368.0,,,0,0,14.429166666666667,7.8,22.6,69.66666666666667,8.279166666666667,0.745,3.4,989.4583333333334,0.0,98.08333333333331,89.98773130451582,1,5,1,winter,89,0
2026-01-18,291.0,291.0,1,0,291.0,,,0,0,14.770833333333334,8.1,22.0,77.0,10.166666666666666,1.1783333333333337,6.2,987.625,0.0,37.41666666666666,120.48440345623636,1,6,1,winter,90,0
2026-01-19,274.0,274.0,1,0,274.0,,,0,0,17.275000000000002,10.7,25.1,61.125,7.820833333333333,0.9925,4.1,989.6875,0.0,13.0,53.56397743537343,1,0,0,winter,91,0
2026-01-20,213.0,213.0,1,0,213.0,,,0,0,17.191666666666666,10.2,24.3,60.91666666666666,8.583333333333334,1.6625,7.2,990.9166666666666,0.0,7.041666666666667,297.97413653498216,1,1,0,winter,92,0
2026-01-21,173.3031,179.5,32,0,175.0,303.7742,301.0,31,0,16.349999999999998,9.7,23.2,64.79166666666667,8.737499999999999,1.4983333333333333,7.5,992.5958333333332,0.0,7.208333333333333,300.0190187484044,1,2,0,winter,93,0
2026-01-22,177.9091,183.0,33,0,178.0,315.6875,313.5,32,0,17.416666666666668,10.0,25.0,61.375,9.175,1.62,7.5,991.15,0.0,18.416666666666668,134.4457543598711,1,3,0,winter,94,0
2026-01-23,131.7219,140.0,32,0,137.0,188.4742,189.0,31,0,15.258333333333333,12.9,17.5,83.125,12.333333333333334,3.4325,13.9,990.3583333333332,23.9,75.16666666666667,130.85088643180973,1,4,0,winter,95,0
2026-01-24,64.1375,63.4,32,0,72.4,182.5226,182.0,31,0,12.091666666666669,9.0,16.4,68.91666666666667,6.1375,2.5525,7.3,996.9083333333332,0.0,79.95833333333333,321.60480285788407,1,5,1,winter,96,0
2026-01-25,79.7576,85.5,33,0,89.3,179.5938,175.5,32,0,10.879166666666668,6.4,16.5,73.58333333333333,6.1375,2.0658333333333334,7.6,994.5125,0.0,28.25,287.99391094838955,1,6,1,winter,97,0
2026-01-26,127.2364,136.0,33,0,112.0,231.875,234.5,32,0,12.391666666666666,6.2,18.8,77.16666666666667,8.225,0.8429166666666666,3.2,994.1958333333332,0.0,20.125,270.2074319624906,1,0,0,winter,98,0
2026-01-27,178.0667,184.0,33,0,154.0,274.4375,260.0,32,0,14.3875,11.1,19.7,82.54166666666667,11.391666666666666,2.38375,10.2,992.7625,12.3,42.91666666666666,118.19967948307044,1,1,0,winter,99,0
2026-01-28,126.9576,130.0,33,0,130.0,186.3094,194.0,32,0,14.295833333333334,11.7,18.4,85.16666666666667,11.7,1.4895833333333333,6.1,994.7041666666668,7.6,47.958333333333336,314.5971249542179,1,2,0,winter,100,0
2026-01-29,103.6788,111.0,33,0,117.0,166.3452,172.0,31,0,13.445833333333333,10.4,18.4,86.375,11.033333333333331,1.8904166666666664,7.1,994.8958333333334,0.0,41.29166666666666,303.025645041607,1,3,0,winter,101,0
2026-01-30,127.2531,128.0,32,0,125.0,215.6097,217.0,31,0,13.816666666666668,8.5,19.5,81.79166666666667,10.529166666666669,1.25125,5.8,993.7166666666668,0.0,65.20833333333333,286.3846371055573,1,4,0,winter,102,0
2026-01-31,197.5,198.5,32,0,189.0,309.8438,306.5,32,0,14.125,9.2,19.9,86.5,11.6875,1.5175,6.6,993.8291666666668,0.0,47.375,119.64143069277998,1,5,1,winter,103,0
2026-02-01,103.3938,104.0,32,0,96.0,176.6774,161.0,31,0,16.07916666666667,12.4,20.8,82.83333333333333,13.025,1.6095833333333334,7.9,993.9125,13.2,32.791666666666664,145.95234589611624,2,6,1,winter,104,0
2026-02-02,119.3969,121.5,32,0,137.0,183.2935,183.0,31,0,15.233333333333334,12.7,19.7,88.58333333333333,13.225,1.4574999999999998,6.6,994.6333333333332,0.0,68.54166666666667,296.38825867127883,2,0,0,winter,105,0
2026-02-03,134.0,134.0,1,0,134.0,,,0,0,14.633333333333333,10.4,19.6,82.04166666666667,11.304166666666667,1.12875,5.3,995.6458333333334,0.0,52.958333333333336,309.66293396413096,2,1,0,winter,106,0
2026-02-04,189.0,189.0,1,0,189.0,,,0,0,15.079166666666666,10.7,20.2,77.33333333333333,10.845833333333331,1.7416666666666665,7.1,996.3333333333334,0.0,20.20833333333333,309.5973300963357,2,2,0,winter,107,0
2026-02-05,110.0125,118.5,32,0,123.0,201.1935,202.0,31,0,15.279166666666669,10.6,21.3,72.0,9.841666666666669,2.37125,8.1,994.7916666666666,0.0,3.0,291.02940478891963,2,3,0,winter,108,0
2026-02-06,101.797,106.0,33,0,112.0,198.3125,195.5,32,0,16.320833333333333,10.8,22.6,67.75,10.004166666666666,2.554583333333333,9.6,993.7625,0.0,0.0,291.5441842198354,2,4,0,winter,109,0
2026-02-07,98.4562,104.0,32,0,107.0,189.3871,190.0,31,0,17.529166666666665,12.5,23.6,68.375,11.25,2.6358333333333333,9.8,991.5833333333334,0.0,13.666666666666666,288.1741805359701,2,5,1,winter,110,0
2026-02-08,88.7,88.7,1,0,88.7,,,0,0,16.7375,11.4,22.8,62.04166666666666,8.85,2.07125,8.5,990.5416666666666,0.0,30.58333333333333,290.06662940870274,2,6,1,winter,111,0
2026-02-09,127.7806,127.0,31,0,116.0,263.8667,265.0,30,0,16.974999999999998,10.5,24.0,61.54166666666666,8.766666666666667,1.31125,5.8,990.3458333333332,0.0,52.208333333333336,150.8061917535913,2,0,0,winter,112,0
2026-02-10,146.0516,144.0,31,0,121.0,307.2667,299.0,30,0,18.816666666666663,11.6,27.2,59.91666666666666,9.6,1.3629166666666668,6.1,991.3541666666666,0.0,16.25,121.69775488991904,2,1,0,winter,113,0
2026-02-11,143.3969,144.5,32,0,140.0,280.7097,278.0,31,0,20.5375,14.6,27.1,57.91666666666666,10.995833333333332,1.9475,8.7,993.9291666666668,0.0,3.8333333333333335,315.3028260828279,2,2,0,winter,114,0
2026-02-12,73.7939,74.6,33,0,75.0,163.3438,160.0,32,0,18.933333333333334,13.0,25.1,53.79166666666666,8.529166666666667,2.1875,9.6,993.1333333333332,0.0,29.75,292.2468655592794,2,3,0,winter,115,0
2026-02-13,91.4062,90.45,32,0,84.6,199.9032,197.0,31,0,18.995833333333334,12.7,25.5,52.75,8.279166666666667,1.5845833333333337,7.9,991.0916666666668,0.0,85.79166666666667,279.4086907777879,2,4,0,winter,116,0
2026-02-14,109.4818,110.0,33,0,118.0,227.4031,225.0,32,0,19.870833333333334,12.5,26.9,52.125,8.645833333333334,1.76375,8.6,990.0291666666668,0.0,32.833333333333336,285.6536646441323,2,5,1,winter,117,0
2026-02-15,98.2485,98.0,33,0,90.3,206.1562,205.5,32,0,20.84583333333333,13.5,28.1,52.708333333333336,9.55,1.6970833333333333,9.4,989.2375,0.0,0.0,280.4068371750073,2,6,1,winter,118,0
2026-02-16,109.0,109.0,1,0,109.0,,,0,0,21.95833333333333,13.1,30.3,50.41666666666666,9.495833333333334,1.3125,7.6,988.5916666666668,0.0,3.083333333333333,161.90971817944057,2,0,0,winter,119,0
2026-02-17,78.4,78.4,1,0,78.4,,,0,0,21.9125,15.9,29.2,54.208333333333336,11.145833333333334,2.1866666666666665,8.7,989.825,0.0,2.1666666666666665,129.09543815397473,2,1,0,winter,120,0
2026-02-18,84.3,84.3,1,0,84.3,,,0,0,18.95833333333333,16.1,23.9,73.375,13.6125,1.0991666666666666,7.3,990.9958333333334,0.9,88.75,352.407220087434,2,2,0,winter,121,0
2026-02-19,90.3,90.3,1,0,90.3,,,0,0,19.8375,13.9,26.3,67.41666666666667,12.683333333333332,0.925,5.8,992.2958333333332,0.0,15.916666666666666,322.3056168187831,2,3,0,winter,122,0
2026-02-20,90.4242,93.8,33,0,93.8,186.5938,188.5,32,0,20.995833333333334,15.0,27.9,63.583333333333336,12.720833333333331,1.4916666666666665,7.9,993.3125,0.0,0.0416666666666666,301.580517656894,2,4,0,winter,123,0
2026-02-21,104.4188,106.0,32,0,107.0,204.5032,206.0,31,0,20.820833333333333,14.8,27.2,62.083333333333336,12.6625,1.9470833333333333,8.5,988.725,0.0,0.0,283.3995576824062,2,5,1,winter,124,0
2026-02-22,98.3909,101.0,33,0,101.0,204.1935,201.0,31,0,21.59166666666667,14.7,28.4,55.583333333333336,10.7125,1.5541666666666665,7.6,985.3041666666668,0.0,0.0,275.0270605768793,2,6,1,winter,125,0
2026-02-23,103.9242,104.0,33,0,89.2,233.2688,219.5,32,0,22.3625,14.8,29.4,53.0,10.483333333333333,1.1441666666666668,8.7,985.3583333333332,0.0,1.875,290.6407772137446,2,0,0,winter,126,0
2026-02-24,117.2212,119.0,33,0,108.0,254.75,250.0,32,0,22.433333333333334,15.9,29.6,52.5,10.595833333333331,1.2691666666666668,8.3,987.3458333333332,0.0,0.2916666666666667,325.35773737161213,2,1,0,winter,127,0
2026-02-25,101.2194,103.0,31,0,90.0,227.3467,222.5,30,0,22.266666666666666,14.9,29.0,47.54166666666666,8.566666666666666,1.5970833333333332,8.5,988.3208333333332,0.0,0.0,290.61322004801923,2,2,0,winter,128,0
2026-02-26,82.5606,79.3,33,0,76.0,214.3844,202.0,32,0,22.48333333333333,15.5,29.7,45.375,8.383333333333333,2.1375,10.5,986.0375,0.0,0.0,282.27260137960377,2,3,0,winter,129,0
2026-02-27,83.3242,83.9,33,0,69.8,237.0312,223.0,32,0,23.683333333333334,16.0,30.8,41.79166666666666,8.145833333333334,1.622083333333333,9.0,983.6291666666666,0.0,4.291666666666667,277.345577635611,2,4,0,winter,130,0
2026-02-28,95.603,99.2,33,0,83.1,260.5031,241.5,32,0,25.89583333333333,21.3,31.9,41.083333333333336,10.045833333333333,1.5970833333333332,10.4,983.1125,0.0,35.708333333333336,300.15075355929,2,5,1,winter,131,0
2026-03-01,79.0273,78.8,33,0,78.8,198.9781,191.0,32,0,23.9125,17.2,30.6,46.0,10.0875,2.5058333333333334,11.9,984.5916666666668,0.0,1.25,290.91329842867367,3,6,1,pre_monsoon,132,0
2026-03-02,90.7,91.75,32,0,91.2,215.6452,209.0,31,0,23.916666666666668,17.2,30.8,44.5,10.025,2.833333333333333,12.0,986.7208333333332,0.0,0.75,293.1807494359557,3,0,0,pre_monsoon,133,0
2026-03-03,81.5182,83.2,33,0,83.3,203.5806,194.0,31,0,24.59166666666667,17.7,31.4,41.375,9.845833333333331,3.3479166666666664,12.9,987.1541666666668,0.0,0.0,289.494926848377,3,1,0,pre_monsoon,134,0
2026-03-04,68.9848,67.7,33,0,67.1,157.2258,153.0,31,0,25.97083333333333,18.3,33.2,43.16666666666666,11.820833333333333,3.1316666666666664,11.7,987.8958333333334,0.0,0.0,293.6041342013615,3,2,0,pre_monsoon,135,0
2026-03-05,62.1364,62.3,33,0,63.1,161.2233,154.0,30,0,27.27083333333333,20.9,34.0,46.75,14.133333333333333,3.22,11.7,985.5125,0.0,0.0,297.4051604927697,3,3,0,pre_monsoon,136,0
2026-03-06,84.5879,81.3,33,0,76.6,212.7188,203.5,32,0,27.070833333333336,19.5,34.5,45.75,13.195833333333333,1.7025,8.8,985.45,0.0,0.0,299.4475601357361,3,4,0,pre_monsoon,137,0
2026-03-07,137.4562,142.5,32,0,97.4,283.5333,283.0,30,0,27.65833333333333,20.1,35.3,52.75,15.2375,1.132083333333333,7.3,987.15,0.0,0.0,211.41802452134056,3,5,1,pre_monsoon,138,0
2026-03-08,111.1062,111.0,32,0,96.8,249.1875,258.5,32,0,28.35833333333333,20.8,35.8,46.958333333333336,14.129166666666668,1.5720833333333333,9.1,987.425,0.0,8.291666666666666,279.1192092634411,3,6,1,pre_monsoon,139,0
2026-03-09,104.1167,102.5,30,0,101.0,227.1667,227.0,30,0,28.03333333333333,20.7,35.5,49.083333333333336,15.4,1.9145833333333333,9.0,987.5083333333332,0.0,34.791666666666664,297.5639169121895,3,0,0,pre_monsoon,140,0
2026-03-10,100.0,100.0,1,0,100.0,,,0,0,28.666666666666668,22.4,35.5,51.375,16.229166666666668,1.028333333333333,8.5,989.5791666666668,0.0,20.45833333333333,314.7978710403877,3,1,0,pre_monsoon,141,0
2026-03-11,99.4,102.0,32,0,86.5,268.0645,262.0,31,0,28.77083333333333,20.5,36.3,39.29166666666666,10.725,2.03125,11.8,987.6916666666666,0.0,27.58333333333333,279.83940890840364,3,2,0,pre_monsoon,142,0
2026-03-12,79.3939,80.1,33,0,77.5,227.4781,234.0,32,0,28.33333333333333,21.2,35.9,33.333333333333336,8.275,2.22125,12.0,984.2083333333334,0.0,80.45833333333333,272.5900164238325,3,3,0,pre_monsoon,143,0
2026-03-13,71.5281,69.1,32,0,69.2,172.0677,163.0,31,0,27.0625,21.7,32.5,44.458333333333336,12.666666666666666,2.5483333333333333,10.0,984.65,0.0,82.875,301.962202173621,3,4,0,pre_monsoon,144,0
2026-03-14,74.0156,70.0,32,0,66.7,186.62,185.0,30,0,26.78333333333333,20.1,33.1,35.333333333333336,8.833333333333334,1.9008333333333327,10.0,984.3208333333332,0.0,57.04166666666666,299.51422506218506,3,5,1,pre_monsoon,145,0
2026-03-15,60.3562,58.6,32,0,44.5,154.0516,150.0,31,0,23.129166666666663,18.2,27.3,55.75,13.254166666666668,3.1325000000000003,11.6,984.8708333333334,2.6,47.458333333333336,96.21053299210666,3,6,1,pre_monsoon,146,0
2026-03-16,45.3516,42.4,31,0,39.7,135.43,132.0,30,0,23.370833333333334,17.4,30.8,50.208333333333336,11.304166666666667,3.0875,12.1,983.85,0.3,29.291666666666668,108.43522889897456,3,0,0,pre_monsoon,147,0
2026-03-17,82.9097,80.5,31,0,71.2,190.6667,189.0,30,0,24.2375,17.4,31.5,50.25,12.233333333333334,1.615,7.2,984.5333333333332,0.0,58.458333333333336,344.3626070970772,3,1,0,pre_monsoon,148,0
2026-03-18,92.3323,87.5,31,0,80.0,204.2069,201.0,29,0,24.1125,19.3,32.2,56.75,14.0375,1.5179166666666666,10.2,986.5625,3.7,67.375,345.51330505126543,3,2,0,pre_monsoon,149,0
2026-03-19,58.0267,57.4,30,0,50.3,110.5793,107.0,29,0,22.10833333333333,18.3,27.1,65.66666666666667,15.104166666666666,2.222916666666667,9.9,987.45,3.4,83.29166666666667,354.58688758508805,3,3,0,pre_monsoon,150,0
2026-03-20,44.9742,43.0,31,0,42.8,77.9226,73.5,31,0,17.9875,16.4,20.6,86.0,15.533333333333331,1.4158333333333333,6.8,986.5875,2.8,72.79166666666667,319.62992523742656,3,4,0,pre_monsoon,151,0
2026-03-21,61.2333,60.0,30,0,52.9,133.6,123.0,29,0,19.729166666666668,14.8,25.5,77.04166666666667,15.0375,1.3829166666666666,6.8,988.3791666666666,0.0,70.5,310.38060582946895,3,5,1,pre_monsoon,152,0
2026-03-22,65.8903,63.9,31,0,58.3,146.4367,140.0,30,0,21.695833333333336,16.2,27.1,65.95833333333333,14.65,1.86375,8.7,988.1125,0.0,25.791666666666668,300.9700506410136,3,6,1,pre_monsoon,153,0
2026-03-23,63.91,64.35,30,0,49.6,144.3069,135.0,29,0,21.89583333333333,17.9,26.9,70.375,15.95,1.4775,7.9,987.2125,9.6,58.75,317.38577100144244,3,0,0,pre_monsoon,154,0
2026-03-24,84.5097,84.9,31,0,64.7,192.5167,181.5,30,0,23.554166666666664,18.1,29.7,63.625,15.295833333333334,1.8008333333333333,8.5,986.125,0.0,8.25,300.11666234849014,3,1,0,pre_monsoon,155,0
2026-03-25,89.6438,83.7,32,0,79.3,197.1984,197.0,31,0,24.925,17.7,31.5,49.958333333333336,12.583333333333334,1.6195833333333332,8.8,985.6,0.0,37.208333333333336,290.7035779352839,3,2,0,pre_monsoon,156,0
2026-03-26,79.429,70.1,31,0,58.7,195.3097,183.0,31,0,27.73333333333333,21.0,34.8,43.25,12.758333333333333,1.74625,10.4,987.2416666666668,0.0,66.45833333333333,301.60119898349825,3,3,0,pre_monsoon,157,0
2026-03-27,52.9562,48.45,32,0,46.7,138.3806,132.0,31,0,25.725,22.1,29.3,49.0,13.804166666666667,2.1220833333333333,8.7,984.3791666666666,0.6,45.79166666666666,331.6547466159134,3,4,0,pre_monsoon,158,0
2026-03-28,74.0419,74.5,31,0,66.9,180.5,171.0,30,0,27.14583333333333,20.8,33.0,43.875,12.691666666666668,1.5170833333333336,8.8,981.4416666666666,0.0,52.54166666666666,281.51085541586167,3,5,1,pre_monsoon,159,0
2026-03-29,81.3688,84.4,32,0,73.3,220.129,213.0,31,0,28.1375,22.8,35.0,47.208333333333336,15.316666666666668,2.145,9.8,981.7,0.0,61.79166666666666,119.8366777398283,3,6,1,pre_monsoon,160,0
2026-03-30,64.2387,58.8,31,0,54.8,212.4667,207.5,30,0,26.9625,21.7,34.7,50.16666666666666,14.729166666666666,2.2654166666666664,15.5,983.9458333333332,0.2,93.125,276.75046275259064,3,0,0,pre_monsoon,161,0
2026-03-31,64.0258,60.4,31,0,49.0,155.2212,148.5,30,0,26.20833333333333,21.3,35.0,53.75,14.658333333333331,1.3554166666666667,9.9,985.6541666666668,0.3,73.875,312.8608443005499,3,1,0,pre_monsoon,162,0
2026-04-01,53.0839,49.7,31,0,42.0,140.2133,139.5,30,0,26.425,19.6,33.1,51.04166666666666,14.291666666666666,1.2129166666666666,7.6,985.9541666666668,0.0,64.875,45.29793655669778,4,2,0,pre_monsoon,163,0
2026-04-02,86.4355,86.3,31,0,71.5,220.5333,219.5,30,0,28.375,21.7,34.3,47.125,14.9,1.2933333333333332,8.1,985.0375,0.0,55.79166666666666,94.76530673412248,4,3,0,pre_monsoon,164,0
2026-04-03,82.0933,77.45,30,0,81.3,389.6552,389.0,29,0,25.804166666666664,22.3,32.1,54.29166666666666,15.545833333333334,2.481666666666667,10.8,985.4916666666668,0.4,91.91666666666669,284.1907808391541,4,4,0,pre_monsoon,165,0
2026-04-04,53.0903,51.0,31,0,48.7,140.8828,132.0,29,0,24.491666666666664,21.2,30.3,64.125,16.716666666666665,1.31,7.2,985.3458333333332,2.3,94.0,308.8265961932346,4,5,1,pre_monsoon,166,0
2026-04-05,50.5062,48.6,32,0,44.3,132.9742,128.0,31,0,24.35,19.8,29.3,57.083333333333336,14.429166666666667,1.4620833333333334,9.7,984.1375,0.9,28.20833333333333,305.78330267670606,4,6,1,pre_monsoon,167,0
2026-04-06,52.2379,47.5,29,0,37.0,141.2786,126.5,28,0,25.954166666666666,20.8,31.7,38.91666666666666,9.770833333333334,1.80375,11.3,984.4625,0.0,12.291666666666666,268.34595921037703,4,0,0,pre_monsoon,168,0
2026-04-07,46.8387,43.8,31,0,39.8,119.1138,118.0,29,0,22.77916666666667,18.0,28.8,56.5,12.983333333333334,2.39,12.4,983.6083333333332,8.4,72.375,108.45928456937804,4,1,0,pre_monsoon,169,0
2026-04-08,34.9125,33.7,32,0,29.9,78.67,76.55,30,0,20.4375,17.0,25.5,73.0,14.970833333333331,1.8341666666666665,7.3,983.9,4.1,41.083333333333336,112.12023633124971,4,2,0,pre_monsoon,170,0
2026-04-09,50.19,49.0,30,0,39.2,127.0759,123.0,29,0,22.579166666666666,16.1,28.7,60.79166666666666,13.054166666666667,1.7291666666666667,8.4,988.1583333333332,0.0,7.791666666666667,39.101178526883416,4,3,0,pre_monsoon,171,0
2026-04-10,50.7567,47.0,30,0,46.0,161.8966,155.0,29,0,24.791666666666668,17.8,31.2,42.5,9.508333333333333,3.4791666666666665,12.9,988.4416666666666,0.0,0.2916666666666667,301.13260534394016,4,4,0,pre_monsoon,172,0
2026-04-11,48.8032,45.8,31,0,40.5,150.1333,145.0,30,0,27.6375,21.7,32.9,33.458333333333336,9.379166666666666,2.8608333333333333,10.9,986.2458333333334,0.0,28.666666666666668,314.707126962074,4,5,1,pre_monsoon,173,0
2026-04-12,58.9613,55.5,31,0,49.8,161.7097,152.0,31,0,28.666666666666668,23.0,34.2,30.58333333333333,8.504166666666666,2.54125,10.8,983.7458333333334,0.0,4.458333333333333,315.8000217636434,4,6,1,pre_monsoon,174,0
2026-04-13,60.4818,55.1,33,0,50.0,174.3125,167.5,32,0,28.641666666666666,21.8,34.6,27.666666666666668,6.8125,2.5395833333333333,10.9,984.475,0.0,18.375,295.4478358901406,4,0,0,pre_monsoon,175,0
2026-04-14,72.5909,69.9,33,0,50.8,206.6129,190.0,31,0,30.7,23.0,37.5,25.291666666666668,6.970833333333334,1.96,9.6,983.4583333333334,0.0,5.833333333333333,305.6503492655128,4,1,0,pre_monsoon,176,0
2026-04-15,86.197,84.5,33,0,70.9,245.5625,231.0,32,0,31.741666666666664,23.7,38.7,21.791666666666668,5.333333333333333,2.2604166666666665,10.5,981.0125,0.0,4.416666666666667,306.0618368825384,4,2,0,pre_monsoon,177,0
2026-04-16,87.9,87.9,1,0,87.9,,,0,0,33.045833333333334,26.2,39.9,21.45833333333333,6.658333333333334,1.5454166666666664,10.0,981.8,0.0,50.75,317.05503425816056,4,3,0,pre_monsoon,178,0
2026-04-17,109.8394,108.0,33,0,82.7,284.5333,278.5,30,0,32.55416666666667,26.3,40.2,24.75,8.745833333333334,2.137083333333333,11.0,983.55,0.0,68.04166666666667,158.53734623436435,4,4,0,pre_monsoon,179,0
2026-04-18,75.2267,68.9,30,0,63.0,206.7667,188.5,30,0,32.74166666666667,25.0,40.2,28.95833333333333,10.25,1.6983333333333333,9.3,982.725,0.0,40.083333333333336,289.8108928366883,4,5,1,pre_monsoon,180,0
2026-04-19,120.8879,119.0,33,0,108.0,285.6562,277.5,32,0,33.550000000000004,26.0,40.1,21.916666666666668,7.391666666666667,2.2295833333333333,12.8,981.3541666666666,0.0,63.875,287.4832825135028,4,6,1,pre_monsoon,181,0
2026-04-20,62.5485,57.7,33,0,58.8,213.8625,211.0,32,0,33.016666666666666,26.7,39.6,21.95833333333333,6.779166666666666,2.72125,11.8,981.2916666666666,0.0,8.708333333333334,297.0082917638117,4,0,0,pre_monsoon,182,0
2026-04-21,66.2312,63.9,32,0,62.6,223.7516,221.0,31,0,32.82083333333333,26.0,38.6,17.791666666666668,4.745833333333334,3.091666666666667,13.3,980.8666666666668,0.0,2.625,286.20351935287283,4,1,0,pre_monsoon,183,0
2026-04-22,87.4333,84.5,33,0,78.2,255.25,250.5,32,0,33.5375,26.0,40.3,21.291666666666668,7.070833333333333,2.6375,12.1,980.3791666666666,0.0,10.958333333333334,286.7394233112108,4,2,0,pre_monsoon,184,0
2026-04-23,64.6818,60.1,33,0,59.7,221.5625,213.0,32,0,34.204166666666666,27.9,41.2,18.0,5.779166666666666,2.504583333333333,9.7,981.1,0.0,0.0,262.1449794205266,4,3,0,pre_monsoon,185,0
2026-04-24,97.2485,95.0,33,0,91.9,286.875,278.0,32,0,34.86666666666667,27.5,42.0,22.541666666666668,9.2625,1.8333333333333333,9.0,980.5166666666668,0.0,19.375,275.215572715382,4,4,0,pre_monsoon,186,0
2026-04-25,87.9606,84.8,33,0,79.6,272.7188,268.5,32,0,35.7,29.1,42.3,22.666666666666668,9.883333333333333,2.5825,12.7,981.85,0.0,40.458333333333336,301.2641149226779,4,5,1,pre_monsoon,187,0
2026-04-26,84.5065,77.6,31,0,84.7,248.6774,249.0,31,0,35.50833333333333,28.8,41.6,23.5,10.7625,2.719583333333333,13.5,979.8708333333334,0.0,32.125,299.1181997609516,4,6,1,pre_monsoon,188,0
2026-04-27,86.5613,81.0,31,0,75.4,282.129,272.0,31,0,35.61666666666667,28.6,42.2,22.08333333333333,9.475,2.8304166666666664,16.5,977.4666666666668,0.0,55.833333333333336,290.86004354348785,4,0,0,pre_monsoon,189,0
2026-04-28,63.6938,59.1,32,0,,291.3438,291.0,32,0,33.25,29.7,37.1,31.166666666666668,13.683333333333332,2.0725,8.9,978.2791666666668,0.0,56.875,320.2124951590104,4,1,0,pre_monsoon,190,0
2026-04-29,46.4867,46.6,30,0,,160.2567,164.5,30,0,31.891666666666666,27.0,37.1,36.66666666666666,14.333333333333334,1.6141666666666667,8.7,977.975,0.0,47.708333333333336,76.06592653356529,4,2,0,pre_monsoon,191,0
2026-04-30,56.6367,51.15,30,0,,173.7567,168.0,30,0,30.791666666666668,25.4,37.7,41.0,14.920833333333334,2.325,10.2,978.975,0.9,20.70833333333333,120.87783068491888,4,3,0,pre_monsoon,192,0
2026-05-01,45.3742,42.3,31,0,,120.8355,115.0,31,0,29.25,23.1,36.6,49.375,16.716666666666665,2.317916666666666,8.3,979.4958333333334,0.0,8.958333333333334,118.3399729124866,5,4,0,pre_monsoon,-191,0
2026-05-02,58.4467,58.15,30,0,,163.0767,160.0,30,0,31.416666666666668,26.3,36.1,42.0,16.483333333333334,2.239583333333333,9.5,977.75,2.3,19.20833333333333,125.44766936873624,5,5,1,pre_monsoon,-190,0
2026-05-03,43.0967,40.6,30,0,,164.5533,165.0,30,0,30.633333333333336,25.8,34.8,44.41666666666666,16.912499999999998,3.293333333333333,12.1,978.55,0.0,27.58333333333333,110.46774977307126,5,6,1,pre_monsoon,-189,0
2026-05-04,18.0639,16.5,28,0,,69.05,62.25,28,0,25.53333333333333,21.0,29.8,64.625,17.908333333333335,3.2120833333333336,12.7,982.1916666666666,5.5,52.333333333333336,83.40000167822598,5,0,0,pre_monsoon,-188,0
2026-05-05,34.2828,33.6,29,0,33.8,76.6769,77.15,26,0,26.0,22.6,30.5,65.58333333333333,18.60833333333333,1.6525,11.4,984.9916666666668,1.3,39.54166666666666,89.79043427206972,5,1,0,pre_monsoon,-187,0
2026-05-06,52.5,52.5,1,0,52.5,,,0,0,28.616666666666664,21.9,34.7,47.875,14.475,1.32875,7.6,982.9916666666668,0.0,9.0,1.8445229654061563,5,2,0,pre_monsoon,-186,0
2026-05-07,33.3226,33.0,31,0,34.0,105.5581,98.4,31,0,27.17083333333333,23.0,30.5,50.0,15.625,3.639583333333333,13.3,983.3041666666668,0.1,27.666666666666668,112.2362373737178,5,3,0,pre_monsoon,-185,0
2026-05-08,40.8438,39.15,32,0,36.5,104.7,100.6,30,0,28.241666666666664,22.1,34.4,54.208333333333336,16.974999999999998,2.86875,10.6,983.8833333333332,0.4,12.291666666666666,103.46272523491234,5,4,0,pre_monsoon,-184,0
2026-05-09,55.5125,51.2,32,0,48.0,135.2806,131.0,31,0,30.316666666666663,24.8,35.5,45.66666666666666,16.595833333333335,2.21,7.9,983.7916666666666,0.0,6.916666666666667,93.38783699555358,5,5,1,pre_monsoon,-183,0
2026-05-10,54.95,54.3,32,0,51.3,135.3226,130.0,31,0,31.554166666666664,26.3,37.3,42.875,16.658333333333335,2.208333333333333,8.9,983.2041666666668,0.0,19.416666666666668,114.51931286705536,5,6,1,pre_monsoon,-182,0
2026-05-11,63.6688,62.6,32,0,59.8,160.7097,161.0,31,0,32.5625,27.3,37.7,41.16666666666666,17.179166666666667,1.8925,7.5,982.7833333333332,0.0,44.958333333333336,114.66414600089593,5,0,0,pre_monsoon,-181,0
2026-05-12,66.1375,64.85,32,0,62.0,181.9677,182.0,31,0,32.4375,27.9,38.8,45.54166666666666,18.454166666666666,2.9683333333333333,14.3,980.0958333333332,7.0,53.625,114.1726418919057,5,1,0,pre_monsoon,-180,0
2026-05-13,67.1156,61.0,32,0,57.3,177.3871,177.0,31,0,32.75,26.7,39.1,47.41666666666666,19.15,1.9179166666666667,8.1,978.2333333333332,0.3,21.666666666666668,110.55619140252514,5,2,0,pre_monsoon,-179,0
2026-05-14,48.9226,45.2,31,0,46.1,172.3125,170.5,32,0,33.275,25.9,39.4,39.54166666666666,16.3,1.7725,7.0,977.3041666666668,0.2,46.958333333333336,179.7267921781995,5,3,0,pre_monsoon,-178,0
2026-05-15,57.2,46.8,31,0,46.5,171.6,165.0,30,0,34.4,28.6,40.0,31.041666666666668,13.55,2.54125,11.8,978.1083333333332,0.0,23.166666666666668,308.33106889214093,5,4,0,pre_monsoon,-177,0
2026-05-16,75.3344,69.8,32,0,64.2,196.9355,178.0,31,0,35.0375,29.0,40.4,28.58333333333333,12.766666666666666,2.397083333333333,11.6,978.9083333333332,0.0,4.208333333333333,314.29155264705,5,5,1,pre_monsoon,-176,0
2026-05-17,63.2303,62.4,33,0,62.4,224.4062,217.5,32,0,36.19583333333333,29.9,41.3,26.125,13.083333333333334,3.1045833333333337,13.6,978.2541666666666,0.1,4.041666666666667,302.1046210047994,5,6,1,pre_monsoon,-175,0
2026-05-18,55.8367,55.65,30,0,57.2,215.2759,210.0,29,0,37.1,30.0,43.3,25.291666666666668,13.079166666666666,2.91625,12.5,976.375,0.0,3.375,292.85350630368265,5,0,0,pre_monsoon,-174,0
2026-05-19,61.4419,58.6,31,0,55.5,244.4333,240.5,30,0,38.2625,31.1,44.4,18.45833333333333,8.924999999999999,2.870416666666667,11.5,977.275,0.0,0.0,282.73387298277333,5,1,0,pre_monsoon,-173,0
2026-05-20,52.4875,45.0,32,0,41.6,187.3312,182.0,32,0,37.9375,32.1,43.6,20.125,10.6875,2.525416666666666,9.1,976.5541666666668,0.0,3.9583333333333335,269.86171786927866,5,2,0,pre_monsoon,-172,0
2026-05-21,51.4406,49.3,32,0,51.8,276.7419,281.0,31,0,37.85833333333333,33.2,42.8,21.791666666666668,11.7125,3.81625,13.0,976.95,0.0,6.541666666666667,269.98105434506965,5,3,0,pre_monsoon,-171,0
2026-05-22,54.703,51.1,33,0,74.1,217.4062,217.5,32,0,37.30416666666667,32.0,42.0,19.5,9.7625,2.8954166666666663,9.5,979.4125,0.0,2.958333333333333,291.3887689013311,5,4,0,pre_monsoon,-170,0
2026-05-23,64.9419,62.2,31,0,59.2,250.7241,248.0,29,0,36.74583333333333,31.6,41.3,22.375,11.1,2.739583333333333,12.9,979.5083333333332,0.0,6.666666666666667,297.67566754830386,5,5,1,pre_monsoon,-169,0
2026-05-24,68.0774,65.6,31,0,58.6,237.1333,237.0,30,0,36.78333333333333,30.0,42.3,21.70833333333333,10.570833333333333,2.5108333333333333,12.1,978.5916666666668,0.0,6.208333333333333,280.8208169038843,5,6,1,pre_monsoon,-168,0
2026-05-25,74.1125,68.5,32,0,79.9,351.871,361.0,31,0,37.94166666666667,32.8,43.0,19.041666666666668,10.058333333333334,3.095416666666667,11.6,977.1625,0.0,10.5,277.51664567112635,5,0,0,pre_monsoon,-167,0
2026-05-26,76.175,69.05,32,0,65.4,238.4375,243.0,32,0,37.57083333333333,31.8,42.6,16.75,7.225,2.658333333333333,13.2,978.4625,0.0,2.208333333333333,301.456557799703,5,1,0,pre_monsoon,-166,0
2026-05-27,83.9562,80.9,32,0,68.5,246.1613,240.0,31,0,37.958333333333336,31.4,43.4,17.0,8.045833333333333,2.5004166666666667,11.7,978.0791666666668,0.0,0.25,297.5206019874363,5,2,0,pre_monsoon,-165,0
2026-05-28,72.0531,70.4,32,0,68.3,224.3548,219.0,31,0,34.17916666666667,28.7,40.4,38.91666666666666,17.583333333333332,2.46875,11.9,978.0708333333332,3.2,30.45833333333333,125.08109905860532,5,3,0,pre_monsoon,-164,0
2026-05-29,26.8164,26.4,33,0,29.5,109.2219,104.0,32,0,30.15,26.0,33.8,55.75,20.1125,2.8775,11.5,980.0375,1.0,30.791666666666668,126.20612827774596,5,4,0,pre_monsoon,-163,0
2026-05-30,29.4258,23.6,31,0,27.5,98.9733,95.6,30,0,27.95,24.0,35.5,63.625,19.766666666666666,2.58875,15.0,981.7333333333332,4.7,43.583333333333336,125.13895998275716,5,5,1,pre_monsoon,-162,0
2026-05-31,27.7345,24.6,29,0,25.1,74.7036,75.9,28,0,27.48333333333333,23.3,33.1,63.66666666666666,19.558333333333334,2.107083333333333,10.4,982.9875,0.7999999999999999,28.95833333333333,118.85132327401028,5,6,1,pre_monsoon,-161,0
2026-06-01,37.3469,36.6,32,0,33.9,99.6633,96.35,30,0,28.59583333333333,24.6,33.1,61.75,19.95,1.6770833333333333,10.8,982.9041666666668,1.1,30.83333333333333,98.6367142265524,6,0,0,monsoon,-160,0
2026-06-02,42.8469,39.75,32,0,39.0,114.0161,105.0,31,0,30.745833333333334,24.4,36.5,52.41666666666666,18.9125,1.7245833333333334,7.6,981.9458333333332,1.0,21.58333333333333,127.05502376918992,6,1,0,monsoon,-159,0
2026-06-03,58.7242,59.0,33,0,59.7,166.0344,158.5,32,0,33.800000000000004,29.1,38.5,43.41666666666666,18.925,1.4508333333333334,7.0,978.6083333333332,0.7000000000000001,12.375,88.35651101886356,6,2,0,monsoon,-158,0
2026-06-04,52.5212,50.9,33,0,50.3,187.125,180.0,32,0,32.93333333333333,28.1,39.5,43.708333333333336,18.075,2.3129166666666667,12.8,976.8291666666668,0.6000000000000001,38.0,220.60285916729907,6,3,0,monsoon,-157,0
2026-06-05,48.8129,47.7,31,0,47.7,147.9645,144.0,31,0,30.379166666666663,25.1,34.7,56.583333333333336,20.279166666666665,1.4829166666666669,8.4,978.1208333333334,2.1,61.25,5.341480057305148,6,4,0,monsoon,-156,0
2026-06-06,61.0414,58.1,29,0,57.7,223.5517,216.0,29,0,34.141666666666666,28.5,40.3,43.708333333333336,18.854166666666668,1.68,9.0,978.15,0.0,11.375,239.7279510841648,6,5,1,monsoon,-155,0
2026-06-07,35.8161,33.0,31,0,36.0,165.7419,158.0,31,0,33.42916666666667,28.9,40.4,43.04166666666666,18.4875,2.4929166666666664,14.1,978.1208333333334,0.4,15.75,271.44475792923464,6,6,1,monsoon,-154,0
2026-06-08,42.0424,36.8,33,0,39.1,198.9062,185.0,32,0,36.50416666666667,29.9,42.1,31.125,15.033333333333331,2.9591666666666665,10.9,975.8916666666668,0.0,6.625,280.98809996017536,6,0,0,monsoon,-153,0
2026-06-09,42.1031,38.45,32,0,42.0,245.9333,232.0,30,0,37.4375,31.6,43.0,27.791666666666668,14.4875,2.8875,12.1,974.425,0.0,5.541666666666667,275.5951181093391,6,1,0,monsoon,-152,0
2026-06-10,42.2276,41.4,29,0,47.3,202.0741,195.0,27,0,37.954166666666666,31.3,43.6,27.541666666666668,15.216666666666669,2.66,10.5,974.1833333333334,0.4,14.291666666666666,257.70204743774195,6,2,0,monsoon,-151,0
2026-06-11,35.7281,33.7,32,0,38.9,135.1935,128.0,31,0,33.80833333333333,27.4,36.8,46.75,20.45,3.41625,12.6,975.2333333333332,0.2,16.291666666666668,123.04025506878212,6,3,0,monsoon,-150,0
2026-06-12,22.3393,23.4,30,0,25.7,62.4677,58.7,31,0,27.433333333333334,23.3,32.6,75.04166666666667,22.2875,3.5066666666666664,11.6,980.2583333333332,8.1,36.125,97.38042741409498,6,4,0,monsoon,-149,0
2026-06-13,36.8545,37.1,33,0,38.3,120.2312,116.5,32,0,28.766666666666666,24.8,33.7,68.04166666666667,21.84166666666667,1.0891666666666666,7.2,980.5541666666668,0.7,45.583333333333336,127.84349011813616,6,5,1,monsoon,-148,0
2026-06-14,59.2594,57.25,32,0,54.2,190.8667,183.0,30,0,31.3125,26.0,36.8,60.0,21.975,1.309583333333333,7.7,978.1791666666668,0.5,16.375,267.0188525725149,6,6,1,monsoon,-147,0
2026-06-15,33.7406,30.8,32,0,34.4,180.2667,176.5,30,0,30.3625,26.5,36.3,54.125,19.779166666666665,2.16875,14.8,978.7375,1.3,52.125,287.2586881659577,6,0,0,monsoon,-146,0
2026-06-16,37.1467,36.7,30,0,37.8,114.6414,111.0,29,0,28.1875,25.2,32.3,64.41666666666667,20.6375,1.7445833333333332,10.6,980.3333333333334,0.6,57.54166666666666,263.85247885845354,6,1,0,monsoon,-145,0
2026-06-17,37.0469,33.3,32,0,44.7,118.2613,111.0,31,0,31.375,24.7,37.3,53.458333333333336,19.825,1.5125,7.7,980.0291666666668,0.0,7.25,279.47441724072246,6,2,0,monsoon,-144,0
2026-06-18,56.1781,53.25,32,0,54.0,184.4839,175.0,31,0,34.6375,29.5,39.4,41.91666666666666,18.916666666666668,2.280416666666667,10.7,979.025,0.1,21.70833333333333,290.3879722399596,6,3,0,monsoon,-143,0
2026-06-19,39.7406,35.75,32,0,40.9,164.3323,163.0,31,0,33.925000000000004,28.2,38.1,41.125,18.454166666666666,2.560833333333333,10.3,979.2291666666666,0.0,24.875,286.08954612863727,6,4,0,monsoon,-142,0
2026-06-20,48.2182,47.9,33,0,47.9,166.7188,160.5,32,0,34.31666666666667,30.7,38.1,41.833333333333336,19.3125,2.545,11.8,979.2041666666668,0.5,15.375,280.1102363860457,6,5,1,monsoon,-141,0
2026-06-21,38.2226,36.4,31,0,39.2,185.0103,184.0,29,0,34.108333333333334,30.1,38.5,39.16666666666666,17.941666666666666,2.6016666666666666,8.6,977.9875,0.0,43.375,272.35574223300097,6,6,1,monsoon,-140,0
2026-06-22,37.55,34.2,32,0,35.0,268.3806,268.0,31,0,33.11666666666667,28.5,36.7,40.5,17.608333333333334,2.6991666666666667,10.5,978.2666666666668,0.4,45.458333333333336,292.2155594714403,6,0,0,monsoon,-139,0
2026-06-23,47.8,47.8,1,0,47.8,,,0,0,33.43333333333333,30.3,38.7,42.79166666666666,18.7,1.8479166666666669,12.7,976.6833333333334,1.4,25.95833333333333,274.0737886321673,6,1,0,monsoon,-138,0
2026-06-24,32.3,32.3,1,0,32.3,,,0,0,32.5125,28.6,38.1,47.16666666666666,19.175,2.0175,12.2,976.7166666666668,0.6000000000000001,30.625,236.7266123702857,6,2,0,monsoon,-137,0
2026-06-25,40.2,40.2,1,0,40.2,,,0,0,34.49166666666667,30.2,39.0,43.708333333333336,19.8375,1.3766666666666667,7.6,977.9041666666668,0.8,23.58333333333333,225.44427302802012,6,3,0,monsoon,-136,0
2026-06-26,32.5312,30.2,32,0,30.1,121.4323,120.0,31,0,35.05416666666667,29.8,40.7,44.458333333333336,20.554166666666667,1.2620833333333332,8.5,978.7125,1.2,27.5,249.2220637403308,6,4,0,monsoon,-135,0
2026-06-27,51.2242,49.1,33,0,49.3,164.0312,166.0,32,0,35.475,26.8,40.1,45.625,21.125,1.51875,7.9,977.425,1.0,16.0,262.98194431386844,6,5,1,monsoon,-134,0
2026-06-28,53.0576,49.0,33,0,53.9,168.3125,167.5,32,0,36.67916666666667,29.5,41.9,43.125,21.429166666666664,2.2258333333333336,9.8,975.1041666666666,1.0,19.20833333333333,275.70601715482513,6,6,1,monsoon,-133,0
2026-06-29,46.0727,41.8,33,0,42.6,178.1875,180.5,32,0,37.1375,32.1,41.7,40.375,20.7625,2.442916666666666,10.5,974.0958333333332,1.4,14.875,263.46832793416354,6,0,0,monsoon,-132,0
2026-06-30,52.1062,46.95,32,0,53.4,215.2903,216.0,31,0,34.19166666666667,28.9,39.5,53.91666666666666,22.995833333333334,2.85375,10.5,974.65,4.4,71.16666666666667,190.52463110475557,6,1,0,monsoon,-131,0
2026-07-01,40.1935,39.4,31,0,39.1,105.4806,102.0,31,0,30.2125,26.9,32.7,73.95833333333333,24.945833333333336,2.31125,8.9,976.2708333333334,1.8,84.54166666666667,111.7918576727946,7,2,0,monsoon,-130,0
2026-07-02,39.0281,37.0,32,0,33.1,96.5719,94.7,32,0,28.9375,25.9,31.5,77.875,24.5375,1.3625,5.9,976.925,6.8,83.83333333333333,69.41765297227784,7,3,0,monsoon,-129,0
2026-07-03,46.8129,45.3,31,0,47.6,106.8276,108.0,29,0,31.1125,27.0,34.5,70.83333333333333,24.85,1.4666666666666668,6.9,976.55,0.5,83.58333333333333,124.8853022215111,7,4,0,monsoon,-128,0
2026-07-04,61.8273,59.5,33,0,58.8,132.8406,126.5,32,0,32.204166666666666,29.2,36.5,69.33333333333333,25.633333333333336,1.1116666666666666,5.8,974.95,1.4,97.5,96.64421639419665,7,5,1,monsoon,-127,0
2026-07-05,64.8069,63.0,29,0,54.4,131.2464,129.5,28,0,31.354166666666668,28.8,34.5,76.04166666666667,26.4625,1.440416666666667,7.3,974.325,3.7,91.125,90.03221337244526,7,6,1,monsoon,-126,0
2026-07-06,40.3033,36.75,30,0,36.0,103.671,97.1,31,0,32.1,26.8,36.7,71.04166666666667,25.78333333333333,1.1579166666666667,5.6,974.5916666666668,0.5,56.54166666666666,114.70774255419292,7,0,0,monsoon,-125,0
2026-07-07,40.4286,36.7,28,0,32.5,96.7219,88.7,32,0,29.4625,26.5,32.8,84.75,26.48333333333333,1.3270833333333334,6.4,974.2291666666666,8.4,88.20833333333333,104.53957071377316,7,1,0,monsoon,-124,0
2026-07-08,28.6516,27.3,31,0,30.0,56.4812,51.9,32,0,27.2625,26.1,29.3,91.125,25.633333333333336,2.2270833333333333,7.0,973.5208333333334,11.8,99.70833333333331,36.29890374333559,7,2,0,monsoon,-123,0
2026-07-09,14.8848,12.0,27,0,6.42,35.9616,31.1,25,0,26.45,25.0,29.2,90.66666666666669,24.758333333333336,2.873333333333333,10.6,973.825,99.8,98.70833333333331,343.414284165116,7,3,0,monsoon,-122,0
2026-07-10,25.2424,22.9,33,0,22.0,76.7781,68.85,32,0,29.316666666666663,25.5,33.0,81.16666666666667,25.516666666666666,2.0475,10.5,974.9875,0.6,63.16666666666666,312.6249136145967,7,4,0,monsoon,-121,0
2026-07-11,54.6,46.9,33,0,43.5,258.0938,242.5,32,0,30.8375,27.4,34.3,75.79166666666667,25.77916666666667,1.4079166666666667,7.9,973.9666666666668,0.3,47.75,264.5881388000093,7,5,1,monsoon,-120,0
2026-07-12,68.2812,62.0,32,0,64.2,379.5806,380.0,31,0,31.85,28.7,35.0,69.0,25.3,2.19625,8.2,972.4208333333332,1.5,33.458333333333336,264.7854427091578,7,6,1,monsoon,-119,0
2026-07-13,43.5758,39.2,33,0,39.0,193.5968,186.0,31,0,32.13333333333333,28.4,35.8,63.79166666666666,24.23333333333333,2.33375,8.2,973.8041666666668,0.1,46.75,266.0021342633256,7,0,0,monsoon,-118,0
2026-07-14,41.8394,37.5,33,0,40.8,196.8613,187.0,31,0,30.775,26.1,36.2,70.29166666666667,24.2375,2.3008333333333333,10.6,975.7375,2.3000000000000003,53.375,256.3150054967293,7,1,0,monsoon,-117,0
2026-07-15,41.2152,38.5,33,0,38.5,178.8871,173.0,31,0,31.054166666666664,25.4,36.3,67.41666666666667,23.59166666666667,2.044166666666667,7.3,977.4416666666666,3.4,45.125,226.8658010622517,7,2,0,monsoon,-116,0
2026-07-16,47.371,46.1,31,0,45.9,214.4,208.0,30,0,33.88333333333333,29.8,37.3,53.16666666666666,22.65416666666667,2.2641666666666667,9.5,977.7208333333332,0.0,41.29166666666666,287.83017786867174,7,3,0,monsoon,-115,0
2026-07-17,54.8645,49.6,31,0,50.3,218.3333,213.5,30,0,34.166666666666664,30.7,37.4,54.75,23.375,1.8983333333333332,9.2,977.0708333333332,0.3,81.0,282.5925697599619,7,4,0,monsoon,-114,0
2026-07-18,51.4219,47.6,32,0,46.0,206.8839,202.0,31,0,33.625,31.0,36.3,54.333333333333336,22.9875,2.243333333333333,9.8,976.6541666666668,0.0,91.95833333333331,273.8370398031823,7,5,1,monsoon,-113,0
2026-07-19,52.1188,50.25,32,0,48.8,187.3194,185.0,31,0,32.63333333333333,29.8,36.6,65.20833333333333,24.870833333333334,1.9416666666666669,8.4,977.125,3.7,97.875,205.98691788703303,7,6,1,monsoon,-112,0
2026-07-20,44.6188,41.45,32,0,43.3,117.1968,107.0,31,0,28.675,26.5,31.7,87.16666666666667,26.27083333333333,1.54,8.2,977.825,31.9,97.91666666666669,181.83441251026335,7,0,0,monsoon,-111,0
2026-07-21,23.3167,21.4,30,0,26.5,59.0065,57.2,31,0,27.4125,25.7,29.9,89.83333333333333,25.55,2.158333333333333,7.8,977.7041666666668,14.7,98.66666666666669,93.78319510741665,7,1,0,monsoon,-110,0
2026-07-22,27.4562,25.8,32,0,21.9,73.3323,68.1,31,0,28.491666666666664,25.8,31.8,83.29166666666667,25.204166666666666,2.984583333333333,10.6,977.0,5.7,79.125,103.86026412259292,7,2,0,monsoon,-109,0
2026-07-23,25.8145,23.1,31,0,22.7,74.9355,64.5,31,0,28.775,26.1,32.2,80.83333333333333,25.016666666666666,3.0820833333333333,10.4,975.5875,9.8,51.583333333333336,103.48425056814602,7,3,0,monsoon,-108,0
2026-07-24,30.4938,29.5,32,0,28.6,72.0194,66.5,31,0,28.541666666666668,25.8,31.0,83.79166666666667,25.491666666666664,2.9020833333333336,10.2,975.2958333333332,8.5,77.5,103.1945773266429,7,4,0,monsoon,-107,0
2026-07-25,30.05,27.5,30,0,,78.271,70.2,31,0,29.241666666666664,27.4,32.3,79.70833333333333,25.225,2.8825000000000003,9.2,977.3041666666668,2.3,67.75,110.67113876594703,7,5,1,monsoon,-106,0
2026-07-26,36.1655,35.0,29,0,,95.869,83.8,29,0,30.616666666666664,27.3,33.7,78.66666666666667,26.225,1.1429166666666666,5.3,977.1625,1.4,80.04166666666667,105.4797841652998,7,6,1,monsoon,-105,0
2026-07-27,31.4138,30.6,29,0,29.6,99.2207,85.2,29,0,31.666666666666668,29.2,35.3,73.33333333333333,26.04583333333333,1.0004166666666667,7.9,974.7458333333334,0.6000000000000001,72.54166666666667,183.22867390752344,7,0,0,monsoon,-104,0
2026-07-28,26.3355,23.0,31,0,20.6,57.2793,55.2,29,0,27.96666666666667,26.1,31.0,89.95833333333333,26.133333333333336,1.9745833333333331,9.5,975.0458333333332,19.5,94.0,137.11816899036296,7,1,0,monsoon,-103,0
2026-07-29,49.4875,45.55,32,0,36.8,111.9871,97.9,31,0,29.366666666666664,26.3,32.5,83.875,26.21666666666667,0.8820833333333334,4.5,975.7416666666668,5.6000000000000005,78.95833333333333,121.4044774447687,7,2,0,monsoon,-102,0
2026-07-30,39.9968,38.4,31,0,,107.5032,99.8,31,0,29.633333333333336,25.5,33.2,81.625,25.9375,1.7679166666666666,8.8,975.1625,10.8,79.83333333333333,105.22335376474392,7,3,0,monsoon,-101,0
2026-07-31,26.2031,23.05,32,0,21.9,80.9323,73.9,31,0,29.5875,27.9,32.5,79.08333333333333,25.47083333333333,3.1275,10.4,975.55,4.9,95.70833333333331,97.7274754257611,7,4,0,monsoon,-100,0
2026-08-01,37.3839,36.3,31,0,38.6,93.171,88.3,31,0,29.21666666666667,26.7,32.4,82.41666666666667,25.7875,2.8479166666666664,9.7,975.3458333333332,5.5,80.66666666666667,93.9483687878854,8,5,1,monsoon,-99,0
2026-08-02,30.1,28.4,29,0,26.7,68.4871,62.8,31,0,29.02916666666667,26.6,33.7,84.41666666666667,25.9125,2.20125,8.3,976.2291666666666,4.8,94.33333333333331,101.79181031795424,8,6,1,monsoon,-98,0
2026-08-03,29.1424,26.9,29,0,26.9,80.56,66.75,30,0,29.08333333333333,26.9,33.4,86.83333333333333,26.54583333333333,1.7616666666666667,8.6,976.8833333333332,14.3,97.70833333333331,127.09257258443064,8,0,0,monsoon,-97,0
2026-08-04,20.4574,17.7,27,0,17.7,56.1423,42.55,26,0,27.48333333333333,26.3,29.5,93.29166666666669,26.27916666666667,1.25625,5.0,977.775,13.6,99.91666666666669,129.29743901359095,8,1,0,monsoon,-96,0
2026-08-05,35.971,32.5,31,0,35.7,91.4214,79.0,28,0,28.84166666666667,26.2,32.5,84.79166666666667,25.808333333333334,1.1958333333333333,6.2,975.7291666666666,1.9,93.29166666666669,292.85698990122853,8,2,0,monsoon,-95,0
2026-08-06,23.9889,21.7,27,0,26.1,51.9296,44.5,27,0,27.204166666666666,26.7,27.8,90.0,25.39583333333333,1.4204166666666669,5.5,976.0833333333334,12.8,99.91666666666669,38.24049599930305,8,3,0,monsoon,-94,0
2026-08-07,23.3241,21.8,29,0,25.0,47.8679,42.05,28,0,26.504166666666663,25.4,29.1,94.04166666666669,25.45,2.5216666666666665,9.1,975.7875,58.3,98.375,37.1471680070581,8,4,0,monsoon,-93,0
2026-08-08,31.0444,30.0,27,0,30.6,61.475,53.35,28,0,28.33333333333333,24.6,32.1,86.16666666666667,25.666666666666668,2.3183333333333334,11.7,976.8083333333334,28.9,78.58333333333333,93.4914874193812,8,5,1,monsoon,-92,0
2026-08-09,38.9997,34.6,29,0,32.7,89.47,82.85,30,0,29.954166666666666,25.1,33.8,80.54166666666667,26.02083333333333,1.3433333333333335,6.9,977.9416666666666,3.0,59.583333333333336,107.48167204299152,8,6,1,monsoon,-91,0
2026-08-10,37.6172,36.2,29,0,35.9,85.5833,80.9,30,0,28.7625,26.5,33.2,86.79166666666667,26.229166666666668,1.62125,7.8,977.2666666666668,7.699999999999999,93.29166666666669,84.07546194715025,8,0,0,monsoon,-90,0
2026-08-11,36.2483,35.5,29,0,46.2,70.9296,66.3,27,0,28.508333333333336,26.7,30.4,88.70833333333333,26.4375,1.6016666666666666,6.0,977.45,12.5,87.41666666666667,113.67917708761956,8,1,0,monsoon,-89,0
2026-08-12,46.9438,44.0,32,0,47.9,108.2806,101.0,31,0,30.1125,27.2,34.4,81.875,26.383333333333336,1.007083333333333,7.2,978.0875,2.0,34.708333333333336,256.8975216016971,8,2,0,monsoon,-88,0
2026-08-13,41.5,35.6,33,0,32.7,107.75,97.55,32,0,30.266666666666666,26.4,33.6,82.91666666666667,26.883333333333336,1.190416666666667,6.5,978.0791666666668,2.6,45.458333333333336,259.0287816026181,8,3,0,monsoon,-87,0
2026-08-14,36.6774,32.6,31,0,31.2,94.7839,90.3,31,0,28.83333333333333,27.0,30.9,87.875,26.579166666666666,0.9666666666666668,4.1,978.3791666666666,11.6,91.58333333333331,185.3991083778237,8,4,0,monsoon,-86,0
2026-08-15,41.2312,37.6,32,0,40.4,96.9062,87.8,32,0,29.370833333333334,26.5,32.5,85.5,26.59166666666667,1.2516666666666667,7.4,978.4125,4.5,82.45833333333333,275.78419089275883,8,5,1,monsoon,-85,0
2026-08-16,34.1074,27.1,27,0,27.0,116.3607,100.3,28,0,30.125,26.2,33.3,79.29166666666667,25.97083333333333,1.9483333333333333,6.7,977.0333333333332,4.9,96.375,265.9874455912663,8,6,1,monsoon,-84,0
2026-08-17,31.3258,26.8,31,0,26.7,113.9774,108.0,31,0,29.15833333333333,27.3,33.0,81.125,25.495833333333334,1.94625,7.8,977.8625,4.5,48.0,265.78141598946735,8,0,0,monsoon,-83,0
2026-08-18,35.76,32.0,30,0,29.8,115.51,106.5,30,0,29.641666666666666,25.5,33.1,75.70833333333333,24.741666666666664,1.47625,6.1,979.0458333333332,3.0,48.41666666666666,255.8901052345629,8,1,0,monsoon,-82,0
2026-08-19,40.6125,33.6,32,0,33.2,116.0,109.0,32,0,29.375,26.9,33.2,80.45833333333333,25.35833333333333,1.02125,5.7,979.6916666666666,5.2,82.25,299.018444004936,8,2,0,monsoon,-81,0
2026-08-20,43.1848,37.3,33,0,37.1,118.6625,112.5,32,0,28.90416666666667,26.8,33.2,85.58333333333333,26.004166666666663,1.36,5.1,979.925,4.5,96.16666666666669,264.8955861695078,8,3,0,monsoon,-80,0
2026-08-21,34.8333,31.8,30,0,28.1,112.21,106.0,30,0,30.21666666666667,27.1,33.6,77.75,25.625,2.0187500000000003,7.9,978.6208333333334,0.9,51.083333333333336,293.9259879342426,8,4,0,monsoon,-79,0
2026-08-22,31.54,29.25,30,0,29.0,101.5333,97.05,30,0,29.02083333333333,25.0,33.3,81.58333333333333,25.304166666666664,1.8691666666666664,8.5,978.5583333333334,8.0,49.375,256.61862148583253,8,5,1,monsoon,-78,0
2026-08-23,36.1032,32.4,31,0,33.5,99.3613,88.5,31,0,29.3375,24.7,32.7,81.20833333333333,25.65,1.6695833333333334,8.3,979.4875,8.2,38.208333333333336,284.0169405173437,8,6,1,monsoon,-77,0
2026-08-24,45.5871,42.8,31,0,42.0,112.13,103.0,30,0,28.77083333333333,24.6,31.7,83.5,25.53333333333333,1.1470833333333337,8.1,979.6375,6.9,93.54166666666669,262.671815991414,8,0,0,monsoon,-76,0
2026-08-25,45.6032,49.1,31,0,37.0,89.2667,84.25,30,0,28.90833333333333,26.2,32.6,85.16666666666667,25.945833333333336,0.9425,4.3,980.0041666666666,3.4,87.75,151.60733126916475,8,1,0,monsoon,-75,0
2026-08-26,53.9,50.55,32,0,50.3,121.6903,115.0,31,0,28.6,26.1,32.3,88.25,26.35,1.2029166666666666,5.3,979.2166666666668,13.5,91.41666666666669,210.05237003346548,8,2,0,monsoon,-74,0
2026-08-27,50.7,50.7,1,0,50.7,,,0,0,29.975,27.4,34.4,80.25,25.9875,1.4470833333333335,6.4,977.8625,0.0,88.54166666666667,206.5560454284033,8,3,0,monsoon,-73,0
2026-08-28,41.0,41.0,1,0,41.0,,,0,0,30.48333333333333,26.2,34.2,72.79166666666667,24.73333333333333,2.2279166666666668,7.8,977.675,0.5,43.25,282.8415781107055,8,4,0,monsoon,-72,0
2026-08-29,30.7,30.7,1,0,30.7,,,0,0,30.991666666666664,27.8,34.9,67.875,24.10833333333333,2.345,8.7,977.4333333333334,0.0,70.33333333333333,264.8605356542041,8,5,1,monsoon,-71,0
2026-08-30,30.8759,28.9,29,0,29.5,149.2407,146.0,27,0,30.916666666666668,27.9,34.0,65.875,23.629166666666663,2.1679166666666667,7.6,978.1583333333332,0.2,75.54166666666667,251.12935642682544,8,6,1,monsoon,-70,0
2026-08-31,30.0667,29.45,30,0,36.9,131.6143,122.5,28,0,31.0125,27.8,34.4,62.625,22.85,2.3075,8.6,978.5958333333332,0.7000000000000001,80.75,267.6652508204814,8,0,0,monsoon,-69,0
2026-09-01,28.72,29.15,30,0,30.0,109.5069,102.0,29,0,30.291666666666668,27.3,34.3,67.75,23.4875,1.684583333333333,7.2,980.0583333333334,3.9,46.54166666666666,294.1906547417841,9,1,0,monsoon,-68,0
2026-09-02,27.2241,26.6,29,0,30.8,73.2067,68.15,30,0,28.004166666666663,26.1,32.5,81.08333333333333,24.29583333333333,1.29125,6.9,980.975,13.6,48.333333333333336,56.62462376474133,9,2,0,monsoon,-67,0
2026-09-03,25.592,23.35,30,0,23.9,76.72,65.5,30,0,28.28333333333333,25.6,31.8,83.25,24.9625,1.5570833333333332,7.7,980.3083333333334,3.5,49.25,93.44936701401492,9,3,0,monsoon,-66,0
2026-09-04,23.308,22.75,30,0,22.7,57.1233,53.55,30,0,27.808333333333334,25.8,30.2,87.0,25.366666666666664,1.6579166666666667,7.1,981.1916666666666,13.3,94.0,70.40767311528566,9,4,0,monsoon,-65,0
2026-09-05,19.975,19.4,28,0,26.2,41.0,38.6,31,0,26.4625,25.1,27.9,92.5,25.133333333333336,1.7341666666666666,7.8,982.6583333333332,23.5,97.83333333333331,51.99690783521584,9,5,1,monsoon,-64,0
2026-09-06,22.5307,21.5,30,0,24.9,49.6613,46.5,31,0,25.695833333333336,24.1,27.6,92.25,24.320833333333336,1.5833333333333333,7.0,983.2083333333334,18.1,76.41666666666667,22.67217825730404,9,6,1,monsoon,-63,0
2026-09-07,47.3839,46.6,31,0,44.2,123.7828,122.0,29,0,28.366666666666664,24.3,32.4,78.29166666666667,23.90416666666667,1.0666666666666669,7.2,982.5916666666668,0.9,19.20833333333333,309.70212276041224,9,0,0,monsoon,-62,0
2026-09-08,31.771,29.2,31,0,30.3,118.5069,114.0,29,0,28.89583333333333,25.2,32.4,74.20833333333333,23.683333333333334,1.9720833333333327,8.9,982.0875,1.3,10.291666666666666,271.7063773193068,9,1,0,monsoon,-61,0
2026-09-09,34.9812,33.95,32,0,36.8,139.2258,137.0,31,0,29.85,26.4,33.5,67.875,23.041666666666668,2.3595833333333336,9.0,981.7458333333334,0.0,5.291666666666667,277.2711394946675,9,2,0,monsoon,-60,0
2026-09-10,37.7,36.2,32,0,34.1,140.5677,136.0,31,0,30.308333333333334,26.6,34.4,66.375,23.041666666666668,2.0883333333333334,8.2,982.6875,0.0,16.291666666666668,297.88124707221266,9,3,0,monsoon,-59,0
2026-09-11,43.0097,42.9,31,0,45.6,115.5828,111.0,29,0,28.45,26.5,31.1,81.83333333333333,24.95,1.7933333333333332,9.2,984.2541666666666,8.7,43.75,83.20694296728823,9,4,0,monsoon,-58,0
2026-09-12,28.0945,25.9,31,0,25.4,73.531,69.3,29,0,28.7,25.7,31.0,83.25,25.4875,1.8404166666666668,10.0,985.1625,7.6,86.25,77.31329835871884,9,5,1,monsoon,-57,0
2026-09-13,31.8818,29.9,33,0,30.5,82.0258,78.1,31,0,29.479166666666668,27.2,32.5,76.29166666666667,24.65833333333333,2.410416666666667,8.0,985.6,0.6000000000000001,55.5,87.49908098036872,9,6,1,monsoon,-56,0
2026-09-14,36.5094,35.5,32,0,39.3,84.78,83.75,30,0,28.941666666666663,26.1,31.8,77.625,24.491666666666664,2.4804166666666667,8.4,985.9666666666668,3.7,18.041666666666668,94.23012675015786,9,0,0,monsoon,-55,0
2026-09-15,47.6406,46.75,32,0,47.7,103.8677,99.0,31,0,29.4375,26.0,32.9,71.875,23.5625,1.55375,10.5,985.3166666666666,1.6,10.75,98.83933665003656,9,1,0,monsoon,-54,0
2026-09-16,34.8152,33.3,33,0,33.0,94.8387,92.5,31,0,31.2,27.7,35.0,64.75,23.325,0.9433333333333334,5.9,983.9291666666668,0.3,18.08333333333333,255.1250947470454,9,2,0,monsoon,-53,0
2026-09-17,40.9697,40.4,33,0,41.8,102.8031,99.05,32,0,29.17083333333333,24.8,32.5,68.75,22.6,1.6275000000000002,10.7,983.0333333333332,2.0,56.583333333333336,27.783321677163823,9,3,0,monsoon,-52,0
2026-09-18,28.6788,28.9,33,0,30.1,86.0156,84.9,32,0,28.166666666666668,24.9,31.2,72.375,22.558333333333334,1.6620833333333334,12.7,984.1875,2.2,7.125,288.5476515918556,9,4,0,monsoon,-51,0
2026-09-19,59.0091,60.2,33,0,58.6,148.0452,141.0,31,0,28.97083333333333,25.0,32.8,68.70833333333333,22.191666666666663,1.0620833333333335,4.9,986.35,0.0,5.833333333333333,0.5105355977114527,9,5,1,monsoon,-50,0
2026-09-20,74.2848,72.9,33,0,78.7,171.9677,164.0,31,0,29.729166666666668,25.4,33.7,65.33333333333333,21.995833333333334,0.7316666666666666,4.3,988.2833333333332,1.5,9.916666666666666,46.822706308606826,9,6,1,monsoon,-49,0
2026-09-21,70.4844,72.0,32,0,72.5,173.8667,172.5,30,0,29.9625,26.2,33.7,61.125,21.3,0.96625,5.0,986.4,0.1,9.625,357.85817958900685,9,0,0,monsoon,-48,0
2026-09-22,73.1,76.5,33,0,71.8,180.4839,173.0,31,0,31.20833333333333,26.3,35.8,58.083333333333336,21.40416666666667,1.0204166666666667,7.0,984.2875,0.0,3.208333333333333,331.58657716971067,9,1,0,monsoon,-47,0
2026-09-23,73.6062,76.8,32,0,74.5,171.2333,169.0,30,0,31.5625,27.0,36.9,57.16666666666666,21.279166666666665,1.159166666666667,7.0,983.2541666666666,0.0,5.25,359.0490151003964,9,2,0,monsoon,-46,0
2026-09-24,52.2625,54.75,32,0,54.6,128.5032,127.0,31,0,30.0125,26.2,34.6,63.333333333333336,21.725,1.8645833333333333,7.8,983.0333333333332,0.0,6.125,122.27725078105954,9,3,0,monsoon,-45,0
2026-09-25,19.5889,18.6,27,0,,69.2067,63.3,30,0,27.8375,25.0,31.2,70.16666666666667,21.625,2.43,9.6,982.5708333333332,0.0,8.541666666666666,137.33278904859702,9,4,0,monsoon,-44,0
2026-09-26,15.6686,15.5,29,0,,51.329,45.7,31,0,25.129166666666663,22.1,29.6,74.5,20.0875,2.035416666666667,8.9,980.075,4.6,54.75,32.5262586072746,9,5,1,monsoon,-43,0
2026-09-27,11.8668,10.9,25,0,,33.7393,31.8,28,0,24.829166666666666,22.2,28.6,79.125,20.754166666666663,1.7075000000000002,7.7,982.05,1.1,32.458333333333336,32.275264825081365,9,6,1,monsoon,-42,0
2026-09-28,19.3197,19.5,30,0,,48.3161,49.6,31,0,24.4,22.2,28.2,84.375,21.39583333333333,1.81,9.3,984.0541666666668,1.5,51.16666666666666,326.21990665938193,9,0,0,monsoon,-41,0
2026-09-29,32.3467,33.25,30,0,,79.2933,74.95,30,0,25.9625,22.0,30.8,76.125,21.066666666666663,2.0795833333333333,7.9,986.8583333333332,0.0,1.6666666666666667,314.30669759660816,9,1,0,monsoon,-40,0
2026-09-30,,,0,0,,,,0,0,27.42083333333333,23.2,32.5,68.70833333333333,20.67083333333333,2.28,9.5,986.6041666666666,0.0,2.083333333333333,305.2512526751033,9,2,0,monsoon,-39,0
