date,month,day_of_week,is_weekend,season,days_from_diwali,is_festival_window
2018-01-01,1,0,0,winter,-310.0,0
2018-01-02,1,1,0,winter,-309.0,0
2018-01-03,1,2,0,winter,-308.0,0
2018-01-04,1,3,0,winter,-307.0,0
2018-01-05,1,4,0,winter,-306.0,0
2018-01-06,1,5,1,winter,-305.0,0
2018-01-07,1,6,1,winter,-304.0,0
2018-01-08,1,0,0,winter,-303.0,0
2018-01-09,1,1,0,winter,-302.0,0
2018-01-10,1,2,0,winter,-301.0,0
2018-01-11,1,3,0,winter,-300.0,0
2018-01-12,1,4,0,winter,-299.0,0
2018-01-13,1,5,1,winter,-298.0,0
2018-01-14,1,6,1,winter,-297.0,0
2018-01-15,1,0,0,winter,-296.0,0
2018-01-16,1,1,0,winter,-295.0,0
2018-01-17,1,2,0,winter,-294.0,0
2018-01-18,1,3,0,winter,-293.0,0
2018-01-19,1,4,0,winter,-292.0,0
2018-01-20,1,5,1,winter,-291.0,0
2018-01-21,1,6,1,winter,-290.0,0
2018-01-22,1,0,0,winter,-289.0,0
2018-01-23,1,1,0,winter,-288.0,0
2018-01-24,1,2,0,winter,-287.0,0
2018-01-25,1,3,0,winter,-286.0,0
2018-01-26,1,4,0,winter,-285.0,0
2018-01-27,1,5,1,winter,-284.0,0
2018-01-28,1,6,1,winter,-283.0,0
2018-01-29,1,0,0,winter,-282.0,0
2018-01-30,1,1,0,winter,-281.0,0
2018-01-31,1,2,0,winter,-280.0,0
2018-02-01,2,3,0,winter,-279.0,0
2018-02-02,2,4,0,winter,-278.0,0
2018-02-03,2,5,1,winter,-277.0,0
2018-02-04,2,6,1,winter,-276.0,0
2018-02-05,2,0,0,winter,-275.0,0
2018-02-06,2,1,0,winter,-274.0,0
2018-02-07,2,2,0,winter,-273.0,0
2018-02-08,2,3,0,winter,-272.0,0
2018-02-09,2,4,0,winter,-271.0,0
2018-02-10,2,5,1,winter,-270.0,0
2018-02-11,2,6,1,winter,-269.0,0
2018-02-12,2,0,0,winter,-268.0,0
2018-02-13,2,1,0,winter,-267.0,0
2018-02-14,2,2,0,winter,-266.0,0
2018-02-15,2,3,0,winter,-265.0,0
2018-02-16,2,4,0,winter,-264.0,0
2018-02-17,2,5,1,winter,-263.0,0
2018-02-18,2,6,1,winter,-262.0,0
2018-02-19,2,0,0,winter,-261.0,0
2018-02-20,2,1,0,winter,-260.0,0
2018-02-21,2,2,0,winter,-259.0,0
2018-02-22,2,3,0,winter,-258.0,0
2018-02-23,2,4,0,winter,-257.0,0
2018-02-24,2,5,1,winter,-256.0,0
2018-02-25,2,6,1,winter,-255.0,0
2018-02-26,2,0,0,winter,-254.0,0
2018-02-27,2,1,0,winter,-253.0,0
2018-02-28,2,2,0,winter,-252.0,0
2018-03-01,3,3,0,pre_monsoon,-251.0,0
2018-03-02,3,4,0,pre_monsoon,-250.0,0
2018-03-03,3,5,1,pre_monsoon,-249.0,0
2018-03-04,3,6,1,pre_monsoon,-248.0,0
2018-03-05,3,0,0,pre_monsoon,-247.0,0
2018-03-06,3,1,0,pre_monsoon,-246.0,0
2018-03-07,3,2,0,pre_monsoon,-245.0,0
2018-03-08,3,3,0,pre_monsoon,-244.0,0
2018-03-09,3,4,0,pre_monsoon,-243.0,0
2018-03-10,3,5,1,pre_monsoon,-242.0,0
2018-03-11,3,6,1,pre_monsoon,-241.0,0
2018-03-12,3,0,0,pre_monsoon,-240.0,0
2018-03-13,3,1,0,pre_monsoon,-239.0,0
2018-03-14,3,2,0,pre_monsoon,-238.0,0
2018-03-15,3,3,0,pre_monsoon,-237.0,0
2018-03-16,3,4,0,pre_monsoon,-236.0,0
2018-03-17,3,5,1,pre_monsoon,-235.0,0
2018-03-18,3,6,1,pre_monsoon,-234.0,0
2018-03-19,3,0,0,pre_monsoon,-233.0,0
2018-03-20,3,1,0,pre_monsoon,-232.0,0
2018-03-21,3,2,0,pre_monsoon,-231.0,0
2018-03-22,3,3,0,pre_monsoon,-230.0,0
2018-03-23,3,4,0,pre_monsoon,-229.0,0
2018-03-24,3,5,1,pre_monsoon,-228.0,0
2018-03-25,3,6,1,pre_monsoon,-227.0,0
2018-03-26,3,0,0,pre_monsoon,-226.0,0
2018-03-27,3,1,0,pre_monsoon,-225.0,0
2018-03-28,3,2,0,pre_monsoon,-224.0,0
2018-03-29,3,3,0,pre_monsoon,-223.0,0
2018-03-30,3,4,0,pre_monsoon,-222.0,0
2018-03-31,3,5,1,pre_monsoon,-221.0,0
2018-04-01,4,6,1,pre_monsoon,-220.0,0
2018-04-02,4,0,0,pre_monsoon,-219.0,0
2018-04-03,4,1,0,pre_monsoon,-218.0,0
2018-04-04,4,2,0,pre_monsoon,-217.0,0
2018-04-05,4,3,0,pre_monsoon,-216.0,0
2018-04-06,4,4,0,pre_monsoon,-215.0,0
2018-04-07,4,5,1,pre_monsoon,-214.0,0
2018-04-08,4,6,1,pre_monsoon,-213.0,0
2018-04-09,4,0,0,pre_monsoon,-212.0,0
2018-04-10,4,1,0,pre_monsoon,-211.0,0
2018-04-11,4,2,0,pre_monsoon,-210.0,0
2018-04-12,4,3,0,pre_monsoon,-209.0,0
2018-04-13,4,4,0,pre_monsoon,-208.0,0
2018-04-14,4,5,1,pre_monsoon,-207.0,0
2018-04-15,4,6,1,pre_monsoon,-206.0,0
2018-04-16,4,0,0,pre_monsoon,-205.0,0
2018-04-17,4,1,0,pre_monsoon,-204.0,0
2018-04-18,4,2,0,pre_monsoon,-203.0,0
2018-04-19,4,3,0,pre_monsoon,-202.0,0
2018-04-20,4,4,0,pre_monsoon,-201.0,0
2018-04-21,4,5,1,pre_monsoon,-200.0,0
2018-04-22,4,6,1,pre_monsoon,-199.0,0
2018-04-23,4,0,0,pre_monsoon,-198.0,0
2018-04-24,4,1,0,pre_monsoon,-197.0,0
2018-04-25,4,2,0,pre_monsoon,-196.0,0
2018-04-26,4,3,0,pre_monsoon,-195.0,0
2018-04-27,4,4,0,pre_monsoon,-194.0,0
2018-04-28,4,5,1,pre_monsoon,-193.0,0
2018-04-29,4,6,1,pre_monsoon,-192.0,0
2018-04-30,4,0,0,pre_monsoon,-191.0,0
2018-05-01,5,1,0,pre_monsoon,-190.0,0
2018-05-02,5,2,0,pre_monsoon,-189.0,0
2018-05-03,5,3,0,pre_monsoon,-188.0,0
2018-05-04,5,4,0,pre_monsoon,-187.0,0
2018-05-05,5,5,1,pre_monsoon,-186.0,0
2018-05-06,5,6,1,pre_monsoon,-185.0,0
2018-05-07,5,0,0,pre_monsoon,-184.0,0
2018-05-08,5,1,0,pre_monsoon,-183.0,0
2018-05-09,5,2,0,pre_monsoon,-182.0,0
2018-05-10,5,3,0,pre_monsoon,-181.0,0
2018-05-11,5,4,0,pre_monsoon,-180.0,0
2018-05-12,5,5,1,pre_monsoon,-179.0,0
2018-05-13,5,6,1,pre_monsoon,-178.0,0
2018-05-14,5,0,0,pre_monsoon,-177.0,0
2018-05-15,5,1,0,pre_monsoon,-176.0,0
2018-05-16,5,2,0,pre_monsoon,-175.0,0
2018-05-17,5,3,0,pre_monsoon,-174.0,0
2018-05-18,5,4,0,pre_monsoon,-173.0,0
2018-05-19,5,5,1,pre_monsoon,-172.0,0
2018-05-20,5,6,1,pre_monsoon,-171.0,0
2018-05-21,5,0,0,pre_monsoon,-170.0,0
2018-05-22,5,1,0,pre_monsoon,-169.0,0
2018-05-23,5,2,0,pre_monsoon,-168.0,0
2018-05-24,5,3,0,pre_monsoon,-167.0,0
2018-05-25,5,4,0,pre_monsoon,-166.0,0
2018-05-26,5,5,1,pre_monsoon,-165.0,0
2018-05-27,5,6,1,pre_monsoon,-164.0,0
2018-05-28,5,0,0,pre_monsoon,-163.0,0
2018-05-29,5,1,0,pre_monsoon,-162.0,0
2018-05-30,5,2,0,pre_monsoon,-161.0,0
2018-05-31,5,3,0,pre_monsoon,-160.0,0
2018-06-01,6,4,0,monsoon,-159.0,0
2018-06-02,6,5,1,monsoon,-158.0,0
2018-06-03,6,6,1,monsoon,-157.0,0
2018-06-04,6,0,0,monsoon,-156.0,0
2018-06-05,6,1,0,monsoon,-155.0,0
2018-06-06,6,2,0,monsoon,-154.0,0
2018-06-07,6,3,0,monsoon,-153.0,0
2018-06-08,6,4,0,monsoon,-152.0,0
2018-06-09,6,5,1,monsoon,-151.0,0
2018-06-10,6,6,1,monsoon,-150.0,0
2018-06-11,6,0,0,monsoon,-149.0,0
2018-06-12,6,1,0,monsoon,-148.0,0
2018-06-13,6,2,0,monsoon,-147.0,0
2018-06-14,6,3,0,monsoon,-146.0,0
2018-06-15,6,4,0,monsoon,-145.0,0
2018-06-16,6,5,1,monsoon,-144.0,0
2018-06-17,6,6,1,monsoon,-143.0,0
2018-06-18,6,0,0,monsoon,-142.0,0
2018-06-19,6,1,0,monsoon,-141.0,0
2018-06-20,6,2,0,monsoon,-140.0,0
2018-06-21,6,3,0,monsoon,-139.0,0
2018-06-22,6,4,0,monsoon,-138.0,0
2018-06-23,6,5,1,monsoon,-137.0,0
2018-06-24,6,6,1,monsoon,-136.0,0
2018-06-25,6,0,0,monsoon,-135.0,0
2018-06-26,6,1,0,monsoon,-134.0,0
2018-06-27,6,2,0,monsoon,-133.0,0
2018-06-28,6,3,0,monsoon,-132.0,0
2018-06-29,6,4,0,monsoon,-131.0,0
2018-06-30,6,5,1,monsoon,-130.0,0
2018-07-01,7,6,1,monsoon,-129.0,0
2018-07-02,7,0,0,monsoon,-128.0,0
2018-07-03,7,1,0,monsoon,-127.0,0
2018-07-04,7,2,0,monsoon,-126.0,0
2018-07-05,7,3,0,monsoon,-125.0,0
2018-07-06,7,4,0,monsoon,-124.0,0
2018-07-07,7,5,1,monsoon,-123.0,0
2018-07-08,7,6,1,monsoon,-122.0,0
2018-07-09,7,0,0,monsoon,-121.0,0
2018-07-10,7,1,0,monsoon,-120.0,0
2018-07-11,7,2,0,monsoon,-119.0,0
2018-07-12,7,3,0,monsoon,-118.0,0
2018-07-13,7,4,0,monsoon,-117.0,0
2018-07-14,7,5,1,monsoon,-116.0,0
2018-07-15,7,6,1,monsoon,-115.0,0
2018-07-16,7,0,0,monsoon,-114.0,0
2018-07-17,7,1,0,monsoon,-113.0,0
2018-07-18,7,2,0,monsoon,-112.0,0
2018-07-19,7,3,0,monsoon,-111.0,0
2018-07-20,7,4,0,monsoon,-110.0,0
2018-07-21,7,5,1,monsoon,-109.0,0
2018-07-22,7,6,1,monsoon,-108.0,0
2018-07-23,7,0,0,monsoon,-107.0,0
2018-07-24,7,1,0,monsoon,-106.0,0
2018-07-25,7,2,0,monsoon,-105.0,0
2018-07-26,7,3,0,monsoon,-104.0,0
2018-07-27,7,4,0,monsoon,-103.0,0
2018-07-28,7,5,1,monsoon,-102.0,0
2018-07-29,7,6,1,monsoon,-101.0,0
2018-07-30,7,0,0,monsoon,-100.0,0
2018-07-31,7,1,0,monsoon,-99.0,0
2018-08-01,8,2,0,monsoon,-98.0,0
2018-08-02,8,3,0,monsoon,-97.0,0
2018-08-03,8,4,0,monsoon,-96.0,0
2018-08-04,8,5,1,monsoon,-95.0,0
2018-08-05,8,6,1,monsoon,-94.0,0
2018-08-06,8,0,0,monsoon,-93.0,0
2018-08-07,8,1,0,monsoon,-92.0,0
2018-08-08,8,2,0,monsoon,-91.0,0
2018-08-09,8,3,0,monsoon,-90.0,0
2018-08-10,8,4,0,monsoon,-89.0,0
2018-08-11,8,5,1,monsoon,-88.0,0
2018-08-12,8,6,1,monsoon,-87.0,0
2018-08-13,8,0,0,monsoon,-86.0,0
2018-08-14,8,1,0,monsoon,-85.0,0
2018-08-15,8,2,0,monsoon,-84.0,0
2018-08-16,8,3,0,monsoon,-83.0,0
2018-08-17,8,4,0,monsoon,-82.0,0
2018-08-18,8,5,1,monsoon,-81.0,0
2018-08-19,8,6,1,monsoon,-80.0,0
2018-08-20,8,0,0,monsoon,-79.0,0
2018-08-21,8,1,0,monsoon,-78.0,0
2018-08-22,8,2,0,monsoon,-77.0,0
2018-08-23,8,3,0,monsoon,-76.0,0
2018-08-24,8,4,0,monsoon,-75.0,0
2018-08-25,8,5,1,monsoon,-74.0,0
2018-08-26,8,6,1,monsoon,-73.0,0
2018-08-27,8,0,0,monsoon,-72.0,0
2018-08-28,8,1,0,monsoon,-71.0,0
2018-08-29,8,2,0,monsoon,-70.0,0
2018-08-30,8,3,0,monsoon,-69.0,0
2018-08-31,8,4,0,monsoon,-68.0,0
2018-09-01,9,5,1,monsoon,-67.0,0
2018-09-02,9,6,1,monsoon,-66.0,0
2018-09-03,9,0,0,monsoon,-65.0,0
2018-09-04,9,1,0,monsoon,-64.0,0
2018-09-05,9,2,0,monsoon,-63.0,0
2018-09-06,9,3,0,monsoon,-62.0,0
2018-09-07,9,4,0,monsoon,-61.0,0
2018-09-08,9,5,1,monsoon,-60.0,0
2018-09-09,9,6,1,monsoon,-59.0,0
2018-09-10,9,0,0,monsoon,-58.0,0
2018-09-11,9,1,0,monsoon,-57.0,0
2018-09-12,9,2,0,monsoon,-56.0,0
2018-09-13,9,3,0,monsoon,-55.0,0
2018-09-14,9,4,0,monsoon,-54.0,0
2018-09-15,9,5,1,monsoon,-53.0,0
2018-09-16,9,6,1,monsoon,-52.0,0
2018-09-17,9,0,0,monsoon,-51.0,0
2018-09-18,9,1,0,monsoon,-50.0,0
2018-09-19,9,2,0,monsoon,-49.0,0
2018-09-20,9,3,0,monsoon,-48.0,0
2018-09-21,9,4,0,monsoon,-47.0,0
2018-09-22,9,5,1,monsoon,-46.0,0
2018-09-23,9,6,1,monsoon,-45.0,0
2018-09-24,9,0,0,monsoon,-44.0,0
2018-09-25,9,1,0,monsoon,-43.0,0
2018-09-26,9,2,0,monsoon,-42.0,0
2018-09-27,9,3,0,monsoon,-41.0,0
2018-09-28,9,4,0,monsoon,-40.0,0
2018-09-29,9,5,1,monsoon,-39.0,0
2018-09-30,9,6,1,monsoon,-38.0,0
2018-10-01,10,0,0,post_monsoon,-37.0,0
2018-10-02,10,1,0,post_monsoon,-36.0,0
2018-10-03,10,2,0,post_monsoon,-35.0,0
2018-10-04,10,3,0,post_monsoon,-34.0,0
2018-10-05,10,4,0,post_monsoon,-33.0,0
2018-10-06,10,5,1,post_monsoon,-32.0,0
2018-10-07,10,6,1,post_monsoon,-31.0,0
2018-10-08,10,0,0,post_monsoon,-30.0,0
2018-10-09,10,1,0,post_monsoon,-29.0,0
2018-10-10,10,2,0,post_monsoon,-28.0,0
2018-10-11,10,3,0,post_monsoon,-27.0,0
2018-10-12,10,4,0,post_monsoon,-26.0,0
2018-10-13,10,5,1,post_monsoon,-25.0,0
2018-10-14,10,6,1,post_monsoon,-24.0,0
2018-10-15,10,0,0,post_monsoon,-23.0,0
2018-10-16,10,1,0,post_monsoon,-22.0,0
2018-10-17,10,2,0,post_monsoon,-21.0,0
2018-10-18,10,3,0,post_monsoon,-20.0,0
2018-10-19,10,4,0,post_monsoon,-19.0,0
2018-10-20,10,5,1,post_monsoon,-18.0,0
2018-10-21,10,6,1,post_monsoon,-17.0,0
2018-10-22,10,0,0,post_monsoon,-16.0,0
2018-10-23,10,1,0,post_monsoon,-15.0,0
2018-10-24,10,2,0,post_monsoon,-14.0,0
2018-10-25,10,3,0,post_monsoon,-13.0,0
2018-10-26,10,4,0,post_monsoon,-12.0,0
2018-10-27,10,5,1,post_monsoon,-11.0,0
2018-10-28,10,6,1,post_monsoon,-10.0,0
2018-10-29,10,0,0,post_monsoon,-9.0,0
2018-10-30,10,1,0,post_monsoon,-8.0,0
2018-10-31,10,2,0,post_monsoon,-7.0,0
2018-11-01,11,3,0,post_monsoon,-6.0,0
2018-11-02,11,4,0,post_monsoon,-5.0,1
2018-11-03,11,5,1,post_monsoon,-4.0,1
2018-11-04,11,6,1,post_monsoon,-3.0,1
2018-11-05,11,0,0,post_monsoon,-2.0,1
2018-11-06,11,1,0,post_monsoon,-1.0,1
2018-11-07,11,2,0,post_monsoon,0.0,1
2018-11-08,11,3,0,post_monsoon,1.0,1
2018-11-09,11,4,0,post_monsoon,2.0,1
2018-11-10,11,5,1,post_monsoon,3.0,1
2018-11-11,11,6,1,post_monsoon,4.0,1
2018-11-12,11,0,0,post_monsoon,5.0,1
2018-11-13,11,1,0,post_monsoon,6.0,0
2018-11-14,11,2,0,post_monsoon,7.0,0
2018-11-15,11,3,0,post_monsoon,8.0,0
2018-11-16,11,4,0,post_monsoon,9.0,0
2018-11-17,11,5,1,post_monsoon,10.0,0
2018-11-18,11,6,1,post_monsoon,11.0,0
2018-11-19,11,0,0,post_monsoon,12.0,0
2018-11-20,11,1,0,post_monsoon,13.0,0
2018-11-21,11,2,0,post_monsoon,14.0,0
2018-11-22,11,3,0,post_monsoon,15.0,0
2018-11-23,11,4,0,post_monsoon,16.0,0
2018-11-24,11,5,1,post_monsoon,17.0,0
2018-11-25,11,6,1,post_monsoon,18.0,0
2018-11-26,11,0,0,post_monsoon,19.0,0
2018-11-27,11,1,0,post_monsoon,20.0,0
2018-11-28,11,2,0,post_monsoon,21.0,0
2018-11-29,11,3,0,post_monsoon,22.0,0
2018-11-30,11,4,0,post_monsoon,23.0,0
2018-12-01,12,5,1,post_monsoon,24.0,0
2018-12-02,12,6,1,post_monsoon,25.0,0
2018-12-03,12,0,0,post_monsoon,26.0,0
2018-12-04,12,1,0,post_monsoon,27.0,0
2018-12-05,12,2,0,post_monsoon,28.0,0
2018-12-06,12,3,0,post_monsoon,29.0,0
2018-12-07,12,4,0,post_monsoon,30.0,0
2018-12-08,12,5,1,post_monsoon,31.0,0
2018-12-09,12,6,1,post_monsoon,32.0,0
2018-12-10,12,0,0,post_monsoon,33.0,0
2018-12-11,12,1,0,post_monsoon,34.0,0
2018-12-12,12,2,0,post_monsoon,35.0,0
2018-12-13,12,3,0,post_monsoon,36.0,0
2018-12-14,12,4,0,post_monsoon,37.0,0
2018-12-15,12,5,1,post_monsoon,38.0,0
2018-12-16,12,6,1,post_monsoon,39.0,0
2018-12-17,12,0,0,post_monsoon,40.0,0
2018-12-18,12,1,0,post_monsoon,41.0,0
2018-12-19,12,2,0,post_monsoon,42.0,0
2018-12-20,12,3,0,post_monsoon,43.0,0
2018-12-21,12,4,0,post_monsoon,44.0,0
2018-12-22,12,5,1,post_monsoon,45.0,0
2018-12-23,12,6,1,post_monsoon,46.0,0
2018-12-24,12,0,0,post_monsoon,47.0,0
2018-12-25,12,1,0,post_monsoon,48.0,0
2018-12-26,12,2,0,post_monsoon,49.0,0
2018-12-27,12,3,0,post_monsoon,50.0,0
2018-12-28,12,4,0,post_monsoon,51.0,0
2018-12-29,12,5,1,post_monsoon,52.0,0
2018-12-30,12,6,1,post_monsoon,53.0,0
2018-12-31,12,0,0,post_monsoon,54.0,0
2019-01-01,1,1,0,winter,55.0,0
2019-01-02,1,2,0,winter,56.0,0
2019-01-03,1,3,0,winter,57.0,0
2019-01-04,1,4,0,winter,58.0,0
2019-01-05,1,5,1,winter,59.0,0
2019-01-06,1,6,1,winter,60.0,0
2019-01-07,1,0,0,winter,61.0,0
2019-01-08,1,1,0,winter,62.0,0
2019-01-09,1,2,0,winter,63.0,0
2019-01-10,1,3,0,winter,64.0,0
2019-01-11,1,4,0,winter,65.0,0
2019-01-12,1,5,1,winter,66.0,0
2019-01-13,1,6,1,winter,67.0,0
2019-01-14,1,0,0,winter,68.0,0
2019-01-15,1,1,0,winter,69.0,0
2019-01-16,1,2,0,winter,70.0,0
2019-01-17,1,3,0,winter,71.0,0
2019-01-18,1,4,0,winter,72.0,0
2019-01-19,1,5,1,winter,73.0,0
2019-01-20,1,6,1,winter,74.0,0
2019-01-21,1,0,0,winter,75.0,0
2019-01-22,1,1,0,winter,76.0,0
2019-01-23,1,2,0,winter,77.0,0
2019-01-24,1,3,0,winter,78.0,0
2019-01-25,1,4,0,winter,79.0,0
2019-01-26,1,5,1,winter,80.0,0
2019-01-27,1,6,1,winter,81.0,0
2019-01-28,1,0,0,winter,82.0,0
2019-01-29,1,1,0,winter,83.0,0
2019-01-30,1,2,0,winter,84.0,0
2019-01-31,1,3,0,winter,85.0,0
2019-02-01,2,4,0,winter,86.0,0
2019-02-02,2,5,1,winter,87.0,0
2019-02-03,2,6,1,winter,88.0,0
2019-02-04,2,0,0,winter,89.0,0
2019-02-05,2,1,0,winter,90.0,0
2019-02-06,2,2,0,winter,91.0,0
2019-02-07,2,3,0,winter,92.0,0
2019-02-08,2,4,0,winter,93.0,0
2019-02-09,2,5,1,winter,94.0,0
2019-02-10,2,6,1,winter,95.0,0
2019-02-11,2,0,0,winter,96.0,0
2019-02-12,2,1,0,winter,97.0,0
2019-02-13,2,2,0,winter,98.0,0
2019-02-14,2,3,0,winter,99.0,0
2019-02-15,2,4,0,winter,100.0,0
2019-02-16,2,5,1,winter,101.0,0
2019-02-17,2,6,1,winter,102.0,0
2019-02-18,2,0,0,winter,103.0,0
2019-02-19,2,1,0,winter,104.0,0
2019-02-20,2,2,0,winter,105.0,0
2019-02-21,2,3,0,winter,106.0,0
2019-02-22,2,4,0,winter,107.0,0
2019-02-23,2,5,1,winter,108.0,0
2019-02-24,2,6,1,winter,109.0,0
2019-02-25,2,0,0,winter,110.0,0
2019-02-26,2,1,0,winter,111.0,0
2019-02-27,2,2,0,winter,112.0,0
2019-02-28,2,3,0,winter,113.0,0
2019-03-01,3,4,0,pre_monsoon,114.0,0
2019-03-02,3,5,1,pre_monsoon,115.0,0
2019-03-03,3,6,1,pre_monsoon,116.0,0
2019-03-04,3,0,0,pre_monsoon,117.0,0
2019-03-05,3,1,0,pre_monsoon,118.0,0
2019-03-06,3,2,0,pre_monsoon,119.0,0
2019-03-07,3,3,0,pre_monsoon,120.0,0
2019-03-08,3,4,0,pre_monsoon,121.0,0
2019-03-09,3,5,1,pre_monsoon,122.0,0
2019-03-10,3,6,1,pre_monsoon,123.0,0
2019-03-11,3,0,0,pre_monsoon,124.0,0
2019-03-12,3,1,0,pre_monsoon,125.0,0
2019-03-13,3,2,0,pre_monsoon,126.0,0
2019-03-14,3,3,0,pre_monsoon,127.0,0
2019-03-15,3,4,0,pre_monsoon,128.0,0
2019-03-16,3,5,1,pre_monsoon,129.0,0
2019-03-17,3,6,1,pre_monsoon,130.0,0
2019-03-18,3,0,0,pre_monsoon,131.0,0
2019-03-19,3,1,0,pre_monsoon,132.0,0
2019-03-20,3,2,0,pre_monsoon,133.0,0
2019-03-21,3,3,0,pre_monsoon,134.0,0
2019-03-22,3,4,0,pre_monsoon,135.0,0
2019-03-23,3,5,1,pre_monsoon,136.0,0
2019-03-24,3,6,1,pre_monsoon,137.0,0
2019-03-25,3,0,0,pre_monsoon,138.0,0
2019-03-26,3,1,0,pre_monsoon,139.0,0
2019-03-27,3,2,0,pre_monsoon,140.0,0
2019-03-28,3,3,0,pre_monsoon,141.0,0
2019-03-29,3,4,0,pre_monsoon,142.0,0
2019-03-30,3,5,1,pre_monsoon,143.0,0
2019-03-31,3,6,1,pre_monsoon,144.0,0
2019-04-01,4,0,0,pre_monsoon,145.0,0
2019-04-02,4,1,0,pre_monsoon,146.0,0
2019-04-03,4,2,0,pre_monsoon,147.0,0
2019-04-04,4,3,0,pre_monsoon,148.0,0
2019-04-05,4,4,0,pre_monsoon,149.0,0
2019-04-06,4,5,1,pre_monsoon,150.0,0
2019-04-07,4,6,1,pre_monsoon,151.0,0
2019-04-08,4,0,0,pre_monsoon,152.0,0
2019-04-09,4,1,0,pre_monsoon,153.0,0
2019-04-10,4,2,0,pre_monsoon,154.0,0
2019-04-11,4,3,0,pre_monsoon,155.0,0
2019-04-12,4,4,0,pre_monsoon,156.0,0
2019-04-13,4,5,1,pre_monsoon,157.0,0
2019-04-14,4,6,1,pre_monsoon,158.0,0
2019-04-15,4,0,0,pre_monsoon,159.0,0
2019-04-16,4,1,0,pre_monsoon,160.0,0
2019-04-17,4,2,0,pre_monsoon,161.0,0
2019-04-18,4,3,0,pre_monsoon,162.0,0
2019-04-19,4,4,0,pre_monsoon,163.0,0
2019-04-20,4,5,1,pre_monsoon,164.0,0
2019-04-21,4,6,1,pre_monsoon,165.0,0
2019-04-22,4,0,0,pre_monsoon,166.0,0
2019-04-23,4,1,0,pre_monsoon,167.0,0
2019-04-24,4,2,0,pre_monsoon,168.0,0
2019-04-25,4,3,0,pre_monsoon,169.0,0
2019-04-26,4,4,0,pre_monsoon,170.0,0
2019-04-27,4,5,1,pre_monsoon,171.0,0
2019-04-28,4,6,1,pre_monsoon,172.0,0
2019-04-29,4,0,0,pre_monsoon,173.0,0
2019-04-30,4,1,0,pre_monsoon,174.0,0
2019-05-01,5,2,0,pre_monsoon,175.0,0
2019-05-02,5,3,0,pre_monsoon,176.0,0
2019-05-03,5,4,0,pre_monsoon,177.0,0
2019-05-04,5,5,1,pre_monsoon,-176.0,0
2019-05-05,5,6,1,pre_monsoon,-175.0,0
2019-05-06,5,0,0,pre_monsoon,-174.0,0
2019-05-07,5,1,0,pre_monsoon,-173.0,0
2019-05-08,5,2,0,pre_monsoon,-172.0,0
2019-05-09,5,3,0,pre_monsoon,-171.0,0
2019-05-10,5,4,0,pre_monsoon,-170.0,0
2019-05-11,5,5,1,pre_monsoon,-169.0,0
2019-05-12,5,6,1,pre_monsoon,-168.0,0
2019-05-13,5,0,0,pre_monsoon,-167.0,0
2019-05-14,5,1,0,pre_monsoon,-166.0,0
2019-05-15,5,2,0,pre_monsoon,-165.0,0
2019-05-16,5,3,0,pre_monsoon,-164.0,0
2019-05-17,5,4,0,pre_monsoon,-163.0,0
2019-05-18,5,5,1,pre_monsoon,-162.0,0
2019-05-19,5,6,1,pre_monsoon,-161.0,0
2019-05-20,5,0,0,pre_monsoon,-160.0,0
2019-05-21,5,1,0,pre_monsoon,-159.0,0
2019-05-22,5,2,0,pre_monsoon,-158.0,0
2019-05-23,5,3,0,pre_monsoon,-157.0,0
2019-05-24,5,4,0,pre_monsoon,-156.0,0
2019-05-25,5,5,1,pre_monsoon,-155.0,0
2019-05-26,5,6,1,pre_monsoon,-154.0,0
2019-05-27,5,0,0,pre_monsoon,-153.0,0
2019-05-28,5,1,0,pre_monsoon,-152.0,0
2019-05-29,5,2,0,pre_monsoon,-151.0,0
2019-05-30,5,3,0,pre_monsoon,-150.0,0
2019-05-31,5,4,0,pre_monsoon,-149.0,0
2019-06-01,6,5,1,monsoon,-148.0,0
2019-06-02,6,6,1,monsoon,-147.0,0
2019-06-03,6,0,0,monsoon,-146.0,0
2019-06-04,6,1,0,monsoon,-145.0,0
2019-06-05,6,2,0,monsoon,-144.0,0
2019-06-06,6,3,0,monsoon,-143.0,0
2019-06-07,6,4,0,monsoon,-142.0,0
2019-06-08,6,5,1,monsoon,-141.0,0
2019-06-09,6,6,1,monsoon,-140.0,0
2019-06-10,6,0,0,monsoon,-139.0,0
2019-06-11,6,1,0,monsoon,-138.0,0
2019-06-12,6,2,0,monsoon,-137.0,0
2019-06-13,6,3,0,monsoon,-136.0,0
2019-06-14,6,4,0,monsoon,-135.0,0
2019-06-15,6,5,1,monsoon,-134.0,0
2019-06-16,6,6,1,monsoon,-133.0,0
2019-06-17,6,0,0,monsoon,-132.0,0
2019-06-18,6,1,0,monsoon,-131.0,0
2019-06-19,6,2,0,monsoon,-130.0,0
2019-06-20,6,3,0,monsoon,-129.0,0
2019-06-21,6,4,0,monsoon,-128.0,0
2019-06-22,6,5,1,monsoon,-127.0,0
2019-06-23,6,6,1,monsoon,-126.0,0
2019-06-24,6,0,0,monsoon,-125.0,0
2019-06-25,6,1,0,monsoon,-124.0,0
2019-06-26,6,2,0,monsoon,-123.0,0
2019-06-27,6,3,0,monsoon,-122.0,0
2019-06-28,6,4,0,monsoon,-121.0,0
2019-06-29,6,5,1,monsoon,-120.0,0
2019-06-30,6,6,1,monsoon,-119.0,0
2019-07-01,7,0,0,monsoon,-118.0,0
2019-07-02,7,1,0,monsoon,-117.0,0
2019-07-03,7,2,0,monsoon,-116.0,0
2019-07-04,7,3,0,monsoon,-115.0,0
2019-07-05,7,4,0,monsoon,-114.0,0
2019-07-06,7,5,1,monsoon,-113.0,0
2019-07-07,7,6,1,monsoon,-112.0,0
2019-07-08,7,0,0,monsoon,-111.0,0
2019-07-09,7,1,0,monsoon,-110.0,0
2019-07-10,7,2,0,monsoon,-109.0,0
2019-07-11,7,3,0,monsoon,-108.0,0
2019-07-12,7,4,0,monsoon,-107.0,0
2019-07-13,7,5,1,monsoon,-106.0,0
2019-07-14,7,6,1,monsoon,-105.0,0
2019-07-15,7,0,0,monsoon,-104.0,0
2019-07-16,7,1,0,monsoon,-103.0,0
2019-07-17,7,2,0,monsoon,-102.0,0
2019-07-18,7,3,0,monsoon,-101.0,0
2019-07-19,7,4,0,monsoon,-100.0,0
2019-07-20,7,5,1,monsoon,-99.0,0
2019-07-21,7,6,1,monsoon,-98.0,0
2019-07-22,7,0,0,monsoon,-97.0,0
2019-07-23,7,1,0,monsoon,-96.0,0
2019-07-24,7,2,0,monsoon,-95.0,0
2019-07-25,7,3,0,monsoon,-94.0,0
2019-07-26,7,4,0,monsoon,-93.0,0
2019-07-27,7,5,1,monsoon,-92.0,0
2019-07-28,7,6,1,monsoon,-91.0,0
2019-07-29,7,0,0,monsoon,-90.0,0
2019-07-30,7,1,0,monsoon,-89.0,0
2019-07-31,7,2,0,monsoon,-88.0,0
2019-08-01,8,3,0,monsoon,-87.0,0
2019-08-02,8,4,0,monsoon,-86.0,0
2019-08-03,8,5,1,monsoon,-85.0,0
2019-08-04,8,6,1,monsoon,-84.0,0
2019-08-05,8,0,0,monsoon,-83.0,0
2019-08-06,8,1,0,monsoon,-82.0,0
2019-08-07,8,2,0,monsoon,-81.0,0
2019-08-08,8,3,0,monsoon,-80.0,0
2019-08-09,8,4,0,monsoon,-79.0,0
2019-08-10,8,5,1,monsoon,-78.0,0
2019-08-11,8,6,1,monsoon,-77.0,0
2019-08-12,8,0,0,monsoon,-76.0,0
2019-08-13,8,1,0,monsoon,-75.0,0
2019-08-14,8,2,0,monsoon,-74.0,0
2019-08-15,8,3,0,monsoon,-73.0,0
2019-08-16,8,4,0,monsoon,-72.0,0
2019-08-17,8,5,1,monsoon,-71.0,0
2019-08-18,8,6,1,monsoon,-70.0,0
2019-08-19,8,0,0,monsoon,-69.0,0
2019-08-20,8,1,0,monsoon,-68.0,0
2019-08-21,8,2,0,monsoon,-67.0,0
2019-08-22,8,3,0,monsoon,-66.0,0
2019-08-23,8,4,0,monsoon,-65.0,0
2019-08-24,8,5,1,monsoon,-64.0,0
2019-08-25,8,6,1,monsoon,-63.0,0
2019-08-26,8,0,0,monsoon,-62.0,0
2019-08-27,8,1,0,monsoon,-61.0,0
2019-08-28,8,2,0,monsoon,-60.0,0
2019-08-29,8,3,0,monsoon,-59.0,0
2019-08-30,8,4,0,monsoon,-58.0,0
2019-08-31,8,5,1,monsoon,-57.0,0
2019-09-01,9,6,1,monsoon,-56.0,0
2019-09-02,9,0,0,monsoon,-55.0,0
2019-09-03,9,1,0,monsoon,-54.0,0
2019-09-04,9,2,0,monsoon,-53.0,0
2019-09-05,9,3,0,monsoon,-52.0,0
2019-09-06,9,4,0,monsoon,-51.0,0
2019-09-07,9,5,1,monsoon,-50.0,0
2019-09-08,9,6,1,monsoon,-49.0,0
2019-09-09,9,0,0,monsoon,-48.0,0
2019-09-10,9,1,0,monsoon,-47.0,0
2019-09-11,9,2,0,monsoon,-46.0,0
2019-09-12,9,3,0,monsoon,-45.0,0
2019-09-13,9,4,0,monsoon,-44.0,0
2019-09-14,9,5,1,monsoon,-43.0,0
2019-09-15,9,6,1,monsoon,-42.0,0
2019-09-16,9,0,0,monsoon,-41.0,0
2019-09-17,9,1,0,monsoon,-40.0,0
2019-09-18,9,2,0,monsoon,-39.0,0
2019-09-19,9,3,0,monsoon,-38.0,0
2019-09-20,9,4,0,monsoon,-37.0,0
2019-09-21,9,5,1,monsoon,-36.0,0
2019-09-22,9,6,1,monsoon,-35.0,0
2019-09-23,9,0,0,monsoon,-34.0,0
2019-09-24,9,1,0,monsoon,-33.0,0
2019-09-25,9,2,0,monsoon,-32.0,0
2019-09-26,9,3,0,monsoon,-31.0,0
2019-09-27,9,4,0,monsoon,-30.0,0
2019-09-28,9,5,1,monsoon,-29.0,0
2019-09-29,9,6,1,monsoon,-28.0,0
2019-09-30,9,0,0,monsoon,-27.0,0
2019-10-01,10,1,0,post_monsoon,-26.0,0
2019-10-02,10,2,0,post_monsoon,-25.0,0
2019-10-03,10,3,0,post_monsoon,-24.0,0
2019-10-04,10,4,0,post_monsoon,-23.0,0
2019-10-05,10,5,1,post_monsoon,-22.0,0
2019-10-06,10,6,1,post_monsoon,-21.0,0
2019-10-07,10,0,0,post_monsoon,-20.0,0
2019-10-08,10,1,0,post_monsoon,-19.0,0
2019-10-09,10,2,0,post_monsoon,-18.0,0
2019-10-10,10,3,0,post_monsoon,-17.0,0
2019-10-11,10,4,0,post_monsoon,-16.0,0
2019-10-12,10,5,1,post_monsoon,-15.0,0
2019-10-13,10,6,1,post_monsoon,-14.0,0
2019-10-14,10,0,0,post_monsoon,-13.0,0
2019-10-15,10,1,0,post_monsoon,-12.0,0
2019-10-16,10,2,0,post_monsoon,-11.0,0
2019-10-17,10,3,0,post_monsoon,-10.0,0
2019-10-18,10,4,0,post_monsoon,-9.0,0
2019-10-19,10,5,1,post_monsoon,-8.0,0
2019-10-20,10,6,1,post_monsoon,-7.0,0
2019-10-21,10,0,0,post_monsoon,-6.0,0
2019-10-22,10,1,0,post_monsoon,-5.0,1
2019-10-23,10,2,0,post_monsoon,-4.0,1
2019-10-24,10,3,0,post_monsoon,-3.0,1
2019-10-25,10,4,0,post_monsoon,-2.0,1
2019-10-26,10,5,1,post_monsoon,-1.0,1
2019-10-27,10,6,1,post_monsoon,0.0,1
2019-10-28,10,0,0,post_monsoon,1.0,1
2019-10-29,10,1,0,post_monsoon,2.0,1
2019-10-30,10,2,0,post_monsoon,3.0,1
2019-10-31,10,3,0,post_monsoon,4.0,1
2019-11-01,11,4,0,post_monsoon,5.0,1
2019-11-02,11,5,1,post_monsoon,6.0,0
2019-11-03,11,6,1,post_monsoon,7.0,0
2019-11-04,11,0,0,post_monsoon,8.0,0
2019-11-05,11,1,0,post_monsoon,9.0,0
2019-11-06,11,2,0,post_monsoon,10.0,0
2019-11-07,11,3,0,post_monsoon,11.0,0
2019-11-08,11,4,0,post_monsoon,12.0,0
2019-11-09,11,5,1,post_monsoon,13.0,0
2019-11-10,11,6,1,post_monsoon,14.0,0
2019-11-11,11,0,0,post_monsoon,15.0,0
2019-11-12,11,1,0,post_monsoon,16.0,0
2019-11-13,11,2,0,post_monsoon,17.0,0
2019-11-14,11,3,0,post_monsoon,18.0,0
2019-11-15,11,4,0,post_monsoon,19.0,0
2019-11-16,11,5,1,post_monsoon,20.0,0
2019-11-17,11,6,1,post_monsoon,21.0,0
2019-11-18,11,0,0,post_monsoon,22.0,0
2019-11-19,11,1,0,post_monsoon,23.0,0
2019-11-20,11,2,0,post_monsoon,24.0,0
2019-11-21,11,3,0,post_monsoon,25.0,0
2019-11-22,11,4,0,post_monsoon,26.0,0
2019-11-23,11,5,1,post_monsoon,27.0,0
2019-11-24,11,6,1,post_monsoon,28.0,0
2019-11-25,11,0,0,post_monsoon,29.0,0
2019-11-26,11,1,0,post_monsoon,30.0,0
2019-11-27,11,2,0,post_monsoon,31.0,0
2019-11-28,11,3,0,post_monsoon,32.0,0
2019-11-29,11,4,0,post_monsoon,33.0,0
2019-11-30,11,5,1,post_monsoon,34.0,0
2019-12-01,12,6,1,post_monsoon,35.0,0
2019-12-02,12,0,0,post_monsoon,36.0,0
2019-12-03,12,1,0,post_monsoon,37.0,0
2019-12-04,12,2,0,post_monsoon,38.0,0
2019-12-05,12,3,0,post_monsoon,39.0,0
2019-12-06,12,4,0,post_monsoon,40.0,0
2019-12-07,12,5,1,post_monsoon,41.0,0
2019-12-08,12,6,1,post_monsoon,42.0,0
2019-12-09,12,0,0,post_monsoon,43.0,0
2019-12-10,12,1,0,post_monsoon,44.0,0
2019-12-11,12,2,0,post_monsoon,45.0,0
2019-12-12,12,3,0,post_monsoon,46.0,0
2019-12-13,12,4,0,post_monsoon,47.0,0
2019-12-14,12,5,1,post_monsoon,48.0,0
2019-12-15,12,6,1,post_monsoon,49.0,0
2019-12-16,12,0,0,post_monsoon,50.0,0
2019-12-17,12,1,0,post_monsoon,51.0,0
2019-12-18,12,2,0,post_monsoon,52.0,0
2019-12-19,12,3,0,post_monsoon,53.0,0
2019-12-20,12,4,0,post_monsoon,54.0,0
2019-12-21,12,5,1,post_monsoon,55.0,0
2019-12-22,12,6,1,post_monsoon,56.0,0
2019-12-23,12,0,0,post_monsoon,57.0,0
2019-12-24,12,1,0,post_monsoon,58.0,0
2019-12-25,12,2,0,post_monsoon,59.0,0
2019-12-26,12,3,0,post_monsoon,60.0,0
2019-12-27,12,4,0,post_monsoon,61.0,0
2019-12-28,12,5,1,post_monsoon,62.0,0
2019-12-29,12,6,1,post_monsoon,63.0,0
2019-12-30,12,0,0,post_monsoon,64.0,0
2019-12-31,12,1,0,post_monsoon,65.0,0
2020-01-01,1,2,0,winter,66.0,0
2020-01-02,1,3,0,winter,67.0,0
2020-01-03,1,4,0,winter,68.0,0
2020-01-04,1,5,1,winter,69.0,0
2020-01-05,1,6,1,winter,70.0,0
2020-01-06,1,0,0,winter,71.0,0
2020-01-07,1,1,0,winter,72.0,0
2020-01-08,1,2,0,winter,73.0,0
2020-01-09,1,3,0,winter,74.0,0
2020-01-10,1,4,0,winter,75.0,0
2020-01-11,1,5,1,winter,76.0,0
2020-01-12,1,6,1,winter,77.0,0
2020-01-13,1,0,0,winter,78.0,0
2020-01-14,1,1,0,winter,79.0,0
2020-01-15,1,2,0,winter,80.0,0
2020-01-16,1,3,0,winter,81.0,0
2020-01-17,1,4,0,winter,82.0,0
2020-01-18,1,5,1,winter,83.0,0
2020-01-19,1,6,1,winter,84.0,0
2020-01-20,1,0,0,winter,85.0,0
2020-01-21,1,1,0,winter,86.0,0
2020-01-22,1,2,0,winter,87.0,0
2020-01-23,1,3,0,winter,88.0,0
2020-01-24,1,4,0,winter,89.0,0
2020-01-25,1,5,1,winter,90.0,0
2020-01-26,1,6,1,winter,91.0,0
2020-01-27,1,0,0,winter,92.0,0
2020-01-28,1,1,0,winter,93.0,0
2020-01-29,1,2,0,winter,94.0,0
2020-01-30,1,3,0,winter,95.0,0
2020-01-31,1,4,0,winter,96.0,0
2020-02-01,2,5,1,winter,97.0,0
2020-02-02,2,6,1,winter,98.0,0
2020-02-03,2,0,0,winter,99.0,0
2020-02-04,2,1,0,winter,100.0,0
2020-02-05,2,2,0,winter,101.0,0
2020-02-06,2,3,0,winter,102.0,0
2020-02-07,2,4,0,winter,103.0,0
2020-02-08,2,5,1,winter,104.0,0
2020-02-09,2,6,1,winter,105.0,0
2020-02-10,2,0,0,winter,106.0,0
2020-02-11,2,1,0,winter,107.0,0
2020-02-12,2,2,0,winter,108.0,0
2020-02-13,2,3,0,winter,109.0,0
2020-02-14,2,4,0,winter,110.0,0
2020-02-15,2,5,1,winter,111.0,0
2020-02-16,2,6,1,winter,112.0,0
2020-02-17,2,0,0,winter,113.0,0
2020-02-18,2,1,0,winter,114.0,0
2020-02-19,2,2,0,winter,115.0,0
2020-02-20,2,3,0,winter,116.0,0
2020-02-21,2,4,0,winter,117.0,0
2020-02-22,2,5,1,winter,118.0,0
2020-02-23,2,6,1,winter,119.0,0
2020-02-24,2,0,0,winter,120.0,0
2020-02-25,2,1,0,winter,121.0,0
2020-02-26,2,2,0,winter,122.0,0
2020-02-27,2,3,0,winter,123.0,0
2020-02-28,2,4,0,winter,124.0,0
2020-02-29,2,5,1,winter,125.0,0
2020-03-01,3,6,1,pre_monsoon,126.0,0
2020-03-02,3,0,0,pre_monsoon,127.0,0
2020-03-03,3,1,0,pre_monsoon,128.0,0
2020-03-04,3,2,0,pre_monsoon,129.0,0
2020-03-05,3,3,0,pre_monsoon,130.0,0
2020-03-06,3,4,0,pre_monsoon,131.0,0
2020-03-07,3,5,1,pre_monsoon,132.0,0
2020-03-08,3,6,1,pre_monsoon,133.0,0
2020-03-09,3,0,0,pre_monsoon,134.0,0
2020-03-10,3,1,0,pre_monsoon,135.0,0
2020-03-11,3,2,0,pre_monsoon,136.0,0
2020-03-12,3,3,0,pre_monsoon,137.0,0
2020-03-13,3,4,0,pre_monsoon,138.0,0
2020-03-14,3,5,1,pre_monsoon,139.0,0
2020-03-15,3,6,1,pre_monsoon,140.0,0
2020-03-16,3,0,0,pre_monsoon,141.0,0
2020-03-17,3,1,0,pre_monsoon,142.0,0
2020-03-18,3,2,0,pre_monsoon,143.0,0
2020-03-19,3,3,0,pre_monsoon,144.0,0
2020-03-20,3,4,0,pre_monsoon,145.0,0
2020-03-21,3,5,1,pre_monsoon,146.0,0
2020-03-22,3,6,1,pre_monsoon,147.0,0
2020-03-23,3,0,0,pre_monsoon,148.0,0
2020-03-24,3,1,0,pre_monsoon,149.0,0
2020-03-25,3,2,0,pre_monsoon,150.0,0
2020-03-26,3,3,0,pre_monsoon,151.0,0
2020-03-27,3,4,0,pre_monsoon,152.0,0
2020-03-28,3,5,1,pre_monsoon,153.0,0
2020-03-29,3,6,1,pre_monsoon,154.0,0
2020-03-30,3,0,0,pre_monsoon,155.0,0
2020-03-31,3,1,0,pre_monsoon,156.0,0
2020-04-01,4,2,0,pre_monsoon,157.0,0
2020-04-02,4,3,0,pre_monsoon,158.0,0
2020-04-03,4,4,0,pre_monsoon,159.0,0
2020-04-04,4,5,1,pre_monsoon,160.0,0
2020-04-05,4,6,1,pre_monsoon,161.0,0
2020-04-06,4,0,0,pre_monsoon,162.0,0
2020-04-07,4,1,0,pre_monsoon,163.0,0
2020-04-08,4,2,0,pre_monsoon,164.0,0
2020-04-09,4,3,0,pre_monsoon,165.0,0
2020-04-10,4,4,0,pre_monsoon,166.0,0
2020-04-11,4,5,1,pre_monsoon,167.0,0
2020-04-12,4,6,1,pre_monsoon,168.0,0
2020-04-13,4,0,0,pre_monsoon,169.0,0
2020-04-14,4,1,0,pre_monsoon,170.0,0
2020-04-15,4,2,0,pre_monsoon,171.0,0
2020-04-16,4,3,0,pre_monsoon,172.0,0
2020-04-17,4,4,0,pre_monsoon,173.0,0
2020-04-18,4,5,1,pre_monsoon,174.0,0
2020-04-19,4,6,1,pre_monsoon,175.0,0
2020-04-20,4,0,0,pre_monsoon,176.0,0
2020-04-21,4,1,0,pre_monsoon,177.0,0
2020-04-22,4,2,0,pre_monsoon,178.0,0
2020-04-23,4,3,0,pre_monsoon,179.0,0
2020-04-24,4,4,0,pre_monsoon,180.0,0
2020-04-25,4,5,1,pre_monsoon,181.0,0
2020-04-26,4,6,1,pre_monsoon,182.0,0
2020-04-27,4,0,0,pre_monsoon,183.0,0
2020-04-28,4,1,0,pre_monsoon,184.0,0
2020-04-29,4,2,0,pre_monsoon,185.0,0
2020-04-30,4,3,0,pre_monsoon,186.0,0
2020-05-01,5,4,0,pre_monsoon,187.0,0
2020-05-02,5,5,1,pre_monsoon,188.0,0
2020-05-03,5,6,1,pre_monsoon,189.0,0
2020-05-04,5,0,0,pre_monsoon,190.0,0
2020-05-05,5,1,0,pre_monsoon,191.0,0
2020-05-06,5,2,0,pre_monsoon,192.0,0
2020-05-07,5,3,0,pre_monsoon,-191.0,0
2020-05-08,5,4,0,pre_monsoon,-190.0,0
2020-05-09,5,5,1,pre_monsoon,-189.0,0
2020-05-10,5,6,1,pre_monsoon,-188.0,0
2020-05-11,5,0,0,pre_monsoon,-187.0,0
2020-05-12,5,1,0,pre_monsoon,-186.0,0
2020-05-13,5,2,0,pre_monsoon,-185.0,0
2020-05-14,5,3,0,pre_monsoon,-184.0,0
2020-05-15,5,4,0,pre_monsoon,-183.0,0
2020-05-16,5,5,1,pre_monsoon,-182.0,0
2020-05-17,5,6,1,pre_monsoon,-181.0,0
2020-05-18,5,0,0,pre_monsoon,-180.0,0
2020-05-19,5,1,0,pre_monsoon,-179.0,0
2020-05-20,5,2,0,pre_monsoon,-178.0,0
2020-05-21,5,3,0,pre_monsoon,-177.0,0
2020-05-22,5,4,0,pre_monsoon,-176.0,0
2020-05-23,5,5,1,pre_monsoon,-175.0,0
2020-05-24,5,6,1,pre_monsoon,-174.0,0
2020-05-25,5,0,0,pre_monsoon,-173.0,0
2020-05-26,5,1,0,pre_monsoon,-172.0,0
2020-05-27,5,2,0,pre_monsoon,-171.0,0
2020-05-28,5,3,0,pre_monsoon,-170.0,0
2020-05-29,5,4,0,pre_monsoon,-169.0,0
2020-05-30,5,5,1,pre_monsoon,-168.0,0
2020-05-31,5,6,1,pre_monsoon,-167.0,0
2020-06-01,6,0,0,monsoon,-166.0,0
2020-06-02,6,1,0,monsoon,-165.0,0
2020-06-03,6,2,0,monsoon,-164.0,0
2020-06-04,6,3,0,monsoon,-163.0,0
2020-06-05,6,4,0,monsoon,-162.0,0
2020-06-06,6,5,1,monsoon,-161.0,0
2020-06-07,6,6,1,monsoon,-160.0,0
2020-06-08,6,0,0,monsoon,-159.0,0
2020-06-09,6,1,0,monsoon,-158.0,0
2020-06-10,6,2,0,monsoon,-157.0,0
2020-06-11,6,3,0,monsoon,-156.0,0
2020-06-12,6,4,0,monsoon,-155.0,0
2020-06-13,6,5,1,monsoon,-154.0,0
2020-06-14,6,6,1,monsoon,-153.0,0
2020-06-15,6,0,0,monsoon,-152.0,0
2020-06-16,6,1,0,monsoon,-151.0,0
2020-06-17,6,2,0,monsoon,-150.0,0
2020-06-18,6,3,0,monsoon,-149.0,0
2020-06-19,6,4,0,monsoon,-148.0,0
2020-06-20,6,5,1,monsoon,-147.0,0
2020-06-21,6,6,1,monsoon,-146.0,0
2020-06-22,6,0,0,monsoon,-145.0,0
2020-06-23,6,1,0,monsoon,-144.0,0
2020-06-24,6,2,0,monsoon,-143.0,0
2020-06-25,6,3,0,monsoon,-142.0,0
2020-06-26,6,4,0,monsoon,-141.0,0
2020-06-27,6,5,1,monsoon,-140.0,0
2020-06-28,6,6,1,monsoon,-139.0,0
2020-06-29,6,0,0,monsoon,-138.0,0
2020-06-30,6,1,0,monsoon,-137.0,0
2020-07-01,7,2,0,monsoon,-136.0,0
2020-07-02,7,3,0,monsoon,-135.0,0
2020-07-03,7,4,0,monsoon,-134.0,0
2020-07-04,7,5,1,monsoon,-133.0,0
2020-07-05,7,6,1,monsoon,-132.0,0
2020-07-06,7,0,0,monsoon,-131.0,0
2020-07-07,7,1,0,monsoon,-130.0,0
2020-07-08,7,2,0,monsoon,-129.0,0
2020-07-09,7,3,0,monsoon,-128.0,0
2020-07-10,7,4,0,monsoon,-127.0,0
2020-07-11,7,5,1,monsoon,-126.0,0
2020-07-12,7,6,1,monsoon,-125.0,0
2020-07-13,7,0,0,monsoon,-124.0,0
2020-07-14,7,1,0,monsoon,-123.0,0
2020-07-15,7,2,0,monsoon,-122.0,0
2020-07-16,7,3,0,monsoon,-121.0,0
2020-07-17,7,4,0,monsoon,-120.0,0
2020-07-18,7,5,1,monsoon,-119.0,0
2020-07-19,7,6,1,monsoon,-118.0,0
2020-07-20,7,0,0,monsoon,-117.0,0
2020-07-21,7,1,0,monsoon,-116.0,0
2020-07-22,7,2,0,monsoon,-115.0,0
2020-07-23,7,3,0,monsoon,-114.0,0
2020-07-24,7,4,0,monsoon,-113.0,0
2020-07-25,7,5,1,monsoon,-112.0,0
2020-07-26,7,6,1,monsoon,-111.0,0
2020-07-27,7,0,0,monsoon,-110.0,0
2020-07-28,7,1,0,monsoon,-109.0,0
2020-07-29,7,2,0,monsoon,-108.0,0
2020-07-30,7,3,0,monsoon,-107.0,0
2020-07-31,7,4,0,monsoon,-106.0,0
2020-08-01,8,5,1,monsoon,-105.0,0
2020-08-02,8,6,1,monsoon,-104.0,0
2020-08-03,8,0,0,monsoon,-103.0,0
2020-08-04,8,1,0,monsoon,-102.0,0
2020-08-05,8,2,0,monsoon,-101.0,0
2020-08-06,8,3,0,monsoon,-100.0,0
2020-08-07,8,4,0,monsoon,-99.0,0
2020-08-08,8,5,1,monsoon,-98.0,0
2020-08-09,8,6,1,monsoon,-97.0,0
2020-08-10,8,0,0,monsoon,-96.0,0
2020-08-11,8,1,0,monsoon,-95.0,0
2020-08-12,8,2,0,monsoon,-94.0,0
2020-08-13,8,3,0,monsoon,-93.0,0
2020-08-14,8,4,0,monsoon,-92.0,0
2020-08-15,8,5,1,monsoon,-91.0,0
2020-08-16,8,6,1,monsoon,-90.0,0
2020-08-17,8,0,0,monsoon,-89.0,0
2020-08-18,8,1,0,monsoon,-88.0,0
2020-08-19,8,2,0,monsoon,-87.0,0
2020-08-20,8,3,0,monsoon,-86.0,0
2020-08-21,8,4,0,monsoon,-85.0,0
2020-08-22,8,5,1,monsoon,-84.0,0
2020-08-23,8,6,1,monsoon,-83.0,0
2020-08-24,8,0,0,monsoon,-82.0,0
2020-08-25,8,1,0,monsoon,-81.0,0
2020-08-26,8,2,0,monsoon,-80.0,0
2020-08-27,8,3,0,monsoon,-79.0,0
2020-08-28,8,4,0,monsoon,-78.0,0
2020-08-29,8,5,1,monsoon,-77.0,0
2020-08-30,8,6,1,monsoon,-76.0,0
2020-08-31,8,0,0,monsoon,-75.0,0
2020-09-01,9,1,0,monsoon,-74.0,0
2020-09-02,9,2,0,monsoon,-73.0,0
2020-09-03,9,3,0,monsoon,-72.0,0
2020-09-04,9,4,0,monsoon,-71.0,0
2020-09-05,9,5,1,monsoon,-70.0,0
2020-09-06,9,6,1,monsoon,-69.0,0
2020-09-07,9,0,0,monsoon,-68.0,0
2020-09-08,9,1,0,monsoon,-67.0,0
2020-09-09,9,2,0,monsoon,-66.0,0
2020-09-10,9,3,0,monsoon,-65.0,0
2020-09-11,9,4,0,monsoon,-64.0,0
2020-09-12,9,5,1,monsoon,-63.0,0
2020-09-13,9,6,1,monsoon,-62.0,0
2020-09-14,9,0,0,monsoon,-61.0,0
2020-09-15,9,1,0,monsoon,-60.0,0
2020-09-16,9,2,0,monsoon,-59.0,0
2020-09-17,9,3,0,monsoon,-58.0,0
2020-09-18,9,4,0,monsoon,-57.0,0
2020-09-19,9,5,1,monsoon,-56.0,0
2020-09-20,9,6,1,monsoon,-55.0,0
2020-09-21,9,0,0,monsoon,-54.0,0
2020-09-22,9,1,0,monsoon,-53.0,0
2020-09-23,9,2,0,monsoon,-52.0,0
2020-09-24,9,3,0,monsoon,-51.0,0
2020-09-25,9,4,0,monsoon,-50.0,0
2020-09-26,9,5,1,monsoon,-49.0,0
2020-09-27,9,6,1,monsoon,-48.0,0
2020-09-28,9,0,0,monsoon,-47.0,0
2020-09-29,9,1,0,monsoon,-46.0,0
2020-09-30,9,2,0,monsoon,-45.0,0
2020-10-01,10,3,0,post_monsoon,-44.0,0
2020-10-02,10,4,0,post_monsoon,-43.0,0
2020-10-03,10,5,1,post_monsoon,-42.0,0
2020-10-04,10,6,1,post_monsoon,-41.0,0
2020-10-05,10,0,0,post_monsoon,-40.0,0
2020-10-06,10,1,0,post_monsoon,-39.0,0
2020-10-07,10,2,0,post_monsoon,-38.0,0
2020-10-08,10,3,0,post_monsoon,-37.0,0
2020-10-09,10,4,0,post_monsoon,-36.0,0
2020-10-10,10,5,1,post_monsoon,-35.0,0
2020-10-11,10,6,1,post_monsoon,-34.0,0
2020-10-12,10,0,0,post_monsoon,-33.0,0
2020-10-13,10,1,0,post_monsoon,-32.0,0
2020-10-14,10,2,0,post_monsoon,-31.0,0
2020-10-15,10,3,0,post_monsoon,-30.0,0
2020-10-16,10,4,0,post_monsoon,-29.0,0
2020-10-17,10,5,1,post_monsoon,-28.0,0
2020-10-18,10,6,1,post_monsoon,-27.0,0
2020-10-19,10,0,0,post_monsoon,-26.0,0
2020-10-20,10,1,0,post_monsoon,-25.0,0
2020-10-21,10,2,0,post_monsoon,-24.0,0
2020-10-22,10,3,0,post_monsoon,-23.0,0
2020-10-23,10,4,0,post_monsoon,-22.0,0
2020-10-24,10,5,1,post_monsoon,-21.0,0
2020-10-25,10,6,1,post_monsoon,-20.0,0
2020-10-26,10,0,0,post_monsoon,-19.0,0
2020-10-27,10,1,0,post_monsoon,-18.0,0
2020-10-28,10,2,0,post_monsoon,-17.0,0
2020-10-29,10,3,0,post_monsoon,-16.0,0
2020-10-30,10,4,0,post_monsoon,-15.0,0
2020-10-31,10,5,1,post_monsoon,-14.0,0
2020-11-01,11,6,1,post_monsoon,-13.0,0
2020-11-02,11,0,0,post_monsoon,-12.0,0
2020-11-03,11,1,0,post_monsoon,-11.0,0
2020-11-04,11,2,0,post_monsoon,-10.0,0
2020-11-05,11,3,0,post_monsoon,-9.0,0
2020-11-06,11,4,0,post_monsoon,-8.0,0
2020-11-07,11,5,1,post_monsoon,-7.0,0
2020-11-08,11,6,1,post_monsoon,-6.0,0
2020-11-09,11,0,0,post_monsoon,-5.0,1
2020-11-10,11,1,0,post_monsoon,-4.0,1
2020-11-11,11,2,0,post_monsoon,-3.0,1
2020-11-12,11,3,0,post_monsoon,-2.0,1
2020-11-13,11,4,0,post_monsoon,-1.0,1
2020-11-14,11,5,1,post_monsoon,0.0,1
2020-11-15,11,6,1,post_monsoon,1.0,1
2020-11-16,11,0,0,post_monsoon,2.0,1
2020-11-17,11,1,0,post_monsoon,3.0,1
2020-11-18,11,2,0,post_monsoon,4.0,1
2020-11-19,11,3,0,post_monsoon,5.0,1
2020-11-20,11,4,0,post_monsoon,6.0,0
2020-11-21,11,5,1,post_monsoon,7.0,0
2020-11-22,11,6,1,post_monsoon,8.0,0
2020-11-23,11,0,0,post_monsoon,9.0,0
2020-11-24,11,1,0,post_monsoon,10.0,0
2020-11-25,11,2,0,post_monsoon,11.0,0
2020-11-26,11,3,0,post_monsoon,12.0,0
2020-11-27,11,4,0,post_monsoon,13.0,0
2020-11-28,11,5,1,post_monsoon,14.0,0
2020-11-29,11,6,1,post_monsoon,15.0,0
2020-11-30,11,0,0,post_monsoon,16.0,0
2020-12-01,12,1,0,post_monsoon,17.0,0
2020-12-02,12,2,0,post_monsoon,18.0,0
2020-12-03,12,3,0,post_monsoon,19.0,0
2020-12-04,12,4,0,post_monsoon,20.0,0
2020-12-05,12,5,1,post_monsoon,21.0,0
2020-12-06,12,6,1,post_monsoon,22.0,0
2020-12-07,12,0,0,post_monsoon,23.0,0
2020-12-08,12,1,0,post_monsoon,24.0,0
2020-12-09,12,2,0,post_monsoon,25.0,0
2020-12-10,12,3,0,post_monsoon,26.0,0
2020-12-11,12,4,0,post_monsoon,27.0,0
2020-12-12,12,5,1,post_monsoon,28.0,0
2020-12-13,12,6,1,post_monsoon,29.0,0
2020-12-14,12,0,0,post_monsoon,30.0,0
2020-12-15,12,1,0,post_monsoon,31.0,0
2020-12-16,12,2,0,post_monsoon,32.0,0
2020-12-17,12,3,0,post_monsoon,33.0,0
2020-12-18,12,4,0,post_monsoon,34.0,0
2020-12-19,12,5,1,post_monsoon,35.0,0
2020-12-20,12,6,1,post_monsoon,36.0,0
2020-12-21,12,0,0,post_monsoon,37.0,0
2020-12-22,12,1,0,post_monsoon,38.0,0
2020-12-23,12,2,0,post_monsoon,39.0,0
2020-12-24,12,3,0,post_monsoon,40.0,0
2020-12-25,12,4,0,post_monsoon,41.0,0
2020-12-26,12,5,1,post_monsoon,42.0,0
2020-12-27,12,6,1,post_monsoon,43.0,0
2020-12-28,12,0,0,post_monsoon,44.0,0
2020-12-29,12,1,0,post_monsoon,45.0,0
2020-12-30,12,2,0,post_monsoon,46.0,0
2020-12-31,12,3,0,post_monsoon,47.0,0
2021-01-01,1,4,0,winter,48.0,0
2021-01-02,1,5,1,winter,49.0,0
2021-01-03,1,6,1,winter,50.0,0
2021-01-04,1,0,0,winter,51.0,0
2021-01-05,1,1,0,winter,52.0,0
2021-01-06,1,2,0,winter,53.0,0
2021-01-07,1,3,0,winter,54.0,0
2021-01-08,1,4,0,winter,55.0,0
2021-01-09,1,5,1,winter,56.0,0
2021-01-10,1,6,1,winter,57.0,0
2021-01-11,1,0,0,winter,58.0,0
2021-01-12,1,1,0,winter,59.0,0
2021-01-13,1,2,0,winter,60.0,0
2021-01-14,1,3,0,winter,61.0,0
2021-01-15,1,4,0,winter,62.0,0
2021-01-16,1,5,1,winter,63.0,0
2021-01-17,1,6,1,winter,64.0,0
2021-01-18,1,0,0,winter,65.0,0
2021-01-19,1,1,0,winter,66.0,0
2021-01-20,1,2,0,winter,67.0,0
2021-01-21,1,3,0,winter,68.0,0
2021-01-22,1,4,0,winter,69.0,0
2021-01-23,1,5,1,winter,70.0,0
2021-01-24,1,6,1,winter,71.0,0
2021-01-25,1,0,0,winter,72.0,0
2021-01-26,1,1,0,winter,73.0,0
2021-01-27,1,2,0,winter,74.0,0
2021-01-28,1,3,0,winter,75.0,0
2021-01-29,1,4,0,winter,76.0,0
2021-01-30,1,5,1,winter,77.0,0
2021-01-31,1,6,1,winter,78.0,0
2021-02-01,2,0,0,winter,79.0,0
2021-02-02,2,1,0,winter,80.0,0
2021-02-03,2,2,0,winter,81.0,0
2021-02-04,2,3,0,winter,82.0,0
2021-02-05,2,4,0,winter,83.0,0
2021-02-06,2,5,1,winter,84.0,0
2021-02-07,2,6,1,winter,85.0,0
2021-02-08,2,0,0,winter,86.0,0
2021-02-09,2,1,0,winter,87.0,0
2021-02-10,2,2,0,winter,88.0,0
2021-02-11,2,3,0,winter,89.0,0
2021-02-12,2,4,0,winter,90.0,0
2021-02-13,2,5,1,winter,91.0,0
2021-02-14,2,6,1,winter,92.0,0
2021-02-15,2,0,0,winter,93.0,0
2021-02-16,2,1,0,winter,94.0,0
2021-02-17,2,2,0,winter,95.0,0
2021-02-18,2,3,0,winter,96.0,0
2021-02-19,2,4,0,winter,97.0,0
2021-02-20,2,5,1,winter,98.0,0
2021-02-21,2,6,1,winter,99.0,0
2021-02-22,2,0,0,winter,100.0,0
2021-02-23,2,1,0,winter,101.0,0
2021-02-24,2,2,0,winter,102.0,0
2021-02-25,2,3,0,winter,103.0,0
2021-02-26,2,4,0,winter,104.0,0
2021-02-27,2,5,1,winter,105.0,0
2021-02-28,2,6,1,winter,106.0,0
2021-03-01,3,0,0,pre_monsoon,107.0,0
2021-03-02,3,1,0,pre_monsoon,108.0,0
2021-03-03,3,2,0,pre_monsoon,109.0,0
2021-03-04,3,3,0,pre_monsoon,110.0,0
2021-03-05,3,4,0,pre_monsoon,111.0,0
2021-03-06,3,5,1,pre_monsoon,112.0,0
2021-03-07,3,6,1,pre_monsoon,113.0,0
2021-03-08,3,0,0,pre_monsoon,114.0,0
2021-03-09,3,1,0,pre_monsoon,115.0,0
2021-03-10,3,2,0,pre_monsoon,116.0,0
2021-03-11,3,3,0,pre_monsoon,117.0,0
2021-03-12,3,4,0,pre_monsoon,118.0,0
2021-03-13,3,5,1,pre_monsoon,119.0,0
2021-03-14,3,6,1,pre_monsoon,120.0,0
2021-03-15,3,0,0,pre_monsoon,121.0,0
2021-03-16,3,1,0,pre_monsoon,122.0,0
2021-03-17,3,2,0,pre_monsoon,123.0,0
2021-03-18,3,3,0,pre_monsoon,124.0,0
2021-03-19,3,4,0,pre_monsoon,125.0,0
2021-03-20,3,5,1,pre_monsoon,126.0,0
2021-03-21,3,6,1,pre_monsoon,127.0,0
2021-03-22,3,0,0,pre_monsoon,128.0,0
2021-03-23,3,1,0,pre_monsoon,129.0,0
2021-03-24,3,2,0,pre_monsoon,130.0,0
2021-03-25,3,3,0,pre_monsoon,131.0,0
2021-03-26,3,4,0,pre_monsoon,132.0,0
2021-03-27,3,5,1,pre_monsoon,133.0,0
2021-03-28,3,6,1,pre_monsoon,134.0,0
2021-03-29,3,0,0,pre_monsoon,135.0,0
2021-03-30,3,1,0,pre_monsoon,136.0,0
2021-03-31,3,2,0,pre_monsoon,137.0,0
2021-04-01,4,3,0,pre_monsoon,138.0,0
2021-04-02,4,4,0,pre_monsoon,139.0,0
2021-04-03,4,5,1,pre_monsoon,140.0,0
2021-04-04,4,6,1,pre_monsoon,141.0,0
2021-04-05,4,0,0,pre_monsoon,142.0,0
2021-04-06,4,1,0,pre_monsoon,143.0,0
2021-04-07,4,2,0,pre_monsoon,144.0,0
2021-04-08,4,3,0,pre_monsoon,145.0,0
2021-04-09,4,4,0,pre_monsoon,146.0,0
2021-04-10,4,5,1,pre_monsoon,147.0,0
2021-04-11,4,6,1,pre_monsoon,148.0,0
2021-04-12,4,0,0,pre_monsoon,149.0,0
2021-04-13,4,1,0,pre_monsoon,150.0,0
2021-04-14,4,2,0,pre_monsoon,151.0,0
2021-04-15,4,3,0,pre_monsoon,152.0,0
2021-04-16,4,4,0,pre_monsoon,153.0,0
2021-04-17,4,5,1,pre_monsoon,154.0,0
2021-04-18,4,6,1,pre_monsoon,155.0,0
2021-04-19,4,0,0,pre_monsoon,156.0,0
2021-04-20,4,1,0,pre_monsoon,157.0,0
2021-04-21,4,2,0,pre_monsoon,158.0,0
2021-04-22,4,3,0,pre_monsoon,159.0,0
2021-04-23,4,4,0,pre_monsoon,160.0,0
2021-04-24,4,5,1,pre_monsoon,161.0,0
2021-04-25,4,6,1,pre_monsoon,162.0,0
2021-04-26,4,0,0,pre_monsoon,163.0,0
2021-04-27,4,1,0,pre_monsoon,164.0,0
2021-04-28,4,2,0,pre_monsoon,165.0,0
2021-04-29,4,3,0,pre_monsoon,166.0,0
2021-04-30,4,4,0,pre_monsoon,167.0,0
2021-05-01,5,5,1,pre_monsoon,168.0,0
2021-05-02,5,6,1,pre_monsoon,169.0,0
2021-05-03,5,0,0,pre_monsoon,170.0,0
2021-05-04,5,1,0,pre_monsoon,171.0,0
2021-05-05,5,2,0,pre_monsoon,172.0,0
2021-05-06,5,3,0,pre_monsoon,173.0,0
2021-05-07,5,4,0,pre_monsoon,174.0,0
2021-05-08,5,5,1,pre_monsoon,175.0,0
2021-05-09,5,6,1,pre_monsoon,176.0,0
2021-05-10,5,0,0,pre_monsoon,177.0,0
2021-05-11,5,1,0,pre_monsoon,-177.0,0
2021-05-12,5,2,0,pre_monsoon,-176.0,0
2021-05-13,5,3,0,pre_monsoon,-175.0,0
2021-05-14,5,4,0,pre_monsoon,-174.0,0
2021-05-15,5,5,1,pre_monsoon,-173.0,0
2021-05-16,5,6,1,pre_monsoon,-172.0,0
2021-05-17,5,0,0,pre_monsoon,-171.0,0
2021-05-18,5,1,0,pre_monsoon,-170.0,0
2021-05-19,5,2,0,pre_monsoon,-169.0,0
2021-05-20,5,3,0,pre_monsoon,-168.0,0
2021-05-21,5,4,0,pre_monsoon,-167.0,0
2021-05-22,5,5,1,pre_monsoon,-166.0,0
2021-05-23,5,6,1,pre_monsoon,-165.0,0
2021-05-24,5,0,0,pre_monsoon,-164.0,0
2021-05-25,5,1,0,pre_monsoon,-163.0,0
2021-05-26,5,2,0,pre_monsoon,-162.0,0
2021-05-27,5,3,0,pre_monsoon,-161.0,0
2021-05-28,5,4,0,pre_monsoon,-160.0,0
2021-05-29,5,5,1,pre_monsoon,-159.0,0
2021-05-30,5,6,1,pre_monsoon,-158.0,0
2021-05-31,5,0,0,pre_monsoon,-157.0,0
2021-06-01,6,1,0,monsoon,-156.0,0
2021-06-02,6,2,0,monsoon,-155.0,0
2021-06-03,6,3,0,monsoon,-154.0,0
2021-06-04,6,4,0,monsoon,-153.0,0
2021-06-05,6,5,1,monsoon,-152.0,0
2021-06-06,6,6,1,monsoon,-151.0,0
2021-06-07,6,0,0,monsoon,-150.0,0
2021-06-08,6,1,0,monsoon,-149.0,0
2021-06-09,6,2,0,monsoon,-148.0,0
2021-06-10,6,3,0,monsoon,-147.0,0
2021-06-11,6,4,0,monsoon,-146.0,0
2021-06-12,6,5,1,monsoon,-145.0,0
2021-06-13,6,6,1,monsoon,-144.0,0
2021-06-14,6,0,0,monsoon,-143.0,0
2021-06-15,6,1,0,monsoon,-142.0,0
2021-06-16,6,2,0,monsoon,-141.0,0
2021-06-17,6,3,0,monsoon,-140.0,0
2021-06-18,6,4,0,monsoon,-139.0,0
2021-06-19,6,5,1,monsoon,-138.0,0
2021-06-20,6,6,1,monsoon,-137.0,0
2021-06-21,6,0,0,monsoon,-136.0,0
2021-06-22,6,1,0,monsoon,-135.0,0
2021-06-23,6,2,0,monsoon,-134.0,0
2021-06-24,6,3,0,monsoon,-133.0,0
2021-06-25,6,4,0,monsoon,-132.0,0
2021-06-26,6,5,1,monsoon,-131.0,0
2021-06-27,6,6,1,monsoon,-130.0,0
2021-06-28,6,0,0,monsoon,-129.0,0
2021-06-29,6,1,0,monsoon,-128.0,0
2021-06-30,6,2,0,monsoon,-127.0,0
2021-07-01,7,3,0,monsoon,-126.0,0
2021-07-02,7,4,0,monsoon,-125.0,0
2021-07-03,7,5,1,monsoon,-124.0,0
2021-07-04,7,6,1,monsoon,-123.0,0
2021-07-05,7,0,0,monsoon,-122.0,0
2021-07-06,7,1,0,monsoon,-121.0,0
2021-07-07,7,2,0,monsoon,-120.0,0
2021-07-08,7,3,0,monsoon,-119.0,0
2021-07-09,7,4,0,monsoon,-118.0,0
2021-07-10,7,5,1,monsoon,-117.0,0
2021-07-11,7,6,1,monsoon,-116.0,0
2021-07-12,7,0,0,monsoon,-115.0,0
2021-07-13,7,1,0,monsoon,-114.0,0
2021-07-14,7,2,0,monsoon,-113.0,0
2021-07-15,7,3,0,monsoon,-112.0,0
2021-07-16,7,4,0,monsoon,-111.0,0
2021-07-17,7,5,1,monsoon,-110.0,0
2021-07-18,7,6,1,monsoon,-109.0,0
2021-07-19,7,0,0,monsoon,-108.0,0
2021-07-20,7,1,0,monsoon,-107.0,0
2021-07-21,7,2,0,monsoon,-106.0,0
2021-07-22,7,3,0,monsoon,-105.0,0
2021-07-23,7,4,0,monsoon,-104.0,0
2021-07-24,7,5,1,monsoon,-103.0,0
2021-07-25,7,6,1,monsoon,-102.0,0
2021-07-26,7,0,0,monsoon,-101.0,0
2021-07-27,7,1,0,monsoon,-100.0,0
2021-07-28,7,2,0,monsoon,-99.0,0
2021-07-29,7,3,0,monsoon,-98.0,0
2021-07-30,7,4,0,monsoon,-97.0,0
2021-07-31,7,5,1,monsoon,-96.0,0
2021-08-01,8,6,1,monsoon,-95.0,0
2021-08-02,8,0,0,monsoon,-94.0,0
2021-08-03,8,1,0,monsoon,-93.0,0
2021-08-04,8,2,0,monsoon,-92.0,0
2021-08-05,8,3,0,monsoon,-91.0,0
2021-08-06,8,4,0,monsoon,-90.0,0
2021-08-07,8,5,1,monsoon,-89.0,0
2021-08-08,8,6,1,monsoon,-88.0,0
2021-08-09,8,0,0,monsoon,-87.0,0
2021-08-10,8,1,0,monsoon,-86.0,0
2021-08-11,8,2,0,monsoon,-85.0,0
2021-08-12,8,3,0,monsoon,-84.0,0
2021-08-13,8,4,0,monsoon,-83.0,0
2021-08-14,8,5,1,monsoon,-82.0,0
2021-08-15,8,6,1,monsoon,-81.0,0
2021-08-16,8,0,0,monsoon,-80.0,0
2021-08-17,8,1,0,monsoon,-79.0,0
2021-08-18,8,2,0,monsoon,-78.0,0
2021-08-19,8,3,0,monsoon,-77.0,0
2021-08-20,8,4,0,monsoon,-76.0,0
2021-08-21,8,5,1,monsoon,-75.0,0
2021-08-22,8,6,1,monsoon,-74.0,0
2021-08-23,8,0,0,monsoon,-73.0,0
2021-08-24,8,1,0,monsoon,-72.0,0
2021-08-25,8,2,0,monsoon,-71.0,0
2021-08-26,8,3,0,monsoon,-70.0,0
2021-08-27,8,4,0,monsoon,-69.0,0
2021-08-28,8,5,1,monsoon,-68.0,0
2021-08-29,8,6,1,monsoon,-67.0,0
2021-08-30,8,0,0,monsoon,-66.0,0
2021-08-31,8,1,0,monsoon,-65.0,0
2021-09-01,9,2,0,monsoon,-64.0,0
2021-09-02,9,3,0,monsoon,-63.0,0
2021-09-03,9,4,0,monsoon,-62.0,0
2021-09-04,9,5,1,monsoon,-61.0,0
2021-09-05,9,6,1,monsoon,-60.0,0
2021-09-06,9,0,0,monsoon,-59.0,0
2021-09-07,9,1,0,monsoon,-58.0,0
2021-09-08,9,2,0,monsoon,-57.0,0
2021-09-09,9,3,0,monsoon,-56.0,0
2021-09-10,9,4,0,monsoon,-55.0,0
2021-09-11,9,5,1,monsoon,-54.0,0
2021-09-12,9,6,1,monsoon,-53.0,0
2021-09-13,9,0,0,monsoon,-52.0,0
2021-09-14,9,1,0,monsoon,-51.0,0
2021-09-15,9,2,0,monsoon,-50.0,0
2021-09-16,9,3,0,monsoon,-49.0,0
2021-09-17,9,4,0,monsoon,-48.0,0
2021-09-18,9,5,1,monsoon,-47.0,0
2021-09-19,9,6,1,monsoon,-46.0,0
2021-09-20,9,0,0,monsoon,-45.0,0
2021-09-21,9,1,0,monsoon,-44.0,0
2021-09-22,9,2,0,monsoon,-43.0,0
2021-09-23,9,3,0,monsoon,-42.0,0
2021-09-24,9,4,0,monsoon,-41.0,0
2021-09-25,9,5,1,monsoon,-40.0,0
2021-09-26,9,6,1,monsoon,-39.0,0
2021-09-27,9,0,0,monsoon,-38.0,0
2021-09-28,9,1,0,monsoon,-37.0,0
2021-09-29,9,2,0,monsoon,-36.0,0
2021-09-30,9,3,0,monsoon,-35.0,0
2021-10-01,10,4,0,post_monsoon,-34.0,0
2021-10-02,10,5,1,post_monsoon,-33.0,0
2021-10-03,10,6,1,post_monsoon,-32.0,0
2021-10-04,10,0,0,post_monsoon,-31.0,0
2021-10-05,10,1,0,post_monsoon,-30.0,0
2021-10-06,10,2,0,post_monsoon,-29.0,0
2021-10-07,10,3,0,post_monsoon,-28.0,0
2021-10-08,10,4,0,post_monsoon,-27.0,0
2021-10-09,10,5,1,post_monsoon,-26.0,0
2021-10-10,10,6,1,post_monsoon,-25.0,0
2021-10-11,10,0,0,post_monsoon,-24.0,0
2021-10-12,10,1,0,post_monsoon,-23.0,0
2021-10-13,10,2,0,post_monsoon,-22.0,0
2021-10-14,10,3,0,post_monsoon,-21.0,0
2021-10-15,10,4,0,post_monsoon,-20.0,0
2021-10-16,10,5,1,post_monsoon,-19.0,0
2021-10-17,10,6,1,post_monsoon,-18.0,0
2021-10-18,10,0,0,post_monsoon,-17.0,0
2021-10-19,10,1,0,post_monsoon,-16.0,0
2021-10-20,10,2,0,post_monsoon,-15.0,0
2021-10-21,10,3,0,post_monsoon,-14.0,0
2021-10-22,10,4,0,post_monsoon,-13.0,0
2021-10-23,10,5,1,post_monsoon,-12.0,0
2021-10-24,10,6,1,post_monsoon,-11.0,0
2021-10-25,10,0,0,post_monsoon,-10.0,0
2021-10-26,10,1,0,post_monsoon,-9.0,0
2021-10-27,10,2,0,post_monsoon,-8.0,0
2021-10-28,10,3,0,post_monsoon,-7.0,0
2021-10-29,10,4,0,post_monsoon,-6.0,0
2021-10-30,10,5,1,post_monsoon,-5.0,1
2021-10-31,10,6,1,post_monsoon,-4.0,1
2021-11-01,11,0,0,post_monsoon,-3.0,1
2021-11-02,11,1,0,post_monsoon,-2.0,1
2021-11-03,11,2,0,post_monsoon,-1.0,1
2021-11-04,11,3,0,post_monsoon,0.0,1
2021-11-05,11,4,0,post_monsoon,1.0,1
2021-11-06,11,5,1,post_monsoon,2.0,1
2021-11-07,11,6,1,post_monsoon,3.0,1
2021-11-08,11,0,0,post_monsoon,4.0,1
2021-11-09,11,1,0,post_monsoon,5.0,1
2021-11-10,11,2,0,post_monsoon,6.0,0
2021-11-11,11,3,0,post_monsoon,7.0,0
2021-11-12,11,4,0,post_monsoon,8.0,0
2021-11-13,11,5,1,post_monsoon,9.0,0
2021-11-14,11,6,1,post_monsoon,10.0,0
2021-11-15,11,0,0,post_monsoon,11.0,0
2021-11-16,11,1,0,post_monsoon,12.0,0
2021-11-17,11,2,0,post_monsoon,13.0,0
2021-11-18,11,3,0,post_monsoon,14.0,0
2021-11-19,11,4,0,post_monsoon,15.0,0
2021-11-20,11,5,1,post_monsoon,16.0,0
2021-11-21,11,6,1,post_monsoon,17.0,0
2021-11-22,11,0,0,post_monsoon,18.0,0
2021-11-23,11,1,0,post_monsoon,19.0,0
2021-11-24,11,2,0,post_monsoon,20.0,0
2021-11-25,11,3,0,post_monsoon,21.0,0
2021-11-26,11,4,0,post_monsoon,22.0,0
2021-11-27,11,5,1,post_monsoon,23.0,0
2021-11-28,11,6,1,post_monsoon,24.0,0
2021-11-29,11,0,0,post_monsoon,25.0,0
2021-11-30,11,1,0,post_monsoon,26.0,0
2021-12-01,12,2,0,post_monsoon,27.0,0
2021-12-02,12,3,0,post_monsoon,28.0,0
2021-12-03,12,4,0,post_monsoon,29.0,0
2021-12-04,12,5,1,post_monsoon,30.0,0
2021-12-05,12,6,1,post_monsoon,31.0,0
2021-12-06,12,0,0,post_monsoon,32.0,0
2021-12-07,12,1,0,post_monsoon,33.0,0
2021-12-08,12,2,0,post_monsoon,34.0,0
2021-12-09,12,3,0,post_monsoon,35.0,0
2021-12-10,12,4,0,post_monsoon,36.0,0
2021-12-11,12,5,1,post_monsoon,37.0,0
2021-12-12,12,6,1,post_monsoon,38.0,0
2021-12-13,12,0,0,post_monsoon,39.0,0
2021-12-14,12,1,0,post_monsoon,40.0,0
2021-12-15,12,2,0,post_monsoon,41.0,0
2021-12-16,12,3,0,post_monsoon,42.0,0
2021-12-17,12,4,0,post_monsoon,43.0,0
2021-12-18,12,5,1,post_monsoon,44.0,0
2021-12-19,12,6,1,post_monsoon,45.0,0
2021-12-20,12,0,0,post_monsoon,46.0,0
2021-12-21,12,1,0,post_monsoon,47.0,0
2021-12-22,12,2,0,post_monsoon,48.0,0
2021-12-23,12,3,0,post_monsoon,49.0,0
2021-12-24,12,4,0,post_monsoon,50.0,0
2021-12-25,12,5,1,post_monsoon,51.0,0
2021-12-26,12,6,1,post_monsoon,52.0,0
2021-12-27,12,0,0,post_monsoon,53.0,0
2021-12-28,12,1,0,post_monsoon,54.0,0
2021-12-29,12,2,0,post_monsoon,55.0,0
2021-12-30,12,3,0,post_monsoon,56.0,0
2021-12-31,12,4,0,post_monsoon,57.0,0
2022-01-01,1,5,1,winter,58.0,0
2022-01-02,1,6,1,winter,59.0,0
2022-01-03,1,0,0,winter,60.0,0
2022-01-04,1,1,0,winter,61.0,0
2022-01-05,1,2,0,winter,62.0,0
2022-01-06,1,3,0,winter,63.0,0
2022-01-07,1,4,0,winter,64.0,0
2022-01-08,1,5,1,winter,65.0,0
2022-01-09,1,6,1,winter,66.0,0
2022-01-10,1,0,0,winter,67.0,0
2022-01-11,1,1,0,winter,68.0,0
2022-01-12,1,2,0,winter,69.0,0
2022-01-13,1,3,0,winter,70.0,0
2022-01-14,1,4,0,winter,71.0,0
2022-01-15,1,5,1,winter,72.0,0
2022-01-16,1,6,1,winter,73.0,0
2022-01-17,1,0,0,winter,74.0,0
2022-01-18,1,1,0,winter,75.0,0
2022-01-19,1,2,0,winter,76.0,0
2022-01-20,1,3,0,winter,77.0,0
2022-01-21,1,4,0,winter,78.0,0
2022-01-22,1,5,1,winter,79.0,0
2022-01-23,1,6,1,winter,80.0,0
2022-01-24,1,0,0,winter,81.0,0
2022-01-25,1,1,0,winter,82.0,0
2022-01-26,1,2,0,winter,83.0,0
2022-01-27,1,3,0,winter,84.0,0
2022-01-28,1,4,0,winter,85.0,0
2022-01-29,1,5,1,winter,86.0,0
2022-01-30,1,6,1,winter,87.0,0
2022-01-31,1,0,0,winter,88.0,0
2022-02-01,2,1,0,winter,89.0,0
2022-02-02,2,2,0,winter,90.0,0
2022-02-03,2,3,0,winter,91.0,0
2022-02-04,2,4,0,winter,92.0,0
2022-02-05,2,5,1,winter,93.0,0
2022-02-06,2,6,1,winter,94.0,0
2022-02-07,2,0,0,winter,95.0,0
2022-02-08,2,1,0,winter,96.0,0
2022-02-09,2,2,0,winter,97.0,0
2022-02-10,2,3,0,winter,98.0,0
2022-02-11,2,4,0,winter,99.0,0
2022-02-12,2,5,1,winter,100.0,0
2022-02-13,2,6,1,winter,101.0,0
2022-02-14,2,0,0,winter,102.0,0
2022-02-15,2,1,0,winter,103.0,0
2022-02-16,2,2,0,winter,104.0,0
2022-02-17,2,3,0,winter,105.0,0
2022-02-18,2,4,0,winter,106.0,0
2022-02-19,2,5,1,winter,107.0,0
2022-02-20,2,6,1,winter,108.0,0
2022-02-21,2,0,0,winter,109.0,0
2022-02-22,2,1,0,winter,110.0,0
2022-02-23,2,2,0,winter,111.0,0
2022-02-24,2,3,0,winter,112.0,0
2022-02-25,2,4,0,winter,113.0,0
2022-02-26,2,5,1,winter,114.0,0
2022-02-27,2,6,1,winter,115.0,0
2022-02-28,2,0,0,winter,116.0,0
2022-03-01,3,1,0,pre_monsoon,117.0,0
2022-03-02,3,2,0,pre_monsoon,118.0,0
2022-03-03,3,3,0,pre_monsoon,119.0,0
2022-03-04,3,4,0,pre_monsoon,120.0,0
2022-03-05,3,5,1,pre_monsoon,121.0,0
2022-03-06,3,6,1,pre_monsoon,122.0,0
2022-03-07,3,0,0,pre_monsoon,123.0,0
2022-03-08,3,1,0,pre_monsoon,124.0,0
2022-03-09,3,2,0,pre_monsoon,125.0,0
2022-03-10,3,3,0,pre_monsoon,126.0,0
2022-03-11,3,4,0,pre_monsoon,127.0,0
2022-03-12,3,5,1,pre_monsoon,128.0,0
2022-03-13,3,6,1,pre_monsoon,129.0,0
2022-03-14,3,0,0,pre_monsoon,130.0,0
2022-03-15,3,1,0,pre_monsoon,131.0,0
2022-03-16,3,2,0,pre_monsoon,132.0,0
2022-03-17,3,3,0,pre_monsoon,133.0,0
2022-03-18,3,4,0,pre_monsoon,134.0,0
2022-03-19,3,5,1,pre_monsoon,135.0,0
2022-03-20,3,6,1,pre_monsoon,136.0,0
2022-03-21,3,0,0,pre_monsoon,137.0,0
2022-03-22,3,1,0,pre_monsoon,138.0,0
2022-03-23,3,2,0,pre_monsoon,139.0,0
2022-03-24,3,3,0,pre_monsoon,140.0,0
2022-03-25,3,4,0,pre_monsoon,141.0,0
2022-03-26,3,5,1,pre_monsoon,142.0,0
2022-03-27,3,6,1,pre_monsoon,143.0,0
2022-03-28,3,0,0,pre_monsoon,144.0,0
2022-03-29,3,1,0,pre_monsoon,145.0,0
2022-03-30,3,2,0,pre_monsoon,146.0,0
2022-03-31,3,3,0,pre_monsoon,147.0,0
2022-04-01,4,4,0,pre_monsoon,148.0,0
2022-04-02,4,5,1,pre_monsoon,149.0,0
2022-04-03,4,6,1,pre_monsoon,150.0,0
2022-04-04,4,0,0,pre_monsoon,151.0,0
2022-04-05,4,1,0,pre_monsoon,152.0,0
2022-04-06,4,2,0,pre_monsoon,153.0,0
2022-04-07,4,3,0,pre_monsoon,154.0,0
2022-04-08,4,4,0,pre_monsoon,155.0,0
2022-04-09,4,5,1,pre_monsoon,156.0,0
2022-04-10,4,6,1,pre_monsoon,157.0,0
2022-04-11,4,0,0,pre_monsoon,158.0,0
2022-04-12,4,1,0,pre_monsoon,159.0,0
2022-04-13,4,2,0,pre_monsoon,160.0,0
2022-04-14,4,3,0,pre_monsoon,161.0,0
2022-04-15,4,4,0,pre_monsoon,162.0,0
2022-04-16,4,5,1,pre_monsoon,163.0,0
2022-04-17,4,6,1,pre_monsoon,164.0,0
2022-04-18,4,0,0,pre_monsoon,165.0,0
2022-04-19,4,1,0,pre_monsoon,166.0,0
2022-04-20,4,2,0,pre_monsoon,167.0,0
2022-04-21,4,3,0,pre_monsoon,168.0,0
2022-04-22,4,4,0,pre_monsoon,169.0,0
2022-04-23,4,5,1,pre_monsoon,170.0,0
2022-04-24,4,6,1,pre_monsoon,171.0,0
2022-04-25,4,0,0,pre_monsoon,172.0,0
2022-04-26,4,1,0,pre_monsoon,173.0,0
2022-04-27,4,2,0,pre_monsoon,174.0,0
2022-04-28,4,3,0,pre_monsoon,175.0,0
2022-04-29,4,4,0,pre_monsoon,176.0,0
2022-04-30,4,5,1,pre_monsoon,177.0,0
2022-05-01,5,6,1,pre_monsoon,-176.0,0
2022-05-02,5,0,0,pre_monsoon,-175.0,0
2022-05-03,5,1,0,pre_monsoon,-174.0,0
2022-05-04,5,2,0,pre_monsoon,-173.0,0
2022-05-05,5,3,0,pre_monsoon,-172.0,0
2022-05-06,5,4,0,pre_monsoon,-171.0,0
2022-05-07,5,5,1,pre_monsoon,-170.0,0
2022-05-08,5,6,1,pre_monsoon,-169.0,0
2022-05-09,5,0,0,pre_monsoon,-168.0,0
2022-05-10,5,1,0,pre_monsoon,-167.0,0
2022-05-11,5,2,0,pre_monsoon,-166.0,0
2022-05-12,5,3,0,pre_monsoon,-165.0,0
2022-05-13,5,4,0,pre_monsoon,-164.0,0
2022-05-14,5,5,1,pre_monsoon,-163.0,0
2022-05-15,5,6,1,pre_monsoon,-162.0,0
2022-05-16,5,0,0,pre_monsoon,-161.0,0
2022-05-17,5,1,0,pre_monsoon,-160.0,0
2022-05-18,5,2,0,pre_monsoon,-159.0,0
2022-05-19,5,3,0,pre_monsoon,-158.0,0
2022-05-20,5,4,0,pre_monsoon,-157.0,0
2022-05-21,5,5,1,pre_monsoon,-156.0,0
2022-05-22,5,6,1,pre_monsoon,-155.0,0
2022-05-23,5,0,0,pre_monsoon,-154.0,0
2022-05-24,5,1,0,pre_monsoon,-153.0,0
2022-05-25,5,2,0,pre_monsoon,-152.0,0
2022-05-26,5,3,0,pre_monsoon,-151.0,0
2022-05-27,5,4,0,pre_monsoon,-150.0,0
2022-05-28,5,5,1,pre_monsoon,-149.0,0
2022-05-29,5,6,1,pre_monsoon,-148.0,0
2022-05-30,5,0,0,pre_monsoon,-147.0,0
2022-05-31,5,1,0,pre_monsoon,-146.0,0
2022-06-01,6,2,0,monsoon,-145.0,0
2022-06-02,6,3,0,monsoon,-144.0,0
2022-06-03,6,4,0,monsoon,-143.0,0
2022-06-04,6,5,1,monsoon,-142.0,0
2022-06-05,6,6,1,monsoon,-141.0,0
2022-06-06,6,0,0,monsoon,-140.0,0
2022-06-07,6,1,0,monsoon,-139.0,0
2022-06-08,6,2,0,monsoon,-138.0,0
2022-06-09,6,3,0,monsoon,-137.0,0
2022-06-10,6,4,0,monsoon,-136.0,0
2022-06-11,6,5,1,monsoon,-135.0,0
2022-06-12,6,6,1,monsoon,-134.0,0
2022-06-13,6,0,0,monsoon,-133.0,0
2022-06-14,6,1,0,monsoon,-132.0,0
2022-06-15,6,2,0,monsoon,-131.0,0
2022-06-16,6,3,0,monsoon,-130.0,0
2022-06-17,6,4,0,monsoon,-129.0,0
2022-06-18,6,5,1,monsoon,-128.0,0
2022-06-19,6,6,1,monsoon,-127.0,0
2022-06-20,6,0,0,monsoon,-126.0,0
2022-06-21,6,1,0,monsoon,-125.0,0
2022-06-22,6,2,0,monsoon,-124.0,0
2022-06-23,6,3,0,monsoon,-123.0,0
2022-06-24,6,4,0,monsoon,-122.0,0
2022-06-25,6,5,1,monsoon,-121.0,0
2022-06-26,6,6,1,monsoon,-120.0,0
2022-06-27,6,0,0,monsoon,-119.0,0
2022-06-28,6,1,0,monsoon,-118.0,0
2022-06-29,6,2,0,monsoon,-117.0,0
2022-06-30,6,3,0,monsoon,-116.0,0
2022-07-01,7,4,0,monsoon,-115.0,0
2022-07-02,7,5,1,monsoon,-114.0,0
2022-07-03,7,6,1,monsoon,-113.0,0
2022-07-04,7,0,0,monsoon,-112.0,0
2022-07-05,7,1,0,monsoon,-111.0,0
2022-07-06,7,2,0,monsoon,-110.0,0
2022-07-07,7,3,0,monsoon,-109.0,0
2022-07-08,7,4,0,monsoon,-108.0,0
2022-07-09,7,5,1,monsoon,-107.0,0
2022-07-10,7,6,1,monsoon,-106.0,0
2022-07-11,7,0,0,monsoon,-105.0,0
2022-07-12,7,1,0,monsoon,-104.0,0
2022-07-13,7,2,0,monsoon,-103.0,0
2022-07-14,7,3,0,monsoon,-102.0,0
2022-07-15,7,4,0,monsoon,-101.0,0
2022-07-16,7,5,1,monsoon,-100.0,0
2022-07-17,7,6,1,monsoon,-99.0,0
2022-07-18,7,0,0,monsoon,-98.0,0
2022-07-19,7,1,0,monsoon,-97.0,0
2022-07-20,7,2,0,monsoon,-96.0,0
2022-07-21,7,3,0,monsoon,-95.0,0
2022-07-22,7,4,0,monsoon,-94.0,0
2022-07-23,7,5,1,monsoon,-93.0,0
2022-07-24,7,6,1,monsoon,-92.0,0
2022-07-25,7,0,0,monsoon,-91.0,0
2022-07-26,7,1,0,monsoon,-90.0,0
2022-07-27,7,2,0,monsoon,-89.0,0
2022-07-28,7,3,0,monsoon,-88.0,0
2022-07-29,7,4,0,monsoon,-87.0,0
2022-07-30,7,5,1,monsoon,-86.0,0
2022-07-31,7,6,1,monsoon,-85.0,0
2022-08-01,8,0,0,monsoon,-84.0,0
2022-08-02,8,1,0,monsoon,-83.0,0
2022-08-03,8,2,0,monsoon,-82.0,0
2022-08-04,8,3,0,monsoon,-81.0,0
2022-08-05,8,4,0,monsoon,-80.0,0
2022-08-06,8,5,1,monsoon,-79.0,0
2022-08-07,8,6,1,monsoon,-78.0,0
2022-08-08,8,0,0,monsoon,-77.0,0
2022-08-09,8,1,0,monsoon,-76.0,0
2022-08-10,8,2,0,monsoon,-75.0,0
2022-08-11,8,3,0,monsoon,-74.0,0
2022-08-12,8,4,0,monsoon,-73.0,0
2022-08-13,8,5,1,monsoon,-72.0,0
2022-08-14,8,6,1,monsoon,-71.0,0
2022-08-15,8,0,0,monsoon,-70.0,0
2022-08-16,8,1,0,monsoon,-69.0,0
2022-08-17,8,2,0,monsoon,-68.0,0
2022-08-18,8,3,0,monsoon,-67.0,0
2022-08-19,8,4,0,monsoon,-66.0,0
2022-08-20,8,5,1,monsoon,-65.0,0
2022-08-21,8,6,1,monsoon,-64.0,0
2022-08-22,8,0,0,monsoon,-63.0,0
2022-08-23,8,1,0,monsoon,-62.0,0
2022-08-24,8,2,0,monsoon,-61.0,0
2022-08-25,8,3,0,monsoon,-60.0,0
2022-08-26,8,4,0,monsoon,-59.0,0
2022-08-27,8,5,1,monsoon,-58.0,0
2022-08-28,8,6,1,monsoon,-57.0,0
2022-08-29,8,0,0,monsoon,-56.0,0
2022-08-30,8,1,0,monsoon,-55.0,0
2022-08-31,8,2,0,monsoon,-54.0,0
2022-09-01,9,3,0,monsoon,-53.0,0
2022-09-02,9,4,0,monsoon,-52.0,0
2022-09-03,9,5,1,monsoon,-51.0,0
2022-09-04,9,6,1,monsoon,-50.0,0
2022-09-05,9,0,0,monsoon,-49.0,0
2022-09-06,9,1,0,monsoon,-48.0,0
2022-09-07,9,2,0,monsoon,-47.0,0
2022-09-08,9,3,0,monsoon,-46.0,0
2022-09-09,9,4,0,monsoon,-45.0,0
2022-09-10,9,5,1,monsoon,-44.0,0
2022-09-11,9,6,1,monsoon,-43.0,0
2022-09-12,9,0,0,monsoon,-42.0,0
2022-09-13,9,1,0,monsoon,-41.0,0
2022-09-14,9,2,0,monsoon,-40.0,0
2022-09-15,9,3,0,monsoon,-39.0,0
2022-09-16,9,4,0,monsoon,-38.0,0
2022-09-17,9,5,1,monsoon,-37.0,0
2022-09-18,9,6,1,monsoon,-36.0,0
2022-09-19,9,0,0,monsoon,-35.0,0
2022-09-20,9,1,0,monsoon,-34.0,0
2022-09-21,9,2,0,monsoon,-33.0,0
2022-09-22,9,3,0,monsoon,-32.0,0
2022-09-23,9,4,0,monsoon,-31.0,0
2022-09-24,9,5,1,monsoon,-30.0,0
2022-09-25,9,6,1,monsoon,-29.0,0
2022-09-26,9,0,0,monsoon,-28.0,0
2022-09-27,9,1,0,monsoon,-27.0,0
2022-09-28,9,2,0,monsoon,-26.0,0
2022-09-29,9,3,0,monsoon,-25.0,0
2022-09-30,9,4,0,monsoon,-24.0,0
2022-10-01,10,5,1,post_monsoon,-23.0,0
2022-10-02,10,6,1,post_monsoon,-22.0,0
2022-10-03,10,0,0,post_monsoon,-21.0,0
2022-10-04,10,1,0,post_monsoon,-20.0,0
2022-10-05,10,2,0,post_monsoon,-19.0,0
2022-10-06,10,3,0,post_monsoon,-18.0,0
2022-10-07,10,4,0,post_monsoon,-17.0,0
2022-10-08,10,5,1,post_monsoon,-16.0,0
2022-10-09,10,6,1,post_monsoon,-15.0,0
2022-10-10,10,0,0,post_monsoon,-14.0,0
2022-10-11,10,1,0,post_monsoon,-13.0,0
2022-10-12,10,2,0,post_monsoon,-12.0,0
2022-10-13,10,3,0,post_monsoon,-11.0,0
2022-10-14,10,4,0,post_monsoon,-10.0,0
2022-10-15,10,5,1,post_monsoon,-9.0,0
2022-10-16,10,6,1,post_monsoon,-8.0,0
2022-10-17,10,0,0,post_monsoon,-7.0,0
2022-10-18,10,1,0,post_monsoon,-6.0,0
2022-10-19,10,2,0,post_monsoon,-5.0,1
2022-10-20,10,3,0,post_monsoon,-4.0,1
2022-10-21,10,4,0,post_monsoon,-3.0,1
2022-10-22,10,5,1,post_monsoon,-2.0,1
2022-10-23,10,6,1,post_monsoon,-1.0,1
2022-10-24,10,0,0,post_monsoon,0.0,1
2022-10-25,10,1,0,post_monsoon,1.0,1
2022-10-26,10,2,0,post_monsoon,2.0,1
2022-10-27,10,3,0,post_monsoon,3.0,1
2022-10-28,10,4,0,post_monsoon,4.0,1
2022-10-29,10,5,1,post_monsoon,5.0,1
2022-10-30,10,6,1,post_monsoon,6.0,0
2022-10-31,10,0,0,post_monsoon,7.0,0
2022-11-01,11,1,0,post_monsoon,8.0,0
2022-11-02,11,2,0,post_monsoon,9.0,0
2022-11-03,11,3,0,post_monsoon,10.0,0
2022-11-04,11,4,0,post_monsoon,11.0,0
2022-11-05,11,5,1,post_monsoon,12.0,0
2022-11-06,11,6,1,post_monsoon,13.0,0
2022-11-07,11,0,0,post_monsoon,14.0,0
2022-11-08,11,1,0,post_monsoon,15.0,0
2022-11-09,11,2,0,post_monsoon,16.0,0
2022-11-10,11,3,0,post_monsoon,17.0,0
2022-11-11,11,4,0,post_monsoon,18.0,0
2022-11-12,11,5,1,post_monsoon,19.0,0
2022-11-13,11,6,1,post_monsoon,20.0,0
2022-11-14,11,0,0,post_monsoon,21.0,0
2022-11-15,11,1,0,post_monsoon,22.0,0
2022-11-16,11,2,0,post_monsoon,23.0,0
2022-11-17,11,3,0,post_monsoon,24.0,0
2022-11-18,11,4,0,post_monsoon,25.0,0
2022-11-19,11,5,1,post_monsoon,26.0,0
2022-11-20,11,6,1,post_monsoon,27.0,0
2022-11-21,11,0,0,post_monsoon,28.0,0
2022-11-22,11,1,0,post_monsoon,29.0,0
2022-11-23,11,2,0,post_monsoon,30.0,0
2022-11-24,11,3,0,post_monsoon,31.0,0
2022-11-25,11,4,0,post_monsoon,32.0,0
2022-11-26,11,5,1,post_monsoon,33.0,0
2022-11-27,11,6,1,post_monsoon,34.0,0
2022-11-28,11,0,0,post_monsoon,35.0,0
2022-11-29,11,1,0,post_monsoon,36.0,0
2022-11-30,11,2,0,post_monsoon,37.0,0
2022-12-01,12,3,0,post_monsoon,38.0,0
2022-12-02,12,4,0,post_monsoon,39.0,0
2022-12-03,12,5,1,post_monsoon,40.0,0
2022-12-04,12,6,1,post_monsoon,41.0,0
2022-12-05,12,0,0,post_monsoon,42.0,0
2022-12-06,12,1,0,post_monsoon,43.0,0
2022-12-07,12,2,0,post_monsoon,44.0,0
2022-12-08,12,3,0,post_monsoon,45.0,0
2022-12-09,12,4,0,post_monsoon,46.0,0
2022-12-10,12,5,1,post_monsoon,47.0,0
2022-12-11,12,6,1,post_monsoon,48.0,0
2022-12-12,12,0,0,post_monsoon,49.0,0
2022-12-13,12,1,0,post_monsoon,50.0,0
2022-12-14,12,2,0,post_monsoon,51.0,0
2022-12-15,12,3,0,post_monsoon,52.0,0
2022-12-16,12,4,0,post_monsoon,53.0,0
2022-12-17,12,5,1,post_monsoon,54.0,0
2022-12-18,12,6,1,post_monsoon,55.0,0
2022-12-19,12,0,0,post_monsoon,56.0,0
2022-12-20,12,1,0,post_monsoon,57.0,0
2022-12-21,12,2,0,post_monsoon,58.0,0
2022-12-22,12,3,0,post_monsoon,59.0,0
2022-12-23,12,4,0,post_monsoon,60.0,0
2022-12-24,12,5,1,post_monsoon,61.0,0
2022-12-25,12,6,1,post_monsoon,62.0,0
2022-12-26,12,0,0,post_monsoon,63.0,0
2022-12-27,12,1,0,post_monsoon,64.0,0
2022-12-28,12,2,0,post_monsoon,65.0,0
2022-12-29,12,3,0,post_monsoon,66.0,0
2022-12-30,12,4,0,post_monsoon,67.0,0
2022-12-31,12,5,1,post_monsoon,68.0,0
2023-01-01,1,6,1,winter,69.0,0
2023-01-02,1,0,0,winter,70.0,0
2023-01-03,1,1,0,winter,71.0,0
2023-01-04,1,2,0,winter,72.0,0
2023-01-05,1,3,0,winter,73.0,0
2023-01-06,1,4,0,winter,74.0,0
2023-01-07,1,5,1,winter,75.0,0
2023-01-08,1,6,1,winter,76.0,0
2023-01-09,1,0,0,winter,77.0,0
2023-01-10,1,1,0,winter,78.0,0
2023-01-11,1,2,0,winter,79.0,0
2023-01-12,1,3,0,winter,80.0,0
2023-01-13,1,4,0,winter,81.0,0
2023-01-14,1,5,1,winter,82.0,0
2023-01-15,1,6,1,winter,83.0,0
2023-01-16,1,0,0,winter,84.0,0
2023-01-17,1,1,0,winter,85.0,0
2023-01-18,1,2,0,winter,86.0,0
2023-01-19,1,3,0,winter,87.0,0
2023-01-20,1,4,0,winter,88.0,0
2023-01-21,1,5,1,winter,89.0,0
2023-01-22,1,6,1,winter,90.0,0
2023-01-23,1,0,0,winter,91.0,0
2023-01-24,1,1,0,winter,92.0,0
2023-01-25,1,2,0,winter,93.0,0
2023-01-26,1,3,0,winter,94.0,0
2023-01-27,1,4,0,winter,95.0,0
2023-01-28,1,5,1,winter,96.0,0
2023-01-29,1,6,1,winter,97.0,0
2023-01-30,1,0,0,winter,98.0,0
2023-01-31,1,1,0,winter,99.0,0
2023-02-01,2,2,0,winter,100.0,0
2023-02-02,2,3,0,winter,101.0,0
2023-02-03,2,4,0,winter,102.0,0
2023-02-04,2,5,1,winter,103.0,0
2023-02-05,2,6,1,winter,104.0,0
2023-02-06,2,0,0,winter,105.0,0
2023-02-07,2,1,0,winter,106.0,0
2023-02-08,2,2,0,winter,107.0,0
2023-02-09,2,3,0,winter,108.0,0
2023-02-10,2,4,0,winter,109.0,0
2023-02-11,2,5,1,winter,110.0,0
2023-02-12,2,6,1,winter,111.0,0
2023-02-13,2,0,0,winter,112.0,0
2023-02-14,2,1,0,winter,113.0,0
2023-02-15,2,2,0,winter,114.0,0
2023-02-16,2,3,0,winter,115.0,0
2023-02-17,2,4,0,winter,116.0,0
2023-02-18,2,5,1,winter,117.0,0
2023-02-19,2,6,1,winter,118.0,0
2023-02-20,2,0,0,winter,119.0,0
2023-02-21,2,1,0,winter,120.0,0
2023-02-22,2,2,0,winter,121.0,0
2023-02-23,2,3,0,winter,122.0,0
2023-02-24,2,4,0,winter,123.0,0
2023-02-25,2,5,1,winter,124.0,0
2023-02-26,2,6,1,winter,125.0,0
2023-02-27,2,0,0,winter,126.0,0
2023-02-28,2,1,0,winter,127.0,0
2023-03-01,3,2,0,pre_monsoon,128.0,0
2023-03-02,3,3,0,pre_monsoon,129.0,0
2023-03-03,3,4,0,pre_monsoon,130.0,0
2023-03-04,3,5,1,pre_monsoon,131.0,0
2023-03-05,3,6,1,pre_monsoon,132.0,0
2023-03-06,3,0,0,pre_monsoon,133.0,0
2023-03-07,3,1,0,pre_monsoon,134.0,0
2023-03-08,3,2,0,pre_monsoon,135.0,0
2023-03-09,3,3,0,pre_monsoon,136.0,0
2023-03-10,3,4,0,pre_monsoon,137.0,0
2023-03-11,3,5,1,pre_monsoon,138.0,0
2023-03-12,3,6,1,pre_monsoon,139.0,0
2023-03-13,3,0,0,pre_monsoon,140.0,0
2023-03-14,3,1,0,pre_monsoon,141.0,0
2023-03-15,3,2,0,pre_monsoon,142.0,0
2023-03-16,3,3,0,pre_monsoon,143.0,0
2023-03-17,3,4,0,pre_monsoon,144.0,0
2023-03-18,3,5,1,pre_monsoon,145.0,0
2023-03-19,3,6,1,pre_monsoon,146.0,0
2023-03-20,3,0,0,pre_monsoon,147.0,0
2023-03-21,3,1,0,pre_monsoon,148.0,0
2023-03-22,3,2,0,pre_monsoon,149.0,0
2023-03-23,3,3,0,pre_monsoon,150.0,0
2023-03-24,3,4,0,pre_monsoon,151.0,0
2023-03-25,3,5,1,pre_monsoon,152.0,0
2023-03-26,3,6,1,pre_monsoon,153.0,0
2023-03-27,3,0,0,pre_monsoon,154.0,0
2023-03-28,3,1,0,pre_monsoon,155.0,0
2023-03-29,3,2,0,pre_monsoon,156.0,0
2023-03-30,3,3,0,pre_monsoon,157.0,0
2023-03-31,3,4,0,pre_monsoon,158.0,0
2023-04-01,4,5,1,pre_monsoon,159.0,0
2023-04-02,4,6,1,pre_monsoon,160.0,0
2023-04-03,4,0,0,pre_monsoon,161.0,0
2023-04-04,4,1,0,pre_monsoon,162.0,0
2023-04-05,4,2,0,pre_monsoon,163.0,0
2023-04-06,4,3,0,pre_monsoon,164.0,0
2023-04-07,4,4,0,pre_monsoon,165.0,0
2023-04-08,4,5,1,pre_monsoon,166.0,0
2023-04-09,4,6,1,pre_monsoon,167.0,0
2023-04-10,4,0,0,pre_monsoon,168.0,0
2023-04-11,4,1,0,pre_monsoon,169.0,0
2023-04-12,4,2,0,pre_monsoon,170.0,0
2023-04-13,4,3,0,pre_monsoon,171.0,0
2023-04-14,4,4,0,pre_monsoon,172.0,0
2023-04-15,4,5,1,pre_monsoon,173.0,0
2023-04-16,4,6,1,pre_monsoon,174.0,0
2023-04-17,4,0,0,pre_monsoon,175.0,0
2023-04-18,4,1,0,pre_monsoon,176.0,0
2023-04-19,4,2,0,pre_monsoon,177.0,0
2023-04-20,4,3,0,pre_monsoon,178.0,0
2023-04-21,4,4,0,pre_monsoon,179.0,0
2023-04-22,4,5,1,pre_monsoon,180.0,0
2023-04-23,4,6,1,pre_monsoon,181.0,0
2023-04-24,4,0,0,pre_monsoon,182.0,0
2023-04-25,4,1,0,pre_monsoon,183.0,0
2023-04-26,4,2,0,pre_monsoon,184.0,0
2023-04-27,4,3,0,pre_monsoon,185.0,0
2023-04-28,4,4,0,pre_monsoon,186.0,0
2023-04-29,4,5,1,pre_monsoon,187.0,0
2023-04-30,4,6,1,pre_monsoon,188.0,0
2023-05-01,5,0,0,pre_monsoon,189.0,0
2023-05-02,5,1,0,pre_monsoon,190.0,0
2023-05-03,5,2,0,pre_monsoon,191.0,0
2023-05-04,5,3,0,pre_monsoon,192.0,0
2023-05-05,5,4,0,pre_monsoon,-191.0,0
2023-05-06,5,5,1,pre_monsoon,-190.0,0
2023-05-07,5,6,1,pre_monsoon,-189.0,0
2023-05-08,5,0,0,pre_monsoon,-188.0,0
2023-05-09,5,1,0,pre_monsoon,-187.0,0
2023-05-10,5,2,0,pre_monsoon,-186.0,0
2023-05-11,5,3,0,pre_monsoon,-185.0,0
2023-05-12,5,4,0,pre_monsoon,-184.0,0
2023-05-13,5,5,1,pre_monsoon,-183.0,0
2023-05-14,5,6,1,pre_monsoon,-182.0,0
2023-05-15,5,0,0,pre_monsoon,-181.0,0
2023-05-16,5,1,0,pre_monsoon,-180.0,0
2023-05-17,5,2,0,pre_monsoon,-179.0,0
2023-05-18,5,3,0,pre_monsoon,-178.0,0
2023-05-19,5,4,0,pre_monsoon,-177.0,0
2023-05-20,5,5,1,pre_monsoon,-176.0,0
2023-05-21,5,6,1,pre_monsoon,-175.0,0
2023-05-22,5,0,0,pre_monsoon,-174.0,0
2023-05-23,5,1,0,pre_monsoon,-173.0,0
2023-05-24,5,2,0,pre_monsoon,-172.0,0
2023-05-25,5,3,0,pre_monsoon,-171.0,0
2023-05-26,5,4,0,pre_monsoon,-170.0,0
2023-05-27,5,5,1,pre_monsoon,-169.0,0
2023-05-28,5,6,1,pre_monsoon,-168.0,0
2023-05-29,5,0,0,pre_monsoon,-167.0,0
2023-05-30,5,1,0,pre_monsoon,-166.0,0
2023-05-31,5,2,0,pre_monsoon,-165.0,0
2023-06-01,6,3,0,monsoon,-164.0,0
2023-06-02,6,4,0,monsoon,-163.0,0
2023-06-03,6,5,1,monsoon,-162.0,0
2023-06-04,6,6,1,monsoon,-161.0,0
2023-06-05,6,0,0,monsoon,-160.0,0
2023-06-06,6,1,0,monsoon,-159.0,0
2023-06-07,6,2,0,monsoon,-158.0,0
2023-06-08,6,3,0,monsoon,-157.0,0
2023-06-09,6,4,0,monsoon,-156.0,0
2023-06-10,6,5,1,monsoon,-155.0,0
2023-06-11,6,6,1,monsoon,-154.0,0
2023-06-12,6,0,0,monsoon,-153.0,0
2023-06-13,6,1,0,monsoon,-152.0,0
2023-06-14,6,2,0,monsoon,-151.0,0
2023-06-15,6,3,0,monsoon,-150.0,0
2023-06-16,6,4,0,monsoon,-149.0,0
2023-06-17,6,5,1,monsoon,-148.0,0
2023-06-18,6,6,1,monsoon,-147.0,0
2023-06-19,6,0,0,monsoon,-146.0,0
2023-06-20,6,1,0,monsoon,-145.0,0
2023-06-21,6,2,0,monsoon,-144.0,0
2023-06-22,6,3,0,monsoon,-143.0,0
2023-06-23,6,4,0,monsoon,-142.0,0
2023-06-24,6,5,1,monsoon,-141.0,0
2023-06-25,6,6,1,monsoon,-140.0,0
2023-06-26,6,0,0,monsoon,-139.0,0
2023-06-27,6,1,0,monsoon,-138.0,0
2023-06-28,6,2,0,monsoon,-137.0,0
2023-06-29,6,3,0,monsoon,-136.0,0
2023-06-30,6,4,0,monsoon,-135.0,0
2023-07-01,7,5,1,monsoon,-134.0,0
2023-07-02,7,6,1,monsoon,-133.0,0
2023-07-03,7,0,0,monsoon,-132.0,0
2023-07-04,7,1,0,monsoon,-131.0,0
2023-07-05,7,2,0,monsoon,-130.0,0
2023-07-06,7,3,0,monsoon,-129.0,0
2023-07-07,7,4,0,monsoon,-128.0,0
2023-07-08,7,5,1,monsoon,-127.0,0
2023-07-09,7,6,1,monsoon,-126.0,0
2023-07-10,7,0,0,monsoon,-125.0,0
2023-07-11,7,1,0,monsoon,-124.0,0
2023-07-12,7,2,0,monsoon,-123.0,0
2023-07-13,7,3,0,monsoon,-122.0,0
2023-07-14,7,4,0,monsoon,-121.0,0
2023-07-15,7,5,1,monsoon,-120.0,0
2023-07-16,7,6,1,monsoon,-119.0,0
2023-07-17,7,0,0,monsoon,-118.0,0
2023-07-18,7,1,0,monsoon,-117.0,0
2023-07-19,7,2,0,monsoon,-116.0,0
2023-07-20,7,3,0,monsoon,-115.0,0
2023-07-21,7,4,0,monsoon,-114.0,0
2023-07-22,7,5,1,monsoon,-113.0,0
2023-07-23,7,6,1,monsoon,-112.0,0
2023-07-24,7,0,0,monsoon,-111.0,0
2023-07-25,7,1,0,monsoon,-110.0,0
2023-07-26,7,2,0,monsoon,-109.0,0
2023-07-27,7,3,0,monsoon,-108.0,0
2023-07-28,7,4,0,monsoon,-107.0,0
2023-07-29,7,5,1,monsoon,-106.0,0
2023-07-30,7,6,1,monsoon,-105.0,0
2023-07-31,7,0,0,monsoon,-104.0,0
2023-08-01,8,1,0,monsoon,-103.0,0
2023-08-02,8,2,0,monsoon,-102.0,0
2023-08-03,8,3,0,monsoon,-101.0,0
2023-08-04,8,4,0,monsoon,-100.0,0
2023-08-05,8,5,1,monsoon,-99.0,0
2023-08-06,8,6,1,monsoon,-98.0,0
2023-08-07,8,0,0,monsoon,-97.0,0
2023-08-08,8,1,0,monsoon,-96.0,0
2023-08-09,8,2,0,monsoon,-95.0,0
2023-08-10,8,3,0,monsoon,-94.0,0
2023-08-11,8,4,0,monsoon,-93.0,0
2023-08-12,8,5,1,monsoon,-92.0,0
2023-08-13,8,6,1,monsoon,-91.0,0
2023-08-14,8,0,0,monsoon,-90.0,0
2023-08-15,8,1,0,monsoon,-89.0,0
2023-08-16,8,2,0,monsoon,-88.0,0
2023-08-17,8,3,0,monsoon,-87.0,0
2023-08-18,8,4,0,monsoon,-86.0,0
2023-08-19,8,5,1,monsoon,-85.0,0
2023-08-20,8,6,1,monsoon,-84.0,0
2023-08-21,8,0,0,monsoon,-83.0,0
2023-08-22,8,1,0,monsoon,-82.0,0
2023-08-23,8,2,0,monsoon,-81.0,0
2023-08-24,8,3,0,monsoon,-80.0,0
2023-08-25,8,4,0,monsoon,-79.0,0
2023-08-26,8,5,1,monsoon,-78.0,0
2023-08-27,8,6,1,monsoon,-77.0,0
2023-08-28,8,0,0,monsoon,-76.0,0
2023-08-29,8,1,0,monsoon,-75.0,0
2023-08-30,8,2,0,monsoon,-74.0,0
2023-08-31,8,3,0,monsoon,-73.0,0
2023-09-01,9,4,0,monsoon,-72.0,0
2023-09-02,9,5,1,monsoon,-71.0,0
2023-09-03,9,6,1,monsoon,-70.0,0
2023-09-04,9,0,0,monsoon,-69.0,0
2023-09-05,9,1,0,monsoon,-68.0,0
2023-09-06,9,2,0,monsoon,-67.0,0
2023-09-07,9,3,0,monsoon,-66.0,0
2023-09-08,9,4,0,monsoon,-65.0,0
2023-09-09,9,5,1,monsoon,-64.0,0
2023-09-10,9,6,1,monsoon,-63.0,0
2023-09-11,9,0,0,monsoon,-62.0,0
2023-09-12,9,1,0,monsoon,-61.0,0
2023-09-13,9,2,0,monsoon,-60.0,0
2023-09-14,9,3,0,monsoon,-59.0,0
2023-09-15,9,4,0,monsoon,-58.0,0
2023-09-16,9,5,1,monsoon,-57.0,0
2023-09-17,9,6,1,monsoon,-56.0,0
2023-09-18,9,0,0,monsoon,-55.0,0
2023-09-19,9,1,0,monsoon,-54.0,0
2023-09-20,9,2,0,monsoon,-53.0,0
2023-09-21,9,3,0,monsoon,-52.0,0
2023-09-22,9,4,0,monsoon,-51.0,0
2023-09-23,9,5,1,monsoon,-50.0,0
2023-09-24,9,6,1,monsoon,-49.0,0
2023-09-25,9,0,0,monsoon,-48.0,0
2023-09-26,9,1,0,monsoon,-47.0,0
2023-09-27,9,2,0,monsoon,-46.0,0
2023-09-28,9,3,0,monsoon,-45.0,0
2023-09-29,9,4,0,monsoon,-44.0,0
2023-09-30,9,5,1,monsoon,-43.0,0
2023-10-01,10,6,1,post_monsoon,-42.0,0
2023-10-02,10,0,0,post_monsoon,-41.0,0
2023-10-03,10,1,0,post_monsoon,-40.0,0
2023-10-04,10,2,0,post_monsoon,-39.0,0
2023-10-05,10,3,0,post_monsoon,-38.0,0
2023-10-06,10,4,0,post_monsoon,-37.0,0
2023-10-07,10,5,1,post_monsoon,-36.0,0
2023-10-08,10,6,1,post_monsoon,-35.0,0
2023-10-09,10,0,0,post_monsoon,-34.0,0
2023-10-10,10,1,0,post_monsoon,-33.0,0
2023-10-11,10,2,0,post_monsoon,-32.0,0
2023-10-12,10,3,0,post_monsoon,-31.0,0
2023-10-13,10,4,0,post_monsoon,-30.0,0
2023-10-14,10,5,1,post_monsoon,-29.0,0
2023-10-15,10,6,1,post_monsoon,-28.0,0
2023-10-16,10,0,0,post_monsoon,-27.0,0
2023-10-17,10,1,0,post_monsoon,-26.0,0
2023-10-18,10,2,0,post_monsoon,-25.0,0
2023-10-19,10,3,0,post_monsoon,-24.0,0
2023-10-20,10,4,0,post_monsoon,-23.0,0
2023-10-21,10,5,1,post_monsoon,-22.0,0
2023-10-22,10,6,1,post_monsoon,-21.0,0
2023-10-23,10,0,0,post_monsoon,-20.0,0
2023-10-24,10,1,0,post_monsoon,-19.0,0
2023-10-25,10,2,0,post_monsoon,-18.0,0
2023-10-26,10,3,0,post_monsoon,-17.0,0
2023-10-27,10,4,0,post_monsoon,-16.0,0
2023-10-28,10,5,1,post_monsoon,-15.0,0
2023-10-29,10,6,1,post_monsoon,-14.0,0
2023-10-30,10,0,0,post_monsoon,-13.0,0
2023-10-31,10,1,0,post_monsoon,-12.0,0
2023-11-01,11,2,0,post_monsoon,-11.0,0
2023-11-02,11,3,0,post_monsoon,-10.0,0
2023-11-03,11,4,0,post_monsoon,-9.0,0
2023-11-04,11,5,1,post_monsoon,-8.0,0
2023-11-05,11,6,1,post_monsoon,-7.0,0
2023-11-06,11,0,0,post_monsoon,-6.0,0
2023-11-07,11,1,0,post_monsoon,-5.0,1
2023-11-08,11,2,0,post_monsoon,-4.0,1
2023-11-09,11,3,0,post_monsoon,-3.0,1
2023-11-10,11,4,0,post_monsoon,-2.0,1
2023-11-11,11,5,1,post_monsoon,-1.0,1
2023-11-12,11,6,1,post_monsoon,0.0,1
2023-11-13,11,0,0,post_monsoon,1.0,1
2023-11-14,11,1,0,post_monsoon,2.0,1
2023-11-15,11,2,0,post_monsoon,3.0,1
2023-11-16,11,3,0,post_monsoon,4.0,1
2023-11-17,11,4,0,post_monsoon,5.0,1
2023-11-18,11,5,1,post_monsoon,6.0,0
2023-11-19,11,6,1,post_monsoon,7.0,0
2023-11-20,11,0,0,post_monsoon,8.0,0
2023-11-21,11,1,0,post_monsoon,9.0,0
2023-11-22,11,2,0,post_monsoon,10.0,0
2023-11-23,11,3,0,post_monsoon,11.0,0
2023-11-24,11,4,0,post_monsoon,12.0,0
2023-11-25,11,5,1,post_monsoon,13.0,0
2023-11-26,11,6,1,post_monsoon,14.0,0
2023-11-27,11,0,0,post_monsoon,15.0,0
2023-11-28,11,1,0,post_monsoon,16.0,0
2023-11-29,11,2,0,post_monsoon,17.0,0
2023-11-30,11,3,0,post_monsoon,18.0,0
2023-12-01,12,4,0,post_monsoon,19.0,0
2023-12-02,12,5,1,post_monsoon,20.0,0
2023-12-03,12,6,1,post_monsoon,21.0,0
2023-12-04,12,0,0,post_monsoon,22.0,0
2023-12-05,12,1,0,post_monsoon,23.0,0
2023-12-06,12,2,0,post_monsoon,24.0,0
2023-12-07,12,3,0,post_monsoon,25.0,0
2023-12-08,12,4,0,post_monsoon,26.0,0
2023-12-09,12,5,1,post_monsoon,27.0,0
2023-12-10,12,6,1,post_monsoon,28.0,0
2023-12-11,12,0,0,post_monsoon,29.0,0
2023-12-12,12,1,0,post_monsoon,30.0,0
2023-12-13,12,2,0,post_monsoon,31.0,0
2023-12-14,12,3,0,post_monsoon,32.0,0
2023-12-15,12,4,0,post_monsoon,33.0,0
2023-12-16,12,5,1,post_monsoon,34.0,0
2023-12-17,12,6,1,post_monsoon,35.0,0
2023-12-18,12,0,0,post_monsoon,36.0,0
2023-12-19,12,1,0,post_monsoon,37.0,0
2023-12-20,12,2,0,post_monsoon,38.0,0
2023-12-21,12,3,0,post_monsoon,39.0,0
2023-12-22,12,4,0,post_monsoon,40.0,0
2023-12-23,12,5,1,post_monsoon,41.0,0
2023-12-24,12,6,1,post_monsoon,42.0,0
2023-12-25,12,0,0,post_monsoon,43.0,0
2023-12-26,12,1,0,post_monsoon,44.0,0
2023-12-27,12,2,0,post_monsoon,45.0,0
2023-12-28,12,3,0,post_monsoon,46.0,0
2023-12-29,12,4,0,post_monsoon,47.0,0
2023-12-30,12,5,1,post_monsoon,48.0,0
2023-12-31,12,6,1,post_monsoon,49.0,0
2024-01-01,1,0,0,winter,50.0,0
2024-01-02,1,1,0,winter,51.0,0
2024-01-03,1,2,0,winter,52.0,0
2024-01-04,1,3,0,winter,53.0,0
2024-01-05,1,4,0,winter,54.0,0
2024-01-06,1,5,1,winter,55.0,0
2024-01-07,1,6,1,winter,56.0,0
2024-01-08,1,0,0,winter,57.0,0
2024-01-09,1,1,0,winter,58.0,0
2024-01-10,1,2,0,winter,59.0,0
2024-01-11,1,3,0,winter,60.0,0
2024-01-12,1,4,0,winter,61.0,0
2024-01-13,1,5,1,winter,62.0,0
2024-01-14,1,6,1,winter,63.0,0
2024-01-15,1,0,0,winter,64.0,0
2024-01-16,1,1,0,winter,65.0,0
2024-01-17,1,2,0,winter,66.0,0
2024-01-18,1,3,0,winter,67.0,0
2024-01-19,1,4,0,winter,68.0,0
2024-01-20,1,5,1,winter,69.0,0
2024-01-21,1,6,1,winter,70.0,0
2024-01-22,1,0,0,winter,71.0,0
2024-01-23,1,1,0,winter,72.0,0
2024-01-24,1,2,0,winter,73.0,0
2024-01-25,1,3,0,winter,74.0,0
2024-01-26,1,4,0,winter,75.0,0
2024-01-27,1,5,1,winter,76.0,0
2024-01-28,1,6,1,winter,77.0,0
2024-01-29,1,0,0,winter,78.0,0
2024-01-30,1,1,0,winter,79.0,0
2024-01-31,1,2,0,winter,80.0,0
2024-02-01,2,3,0,winter,81.0,0
2024-02-02,2,4,0,winter,82.0,0
2024-02-03,2,5,1,winter,83.0,0
2024-02-04,2,6,1,winter,84.0,0
2024-02-05,2,0,0,winter,85.0,0
2024-02-06,2,1,0,winter,86.0,0
2024-02-07,2,2,0,winter,87.0,0
2024-02-08,2,3,0,winter,88.0,0
2024-02-09,2,4,0,winter,89.0,0
2024-02-10,2,5,1,winter,90.0,0
2024-02-11,2,6,1,winter,91.0,0
2024-02-12,2,0,0,winter,92.0,0
2024-02-13,2,1,0,winter,93.0,0
2024-02-14,2,2,0,winter,94.0,0
2024-02-15,2,3,0,winter,95.0,0
2024-02-16,2,4,0,winter,96.0,0
2024-02-17,2,5,1,winter,97.0,0
2024-02-18,2,6,1,winter,98.0,0
2024-02-19,2,0,0,winter,99.0,0
2024-02-20,2,1,0,winter,100.0,0
2024-02-21,2,2,0,winter,101.0,0
2024-02-22,2,3,0,winter,102.0,0
2024-02-23,2,4,0,winter,103.0,0
2024-02-24,2,5,1,winter,104.0,0
2024-02-25,2,6,1,winter,105.0,0
2024-02-26,2,0,0,winter,106.0,0
2024-02-27,2,1,0,winter,107.0,0
2024-02-28,2,2,0,winter,108.0,0
2024-02-29,2,3,0,winter,109.0,0
2024-03-01,3,4,0,pre_monsoon,110.0,0
2024-03-02,3,5,1,pre_monsoon,111.0,0
2024-03-03,3,6,1,pre_monsoon,112.0,0
2024-03-04,3,0,0,pre_monsoon,113.0,0
2024-03-05,3,1,0,pre_monsoon,114.0,0
2024-03-06,3,2,0,pre_monsoon,115.0,0
2024-03-07,3,3,0,pre_monsoon,116.0,0
2024-03-08,3,4,0,pre_monsoon,117.0,0
2024-03-09,3,5,1,pre_monsoon,118.0,0
2024-03-10,3,6,1,pre_monsoon,119.0,0
2024-03-11,3,0,0,pre_monsoon,120.0,0
2024-03-12,3,1,0,pre_monsoon,121.0,0
2024-03-13,3,2,0,pre_monsoon,122.0,0
2024-03-14,3,3,0,pre_monsoon,123.0,0
2024-03-15,3,4,0,pre_monsoon,124.0,0
2024-03-16,3,5,1,pre_monsoon,125.0,0
2024-03-17,3,6,1,pre_monsoon,126.0,0
2024-03-18,3,0,0,pre_monsoon,127.0,0
2024-03-19,3,1,0,pre_monsoon,128.0,0
2024-03-20,3,2,0,pre_monsoon,129.0,0
2024-03-21,3,3,0,pre_monsoon,130.0,0
2024-03-22,3,4,0,pre_monsoon,131.0,0
2024-03-23,3,5,1,pre_monsoon,132.0,0
2024-03-24,3,6,1,pre_monsoon,133.0,0
2024-03-25,3,0,0,pre_monsoon,134.0,0
2024-03-26,3,1,0,pre_monsoon,135.0,0
2024-03-27,3,2,0,pre_monsoon,136.0,0
2024-03-28,3,3,0,pre_monsoon,137.0,0
2024-03-29,3,4,0,pre_monsoon,138.0,0
2024-03-30,3,5,1,pre_monsoon,139.0,0
2024-03-31,3,6,1,pre_monsoon,140.0,0
2024-04-01,4,0,0,pre_monsoon,141.0,0
2024-04-02,4,1,0,pre_monsoon,142.0,0
2024-04-03,4,2,0,pre_monsoon,143.0,0
2024-04-04,4,3,0,pre_monsoon,144.0,0
2024-04-05,4,4,0,pre_monsoon,145.0,0
2024-04-06,4,5,1,pre_monsoon,146.0,0
2024-04-07,4,6,1,pre_monsoon,147.0,0
2024-04-08,4,0,0,pre_monsoon,148.0,0
2024-04-09,4,1,0,pre_monsoon,149.0,0
2024-04-10,4,2,0,pre_monsoon,150.0,0
2024-04-11,4,3,0,pre_monsoon,151.0,0
2024-04-12,4,4,0,pre_monsoon,152.0,0
2024-04-13,4,5,1,pre_monsoon,153.0,0
2024-04-14,4,6,1,pre_monsoon,154.0,0
2024-04-15,4,0,0,pre_monsoon,155.0,0
2024-04-16,4,1,0,pre_monsoon,156.0,0
2024-04-17,4,2,0,pre_monsoon,157.0,0
2024-04-18,4,3,0,pre_monsoon,158.0,0
2024-04-19,4,4,0,pre_monsoon,159.0,0
2024-04-20,4,5,1,pre_monsoon,160.0,0
2024-04-21,4,6,1,pre_monsoon,161.0,0
2024-04-22,4,0,0,pre_monsoon,162.0,0
2024-04-23,4,1,0,pre_monsoon,163.0,0
2024-04-24,4,2,0,pre_monsoon,164.0,0
2024-04-25,4,3,0,pre_monsoon,165.0,0
2024-04-26,4,4,0,pre_monsoon,166.0,0
2024-04-27,4,5,1,pre_monsoon,167.0,0
2024-04-28,4,6,1,pre_monsoon,168.0,0
2024-04-29,4,0,0,pre_monsoon,169.0,0
2024-04-30,4,1,0,pre_monsoon,170.0,0
2024-05-01,5,2,0,pre_monsoon,171.0,0
2024-05-02,5,3,0,pre_monsoon,172.0,0
2024-05-03,5,4,0,pre_monsoon,173.0,0
2024-05-04,5,5,1,pre_monsoon,174.0,0
2024-05-05,5,6,1,pre_monsoon,175.0,0
2024-05-06,5,0,0,pre_monsoon,176.0,0
2024-05-07,5,1,0,pre_monsoon,177.0,0
2024-05-08,5,2,0,pre_monsoon,-176.0,0
2024-05-09,5,3,0,pre_monsoon,-175.0,0
2024-05-10,5,4,0,pre_monsoon,-174.0,0
2024-05-11,5,5,1,pre_monsoon,-173.0,0
2024-05-12,5,6,1,pre_monsoon,-172.0,0
2024-05-13,5,0,0,pre_monsoon,-171.0,0
2024-05-14,5,1,0,pre_monsoon,-170.0,0
2024-05-15,5,2,0,pre_monsoon,-169.0,0
2024-05-16,5,3,0,pre_monsoon,-168.0,0
2024-05-17,5,4,0,pre_monsoon,-167.0,0
2024-05-18,5,5,1,pre_monsoon,-166.0,0
2024-05-19,5,6,1,pre_monsoon,-165.0,0
2024-05-20,5,0,0,pre_monsoon,-164.0,0
2024-05-21,5,1,0,pre_monsoon,-163.0,0
2024-05-22,5,2,0,pre_monsoon,-162.0,0
2024-05-23,5,3,0,pre_monsoon,-161.0,0
2024-05-24,5,4,0,pre_monsoon,-160.0,0
2024-05-25,5,5,1,pre_monsoon,-159.0,0
2024-05-26,5,6,1,pre_monsoon,-158.0,0
2024-05-27,5,0,0,pre_monsoon,-157.0,0
2024-05-28,5,1,0,pre_monsoon,-156.0,0
2024-05-29,5,2,0,pre_monsoon,-155.0,0
2024-05-30,5,3,0,pre_monsoon,-154.0,0
2024-05-31,5,4,0,pre_monsoon,-153.0,0
2024-06-01,6,5,1,monsoon,-152.0,0
2024-06-02,6,6,1,monsoon,-151.0,0
2024-06-03,6,0,0,monsoon,-150.0,0
2024-06-04,6,1,0,monsoon,-149.0,0
2024-06-05,6,2,0,monsoon,-148.0,0
2024-06-06,6,3,0,monsoon,-147.0,0
2024-06-07,6,4,0,monsoon,-146.0,0
2024-06-08,6,5,1,monsoon,-145.0,0
2024-06-09,6,6,1,monsoon,-144.0,0
2024-06-10,6,0,0,monsoon,-143.0,0
2024-06-11,6,1,0,monsoon,-142.0,0
2024-06-12,6,2,0,monsoon,-141.0,0
2024-06-13,6,3,0,monsoon,-140.0,0
2024-06-14,6,4,0,monsoon,-139.0,0
2024-06-15,6,5,1,monsoon,-138.0,0
2024-06-16,6,6,1,monsoon,-137.0,0
2024-06-17,6,0,0,monsoon,-136.0,0
2024-06-18,6,1,0,monsoon,-135.0,0
2024-06-19,6,2,0,monsoon,-134.0,0
2024-06-20,6,3,0,monsoon,-133.0,0
2024-06-21,6,4,0,monsoon,-132.0,0
2024-06-22,6,5,1,monsoon,-131.0,0
2024-06-23,6,6,1,monsoon,-130.0,0
2024-06-24,6,0,0,monsoon,-129.0,0
2024-06-25,6,1,0,monsoon,-128.0,0
2024-06-26,6,2,0,monsoon,-127.0,0
2024-06-27,6,3,0,monsoon,-126.0,0
2024-06-28,6,4,0,monsoon,-125.0,0
2024-06-29,6,5,1,monsoon,-124.0,0
2024-06-30,6,6,1,monsoon,-123.0,0
2024-07-01,7,0,0,monsoon,-122.0,0
2024-07-02,7,1,0,monsoon,-121.0,0
2024-07-03,7,2,0,monsoon,-120.0,0
2024-07-04,7,3,0,monsoon,-119.0,0
2024-07-05,7,4,0,monsoon,-118.0,0
2024-07-06,7,5,1,monsoon,-117.0,0
2024-07-07,7,6,1,monsoon,-116.0,0
2024-07-08,7,0,0,monsoon,-115.0,0
2024-07-09,7,1,0,monsoon,-114.0,0
2024-07-10,7,2,0,monsoon,-113.0,0
2024-07-11,7,3,0,monsoon,-112.0,0
2024-07-12,7,4,0,monsoon,-111.0,0
2024-07-13,7,5,1,monsoon,-110.0,0
2024-07-14,7,6,1,monsoon,-109.0,0
2024-07-15,7,0,0,monsoon,-108.0,0
2024-07-16,7,1,0,monsoon,-107.0,0
2024-07-17,7,2,0,monsoon,-106.0,0
2024-07-18,7,3,0,monsoon,-105.0,0
2024-07-19,7,4,0,monsoon,-104.0,0
2024-07-20,7,5,1,monsoon,-103.0,0
2024-07-21,7,6,1,monsoon,-102.0,0
2024-07-22,7,0,0,monsoon,-101.0,0
2024-07-23,7,1,0,monsoon,-100.0,0
2024-07-24,7,2,0,monsoon,-99.0,0
2024-07-25,7,3,0,monsoon,-98.0,0
2024-07-26,7,4,0,monsoon,-97.0,0
2024-07-27,7,5,1,monsoon,-96.0,0
2024-07-28,7,6,1,monsoon,-95.0,0
2024-07-29,7,0,0,monsoon,-94.0,0
2024-07-30,7,1,0,monsoon,-93.0,0
2024-07-31,7,2,0,monsoon,-92.0,0
2024-08-01,8,3,0,monsoon,-91.0,0
2024-08-02,8,4,0,monsoon,-90.0,0
2024-08-03,8,5,1,monsoon,-89.0,0
2024-08-04,8,6,1,monsoon,-88.0,0
2024-08-05,8,0,0,monsoon,-87.0,0
2024-08-06,8,1,0,monsoon,-86.0,0
2024-08-07,8,2,0,monsoon,-85.0,0
2024-08-08,8,3,0,monsoon,-84.0,0
2024-08-09,8,4,0,monsoon,-83.0,0
2024-08-10,8,5,1,monsoon,-82.0,0
2024-08-11,8,6,1,monsoon,-81.0,0
2024-08-12,8,0,0,monsoon,-80.0,0
2024-08-13,8,1,0,monsoon,-79.0,0
2024-08-14,8,2,0,monsoon,-78.0,0
2024-08-15,8,3,0,monsoon,-77.0,0
2024-08-16,8,4,0,monsoon,-76.0,0
2024-08-17,8,5,1,monsoon,-75.0,0
2024-08-18,8,6,1,monsoon,-74.0,0
2024-08-19,8,0,0,monsoon,-73.0,0
2024-08-20,8,1,0,monsoon,-72.0,0
2024-08-21,8,2,0,monsoon,-71.0,0
2024-08-22,8,3,0,monsoon,-70.0,0
2024-08-23,8,4,0,monsoon,-69.0,0
2024-08-24,8,5,1,monsoon,-68.0,0
2024-08-25,8,6,1,monsoon,-67.0,0
2024-08-26,8,0,0,monsoon,-66.0,0
2024-08-27,8,1,0,monsoon,-65.0,0
2024-08-28,8,2,0,monsoon,-64.0,0
2024-08-29,8,3,0,monsoon,-63.0,0
2024-08-30,8,4,0,monsoon,-62.0,0
2024-08-31,8,5,1,monsoon,-61.0,0
2024-09-01,9,6,1,monsoon,-60.0,0
2024-09-02,9,0,0,monsoon,-59.0,0
2024-09-03,9,1,0,monsoon,-58.0,0
2024-09-04,9,2,0,monsoon,-57.0,0
2024-09-05,9,3,0,monsoon,-56.0,0
2024-09-06,9,4,0,monsoon,-55.0,0
2024-09-07,9,5,1,monsoon,-54.0,0
2024-09-08,9,6,1,monsoon,-53.0,0
2024-09-09,9,0,0,monsoon,-52.0,0
2024-09-10,9,1,0,monsoon,-51.0,0
2024-09-11,9,2,0,monsoon,-50.0,0
2024-09-12,9,3,0,monsoon,-49.0,0
2024-09-13,9,4,0,monsoon,-48.0,0
2024-09-14,9,5,1,monsoon,-47.0,0
2024-09-15,9,6,1,monsoon,-46.0,0
2024-09-16,9,0,0,monsoon,-45.0,0
2024-09-17,9,1,0,monsoon,-44.0,0
2024-09-18,9,2,0,monsoon,-43.0,0
2024-09-19,9,3,0,monsoon,-42.0,0
2024-09-20,9,4,0,monsoon,-41.0,0
2024-09-21,9,5,1,monsoon,-40.0,0
2024-09-22,9,6,1,monsoon,-39.0,0
2024-09-23,9,0,0,monsoon,-38.0,0
2024-09-24,9,1,0,monsoon,-37.0,0
2024-09-25,9,2,0,monsoon,-36.0,0
2024-09-26,9,3,0,monsoon,-35.0,0
2024-09-27,9,4,0,monsoon,-34.0,0
2024-09-28,9,5,1,monsoon,-33.0,0
2024-09-29,9,6,1,monsoon,-32.0,0
2024-09-30,9,0,0,monsoon,-31.0,0
2024-10-01,10,1,0,post_monsoon,-30.0,0
2024-10-02,10,2,0,post_monsoon,-29.0,0
2024-10-03,10,3,0,post_monsoon,-28.0,0
2024-10-04,10,4,0,post_monsoon,-27.0,0
2024-10-05,10,5,1,post_monsoon,-26.0,0
2024-10-06,10,6,1,post_monsoon,-25.0,0
2024-10-07,10,0,0,post_monsoon,-24.0,0
2024-10-08,10,1,0,post_monsoon,-23.0,0
2024-10-09,10,2,0,post_monsoon,-22.0,0
2024-10-10,10,3,0,post_monsoon,-21.0,0
2024-10-11,10,4,0,post_monsoon,-20.0,0
2024-10-12,10,5,1,post_monsoon,-19.0,0
2024-10-13,10,6,1,post_monsoon,-18.0,0
2024-10-14,10,0,0,post_monsoon,-17.0,0
2024-10-15,10,1,0,post_monsoon,-16.0,0
2024-10-16,10,2,0,post_monsoon,-15.0,0
2024-10-17,10,3,0,post_monsoon,-14.0,0
2024-10-18,10,4,0,post_monsoon,-13.0,0
2024-10-19,10,5,1,post_monsoon,-12.0,0
2024-10-20,10,6,1,post_monsoon,-11.0,0
2024-10-21,10,0,0,post_monsoon,-10.0,0
2024-10-22,10,1,0,post_monsoon,-9.0,0
2024-10-23,10,2,0,post_monsoon,-8.0,0
2024-10-24,10,3,0,post_monsoon,-7.0,0
2024-10-25,10,4,0,post_monsoon,-6.0,0
2024-10-26,10,5,1,post_monsoon,-5.0,1
2024-10-27,10,6,1,post_monsoon,-4.0,1
2024-10-28,10,0,0,post_monsoon,-3.0,1
2024-10-29,10,1,0,post_monsoon,-2.0,1
2024-10-30,10,2,0,post_monsoon,-1.0,1
2024-10-31,10,3,0,post_monsoon,0.0,1
2024-11-01,11,4,0,post_monsoon,1.0,1
2024-11-02,11,5,1,post_monsoon,2.0,1
2024-11-03,11,6,1,post_monsoon,3.0,1
2024-11-04,11,0,0,post_monsoon,4.0,1
2024-11-05,11,1,0,post_monsoon,5.0,1
2024-11-06,11,2,0,post_monsoon,6.0,0
2024-11-07,11,3,0,post_monsoon,7.0,0
2024-11-08,11,4,0,post_monsoon,8.0,0
2024-11-09,11,5,1,post_monsoon,9.0,0
2024-11-10,11,6,1,post_monsoon,10.0,0
2024-11-11,11,0,0,post_monsoon,11.0,0
2024-11-12,11,1,0,post_monsoon,12.0,0
2024-11-13,11,2,0,post_monsoon,13.0,0
2024-11-14,11,3,0,post_monsoon,14.0,0
2024-11-15,11,4,0,post_monsoon,15.0,0
2024-11-16,11,5,1,post_monsoon,16.0,0
2024-11-17,11,6,1,post_monsoon,17.0,0
2024-11-18,11,0,0,post_monsoon,18.0,0
2024-11-19,11,1,0,post_monsoon,19.0,0
2024-11-20,11,2,0,post_monsoon,20.0,0
2024-11-21,11,3,0,post_monsoon,21.0,0
2024-11-22,11,4,0,post_monsoon,22.0,0
2024-11-23,11,5,1,post_monsoon,23.0,0
2024-11-24,11,6,1,post_monsoon,24.0,0
2024-11-25,11,0,0,post_monsoon,25.0,0
2024-11-26,11,1,0,post_monsoon,26.0,0
2024-11-27,11,2,0,post_monsoon,27.0,0
2024-11-28,11,3,0,post_monsoon,28.0,0
2024-11-29,11,4,0,post_monsoon,29.0,0
2024-11-30,11,5,1,post_monsoon,30.0,0
2024-12-01,12,6,1,post_monsoon,31.0,0
2024-12-02,12,0,0,post_monsoon,32.0,0
2024-12-03,12,1,0,post_monsoon,33.0,0
2024-12-04,12,2,0,post_monsoon,34.0,0
2024-12-05,12,3,0,post_monsoon,35.0,0
2024-12-06,12,4,0,post_monsoon,36.0,0
2024-12-07,12,5,1,post_monsoon,37.0,0
2024-12-08,12,6,1,post_monsoon,38.0,0
2024-12-09,12,0,0,post_monsoon,39.0,0
2024-12-10,12,1,0,post_monsoon,40.0,0
2024-12-11,12,2,0,post_monsoon,41.0,0
2024-12-12,12,3,0,post_monsoon,42.0,0
2024-12-13,12,4,0,post_monsoon,43.0,0
2024-12-14,12,5,1,post_monsoon,44.0,0
2024-12-15,12,6,1,post_monsoon,45.0,0
2024-12-16,12,0,0,post_monsoon,46.0,0
2024-12-17,12,1,0,post_monsoon,47.0,0
2024-12-18,12,2,0,post_monsoon,48.0,0
2024-12-19,12,3,0,post_monsoon,49.0,0
2024-12-20,12,4,0,post_monsoon,50.0,0
2024-12-21,12,5,1,post_monsoon,51.0,0
2024-12-22,12,6,1,post_monsoon,52.0,0
2024-12-23,12,0,0,post_monsoon,53.0,0
2024-12-24,12,1,0,post_monsoon,54.0,0
2024-12-25,12,2,0,post_monsoon,55.0,0
2024-12-26,12,3,0,post_monsoon,56.0,0
2024-12-27,12,4,0,post_monsoon,57.0,0
2024-12-28,12,5,1,post_monsoon,58.0,0
2024-12-29,12,6,1,post_monsoon,59.0,0
2024-12-30,12,0,0,post_monsoon,60.0,0
2024-12-31,12,1,0,post_monsoon,61.0,0
2025-01-01,1,2,0,winter,62.0,0
2025-01-02,1,3,0,winter,63.0,0
2025-01-03,1,4,0,winter,64.0,0
2025-01-04,1,5,1,winter,65.0,0
2025-01-05,1,6,1,winter,66.0,0
2025-01-06,1,0,0,winter,67.0,0
2025-01-07,1,1,0,winter,68.0,0
2025-01-08,1,2,0,winter,69.0,0
2025-01-09,1,3,0,winter,70.0,0
2025-01-10,1,4,0,winter,71.0,0
2025-01-11,1,5,1,winter,72.0,0
2025-01-12,1,6,1,winter,73.0,0
2025-01-13,1,0,0,winter,74.0,0
2025-01-14,1,1,0,winter,75.0,0
2025-01-15,1,2,0,winter,76.0,0
2025-01-16,1,3,0,winter,77.0,0
2025-01-17,1,4,0,winter,78.0,0
2025-01-18,1,5,1,winter,79.0,0
2025-01-19,1,6,1,winter,80.0,0
2025-01-20,1,0,0,winter,81.0,0
2025-01-21,1,1,0,winter,82.0,0
2025-01-22,1,2,0,winter,83.0,0
2025-01-23,1,3,0,winter,84.0,0
2025-01-24,1,4,0,winter,85.0,0
2025-01-25,1,5,1,winter,86.0,0
2025-01-26,1,6,1,winter,87.0,0
2025-01-27,1,0,0,winter,88.0,0
2025-01-28,1,1,0,winter,89.0,0
2025-01-29,1,2,0,winter,90.0,0
2025-01-30,1,3,0,winter,91.0,0
2025-01-31,1,4,0,winter,92.0,0
2025-02-01,2,5,1,winter,93.0,0
2025-02-02,2,6,1,winter,94.0,0
2025-02-03,2,0,0,winter,95.0,0
2025-02-04,2,1,0,winter,96.0,0
2025-02-05,2,2,0,winter,97.0,0
2025-02-06,2,3,0,winter,98.0,0
2025-02-07,2,4,0,winter,99.0,0
2025-02-08,2,5,1,winter,100.0,0
2025-02-09,2,6,1,winter,101.0,0
2025-02-10,2,0,0,winter,102.0,0
2025-02-11,2,1,0,winter,103.0,0
2025-02-12,2,2,0,winter,104.0,0
2025-02-13,2,3,0,winter,105.0,0
2025-02-14,2,4,0,winter,106.0,0
2025-02-15,2,5,1,winter,107.0,0
2025-02-16,2,6,1,winter,108.0,0
2025-02-17,2,0,0,winter,109.0,0
2025-02-18,2,1,0,winter,110.0,0
2025-02-19,2,2,0,winter,111.0,0
2025-02-20,2,3,0,winter,112.0,0
2025-02-21,2,4,0,winter,113.0,0
2025-02-22,2,5,1,winter,114.0,0
2025-02-23,2,6,1,winter,115.0,0
2025-02-24,2,0,0,winter,116.0,0
2025-02-25,2,1,0,winter,117.0,0
2025-02-26,2,2,0,winter,118.0,0
2025-02-27,2,3,0,winter,119.0,0
2025-02-28,2,4,0,winter,120.0,0
2025-03-01,3,5,1,pre_monsoon,121.0,0
2025-03-02,3,6,1,pre_monsoon,122.0,0
2025-03-03,3,0,0,pre_monsoon,123.0,0
2025-03-04,3,1,0,pre_monsoon,124.0,0
2025-03-05,3,2,0,pre_monsoon,125.0,0
2025-03-06,3,3,0,pre_monsoon,126.0,0
2025-03-07,3,4,0,pre_monsoon,127.0,0
2025-03-08,3,5,1,pre_monsoon,128.0,0
2025-03-09,3,6,1,pre_monsoon,129.0,0
2025-03-10,3,0,0,pre_monsoon,130.0,0
2025-03-11,3,1,0,pre_monsoon,131.0,0
2025-03-12,3,2,0,pre_monsoon,132.0,0
2025-03-13,3,3,0,pre_monsoon,133.0,0
2025-03-14,3,4,0,pre_monsoon,134.0,0
2025-03-15,3,5,1,pre_monsoon,135.0,0
2025-03-16,3,6,1,pre_monsoon,136.0,0
2025-03-17,3,0,0,pre_monsoon,137.0,0
2025-03-18,3,1,0,pre_monsoon,138.0,0
2025-03-19,3,2,0,pre_monsoon,139.0,0
2025-03-20,3,3,0,pre_monsoon,140.0,0
2025-03-21,3,4,0,pre_monsoon,141.0,0
2025-03-22,3,5,1,pre_monsoon,142.0,0
2025-03-23,3,6,1,pre_monsoon,143.0,0
2025-03-24,3,0,0,pre_monsoon,144.0,0
2025-03-25,3,1,0,pre_monsoon,145.0,0
2025-03-26,3,2,0,pre_monsoon,146.0,0
2025-03-27,3,3,0,pre_monsoon,147.0,0
2025-03-28,3,4,0,pre_monsoon,148.0,0
2025-03-29,3,5,1,pre_monsoon,149.0,0
2025-03-30,3,6,1,pre_monsoon,150.0,0
2025-03-31,3,0,0,pre_monsoon,151.0,0
2025-04-01,4,1,0,pre_monsoon,152.0,0
2025-04-02,4,2,0,pre_monsoon,153.0,0
2025-04-03,4,3,0,pre_monsoon,154.0,0
2025-04-04,4,4,0,pre_monsoon,155.0,0
2025-04-05,4,5,1,pre_monsoon,156.0,0
2025-04-06,4,6,1,pre_monsoon,157.0,0
2025-04-07,4,0,0,pre_monsoon,158.0,0
2025-04-08,4,1,0,pre_monsoon,159.0,0
2025-04-09,4,2,0,pre_monsoon,160.0,0
2025-04-10,4,3,0,pre_monsoon,161.0,0
2025-04-11,4,4,0,pre_monsoon,162.0,0
2025-04-12,4,5,1,pre_monsoon,163.0,0
2025-04-13,4,6,1,pre_monsoon,164.0,0
2025-04-14,4,0,0,pre_monsoon,165.0,0
2025-04-15,4,1,0,pre_monsoon,166.0,0
2025-04-16,4,2,0,pre_monsoon,167.0,0
2025-04-17,4,3,0,pre_monsoon,168.0,0
2025-04-18,4,4,0,pre_monsoon,169.0,0
2025-04-19,4,5,1,pre_monsoon,170.0,0
2025-04-20,4,6,1,pre_monsoon,171.0,0
2025-04-21,4,0,0,pre_monsoon,172.0,0
2025-04-22,4,1,0,pre_monsoon,173.0,0
2025-04-23,4,2,0,pre_monsoon,174.0,0
2025-04-24,4,3,0,pre_monsoon,175.0,0
2025-04-25,4,4,0,pre_monsoon,176.0,0
2025-04-26,4,5,1,pre_monsoon,177.0,0
2025-04-27,4,6,1,pre_monsoon,-176.0,0
2025-04-28,4,0,0,pre_monsoon,-175.0,0
2025-04-29,4,1,0,pre_monsoon,-174.0,0
2025-04-30,4,2,0,pre_monsoon,-173.0,0
2025-05-01,5,3,0,pre_monsoon,-172.0,0
2025-05-02,5,4,0,pre_monsoon,-171.0,0
2025-05-03,5,5,1,pre_monsoon,-170.0,0
2025-05-04,5,6,1,pre_monsoon,-169.0,0
2025-05-05,5,0,0,pre_monsoon,-168.0,0
2025-05-06,5,1,0,pre_monsoon,-167.0,0
2025-05-07,5,2,0,pre_monsoon,-166.0,0
2025-05-08,5,3,0,pre_monsoon,-165.0,0
2025-05-09,5,4,0,pre_monsoon,-164.0,0
2025-05-10,5,5,1,pre_monsoon,-163.0,0
2025-05-11,5,6,1,pre_monsoon,-162.0,0
2025-05-12,5,0,0,pre_monsoon,-161.0,0
2025-05-13,5,1,0,pre_monsoon,-160.0,0
2025-05-14,5,2,0,pre_monsoon,-159.0,0
2025-05-15,5,3,0,pre_monsoon,-158.0,0
2025-05-16,5,4,0,pre_monsoon,-157.0,0
2025-05-17,5,5,1,pre_monsoon,-156.0,0
2025-05-18,5,6,1,pre_monsoon,-155.0,0
2025-05-19,5,0,0,pre_monsoon,-154.0,0
2025-05-20,5,1,0,pre_monsoon,-153.0,0
2025-05-21,5,2,0,pre_monsoon,-152.0,0
2025-05-22,5,3,0,pre_monsoon,-151.0,0
2025-05-23,5,4,0,pre_monsoon,-150.0,0
2025-05-24,5,5,1,pre_monsoon,-149.0,0
2025-05-25,5,6,1,pre_monsoon,-148.0,0
2025-05-26,5,0,0,pre_monsoon,-147.0,0
2025-05-27,5,1,0,pre_monsoon,-146.0,0
2025-05-28,5,2,0,pre_monsoon,-145.0,0
2025-05-29,5,3,0,pre_monsoon,-144.0,0
2025-05-30,5,4,0,pre_monsoon,-143.0,0
2025-05-31,5,5,1,pre_monsoon,-142.0,0
2025-06-01,6,6,1,monsoon,-141.0,0
2025-06-02,6,0,0,monsoon,-140.0,0
2025-06-03,6,1,0,monsoon,-139.0,0
2025-06-04,6,2,0,monsoon,-138.0,0
2025-06-05,6,3,0,monsoon,-137.0,0
2025-06-06,6,4,0,monsoon,-136.0,0
2025-06-07,6,5,1,monsoon,-135.0,0
2025-06-08,6,6,1,monsoon,-134.0,0
2025-06-09,6,0,0,monsoon,-133.0,0
2025-06-10,6,1,0,monsoon,-132.0,0
2025-06-11,6,2,0,monsoon,-131.0,0
2025-06-12,6,3,0,monsoon,-130.0,0
2025-06-13,6,4,0,monsoon,-129.0,0
2025-06-14,6,5,1,monsoon,-128.0,0
2025-06-15,6,6,1,monsoon,-127.0,0
2025-06-16,6,0,0,monsoon,-126.0,0
2025-06-17,6,1,0,monsoon,-125.0,0
2025-06-18,6,2,0,monsoon,-124.0,0
2025-06-19,6,3,0,monsoon,-123.0,0
2025-06-20,6,4,0,monsoon,-122.0,0
2025-06-21,6,5,1,monsoon,-121.0,0
2025-06-22,6,6,1,monsoon,-120.0,0
2025-06-23,6,0,0,monsoon,-119.0,0
2025-06-24,6,1,0,monsoon,-118.0,0
2025-06-25,6,2,0,monsoon,-117.0,0
2025-06-26,6,3,0,monsoon,-116.0,0
2025-06-27,6,4,0,monsoon,-115.0,0
2025-06-28,6,5,1,monsoon,-114.0,0
2025-06-29,6,6,1,monsoon,-113.0,0
2025-06-30,6,0,0,monsoon,-112.0,0
2025-07-01,7,1,0,monsoon,-111.0,0
2025-07-02,7,2,0,monsoon,-110.0,0
2025-07-03,7,3,0,monsoon,-109.0,0
2025-07-04,7,4,0,monsoon,-108.0,0
2025-07-05,7,5,1,monsoon,-107.0,0
2025-07-06,7,6,1,monsoon,-106.0,0
2025-07-07,7,0,0,monsoon,-105.0,0
2025-07-08,7,1,0,monsoon,-104.0,0
2025-07-09,7,2,0,monsoon,-103.0,0
2025-07-10,7,3,0,monsoon,-102.0,0
2025-07-11,7,4,0,monsoon,-101.0,0
2025-07-12,7,5,1,monsoon,-100.0,0
2025-07-13,7,6,1,monsoon,-99.0,0
2025-07-14,7,0,0,monsoon,-98.0,0
2025-07-15,7,1,0,monsoon,-97.0,0
2025-07-16,7,2,0,monsoon,-96.0,0
2025-07-17,7,3,0,monsoon,-95.0,0
2025-07-18,7,4,0,monsoon,-94.0,0
2025-07-19,7,5,1,monsoon,-93.0,0
2025-07-20,7,6,1,monsoon,-92.0,0
2025-07-21,7,0,0,monsoon,-91.0,0
2025-07-22,7,1,0,monsoon,-90.0,0
2025-07-23,7,2,0,monsoon,-89.0,0
2025-07-24,7,3,0,monsoon,-88.0,0
2025-07-25,7,4,0,monsoon,-87.0,0
2025-07-26,7,5,1,monsoon,-86.0,0
2025-07-27,7,6,1,monsoon,-85.0,0
2025-07-28,7,0,0,monsoon,-84.0,0
2025-07-29,7,1,0,monsoon,-83.0,0
2025-07-30,7,2,0,monsoon,-82.0,0
2025-07-31,7,3,0,monsoon,-81.0,0
2025-08-01,8,4,0,monsoon,-80.0,0
2025-08-02,8,5,1,monsoon,-79.0,0
2025-08-03,8,6,1,monsoon,-78.0,0
2025-08-04,8,0,0,monsoon,-77.0,0
2025-08-05,8,1,0,monsoon,-76.0,0
2025-08-06,8,2,0,monsoon,-75.0,0
2025-08-07,8,3,0,monsoon,-74.0,0
2025-08-08,8,4,0,monsoon,-73.0,0
2025-08-09,8,5,1,monsoon,-72.0,0
2025-08-10,8,6,1,monsoon,-71.0,0
2025-08-11,8,0,0,monsoon,-70.0,0
2025-08-12,8,1,0,monsoon,-69.0,0
2025-08-13,8,2,0,monsoon,-68.0,0
2025-08-14,8,3,0,monsoon,-67.0,0
2025-08-15,8,4,0,monsoon,-66.0,0
2025-08-16,8,5,1,monsoon,-65.0,0
2025-08-17,8,6,1,monsoon,-64.0,0
2025-08-18,8,0,0,monsoon,-63.0,0
2025-08-19,8,1,0,monsoon,-62.0,0
2025-08-20,8,2,0,monsoon,-61.0,0
2025-08-21,8,3,0,monsoon,-60.0,0
2025-08-22,8,4,0,monsoon,-59.0,0
2025-08-23,8,5,1,monsoon,-58.0,0
2025-08-24,8,6,1,monsoon,-57.0,0
2025-08-25,8,0,0,monsoon,-56.0,0
2025-08-26,8,1,0,monsoon,-55.0,0
2025-08-27,8,2,0,monsoon,-54.0,0
2025-08-28,8,3,0,monsoon,-53.0,0
2025-08-29,8,4,0,monsoon,-52.0,0
2025-08-30,8,5,1,monsoon,-51.0,0
2025-08-31,8,6,1,monsoon,-50.0,0
2025-09-01,9,0,0,monsoon,-49.0,0
2025-09-02,9,1,0,monsoon,-48.0,0
2025-09-03,9,2,0,monsoon,-47.0,0
2025-09-04,9,3,0,monsoon,-46.0,0
2025-09-05,9,4,0,monsoon,-45.0,0
2025-09-06,9,5,1,monsoon,-44.0,0
2025-09-07,9,6,1,monsoon,-43.0,0
2025-09-08,9,0,0,monsoon,-42.0,0
2025-09-09,9,1,0,monsoon,-41.0,0
2025-09-10,9,2,0,monsoon,-40.0,0
2025-09-11,9,3,0,monsoon,-39.0,0
2025-09-12,9,4,0,monsoon,-38.0,0
2025-09-13,9,5,1,monsoon,-37.0,0
2025-09-14,9,6,1,monsoon,-36.0,0
2025-09-15,9,0,0,monsoon,-35.0,0
2025-09-16,9,1,0,monsoon,-34.0,0
2025-09-17,9,2,0,monsoon,-33.0,0
2025-09-18,9,3,0,monsoon,-32.0,0
2025-09-19,9,4,0,monsoon,-31.0,0
2025-09-20,9,5,1,monsoon,-30.0,0
2025-09-21,9,6,1,monsoon,-29.0,0
2025-09-22,9,0,0,monsoon,-28.0,0
2025-09-23,9,1,0,monsoon,-27.0,0
2025-09-24,9,2,0,monsoon,-26.0,0
2025-09-25,9,3,0,monsoon,-25.0,0
2025-09-26,9,4,0,monsoon,-24.0,0
2025-09-27,9,5,1,monsoon,-23.0,0
2025-09-28,9,6,1,monsoon,-22.0,0
2025-09-29,9,0,0,monsoon,-21.0,0
2025-09-30,9,1,0,monsoon,-20.0,0
2025-10-01,10,2,0,post_monsoon,-19.0,0
2025-10-02,10,3,0,post_monsoon,-18.0,0
2025-10-03,10,4,0,post_monsoon,-17.0,0
2025-10-04,10,5,1,post_monsoon,-16.0,0
2025-10-05,10,6,1,post_monsoon,-15.0,0
2025-10-06,10,0,0,post_monsoon,-14.0,0
2025-10-07,10,1,0,post_monsoon,-13.0,0
2025-10-08,10,2,0,post_monsoon,-12.0,0
2025-10-09,10,3,0,post_monsoon,-11.0,0
2025-10-10,10,4,0,post_monsoon,-10.0,0
2025-10-11,10,5,1,post_monsoon,-9.0,0
2025-10-12,10,6,1,post_monsoon,-8.0,0
2025-10-13,10,0,0,post_monsoon,-7.0,0
2025-10-14,10,1,0,post_monsoon,-6.0,0
2025-10-15,10,2,0,post_monsoon,-5.0,1
2025-10-16,10,3,0,post_monsoon,-4.0,1
2025-10-17,10,4,0,post_monsoon,-3.0,1
2025-10-18,10,5,1,post_monsoon,-2.0,1
2025-10-19,10,6,1,post_monsoon,-1.0,1
2025-10-20,10,0,0,post_monsoon,0.0,1
2025-10-21,10,1,0,post_monsoon,1.0,1
2025-10-22,10,2,0,post_monsoon,2.0,1
2025-10-23,10,3,0,post_monsoon,3.0,1
2025-10-24,10,4,0,post_monsoon,4.0,1
2025-10-25,10,5,1,post_monsoon,5.0,1
2025-10-26,10,6,1,post_monsoon,6.0,0
2025-10-27,10,0,0,post_monsoon,7.0,0
2025-10-28,10,1,0,post_monsoon,8.0,0
2025-10-29,10,2,0,post_monsoon,9.0,0
2025-10-30,10,3,0,post_monsoon,10.0,0
2025-10-31,10,4,0,post_monsoon,11.0,0
2025-11-01,11,5,1,post_monsoon,12.0,0
2025-11-02,11,6,1,post_monsoon,13.0,0
2025-11-03,11,0,0,post_monsoon,14.0,0
2025-11-04,11,1,0,post_monsoon,15.0,0
2025-11-05,11,2,0,post_monsoon,16.0,0
2025-11-06,11,3,0,post_monsoon,17.0,0
2025-11-07,11,4,0,post_monsoon,18.0,0
2025-11-08,11,5,1,post_monsoon,19.0,0
2025-11-09,11,6,1,post_monsoon,20.0,0
2025-11-10,11,0,0,post_monsoon,21.0,0
2025-11-11,11,1,0,post_monsoon,22.0,0
2025-11-12,11,2,0,post_monsoon,23.0,0
2025-11-13,11,3,0,post_monsoon,24.0,0
2025-11-14,11,4,0,post_monsoon,25.0,0
2025-11-15,11,5,1,post_monsoon,26.0,0
2025-11-16,11,6,1,post_monsoon,27.0,0
2025-11-17,11,0,0,post_monsoon,28.0,0
2025-11-18,11,1,0,post_monsoon,29.0,0
2025-11-19,11,2,0,post_monsoon,30.0,0
2025-11-20,11,3,0,post_monsoon,31.0,0
2025-11-21,11,4,0,post_monsoon,32.0,0
2025-11-22,11,5,1,post_monsoon,33.0,0
2025-11-23,11,6,1,post_monsoon,34.0,0
2025-11-24,11,0,0,post_monsoon,35.0,0
2025-11-25,11,1,0,post_monsoon,36.0,0
2025-11-26,11,2,0,post_monsoon,37.0,0
2025-11-27,11,3,0,post_monsoon,38.0,0
2025-11-28,11,4,0,post_monsoon,39.0,0
2025-11-29,11,5,1,post_monsoon,40.0,0
2025-11-30,11,6,1,post_monsoon,41.0,0
2025-12-01,12,0,0,post_monsoon,42.0,0
2025-12-02,12,1,0,post_monsoon,43.0,0
2025-12-03,12,2,0,post_monsoon,44.0,0
2025-12-04,12,3,0,post_monsoon,45.0,0
2025-12-05,12,4,0,post_monsoon,46.0,0
2025-12-06,12,5,1,post_monsoon,47.0,0
2025-12-07,12,6,1,post_monsoon,48.0,0
2025-12-08,12,0,0,post_monsoon,49.0,0
2025-12-09,12,1,0,post_monsoon,50.0,0
2025-12-10,12,2,0,post_monsoon,51.0,0
2025-12-11,12,3,0,post_monsoon,52.0,0
2025-12-12,12,4,0,post_monsoon,53.0,0
2025-12-13,12,5,1,post_monsoon,54.0,0
2025-12-14,12,6,1,post_monsoon,55.0,0
2025-12-15,12,0,0,post_monsoon,56.0,0
2025-12-16,12,1,0,post_monsoon,57.0,0
2025-12-17,12,2,0,post_monsoon,58.0,0
2025-12-18,12,3,0,post_monsoon,59.0,0
2025-12-19,12,4,0,post_monsoon,60.0,0
2025-12-20,12,5,1,post_monsoon,61.0,0
2025-12-21,12,6,1,post_monsoon,62.0,0
2025-12-22,12,0,0,post_monsoon,63.0,0
2025-12-23,12,1,0,post_monsoon,64.0,0
2025-12-24,12,2,0,post_monsoon,65.0,0
2025-12-25,12,3,0,post_monsoon,66.0,0
2025-12-26,12,4,0,post_monsoon,67.0,0
2025-12-27,12,5,1,post_monsoon,68.0,0
2025-12-28,12,6,1,post_monsoon,69.0,0
2025-12-29,12,0,0,post_monsoon,70.0,0
2025-12-30,12,1,0,post_monsoon,71.0,0
2025-12-31,12,2,0,post_monsoon,72.0,0
2026-01-01,1,3,0,winter,73.0,0
2026-01-02,1,4,0,winter,74.0,0
2026-01-03,1,5,1,winter,75.0,0
2026-01-04,1,6,1,winter,76.0,0
2026-01-05,1,0,0,winter,77.0,0
2026-01-06,1,1,0,winter,78.0,0
2026-01-07,1,2,0,winter,79.0,0
2026-01-08,1,3,0,winter,80.0,0
2026-01-09,1,4,0,winter,81.0,0
2026-01-10,1,5,1,winter,82.0,0
2026-01-11,1,6,1,winter,83.0,0
2026-01-12,1,0,0,winter,84.0,0
2026-01-13,1,1,0,winter,85.0,0
2026-01-14,1,2,0,winter,86.0,0
2026-01-15,1,3,0,winter,87.0,0
2026-01-16,1,4,0,winter,88.0,0
2026-01-17,1,5,1,winter,89.0,0
2026-01-18,1,6,1,winter,90.0,0
2026-01-19,1,0,0,winter,91.0,0
2026-01-20,1,1,0,winter,92.0,0
2026-01-21,1,2,0,winter,93.0,0
2026-01-22,1,3,0,winter,94.0,0
2026-01-23,1,4,0,winter,95.0,0
2026-01-24,1,5,1,winter,96.0,0
2026-01-25,1,6,1,winter,97.0,0
2026-01-26,1,0,0,winter,98.0,0
2026-01-27,1,1,0,winter,99.0,0
2026-01-28,1,2,0,winter,100.0,0
2026-01-29,1,3,0,winter,101.0,0
2026-01-30,1,4,0,winter,102.0,0
2026-01-31,1,5,1,winter,103.0,0
2026-02-01,2,6,1,winter,104.0,0
2026-02-02,2,0,0,winter,105.0,0
2026-02-03,2,1,0,winter,106.0,0
2026-02-04,2,2,0,winter,107.0,0
2026-02-05,2,3,0,winter,108.0,0
2026-02-06,2,4,0,winter,109.0,0
2026-02-07,2,5,1,winter,110.0,0
2026-02-08,2,6,1,winter,111.0,0
2026-02-09,2,0,0,winter,112.0,0
2026-02-10,2,1,0,winter,113.0,0
2026-02-11,2,2,0,winter,114.0,0
2026-02-12,2,3,0,winter,115.0,0
2026-02-13,2,4,0,winter,116.0,0
2026-02-14,2,5,1,winter,117.0,0
2026-02-15,2,6,1,winter,118.0,0
2026-02-16,2,0,0,winter,119.0,0
2026-02-17,2,1,0,winter,120.0,0
2026-02-18,2,2,0,winter,121.0,0
2026-02-19,2,3,0,winter,122.0,0
2026-02-20,2,4,0,winter,123.0,0
2026-02-21,2,5,1,winter,124.0,0
2026-02-22,2,6,1,winter,125.0,0
2026-02-23,2,0,0,winter,126.0,0
2026-02-24,2,1,0,winter,127.0,0
2026-02-25,2,2,0,winter,128.0,0
2026-02-26,2,3,0,winter,129.0,0
2026-02-27,2,4,0,winter,130.0,0
2026-02-28,2,5,1,winter,131.0,0
2026-03-01,3,6,1,pre_monsoon,132.0,0
2026-03-02,3,0,0,pre_monsoon,133.0,0
2026-03-03,3,1,0,pre_monsoon,134.0,0
2026-03-04,3,2,0,pre_monsoon,135.0,0
2026-03-05,3,3,0,pre_monsoon,136.0,0
2026-03-06,3,4,0,pre_monsoon,137.0,0
2026-03-07,3,5,1,pre_monsoon,138.0,0
2026-03-08,3,6,1,pre_monsoon,139.0,0
2026-03-09,3,0,0,pre_monsoon,140.0,0
2026-03-10,3,1,0,pre_monsoon,141.0,0
2026-03-11,3,2,0,pre_monsoon,142.0,0
2026-03-12,3,3,0,pre_monsoon,143.0,0
2026-03-13,3,4,0,pre_monsoon,144.0,0
2026-03-14,3,5,1,pre_monsoon,145.0,0
2026-03-15,3,6,1,pre_monsoon,146.0,0
2026-03-16,3,0,0,pre_monsoon,147.0,0
2026-03-17,3,1,0,pre_monsoon,148.0,0
2026-03-18,3,2,0,pre_monsoon,149.0,0
2026-03-19,3,3,0,pre_monsoon,150.0,0
2026-03-20,3,4,0,pre_monsoon,151.0,0
2026-03-21,3,5,1,pre_monsoon,152.0,0
2026-03-22,3,6,1,pre_monsoon,153.0,0
2026-03-23,3,0,0,pre_monsoon,154.0,0
2026-03-24,3,1,0,pre_monsoon,155.0,0
2026-03-25,3,2,0,pre_monsoon,156.0,0
2026-03-26,3,3,0,pre_monsoon,157.0,0
2026-03-27,3,4,0,pre_monsoon,158.0,0
2026-03-28,3,5,1,pre_monsoon,159.0,0
2026-03-29,3,6,1,pre_monsoon,160.0,0
2026-03-30,3,0,0,pre_monsoon,161.0,0
2026-03-31,3,1,0,pre_monsoon,162.0,0
2026-04-01,4,2,0,pre_monsoon,163.0,0
2026-04-02,4,3,0,pre_monsoon,164.0,0
2026-04-03,4,4,0,pre_monsoon,165.0,0
2026-04-04,4,5,1,pre_monsoon,166.0,0
2026-04-05,4,6,1,pre_monsoon,167.0,0
2026-04-06,4,0,0,pre_monsoon,168.0,0
2026-04-07,4,1,0,pre_monsoon,169.0,0
2026-04-08,4,2,0,pre_monsoon,170.0,0
2026-04-09,4,3,0,pre_monsoon,171.0,0
2026-04-10,4,4,0,pre_monsoon,172.0,0
2026-04-11,4,5,1,pre_monsoon,173.0,0
2026-04-12,4,6,1,pre_monsoon,174.0,0
2026-04-13,4,0,0,pre_monsoon,175.0,0
2026-04-14,4,1,0,pre_monsoon,176.0,0
2026-04-15,4,2,0,pre_monsoon,177.0,0
2026-04-16,4,3,0,pre_monsoon,178.0,0
2026-04-17,4,4,0,pre_monsoon,179.0,0
2026-04-18,4,5,1,pre_monsoon,180.0,0
2026-04-19,4,6,1,pre_monsoon,181.0,0
2026-04-20,4,0,0,pre_monsoon,182.0,0
2026-04-21,4,1,0,pre_monsoon,183.0,0
2026-04-22,4,2,0,pre_monsoon,184.0,0
2026-04-23,4,3,0,pre_monsoon,185.0,0
2026-04-24,4,4,0,pre_monsoon,186.0,0
2026-04-25,4,5,1,pre_monsoon,187.0,0
2026-04-26,4,6,1,pre_monsoon,188.0,0
2026-04-27,4,0,0,pre_monsoon,189.0,0
2026-04-28,4,1,0,pre_monsoon,190.0,0
2026-04-29,4,2,0,pre_monsoon,191.0,0
2026-04-30,4,3,0,pre_monsoon,192.0,0
2026-05-01,5,4,0,pre_monsoon,193.0,0
2026-05-02,5,5,1,pre_monsoon,194.0,0
2026-05-03,5,6,1,pre_monsoon,195.0,0
2026-05-04,5,0,0,pre_monsoon,196.0,0
2026-05-05,5,1,0,pre_monsoon,197.0,0
2026-05-06,5,2,0,pre_monsoon,198.0,0
2026-05-07,5,3,0,pre_monsoon,199.0,0
2026-05-08,5,4,0,pre_monsoon,200.0,0
2026-05-09,5,5,1,pre_monsoon,201.0,0
2026-05-10,5,6,1,pre_monsoon,202.0,0
2026-05-11,5,0,0,pre_monsoon,203.0,0
2026-05-12,5,1,0,pre_monsoon,204.0,0
2026-05-13,5,2,0,pre_monsoon,205.0,0
2026-05-14,5,3,0,pre_monsoon,206.0,0
2026-05-15,5,4,0,pre_monsoon,207.0,0
2026-05-16,5,5,1,pre_monsoon,208.0,0
2026-05-17,5,6,1,pre_monsoon,209.0,0
2026-05-18,5,0,0,pre_monsoon,210.0,0
2026-05-19,5,1,0,pre_monsoon,211.0,0
2026-05-20,5,2,0,pre_monsoon,212.0,0
2026-05-21,5,3,0,pre_monsoon,213.0,0
2026-05-22,5,4,0,pre_monsoon,214.0,0
2026-05-23,5,5,1,pre_monsoon,215.0,0
2026-05-24,5,6,1,pre_monsoon,216.0,0
2026-05-25,5,0,0,pre_monsoon,217.0,0
2026-05-26,5,1,0,pre_monsoon,218.0,0
2026-05-27,5,2,0,pre_monsoon,219.0,0
2026-05-28,5,3,0,pre_monsoon,220.0,0
2026-05-29,5,4,0,pre_monsoon,221.0,0
2026-05-30,5,5,1,pre_monsoon,222.0,0
2026-05-31,5,6,1,pre_monsoon,223.0,0
2026-06-01,6,0,0,monsoon,224.0,0
2026-06-02,6,1,0,monsoon,225.0,0
2026-06-03,6,2,0,monsoon,226.0,0
2026-06-04,6,3,0,monsoon,227.0,0
2026-06-05,6,4,0,monsoon,228.0,0
2026-06-06,6,5,1,monsoon,229.0,0
2026-06-07,6,6,1,monsoon,230.0,0
2026-06-08,6,0,0,monsoon,231.0,0
2026-06-09,6,1,0,monsoon,232.0,0
2026-06-10,6,2,0,monsoon,233.0,0
2026-06-11,6,3,0,monsoon,234.0,0
2026-06-12,6,4,0,monsoon,235.0,0
2026-06-13,6,5,1,monsoon,236.0,0
2026-06-14,6,6,1,monsoon,237.0,0
2026-06-15,6,0,0,monsoon,238.0,0
2026-06-16,6,1,0,monsoon,239.0,0
2026-06-17,6,2,0,monsoon,240.0,0
2026-06-18,6,3,0,monsoon,241.0,0
2026-06-19,6,4,0,monsoon,242.0,0
2026-06-20,6,5,1,monsoon,243.0,0
2026-06-21,6,6,1,monsoon,244.0,0
2026-06-22,6,0,0,monsoon,245.0,0
2026-06-23,6,1,0,monsoon,246.0,0
2026-06-24,6,2,0,monsoon,247.0,0
2026-06-25,6,3,0,monsoon,248.0,0
2026-06-26,6,4,0,monsoon,249.0,0
2026-06-27,6,5,1,monsoon,250.0,0
2026-06-28,6,6,1,monsoon,251.0,0
2026-06-29,6,0,0,monsoon,252.0,0
2026-06-30,6,1,0,monsoon,253.0,0
2026-07-01,7,2,0,monsoon,254.0,0
2026-07-02,7,3,0,monsoon,255.0,0
2026-07-03,7,4,0,monsoon,256.0,0
2026-07-04,7,5,1,monsoon,257.0,0
2026-07-05,7,6,1,monsoon,258.0,0
2026-07-06,7,0,0,monsoon,259.0,0
2026-07-07,7,1,0,monsoon,260.0,0
2026-07-08,7,2,0,monsoon,261.0,0
2026-07-09,7,3,0,monsoon,262.0,0
2026-07-10,7,4,0,monsoon,263.0,0
2026-07-11,7,5,1,monsoon,264.0,0
2026-07-12,7,6,1,monsoon,265.0,0
2026-07-13,7,0,0,monsoon,266.0,0
2026-07-14,7,1,0,monsoon,267.0,0
2026-07-15,7,2,0,monsoon,268.0,0
2026-07-16,7,3,0,monsoon,269.0,0
2026-07-17,7,4,0,monsoon,270.0,0
2026-07-18,7,5,1,monsoon,271.0,0
2026-07-19,7,6,1,monsoon,272.0,0
2026-07-20,7,0,0,monsoon,273.0,0
2026-07-21,7,1,0,monsoon,274.0,0
2026-07-22,7,2,0,monsoon,275.0,0
2026-07-23,7,3,0,monsoon,276.0,0
2026-07-24,7,4,0,monsoon,277.0,0
2026-07-25,7,5,1,monsoon,278.0,0
2026-07-26,7,6,1,monsoon,279.0,0
2026-07-27,7,0,0,monsoon,280.0,0
2026-07-28,7,1,0,monsoon,281.0,0
2026-07-29,7,2,0,monsoon,282.0,0
2026-07-30,7,3,0,monsoon,283.0,0
2026-07-31,7,4,0,monsoon,284.0,0
2026-08-01,8,5,1,monsoon,285.0,0
2026-08-02,8,6,1,monsoon,286.0,0
2026-08-03,8,0,0,monsoon,287.0,0
2026-08-04,8,1,0,monsoon,288.0,0
2026-08-05,8,2,0,monsoon,289.0,0
2026-08-06,8,3,0,monsoon,290.0,0
2026-08-07,8,4,0,monsoon,291.0,0
2026-08-08,8,5,1,monsoon,292.0,0
2026-08-09,8,6,1,monsoon,293.0,0
2026-08-10,8,0,0,monsoon,294.0,0
2026-08-11,8,1,0,monsoon,295.0,0
2026-08-12,8,2,0,monsoon,296.0,0
2026-08-13,8,3,0,monsoon,297.0,0
2026-08-14,8,4,0,monsoon,298.0,0
2026-08-15,8,5,1,monsoon,299.0,0
2026-08-16,8,6,1,monsoon,300.0,0
2026-08-17,8,0,0,monsoon,301.0,0
2026-08-18,8,1,0,monsoon,302.0,0
2026-08-19,8,2,0,monsoon,303.0,0
2026-08-20,8,3,0,monsoon,304.0,0
2026-08-21,8,4,0,monsoon,305.0,0
2026-08-22,8,5,1,monsoon,306.0,0
2026-08-23,8,6,1,monsoon,307.0,0
2026-08-24,8,0,0,monsoon,308.0,0
2026-08-25,8,1,0,monsoon,309.0,0
2026-08-26,8,2,0,monsoon,310.0,0
2026-08-27,8,3,0,monsoon,311.0,0
2026-08-28,8,4,0,monsoon,312.0,0
2026-08-29,8,5,1,monsoon,313.0,0
2026-08-30,8,6,1,monsoon,314.0,0
2026-08-31,8,0,0,monsoon,315.0,0
2026-09-01,9,1,0,monsoon,316.0,0
2026-09-02,9,2,0,monsoon,317.0,0
2026-09-03,9,3,0,monsoon,318.0,0
2026-09-04,9,4,0,monsoon,319.0,0
2026-09-05,9,5,1,monsoon,320.0,0
2026-09-06,9,6,1,monsoon,321.0,0
2026-09-07,9,0,0,monsoon,322.0,0
2026-09-08,9,1,0,monsoon,323.0,0
2026-09-09,9,2,0,monsoon,324.0,0
2026-09-10,9,3,0,monsoon,325.0,0
2026-09-11,9,4,0,monsoon,326.0,0
2026-09-12,9,5,1,monsoon,327.0,0
2026-09-13,9,6,1,monsoon,328.0,0
2026-09-14,9,0,0,monsoon,329.0,0
2026-09-15,9,1,0,monsoon,330.0,0
2026-09-16,9,2,0,monsoon,331.0,0
2026-09-17,9,3,0,monsoon,332.0,0
2026-09-18,9,4,0,monsoon,333.0,0
2026-09-19,9,5,1,monsoon,334.0,0
2026-09-20,9,6,1,monsoon,335.0,0
2026-09-21,9,0,0,monsoon,336.0,0
2026-09-22,9,1,0,monsoon,337.0,0
2026-09-23,9,2,0,monsoon,338.0,0
2026-09-24,9,3,0,monsoon,339.0,0
2026-09-25,9,4,0,monsoon,340.0,0
2026-09-26,9,5,1,monsoon,341.0,0
2026-09-27,9,6,1,monsoon,342.0,0
2026-09-28,9,0,0,monsoon,343.0,0
2026-09-29,9,1,0,monsoon,344.0,0
2026-09-30,9,2,0,monsoon,345.0,0
