date,temp_mean,temp_min,temp_max,humidity_mean,dewpoint_mean,wind_speed_mean,wind_gust_max,pressure_mean,precip_sum,cloud_mean,hours,wind_dir_deg
2018-01-01,13.133333333333333,6.8,20.1,66.54166666666667,6.3,1.6500000000000001,6.1,988.8666666666667,0.0,0.7916666666666666,24,295.0895465622135
2018-01-02,13.433333333333332,6.5,19.8,69.04166666666667,7.420833333333333,1.6091666666666666,5.9,989.2916666666666,0.0,0.25,24,297.0714822881921
2018-01-03,12.225,6.9,19.8,73.875,7.158333333333334,2.1404166666666664,6.5,989.6583333333333,0.0,0.0,24,290.2846058342847
2018-01-04,11.841666666666667,5.9,20.3,73.875,6.441666666666666,1.9358333333333333,5.4,989.7541666666666,0.0,0.5416666666666666,24,277.58014566094755
2018-01-05,12.370833333333332,6.6,20.3,74.16666666666667,7.2749999999999995,1.8866666666666667,5.3,989.2833333333333,0.0,0.041666666666666664,24,117.14842786119482
2018-01-06,12.070833333333333,5.5,19.5,76.33333333333333,7.6125,2.0433333333333334,6.4,988.4125,0.0,8.666666666666666,24,306.3410796700423
2018-01-07,11.891666666666666,6.1,18.8,69.20833333333333,5.883333333333333,3.329166666666667,9.7,989.3333333333334,0.0,0.0,24,282.39212628443534
2018-01-08,12.154166666666667,6.8,19.6,70.08333333333333,6.3,3.0079166666666666,7.8,990.9583333333334,0.0,0.0,24,282.84400999991755
2018-01-09,12.125,5.8,19.8,70.70833333333333,6.341666666666666,2.6679166666666667,7.9,992.9833333333332,0.0,0.0,24,286.952602956416
2018-01-10,13.35,7.3,20.8,67.5,6.895833333333333,3.9616666666666664,10.1,992.5500000000001,0.0,0.041666666666666664,24,285.32840050100106
2018-01-11,13.9375,8.3,21.2,63.458333333333336,6.5,4.070416666666667,10.3,991.15,0.0,0.0,24,283.23357189286435
2018-01-12,14.845833333333333,8.9,21.9,58.333333333333336,6.354166666666667,3.0141666666666667,8.4,990.15,0.0,13.541666666666666,24,279.2174886131305
2018-01-13,13.991666666666667,6.5,21.6,68.79166666666667,7.7749999999999995,2.23625,6.7,990.4166666666666,0.0,0.5,24,307.5126789782038
2018-01-14,13.5,7.3,21.9,68.79166666666667,7.183333333333334,2.7133333333333334,7.2,990.3041666666667,0.0,0.0,24,284.8020225314692
2018-01-15,13.904166666666667,7.2,21.8,63.416666666666664,6.370833333333334,3.3229166666666665,9.6,990.6083333333332,0.0,0.0,24,292.7437704871679
2018-01-16,14.579166666666666,9.0,22.1,56.791666666666664,5.408333333333334,3.3504166666666664,8.3,988.3541666666666,0.0,0.0,24,282.71436485550873
2018-01-17,13.612499999999999,7.8,21.3,73.625,8.387500000000001,2.8608333333333333,7.9,989.1999999999999,0.0,0.0,24,124.3921359154026
2018-01-18,15.1,8.9,23.8,76.20833333333333,10.358333333333333,2.067083333333333,5.2,989.9291666666667,0.0,0.16666666666666666,24,307.0627774127238
2018-01-19,15.654166666666667,9.7,23.4,73.70833333333333,10.341666666666667,2.5175,6.9,990.3916666666668,0.0,0.0,24,299.70304990577506
2018-01-20,14.512500000000001,8.7,22.1,63.625,6.7749999999999995,3.3175000000000003,9.2,989.4833333333332,0.0,0.0,24,285.2845954184286
2018-01-21,14.095833333333333,7.1,21.4,56.916666666666664,4.958333333333333,1.9024999999999999,5.3,988.8666666666667,0.0,0.0,24,258.61506969786757
2018-01-22,14.154166666666667,7.1,21.7,67.33333333333333,7.625,2.1662500000000002,5.9,987.5041666666666,0.0,0.4583333333333333,24,132.61492342784356
2018-01-23,13.379166666666668,10.7,16.1,79.375,9.791666666666666,3.314166666666667,8.7,985.35,6.0,56.666666666666664,24,125.34525388297902
2018-01-24,12.766666666666666,8.3,18.7,81.58333333333333,9.2875,2.1037500000000002,10.2,988.2083333333334,0.8,43.666666666666664,24,297.6409078582293
2018-01-25,13.108333333333334,8.6,19.5,79.125,9.137500000000001,3.21625,9.5,987.525,0.0,0.3333333333333333,24,291.3700790181356
2018-01-26,12.529166666666667,7.6,19.9,80.41666666666667,8.775,2.37125,7.9,988.3625000000001,0.0,9.708333333333334,24,310.1960119740161
2018-01-27,12.137500000000001,7.2,19.9,77.45833333333333,7.766666666666667,2.5016666666666665,6.8,988.2375000000001,0.0,0.08333333333333333,24,306.7704358317015
2018-01-28,12.8125,6.8,21.2,75.25,7.933333333333334,2.5279166666666666,7.8,988.9875000000001,0.0,9.333333333333334,24,304.88561871588973
2018-01-29,13.845833333333333,7.5,21.9,73.875,8.658333333333333,2.93625,7.6,990.5500000000001,0.0,5.541666666666667,24,295.6876675696742
2018-01-30,16.345833333333335,10.0,24.3,67.79166666666667,9.691666666666666,4.647916666666666,11.9,989.9791666666666,0.0,43.791666666666664,24,292.8196616061799
2018-01-31,17.616666666666667,12.8,24.2,63.833333333333336,10.041666666666666,5.101249999999999,12.5,988.9583333333334,0.0,61.0,24,293.254686084642
2018-02-01,17.466666666666665,11.2,25.4,66.79166666666667,10.612499999999999,3.02875,7.5,989.1625,0.0,0.08333333333333333,24,298.7116567054643
2018-02-02,16.870833333333334,11.0,24.4,72.20833333333333,11.279166666666667,2.17,5.8,987.2541666666666,0.0,13.541666666666666,24,312.7523085120811
2018-02-03,16.316666666666666,10.9,23.1,60.25,7.6375,2.518333333333333,7.5,989.8000000000001,0.0,16.208333333333332,24,331.7975665479842
2018-02-04,14.404166666666667,8.6,22.0,58.625,5.6125,3.0516666666666663,8.5,990.2166666666667,0.0,0.4166666666666667,24,303.5988395368034
2018-02-05,14.775,6.9,22.0,55.791666666666664,4.941666666666666,2.2333333333333334,6.4,992.0416666666666,0.0,93.25,24,317.8686483380183
2018-02-06,16.008333333333333,11.6,22.1,52.041666666666664,5.520833333333333,3.2062500000000003,9.6,992.2166666666667,0.0,97.29166666666667,24,317.32138787209203
2018-02-07,14.441666666666668,8.7,22.3,52.666666666666664,3.9916666666666667,3.4525,9.6,989.4791666666666,0.0,25.75,24,307.0670113069261
2018-02-08,13.854166666666666,6.8,22.0,60.291666666666664,5.1125,2.544166666666667,7.1,988.4875000000001,0.0,26.625,24,317.39517142228357
2018-02-09,14.387500000000001,7.7,22.9,59.708333333333336,5.591666666666666,2.5212499999999998,7.2,988.4875000000001,0.0,0.0,24,319.45866106419527
2018-02-10,16.7375,8.7,23.8,50.833333333333336,5.2,1.7270833333333335,7.1,990.8666666666667,0.0,30.75,24,40.30487245219177
2018-02-11,16.258333333333333,9.2,23.8,56.666666666666664,6.625,3.1687499999999997,9.6,990.2875,1.6,79.83333333333333,24,111.94450671930133
2018-02-12,15.854166666666666,12.8,21.8,79.20833333333333,12.0375,4.60875,11.9,992.1875,2.9,58.708333333333336,24,105.0668581763984
2018-02-13,15.470833333333333,10.1,21.5,79.41666666666667,11.5,2.1625,6.8,996.8458333333333,0.0,17.666666666666668,24,0.9080777743309909
2018-02-14,15.483333333333334,10.0,21.7,66.125,8.454166666666667,4.1025,12.3,996.6708333333332,0.0,4.708333333333333,24,305.7995995915701
2018-02-15,16.849999999999998,11.9,23.1,64.41666666666667,9.754166666666666,4.3425,11.8,994.4791666666666,0.0,9.625,24,299.9550881615597
2018-02-16,17.7625,11.7,24.5,66.125,10.841666666666667,3.2899999999999996,10.1,993.0208333333334,0.0,14.375,24,295.7147271132671
2018-02-17,18.0625,12.7,25.0,66.70833333333333,11.15,3.2624999999999997,9.4,987.9708333333333,0.0,44.375,24,298.76398200175413
2018-02-18,17.579166666666666,11.9,25.0,59.208333333333336,8.766666666666667,2.6875,7.8,986.8125,0.0,42.625,24,315.62536179772854
2018-02-19,17.4375,10.0,25.4,57.958333333333336,7.891666666666667,2.1029166666666668,6.4,988.4166666666666,0.0,55.541666666666664,24,304.45193647499457
2018-02-20,19.408333333333335,11.8,26.8,60.083333333333336,10.604166666666666,2.2720833333333332,7.4,988.2333333333332,0.0,16.166666666666668,24,313.61271492774324
2018-02-21,21.3875,15.2,29.5,58.25,11.970833333333333,1.9225,5.4,986.1791666666667,0.0,62.5,24,296.43573624972066
2018-02-22,21.7375,14.1,29.9,63.541666666666664,13.225,2.1687499999999997,6.7,985.2791666666667,0.0,30.333333333333332,24,323.07259667122764
2018-02-23,21.90416666666667,15.8,29.6,68.625,14.858333333333334,1.7466666666666668,5.9,985.4708333333333,0.0,86.29166666666667,24,27.63150826677304
2018-02-24,21.141666666666666,17.0,28.6,73.08333333333333,15.820833333333333,2.353333333333333,7.5,987.4875000000001,1.9000000000000001,60.0,24,95.13339764614182
2018-02-25,21.058333333333334,16.3,27.8,68.33333333333333,14.2875,2.7100000000000004,8.5,990.5625,0.30000000000000004,19.25,24,334.31762327394387
2018-02-26,20.5625,15.3,26.9,63.0,12.379166666666668,4.6762500000000005,12.4,988.6,0.0,9.375,24,297.3424588988737
2018-02-27,21.5125,15.7,28.8,62.333333333333336,13.408333333333333,3.1791666666666667,9.5,987.8583333333332,0.0,46.916666666666664,24,304.76511276215814
2018-02-28,21.6375,15.1,29.3,66.54166666666667,14.325000000000001,2.27,8.1,988.0625,0.0,68.54166666666667,24,314.80270056259275
2018-03-01,21.445833333333336,15.3,29.8,65.33333333333333,13.508333333333333,2.50125,7.8,986.225,0.0,60.291666666666664,24,326.3305105643397
2018-03-02,23.120833333333334,17.0,30.7,58.166666666666664,13.645833333333334,2.4325,10.1,984.9916666666667,0.0,10.333333333333334,24,323.5805306208073
2018-03-03,22.633333333333336,16.6,30.8,60.208333333333336,13.479166666666666,2.1441666666666666,8.4,983.0333333333333,0.0,36.75,24,299.56838114707904
2018-03-04,21.491666666666664,17.1,28.1,59.375,12.737499999999999,2.953333333333333,9.5,984.4083333333333,1.2,28.041666666666668,24,320.2672582731861
2018-03-05,20.4375,14.6,27.1,56.916666666666664,10.4625,2.7670833333333333,9.6,987.9625,0.0,0.25,24,317.2564326894194
2018-03-06,20.349999999999998,14.4,27.5,52.375,9.525,3.4591666666666665,11.2,988.7375000000001,0.0,40.25,24,302.2395289456887
2018-03-07,21.1375,14.3,28.4,51.958333333333336,9.829166666666667,3.2158333333333338,10.4,987.7041666666668,0.0,1.2916666666666667,24,304.25283548397545
2018-03-08,22.337500000000002,16.1,29.5,52.958333333333336,11.541666666666666,1.4545833333333331,4.7,988.6541666666667,0.0,4.916666666666667,24,10.879446723268302
2018-03-09,22.925,15.9,30.9,52.291666666666664,11.633333333333333,2.4341666666666666,7.9,988.8458333333333,1.1,10.916666666666666,24,321.7527841597977
2018-03-10,23.079166666666666,16.5,31.1,48.458333333333336,10.5375,3.4525,9.3,987.9250000000001,0.0,18.041666666666668,24,306.9921083807413
2018-03-11,23.275000000000002,17.2,30.8,51.916666666666664,11.987499999999999,3.2254166666666664,8.4,986.8666666666667,0.0,2.2083333333333335,24,306.6568864908146
2018-03-12,23.72083333333333,16.5,32.1,53.25,12.4125,3.0029166666666662,8.8,986.9583333333334,0.0,0.0,24,299.0440170211238
2018-03-13,25.420833333333334,17.2,34.0,48.583333333333336,12.204166666666666,2.4991666666666665,8.3,985.3166666666666,0.0,3.5416666666666665,24,264.02379794781393
2018-03-14,25.820833333333336,20.3,32.6,37.25,9.216666666666667,2.4291666666666667,6.6,983.35,0.0,1.9166666666666667,24,173.86986260202707
2018-03-15,23.77916666666667,18.7,31.4,42.0,9.495833333333334,2.72875,10.4,983.6083333333332,0.0,30.166666666666668,24,279.8005527509498
2018-03-16,22.758333333333336,16.5,29.7,47.833333333333336,9.433333333333334,2.6875,12.6,984.7166666666667,0.0,11.958333333333334,24,326.0932431302224
2018-03-17,21.925,15.7,29.1,40.291666666666664,6.6875,3.4275,11.1,985.9833333333332,0.0,0.0,24,310.3303150205464
2018-03-18,22.770833333333332,16.4,30.8,40.625,7.320833333333333,3.1300000000000003,9.8,987.1374999999999,0.0,36.083333333333336,24,315.6578955519677
2018-03-19,23.633333333333336,14.8,32.8,41.083333333333336,7.991666666666667,2.3733333333333335,8.0,988.6291666666666,0.0,58.666666666666664,24,303.7818329600142
2018-03-20,24.3875,16.1,32.9,48.458333333333336,11.512500000000001,1.8133333333333335,5.7,985.8458333333333,0.2,10.666666666666666,24,317.3997835769783
2018-03-21,23.583333333333332,18.2,30.7,56.25,13.666666666666666,2.984583333333333,12.3,983.8791666666666,1.6,25.125,24,355.79360559496445
2018-03-22,23.066666666666666,17.1,29.6,55.625,12.533333333333333,2.3041666666666667,8.1,984.75,0.3,13.875,24,351.0476214856605
2018-03-23,22.979166666666668,17.1,29.0,53.625,12.137500000000001,2.6004166666666664,8.4,985.6708333333332,0.0,10.208333333333334,24,304.6970879411608
2018-03-24,24.329166666666666,17.4,31.1,48.041666666666664,11.641666666666666,3.0108333333333337,9.8,988.0708333333333,0.0,0.041666666666666664,24,316.46632710582367
2018-03-25,25.058333333333334,18.5,32.6,43.791666666666664,10.616666666666667,3.567083333333333,11.9,989.1583333333333,0.0,1.375,24,306.9560942557299
2018-03-26,25.974999999999998,18.8,33.9,42.458333333333336,11.2125,3.7891666666666666,11.2,987.5041666666666,0.0,0.0,24,301.3721720602948
2018-03-27,26.354166666666668,18.4,35.3,40.375,10.245833333333334,2.7262500000000003,8.4,984.375,0.0,0.0,24,303.8024059078341
2018-03-28,27.958333333333332,20.6,35.5,37.083333333333336,10.916666666666666,2.622916666666667,8.3,983.6833333333334,0.0,0.041666666666666664,24,302.3505558105491
2018-03-29,27.2375,19.6,35.4,33.541666666666664,8.291666666666666,3.7125,13.3,983.1791666666667,0.0,8.166666666666666,24,302.94557753476965
2018-03-30,26.854166666666668,20.7,34.3,34.166666666666664,8.970833333333333,3.99375,13.1,981.0541666666667,0.0,0.0,24,294.50579150670166
2018-03-31,25.72083333333333,18.6,33.5,47.0,12.916666666666666,3.31125,8.9,982.9833333333332,0.0,0.5416666666666666,24,109.81967756322865
2018-04-01,26.508333333333336,20.8,33.1,45.125,13.1,2.9808333333333334,9.2,984.7791666666667,0.0,0.0,24,110.21392992374103
2018-04-02,28.008333333333336,20.7,35.0,45.541666666666664,14.145833333333334,2.3720833333333333,8.7,985.0333333333333,0.0,20.166666666666668,24,126.44146546183214
2018-04-03,28.6875,22.2,36.0,44.125,14.466666666666667,2.487083333333333,11.7,983.7958333333332,1.7000000000000002,53.875,24,127.29288525835017
2018-04-04,29.175,21.7,37.2,42.833333333333336,13.612499999999999,2.3133333333333335,13.5,981.6333333333333,0.0,25.833333333333332,24,71.72510211417233
2018-04-05,28.6125,21.9,36.6,48.75,15.641666666666666,1.77625,10.6,980.4041666666667,2.1,37.125,24,23.56739022803606
2018-04-06,27.883333333333336,22.0,34.9,51.708333333333336,15.783333333333333,1.9170833333333333,8.2,981.9958333333334,1.1,61.875,24,109.17564641961809
2018-04-07,26.875,20.9,33.5,53.666666666666664,16.158333333333335,2.942083333333333,10.5,984.1083333333332,3.4000000000000004,43.541666666666664,24,113.84250351240325
2018-04-08,26.754166666666666,21.4,33.4,55.208333333333336,16.45,3.6108333333333333,11.9,985.0124999999999,1.3,45.083333333333336,24,113.80848776127459
2018-04-09,25.6125,21.9,33.3,61.75,17.133333333333333,2.8495833333333334,10.3,985.9625,3.5,63.0,24,94.28494567438929
2018-04-10,26.770833333333332,21.3,33.8,58.25,17.224999999999998,2.4004166666666666,10.5,984.025,3.1,32.5,24,145.24360222797077
2018-04-11,25.366666666666664,21.5,31.9,63.416666666666664,17.520833333333332,3.5554166666666664,12.6,983.8583333333332,2.5,46.208333333333336,24,75.00518461855751
2018-04-12,25.425,19.8,31.6,61.458333333333336,16.425,1.7054166666666666,7.9,983.2958333333332,0.2,37.708333333333336,24,347.14304531529456
2018-04-13,26.25,19.0,33.0,42.916666666666664,10.5375,2.357083333333333,7.7,984.3625000000001,0.0,16.666666666666668,24,327.4881472464752
2018-04-14,27.212500000000002,19.2,34.9,33.541666666666664,9.025,2.8858333333333337,12.9,983.3208333333333,0.0,24.833333333333332,24,321.99008563504486
2018-04-15,28.791666666666668,20.8,36.5,34.833333333333336,10.833333333333334,2.4491666666666667,7.7,982.6875,0.0,13.125,24,323.0702573783662
2018-04-16,29.224999999999998,23.2,37.0,35.666666666666664,11.9125,2.9025,9.7,983.1791666666667,5.4,24.041666666666668,24,134.47090684736384
2018-04-17,29.420833333333334,22.4,36.7,34.5,10.904166666666667,2.4654166666666666,8.6,984.2416666666667,1.3,14.75,24,354.4249096475173
2018-04-18,29.45,22.2,36.5,28.125,8.254166666666666,4.292083333333333,13.9,983.7541666666666,0.0,0.5833333333333334,24,311.32510370932323
2018-04-19,30.016666666666666,23.3,37.3,28.291666666666668,8.766666666666667,3.1845833333333338,12.6,980.2708333333334,0.0,14.0,24,315.1374669583185
2018-04-20,30.366666666666664,21.7,39.0,26.875,7.341666666666666,4.488333333333333,15.9,978.9625,1.1,26.041666666666668,24,191.65779128639426
2018-04-21,27.004166666666666,19.5,34.0,33.583333333333336,8.1875,3.4324999999999997,9.4,983.1083333333332,0.0,0.0,24,311.0262000992654
2018-04-22,27.525000000000002,20.9,34.3,24.583333333333332,4.204166666666667,4.1525,12.3,984.0625,0.0,0.0,24,313.7283457220912
2018-04-23,28.275000000000002,20.9,35.6,23.333333333333332,4.620833333333334,3.76625,11.7,983.3458333333333,0.0,0.0,24,303.16614685374833
2018-04-24,30.104166666666668,21.6,37.9,20.125,3.954166666666667,2.81875,10.7,982.2458333333334,0.0,0.0,24,291.2610150184393
2018-04-25,31.875,22.9,40.3,19.5,4.466666666666667,2.8216666666666668,9.1,979.6208333333334,0.0,12.833333333333334,24,265.4811904752751
2018-04-26,32.475,23.8,41.2,20.083333333333332,5.3,2.525,7.1,978.0500000000001,0.0,0.2916666666666667,24,277.84376593850254
2018-04-27,30.954166666666666,25.7,38.6,42.583333333333336,16.166666666666668,3.7475,10.9,981.1625,1.2000000000000002,15.583333333333334,24,114.53971883814074
2018-04-28,30.775000000000002,25.4,38.6,44.166666666666664,16.583333333333332,3.6916666666666664,14.2,981.1374999999999,0.9,16.5,24,115.50677932463628
2018-04-29,30.837500000000002,23.4,38.6,43.458333333333336,15.533333333333333,2.7095833333333332,13.3,978.7208333333333,0.4,39.041666666666664,24,83.917523385229
2018-04-30,31.07083333333333,24.2,38.9,42.333333333333336,15.916666666666666,3.1316666666666664,19.4,976.7166666666667,0.7,45.541666666666664,24,123.79310298031794
2018-05-01,30.520833333333332,24.4,37.5,51.625,18.804166666666667,4.916666666666667,14.1,979.6583333333333,10.5,28.625,24,111.19616890179844
2018-05-02,29.8,23.4,36.7,54.208333333333336,18.900000000000002,4.7370833333333335,22.2,980.5833333333334,5.9,39.375,24,113.32343852655754
2018-05-03,28.72083333333333,23.4,34.8,58.0,19.220833333333335,4.472916666666666,12.7,981.7083333333334,0.0,18.416666666666668,24,116.02040813197777
2018-05-04,29.058333333333334,24.4,34.6,55.375,18.858333333333334,3.7416666666666667,13.0,982.125,0.0,27.083333333333332,24,101.88384377447318
2018-05-05,30.295833333333334,24.3,37.0,47.958333333333336,16.925,2.13875,10.2,981.3083333333334,0.0,12.666666666666666,24,32.09771741329047
2018-05-06,31.070833333333336,25.5,38.2,38.416666666666664,14.404166666666667,2.89625,10.9,981.5124999999999,0.0,24.625,24,4.01367850200279
2018-05-07,30.479166666666668,23.5,37.2,36.416666666666664,12.979166666666666,2.3845833333333335,11.5,980.0458333333332,0.0,13.416666666666666,24,354.00417071415234
2018-05-08,27.204166666666666,22.9,33.8,46.333333333333336,14.2125,2.51875,12.3,980.1208333333334,3.5,46.958333333333336,24,308.28932540440724
2018-05-09,28.1375,20.8,35.4,43.958333333333336,13.487499999999999,1.9858333333333336,12.0,982.3041666666667,2.2,18.5,24,359.1110715113796
2018-05-10,30.254166666666666,22.0,37.6,37.541666666666664,12.8375,2.3041666666666667,8.6,983.1125000000001,0.0,0.3333333333333333,24,304.08959981554
2018-05-11,32.520833333333336,24.3,40.1,36.0,14.454166666666666,2.54875,8.9,980.4208333333332,0.0,19.666666666666668,24,320.12779416253153
2018-05-12,32.28333333333333,27.1,40.1,41.791666666666664,17.104166666666668,2.6545833333333335,14.4,979.6333333333333,1.1,34.541666666666664,24,112.39561710763053
2018-05-13,29.587500000000002,24.9,36.6,56.291666666666664,19.629166666666666,3.2420833333333334,19.1,979.6875,3.8000000000000003,47.833333333333336,24,80.85374686328646
2018-05-14,29.979166666666668,22.7,36.8,52.333333333333336,18.454166666666666,2.223333333333333,6.8,980.7791666666667,0.0,18.333333333333332,24,101.67092425376933
2018-05-15,31.212500000000002,24.7,37.5,49.791666666666664,18.7375,2.3354166666666667,8.7,979.6833333333334,0.0,10.666666666666666,24,102.91405878493379
2018-05-16,31.954166666666666,25.0,38.9,41.833333333333336,15.791666666666666,2.2604166666666665,10.4,978.4,0.4,7.291666666666667,24,287.2925556458578
2018-05-17,32.737500000000004,25.4,40.4,29.75,11.85,2.276666666666667,10.0,978.6833333333334,0.0,25.458333333333332,24,314.44830763247995
2018-05-18,32.520833333333336,26.5,39.5,32.208333333333336,12.595833333333333,1.9191666666666667,7.7,978.1833333333334,0.0,9.0,24,40.1996095744517
2018-05-19,32.15833333333333,25.6,39.2,38.416666666666664,15.391666666666666,1.81125,10.8,978.5416666666666,1.5,25.333333333333332,24,237.91992330844454
2018-05-20,32.88333333333333,25.7,40.0,28.375,11.112499999999999,2.825833333333333,9.1,979.5,0.0,4.0,24,317.8403829476002
2018-05-21,33.74166666666667,26.1,40.8,17.375,4.816666666666667,3.247916666666667,9.7,979.6583333333333,0.0,0.5833333333333334,24,335.79140424155463
2018-05-22,35.483333333333334,28.0,42.7,18.0,6.895833333333333,2.731666666666667,9.6,978.7791666666667,0.0,0.6666666666666666,24,324.1211665103115
2018-05-23,34.550000000000004,28.3,42.1,25.583333333333332,11.4125,2.8208333333333333,13.6,977.6583333333333,0.1,7.333333333333333,24,47.624343477260766
2018-05-24,33.78333333333333,27.6,41.6,30.5,12.237499999999999,2.5620833333333333,9.2,977.0541666666667,0.0,16.25,24,16.26301513645143
2018-05-25,34.645833333333336,25.9,42.1,24.666666666666668,7.983333333333333,2.5879166666666666,9.2,977.1958333333333,0.0,6.458333333333333,24,294.08590348698374
2018-05-26,34.895833333333336,27.0,42.9,16.75,4.6499999999999995,2.55375,8.5,976.2833333333333,0.0,0.4166666666666667,24,303.81248489294865
2018-05-27,35.333333333333336,26.9,43.0,18.916666666666668,5.95,2.9995833333333333,9.9,975.6666666666666,0.0,8.166666666666666,24,237.00138268409145
2018-05-28,34.7875,27.0,41.9,27.958333333333332,11.845833333333333,2.5570833333333334,8.2,974.0291666666667,0.0,5.041666666666667,24,103.94186416967784
2018-05-29,33.987500000000004,27.5,41.7,33.333333333333336,13.941666666666668,3.497916666666667,14.1,973.3249999999999,0.0,7.458333333333333,24,125.51184276000913
2018-05-30,32.791666666666664,27.1,40.4,48.625,19.787499999999998,3.9804166666666667,18.6,974.875,0.7,26.583333333333332,24,121.21225367557759
2018-05-31,34.34166666666667,27.2,41.5,45.0,18.9375,3.0854166666666667,9.3,976.7708333333334,0.0,17.958333333333332,24,120.78594788898391
2018-06-01,33.94583333333333,29.1,41.2,48.208333333333336,20.745833333333334,4.99125,14.9,977.775,4.8,12.541666666666666,24,108.38550638013686
2018-06-02,32.987500000000004,27.0,39.3,48.875,20.224999999999998,4.34375,11.2,978.3083333333334,0.0,0.08333333333333333,24,108.05015645332492
2018-06-03,32.958333333333336,28.2,37.3,52.458333333333336,21.629166666666666,3.6991666666666667,10.4,976.3000000000001,0.0,10.958333333333334,24,103.3200062811004
2018-06-04,34.895833333333336,29.6,40.5,45.375,20.662499999999998,4.4470833333333335,12.3,975.4083333333333,0.0,9.375,24,116.23670358985424
2018-06-05,35.30833333333333,30.9,39.7,44.583333333333336,21.099999999999998,4.4624999999999995,13.3,977.6041666666666,0.7,12.416666666666666,24,108.7209489093184
2018-06-06,33.454166666666666,29.1,38.3,54.625,22.78333333333333,3.4075,12.0,978.7958333333332,0.8,49.208333333333336,24,99.89511216721218
2018-06-07,34.175000000000004,28.4,39.5,53.083333333333336,22.379166666666666,2.310416666666667,8.5,975.0541666666667,0.0,6.708333333333333,24,103.76764160511647
2018-06-08,34.80416666666667,30.8,39.9,52.416666666666664,23.34166666666667,4.480833333333333,11.6,971.8125,0.0,16.708333333333332,24,115.38245948429233
2018-06-09,31.516666666666666,27.3,37.2,69.375,24.695833333333336,3.8979166666666667,12.8,971.4291666666667,15.2,60.791666666666664,24,118.46085524013165
2018-06-10,31.516666666666666,26.4,36.1,67.66666666666667,24.333333333333332,1.8445833333333335,8.0,971.6666666666666,1.9,41.25,24,290.1261317456886
2018-06-11,34.016666666666666,28.0,39.3,51.791666666666664,21.708333333333332,3.07875,10.5,969.9208333333332,0.0,11.708333333333334,24,296.22559216822395
2018-06-12,35.55833333333333,28.6,41.9,39.875,19.25,3.7554166666666666,13.1,967.4458333333333,0.0,12.041666666666666,24,279.3114698056711
2018-06-13,36.391666666666666,31.8,40.5,37.458333333333336,19.3125,4.675416666666666,13.9,967.7416666666667,0.0,1.7083333333333333,24,266.6236770582286
2018-06-14,35.97083333333333,31.2,40.3,36.583333333333336,18.675,5.506666666666667,13.7,969.5791666666668,0.0,1.5416666666666667,24,258.78238329877513
2018-06-15,35.49166666666667,32.1,38.9,35.541666666666664,17.816666666666666,4.950833333333333,14.0,971.9166666666666,0.0,9.583333333333334,24,263.38918245168514
2018-06-16,34.9375,31.2,39.3,41.291666666666664,19.420833333333334,3.9275,11.5,973.9333333333334,0.0,20.25,24,266.9729440912257
2018-06-17,31.708333333333332,28.5,35.7,58.125,22.179166666666664,2.8820833333333336,12.8,975.0749999999999,0.2,20.791666666666668,24,11.800393165623177
2018-06-18,31.125,26.8,35.9,55.333333333333336,20.729166666666668,2.27,14.7,975.3416666666667,0.6000000000000001,23.166666666666668,24,310.26534736307707
2018-06-19,32.65416666666667,26.3,38.6,51.375,20.583333333333332,2.3608333333333333,9.6,975.2416666666667,0.0,3.9583333333333335,24,315.9653885710434
2018-06-20,34.93333333333333,28.9,40.1,45.25,20.625,1.5733333333333333,7.8,975.9583333333334,0.0,9.333333333333334,24,356.3794819171712
2018-06-21,35.395833333333336,29.8,40.7,41.791666666666664,19.8625,2.0429166666666667,7.9,975.6541666666667,0.0,19.875,24,330.2805934885574
2018-06-22,36.574999999999996,31.9,41.7,38.375,19.416666666666668,1.5983333333333334,9.3,974.5916666666667,0.0,7.625,24,29.20993646703522
2018-06-23,35.9625,30.8,40.7,38.916666666666664,19.3,2.355,12.0,974.0833333333334,0.0,28.083333333333332,24,341.1075467455937
2018-06-24,35.56666666666667,30.6,40.5,38.833333333333336,18.883333333333333,2.565,9.2,973.5041666666666,0.0,45.875,24,293.14280655843527
2018-06-25,36.35,31.1,40.8,35.583333333333336,18.383333333333333,3.6533333333333338,10.9,971.3291666666668,0.0,28.833333333333332,24,288.2434440597467
2018-06-26,32.87916666666667,29.3,36.2,52.166666666666664,21.6375,2.5945833333333335,9.2,971.7833333333333,1.8,71.25,24,266.6453412794489
2018-06-27,29.224999999999998,25.5,34.3,78.375,24.837500000000002,2.5070833333333336,9.3,974.1166666666667,29.8,82.125,24,86.06484899842519
2018-06-28,28.641666666666666,25.6,33.4,81.20833333333333,24.866666666666664,4.0408333333333335,14.9,975.275,12.6,78.66666666666667,24,99.08280788143628
2018-06-29,29.3875,25.8,33.2,76.0,24.55,4.60875,13.4,975.1083333333332,4.3,62.0,24,111.38110261831059
2018-06-30,29.629166666666666,26.6,33.0,79.08333333333333,25.495833333333334,2.356666666666667,7.8,975.65,4.9,43.708333333333336,24,137.5044666552302
2018-07-01,30.75,27.7,34.0,74.625,25.59166666666667,2.999166666666667,10.2,974.6625,4.7,89.66666666666667,24,268.0539963263152
2018-07-02,30.679166666666664,25.4,35.0,71.875,24.629166666666666,3.3354166666666667,11.7,972.6583333333333,15.2,99.29166666666667,24,259.8091286266332
2018-07-03,30.65416666666667,28.4,33.7,68.16666666666667,23.979166666666668,2.3850000000000002,7.9,972.5875,0.7,49.041666666666664,24,223.6481529177052
2018-07-04,29.141666666666666,27.1,32.5,77.66666666666667,24.704166666666666,2.47875,12.5,972.9666666666667,4.8,54.583333333333336,24,254.53080478324406
2018-07-05,30.829166666666666,26.7,34.9,70.95833333333333,24.620833333333334,1.6658333333333335,6.4,974.2291666666666,0.0,14.208333333333334,24,275.11333086870906
2018-07-06,31.170833333333334,26.9,34.9,67.41666666666667,24.125,2.2641666666666667,8.0,974.2791666666667,0.0,19.5,24,299.8539185179153
2018-07-07,31.745833333333334,27.3,36.1,64.70833333333333,23.900000000000002,2.160416666666667,7.5,973.6,0.0,4.0,24,307.17248803265346
2018-07-08,32.916666666666664,27.9,37.3,60.958333333333336,23.879166666666666,1.7479166666666668,6.5,972.65,0.0,27.666666666666668,24,328.86269884082793
2018-07-09,32.9125,29.0,36.9,64.20833333333333,25.087500000000002,2.6704166666666667,9.2,972.7125,0.1,67.25,24,112.48168226805711
2018-07-10,32.81666666666667,28.8,37.1,67.25,25.662499999999998,3.2741666666666664,9.0,973.1833333333334,0.30000000000000004,64.5,24,118.19336175840857
2018-07-11,31.770833333333332,28.4,36.3,72.125,25.962500000000002,2.6787499999999995,8.2,972.5583333333334,4.5,95.54166666666667,24,122.8578282575221
2018-07-12,29.599999999999998,26.1,33.5,80.20833333333333,25.6375,2.1837500000000003,8.3,972.3125,25.5,98.0,24,111.20903719073203
2018-07-13,29.145833333333332,26.5,32.2,81.54166666666667,25.554166666666664,2.29875,7.3,973.3458333333333,6.6,92.66666666666667,24,110.41281910525356
2018-07-14,28.491666666666664,25.7,31.8,84.75,25.566666666666666,2.40125,8.8,973.0041666666666,6.4,98.29166666666667,24,104.98704649250612
2018-07-15,29.429166666666664,26.2,33.2,82.875,26.066666666666666,2.624166666666667,9.2,972.5916666666667,7.4,88.41666666666667,24,111.3178909233751
2018-07-16,29.133333333333336,27.2,32.1,85.29166666666667,26.375,2.5904166666666666,8.1,973.1916666666666,10.9,90.16666666666667,24,94.65786711084053
2018-07-17,30.416666666666668,27.5,33.2,79.58333333333333,26.3625,2.5854166666666667,8.5,973.4041666666667,3.5,98.66666666666667,24,99.70325340027307
2018-07-18,30.145833333333332,28.3,33.3,80.16666666666667,26.304166666666664,2.7137499999999997,10.5,974.1666666666666,12.2,88.54166666666667,24,89.83378230148492
2018-07-19,30.15416666666667,27.4,32.9,80.5,26.333333333333332,1.81125,10.0,973.9916666666667,13.3,86.5,24,93.85029121907695
2018-07-20,29.370833333333334,27.2,32.5,84.0,26.287499999999998,1.1708333333333334,7.8,973.3625000000001,8.299999999999999,99.0,24,79.36447118920199
2018-07-21,28.45,26.4,30.8,88.79166666666667,26.375,1.5304166666666665,7.0,973.7791666666667,20.9,99.95833333333333,24,122.836862842693
2018-07-22,27.40833333333333,25.4,29.6,90.54166666666667,25.691666666666666,1.3641666666666667,6.2,974.0958333333333,30.6,99.875,24,137.0670055906133
2018-07-23,28.808333333333334,26.1,32.4,85.70833333333333,26.075,1.81375,11.0,973.7916666666666,5.1000000000000005,92.0,24,87.3026561607524
2018-07-24,29.983333333333334,26.9,32.9,77.66666666666667,25.520833333333332,1.4024999999999999,8.4,974.3708333333334,1.5,85.70833333333333,24,131.14166839953128
2018-07-25,28.84583333333333,27.0,32.2,85.29166666666667,26.079166666666666,1.835,6.4,973.9499999999999,8.2,99.04166666666667,24,238.1085144349859
2018-07-26,26.9375,25.7,29.4,91.375,25.34583333333333,1.9791666666666667,7.7,974.1083333333332,16.3,99.875,24,346.6319863868528
2018-07-27,26.804166666666664,25.1,29.1,89.79166666666667,24.9375,1.8429166666666665,7.5,973.3000000000001,14.200000000000001,99.375,24,7.222208353842802
2018-07-28,28.075,24.9,31.7,83.5,24.866666666666664,3.4920833333333334,11.6,973.7958333333332,2.8,97.33333333333333,24,264.4689038367887
2018-07-29,29.008333333333336,25.5,32.5,81.70833333333333,25.366666666666664,2.5475,9.3,974.1833333333334,2.4,70.125,24,272.5370251602003
2018-07-30,29.258333333333336,26.4,33.3,79.20833333333333,25.108333333333334,2.8941666666666666,9.2,973.8625000000001,2.4,82.0,24,266.98190807771755
2018-07-31,29.691666666666666,26.8,33.5,76.08333333333333,24.870833333333334,3.310833333333333,10.5,973.1583333333333,2.5,68.45833333333333,24,268.99366801989174
2018-08-01,29.912499999999998,26.1,34.2,74.45833333333333,24.65416666666667,3.47875,10.3,973.3916666666668,0.4,63.25,24,258.52273049946126
2018-08-02,30.516666666666666,27.5,34.2,69.66666666666667,24.175,3.3370833333333336,9.8,974.8958333333334,0.2,82.125,24,260.2708679472985
2018-08-03,30.47083333333333,27.8,34.4,67.5,23.645833333333332,3.6491666666666664,10.8,975.35,0.0,88.29166666666667,24,259.9836060982586
2018-08-04,30.383333333333336,27.7,34.0,65.75,23.145833333333332,3.450416666666667,9.4,975.0166666666668,0.0,96.58333333333333,24,244.89727501838075
2018-08-05,29.15416666666667,27.0,32.8,72.08333333333333,23.4875,3.2670833333333333,7.0,974.9791666666666,1.3,99.20833333333333,24,216.55126384849262
2018-08-06,26.808333333333334,25.6,28.5,86.25,24.304166666666664,1.5829166666666667,6.0,975.4833333333332,4.6,99.58333333333333,24,140.95095764505277
2018-08-07,26.650000000000002,25.1,29.1,91.04166666666667,25.037499999999998,1.3729166666666668,8.3,975.4499999999999,19.4,96.125,24,74.34780306648054
2018-08-08,27.96666666666667,25.0,31.5,86.04166666666667,25.287499999999998,2.3195833333333336,10.3,976.0416666666666,9.4,93.20833333333333,24,99.3700496137206
2018-08-09,29.224999999999998,26.4,32.6,82.54166666666667,25.795833333333334,2.3841666666666668,9.4,978.1791666666667,2.9,70.04166666666667,24,103.01803267142873
2018-08-10,29.52916666666667,26.2,32.8,82.45833333333333,26.133333333333336,1.5958333333333332,8.9,977.2624999999999,2.9,67.54166666666667,24,252.84830559905024
2018-08-11,29.77916666666667,26.0,33.6,78.25,25.40416666666667,3.8020833333333335,10.7,973.9833333333332,2.7,98.75,24,268.97505301054
2018-08-12,28.820833333333336,27.1,30.4,79.25,24.795833333333334,2.552916666666667,7.8,972.0666666666666,2.1,98.95833333333333,24,249.6901582249763
2018-08-13,29.133333333333336,26.6,32.5,76.625,24.391666666666666,1.4416666666666667,4.8,973.0541666666667,2.5,98.375,24,145.12759633653877
2018-08-14,29.337500000000002,26.4,32.8,78.95833333333333,25.183333333333334,1.7379166666666668,7.6,974.2833333333333,1.0,62.541666666666664,24,178.8313581633613
2018-08-15,28.991666666666664,26.2,33.1,83.91666666666667,25.916666666666668,2.0629166666666667,6.5,976.0916666666667,7.3999999999999995,70.04166666666667,24,119.70831404914338
2018-08-16,29.145833333333332,26.5,32.4,85.125,26.254166666666666,1.9229166666666666,8.2,977.4291666666667,3.4000000000000004,78.75,24,76.47944885613015
2018-08-17,29.433333333333334,26.9,31.9,83.25,26.224999999999998,2.81375,9.5,975.2333333333332,3.4,90.91666666666667,24,98.79642797375288
2018-08-18,29.258333333333336,26.9,32.4,84.29166666666667,26.2375,1.9937500000000001,6.6,974.9250000000001,6.4,71.08333333333333,24,104.08260246953785
2018-08-19,28.9375,26.8,31.2,86.83333333333333,26.474999999999998,1.67875,6.7,974.7916666666666,4.9,86.625,24,257.07343966575905
2018-08-20,29.266666666666666,26.7,32.8,86.125,26.587500000000002,1.4595833333333335,6.7,976.0875,3.6,99.125,24,111.9469127699333
2018-08-21,29.504166666666666,26.0,33.1,85.41666666666667,26.645833333333332,1.8295833333333331,7.8,975.8375,2.5,78.04166666666667,24,107.33044744815658
2018-08-22,29.34166666666667,26.8,33.1,84.125,26.2625,1.57875,7.6,975.35,10.1,88.08333333333333,24,122.86246765795181
2018-08-23,28.291666666666668,26.2,31.8,87.625,25.9875,2.1195833333333334,7.4,976.2416666666667,12.4,97.875,24,267.38853334191316
2018-08-24,28.625,25.5,32.7,83.41666666666667,25.416666666666668,2.8091666666666666,9.4,975.5833333333334,9.1,95.625,24,255.8447109758458
2018-08-25,28.55,26.3,32.8,79.33333333333333,24.504166666666666,3.4683333333333333,10.9,974.975,1.8,97.29166666666667,24,259.61460790865993
2018-08-26,28.625,25.9,32.5,79.79166666666667,24.633333333333336,2.3408333333333333,9.1,974.5875,1.7000000000000002,90.20833333333333,24,290.21753612530904
2018-08-27,27.554166666666664,25.9,30.6,89.45833333333333,25.604166666666668,1.1783333333333335,9.1,976.2958333333332,6.0,98.5,24,13.86534559245905
2018-08-28,27.662499999999998,25.6,31.0,88.5,25.525000000000002,2.0587500000000003,8.9,977.2583333333333,14.0,97.41666666666667,24,85.33662308116294
2018-08-29,28.004166666666666,25.8,30.8,89.08333333333333,25.962500000000002,1.6308333333333334,5.8,978.3666666666667,4.6,97.20833333333333,24,105.859726935183
2018-08-30,28.995833333333334,25.7,32.5,85.16666666666667,26.1125,1.7129166666666666,6.7,976.2958333333332,3.5,95.33333333333333,24,207.8133331713918
2018-08-31,29.537499999999998,26.4,33.8,80.79166666666667,25.650000000000002,2.447083333333333,7.7,976.375,1.2,91.54166666666667,24,210.01320632451265
2018-09-01,28.3625,26.2,31.8,86.375,25.683333333333334,1.4266666666666667,6.4,978.0166666666668,1.3,86.83333333333333,24,161.17740153099555
2018-09-02,26.712500000000002,24.5,29.4,89.75,24.837500000000002,1.3095833333333333,6.5,978.0791666666668,32.7,93.625,24,48.77374250106271
2018-09-03,26.675,24.8,30.4,89.875,24.804166666666664,1.1779166666666667,5.9,978.3583333333332,8.200000000000001,94.875,24,119.94303228161817
2018-09-04,26.708333333333332,25.2,28.9,91.04166666666667,25.099999999999998,1.3366666666666667,6.2,978.9166666666666,9.0,98.95833333333333,24,296.69612824270445
2018-09-05,27.704166666666666,25.2,31.4,84.91666666666667,24.804166666666664,2.32375,8.9,977.9458333333333,0.8999999999999999,99.83333333333333,24,281.31394151734844
2018-09-06,28.041666666666668,25.3,31.6,83.08333333333333,24.770833333333332,1.7841666666666667,8.3,977.6583333333333,7.9,98.79166666666667,24,275.6948719134189
2018-09-07,27.954166666666666,25.9,30.9,87.58333333333333,25.599999999999998,1.8854166666666667,8.9,979.525,8.6,88.625,24,98.04002589423237
2018-09-08,27.395833333333332,25.2,31.2,86.16666666666667,24.7625,3.6483333333333334,16.6,979.8958333333334,8.0,92.45833333333333,24,86.8266586105758
2018-09-09,27.0,24.4,29.7,83.04166666666667,23.695833333333336,3.9225,11.6,981.0458333333332,0.2,72.5,24,114.4250266443699
2018-09-10,27.495833333333334,24.2,31.3,82.625,24.1125,1.9379166666666665,6.3,982.5791666666668,2.4,56.916666666666664,24,160.08527768424642
2018-09-11,27.787499999999998,25.2,30.8,83.83333333333333,24.695833333333336,2.3229166666666665,6.2,982.25,3.0,56.375,24,243.81700257413888
2018-09-12,28.545833333333334,25.9,32.7,76.0,23.741666666666664,4.1000000000000005,11.2,979.6083333333332,0.4,24.875,24,264.22640513218676
2018-09-13,28.575000000000003,25.6,32.2,70.70833333333333,22.641666666666666,3.7816666666666667,10.4,979.1291666666666,0.0,9.75,24,256.9460692639175
2018-09-14,27.84166666666667,24.3,31.6,70.875,21.962500000000002,2.6195833333333334,8.0,981.4958333333334,0.0,8.833333333333334,24,263.9837766545653
2018-09-15,27.875,23.8,32.3,69.625,21.59166666666667,2.3958333333333335,7.5,983.1166666666667,0.0,4.708333333333333,24,270.6645803961474
2018-09-16,28.02916666666667,23.4,32.4,68.58333333333333,21.454166666666666,2.5004166666666667,10.2,982.0625,0.0,3.0416666666666665,24,281.5456857827423
2018-09-17,28.070833333333336,24.0,32.1,71.29166666666667,22.2,2.1770833333333335,10.3,980.9083333333333,0.0,6.375,24,302.3136648686093
2018-09-18,27.641666666666666,22.9,33.1,69.20833333333333,21.041666666666668,2.4629166666666666,8.7,981.0416666666666,0.0,3.3333333333333335,24,308.4506891430894
2018-09-19,27.71666666666667,22.5,33.4,69.33333333333333,21.087500000000002,2.4325,8.3,981.0500000000001,0.0,0.0,24,317.75925584742237
2018-09-20,28.4375,22.7,33.3,70.16666666666667,22.15416666666667,1.4962499999999999,5.2,981.2666666666668,0.0,1.375,24,45.51117831857772
2018-09-21,27.212500000000002,23.9,31.4,78.20833333333333,23.03333333333333,3.6808333333333336,11.6,983.525,6.2,47.291666666666664,24,97.6118411744838
2018-09-22,24.933333333333334,22.6,28.1,88.5,22.879166666666666,4.762083333333334,14.4,983.7666666666668,50.6,95.16666666666667,24,91.12065395931859
2018-09-23,25.454166666666666,23.6,29.0,88.91666666666667,23.400000000000002,5.733333333333333,14.2,983.8083333333334,15.6,93.70833333333333,24,106.58817156623434
2018-09-24,24.583333333333332,23.2,26.5,92.16666666666667,23.229166666666668,4.3220833333333335,12.0,981.5583333333334,12.8,91.91666666666667,24,146.17810076060357
2018-09-25,25.233333333333334,22.6,29.1,84.54166666666667,22.229166666666668,3.6625,10.4,982.8000000000001,0.30000000000000004,57.666666666666664,24,296.72137198875214
2018-09-26,26.066666666666666,22.1,30.7,80.66666666666667,22.224999999999998,2.355,6.7,982.7958333333332,0.0,5.875,24,290.8972958059364
2018-09-27,26.979166666666668,22.0,31.6,76.70833333333333,22.333333333333332,1.5350000000000001,5.1,983.6208333333334,0.0,2.4166666666666665,24,316.41893399166577
2018-09-28,27.679166666666664,22.6,32.2,74.41666666666667,22.416666666666668,1.38,7.2,984.3791666666666,0.6,6.125,24,264.01737562901826
2018-09-29,27.2375,22.2,32.6,74.125,21.883333333333336,1.5291666666666668,4.9,985.1041666666666,0.0,2.375,24,291.62098558009495
2018-09-30,26.583333333333332,22.2,31.8,73.41666666666667,21.116666666666667,2.7641666666666667,8.2,984.5583333333334,0.0,0.16666666666666666,24,301.255238434515
2018-10-01,26.6125,22.0,32.5,72.0,20.8125,2.46375,6.2,984.3249999999999,0.0,0.125,24,294.7715607262523
2018-10-02,27.508333333333336,21.7,33.3,68.375,20.724999999999998,1.9183333333333332,5.5,984.9291666666667,0.0,2.7083333333333335,24,284.10556974992653
2018-10-03,26.96666666666667,21.7,32.8,65.08333333333333,19.533333333333335,1.5320833333333332,4.5,984.3083333333334,0.0,5.291666666666667,24,268.7604900352132
2018-10-04,26.375,22.0,32.6,70.66666666666667,20.279166666666665,1.3966666666666667,5.5,985.8000000000001,1.0,12.458333333333334,24,326.31175880100557
2018-10-05,26.425,21.0,32.7,72.20833333333333,20.545833333333334,1.4420833333333334,4.6,986.9250000000001,0.0,3.625,24,329.5857325157971
2018-10-06,25.791666666666668,20.3,32.2,64.16666666666667,17.8875,2.2929166666666667,6.0,986.5541666666667,0.0,7.333333333333333,24,302.6673729692628
2018-10-07,25.379166666666666,20.0,31.8,67.16666666666667,18.412499999999998,1.9741666666666668,5.1,986.0,0.0,0.16666666666666666,24,331.9690656174822
2018-10-08,26.09166666666667,20.0,32.4,66.79166666666667,18.945833333333333,1.1991666666666667,3.7,984.5791666666668,0.0,0.0,24,103.39554548324145
2018-10-09,26.2625,21.7,31.9,72.08333333333333,20.470833333333335,2.5325,8.1,983.4583333333334,0.0,8.291666666666666,24,123.1974408527177
2018-10-10,25.358333333333334,21.9,31.7,77.66666666666667,20.841666666666665,3.3025,9.0,984.275,0.2,8.791666666666666,24,103.9772807204825
2018-10-11,24.129166666666666,20.4,28.5,80.0,20.325,2.8266666666666667,11.6,985.8166666666666,1.3,12.75,24,92.01072747566593
2018-10-12,23.691666666666666,18.3,29.9,71.41666666666667,17.575,1.8058333333333334,4.8,987.6458333333334,0.0,1.3333333333333333,24,29.811589323590567
2018-10-13,23.204166666666666,18.4,29.1,65.79166666666667,15.854166666666666,2.202916666666667,7.0,988.0083333333333,0.0,0.0,24,328.70398888936666
2018-10-14,23.22083333333333,17.0,30.2,60.791666666666664,14.3125,2.7566666666666664,8.8,987.2624999999999,0.0,0.0,24,297.0456577011944
2018-10-15,24.433333333333334,17.7,31.6,58.333333333333336,15.054166666666667,1.8545833333333333,4.7,987.6291666666666,0.0,39.916666666666664,24,336.50340948871843
2018-10-16,24.820833333333336,18.9,30.8,67.58333333333333,17.945833333333333,2.0295833333333335,5.1,987.1916666666666,0.0,81.41666666666667,24,116.82342697630924
2018-10-17,25.0625,19.1,32.5,68.5,17.941666666666666,1.9629166666666666,5.7,985.6125000000001,0.0,3.4583333333333335,24,119.37053191169014
2018-10-18,24.8125,19.2,31.4,70.83333333333333,18.525000000000002,2.5829166666666667,11.3,985.2624999999999,0.4,13.291666666666666,24,105.63756269966746
2018-10-19,25.291666666666668,18.5,31.7,59.916666666666664,15.920833333333334,1.78,6.2,986.9416666666666,0.0,6.625,24,329.0039231061629
2018-10-20,24.441666666666666,18.4,31.3,56.458333333333336,14.3125,1.9533333333333334,5.1,988.9666666666667,0.0,7.25,24,356.6094458613532
2018-10-21,23.40833333333333,18.4,30.1,54.5,12.929166666666667,2.4366666666666665,7.0,989.7416666666667,0.0,11.25,24,348.47047059141266
2018-10-22,22.5,16.1,29.7,48.791666666666664,10.270833333333334,2.67375,8.2,988.75,0.0,0.0,24,294.27132928852666
2018-10-23,23.066666666666666,16.4,30.1,47.833333333333336,10.845833333333333,2.1275,5.6,988.3916666666668,0.0,0.375,24,296.4911617862847
2018-10-24,23.416666666666668,17.6,30.1,56.791666666666664,13.820833333333333,1.65625,5.2,988.4166666666666,0.0,20.041666666666668,24,94.08400039780372
2018-10-25,23.224999999999998,16.1,30.2,59.208333333333336,14.133333333333333,1.8499999999999999,4.7,989.6166666666667,0.0,0.4166666666666667,24,66.79628875162092
2018-10-26,22.679166666666664,16.6,30.2,63.291666666666664,14.483333333333334,2.0325,5.6,991.5625,0.0,7.833333333333333,24,11.612085351435724
2018-10-27,23.333333333333332,18.0,29.7,61.333333333333336,14.795833333333334,2.0241666666666664,6.8,991.8958333333334,0.0,5.875,24,344.72544882335876
2018-10-28,23.054166666666664,16.2,29.9,62.708333333333336,14.674999999999999,2.2808333333333333,7.6,991.5375,0.0,0.0,24,327.94267522884417
2018-10-29,22.8,16.0,29.5,63.958333333333336,14.941666666666668,2.0683333333333334,6.5,990.6083333333332,0.0,0.0,24,307.7140293265077
2018-10-30,23.7625,18.2,29.2,63.5,16.025000000000002,1.2562499999999999,4.4,990.5749999999999,0.0,7.583333333333333,24,50.41605000243476
2018-10-31,23.854166666666668,18.2,29.3,63.166666666666664,15.820833333333333,1.3329166666666667,4.9,991.0791666666668,0.0,0.16666666666666666,24,76.33502069104327
2018-11-01,23.208333333333332,18.1,29.0,65.04166666666667,15.833333333333334,1.3316666666666668,4.5,989.9708333333333,0.0,27.791666666666668,24,119.0746903529328
2018-11-02,23.508333333333336,17.5,30.0,67.08333333333333,16.545833333333334,1.9745833333333334,6.9,988.375,0.1,15.25,24,126.16506306163785
2018-11-03,23.570833333333336,19.8,28.3,64.20833333333333,16.195833333333333,4.3175,10.5,987.3333333333334,0.0,26.375,24,101.06728586528993
2018-11-04,22.287499999999998,17.3,27.4,60.875,14.054166666666667,2.47375,8.7,988.475,0.0,4.0,24,10.688383030109492
2018-11-05,20.2375,15.0,25.5,62.5,12.4125,2.6045833333333333,7.7,989.275,0.0,3.5,24,293.64918320751525
2018-11-06,20.025000000000002,15.3,26.1,50.333333333333336,8.483333333333333,3.6629166666666664,9.9,989.6833333333334,0.0,0.0,24,291.8816012698679
2018-11-07,19.079166666666666,12.6,26.1,40.458333333333336,4.904166666666667,2.527083333333333,6.9,990.0958333333333,0.0,0.0,24,277.1228107568375
2018-11-08,20.162499999999998,13.5,26.4,48.583333333333336,8.504166666666666,1.1891666666666667,4.0,990.3541666666666,0.0,0.0,24,345.485546019003
2018-11-09,20.408333333333335,12.8,26.7,59.75,11.75,1.5541666666666665,5.1,988.7916666666666,0.0,0.0,24,328.49554757003256
2018-11-10,20.804166666666667,14.0,27.5,63.5,13.120833333333332,1.29875,4.4,989.5208333333334,0.0,6.458333333333333,24,58.41933411080453
2018-11-11,21.8,14.4,28.0,60.708333333333336,13.491666666666667,1.3466666666666667,3.7,990.0,0.0,3.125,24,96.50853708217153
2018-11-12,21.491666666666664,14.9,27.9,67.875,14.7875,1.66375,5.3,988.025,0.0,6.875,24,83.23405047367987
2018-11-13,22.170833333333334,17.1,28.1,69.04166666666667,15.825000000000001,1.8550000000000002,6.3,985.525,0.1,26.541666666666668,24,103.57899563551587
2018-11-14,21.495833333333334,17.9,26.0,72.0,16.020833333333332,2.0229166666666667,9.2,986.6041666666666,1.1,43.791666666666664,24,85.80627148668515
2018-11-15,20.775000000000002,16.3,26.7,71.91666666666667,14.991666666666667,2.6058333333333334,10.5,989.9583333333334,0.6000000000000001,7.0,24,346.2941924357435
2018-11-16,19.158333333333335,14.4,25.3,60.958333333333336,10.6625,4.02375,11.0,989.0625,0.0,0.0,24,290.7905265820068
2018-11-17,18.516666666666666,14.0,25.1,63.708333333333336,11.1,2.885,8.0,987.4,0.0,11.0,24,285.7234886683327
2018-11-18,19.8,14.3,26.8,63.958333333333336,12.283333333333333,1.9391666666666667,5.8,988.275,0.0,11.125,24,147.82963715658855
2018-11-19,20.816666666666666,16.8,26.6,62.583333333333336,13.145833333333334,2.9416666666666664,8.2,990.65,0.0,49.833333333333336,24,124.24052550413438
2018-11-20,20.4875,15.6,27.2,71.58333333333333,14.633333333333333,1.97375,6.6,991.0666666666666,0.0,0.0,24,328.1865531643782
2018-11-21,19.754166666666666,14.6,26.7,62.458333333333336,11.637500000000001,2.7758333333333334,8.4,991.2833333333333,0.0,19.791666666666668,24,281.05300944958555
2018-11-22,19.616666666666667,12.5,26.6,57.625,10.420833333333333,1.6254166666666665,5.3,991.8333333333334,0.0,46.166666666666664,24,301.41352637311513
2018-11-23,19.279166666666665,12.8,26.3,57.125,9.645833333333334,3.5854166666666667,10.4,993.4125,0.0,0.0,24,300.60787318338834
2018-11-24,19.287499999999998,14.4,26.0,53.25,9.033333333333333,4.130416666666666,11.4,991.8291666666668,0.0,0.0,24,287.04990860840235
2018-11-25,17.866666666666667,12.0,25.2,60.458333333333336,9.5875,2.2620833333333334,5.9,991.4958333333334,0.0,0.0,24,310.94187237754215
2018-11-26,18.55,11.0,25.6,66.5,11.587499999999999,2.3808333333333334,7.9,990.6041666666666,0.0,24.541666666666668,24,323.63261600505723
2018-11-27,19.483333333333334,11.8,25.3,69.45833333333333,13.433333333333332,1.8654166666666667,6.7,992.3416666666667,0.0,84.41666666666667,24,115.87900031720585
2018-11-28,19.633333333333333,14.6,25.2,72.20833333333333,14.095833333333333,1.4179166666666667,5.1,993.0375,0.0,47.75,24,126.88059557692077
2018-11-29,18.654166666666665,13.5,25.5,72.29166666666667,13.041666666666666,2.3545833333333333,6.9,993.4125,0.0,31.666666666666668,24,289.991125709883
2018-11-30,18.304166666666667,12.6,25.8,69.25,12.0,2.6754166666666666,8.1,992.8958333333334,0.0,15.083333333333334,24,289.9991006973338
2018-12-01,17.454166666666666,12.2,24.8,67.125,10.504166666666666,2.5004166666666667,7.8,990.3416666666667,0.0,0.375,24,277.6915197011729
2018-12-02,17.825,11.1,24.3,58.416666666666664,9.0125,1.4741666666666668,4.5,989.5666666666666,0.0,0.08333333333333333,24,352.81772187554844
2018-12-03,17.6875,10.3,23.9,61.25,9.591666666666667,1.3816666666666666,4.6,990.5208333333334,0.0,17.916666666666668,24,308.1948710676176
2018-12-04,17.287499999999998,12.7,23.4,65.91666666666667,10.404166666666667,1.6579166666666667,5.4,992.1583333333333,0.0,81.125,24,332.0014686077309
2018-12-05,16.766666666666666,9.9,22.9,68.83333333333333,10.5875,1.8145833333333332,5.6,989.875,0.0,19.541666666666668,24,313.6942420433387
2018-12-06,17.075,12.4,23.0,67.04166666666667,10.450000000000001,1.58375,5.9,989.125,0.0,17.25,24,336.95174357494346
2018-12-07,15.941666666666665,10.7,22.9,70.25,9.891666666666667,2.689166666666667,8.2,989.7833333333333,0.0,0.0,24,313.33088923141906
2018-12-08,15.4625,9.5,23.0,70.375,9.458333333333334,2.0258333333333334,5.5,990.6708333333332,0.0,0.0,24,335.6057447418619
2018-12-09,15.958333333333334,11.1,22.5,66.5,9.345833333333333,1.6575,4.8,989.8375,0.0,0.0,24,5.787717411000585
2018-12-10,15.491666666666667,10.0,22.2,72.375,10.1875,2.21375,6.7,989.2708333333334,0.1,13.625,24,115.69510428431829
2018-12-11,15.533333333333333,9.4,21.6,68.41666666666667,9.216666666666667,1.6979166666666667,5.0,990.2041666666668,0.0,20.541666666666668,24,109.4842442622305
2018-12-12,14.637500000000001,11.5,18.3,75.875,10.241666666666667,2.4291666666666667,8.9,991.7624999999999,0.8,47.458333333333336,24,81.17761083979684
2018-12-13,14.375,10.2,19.6,74.54166666666667,9.491666666666667,2.1004166666666664,6.5,994.5458333333332,0.1,15.75,24,342.1729682047109
2018-12-14,13.987499999999999,9.4,20.2,69.54166666666667,7.9125000000000005,2.3833333333333333,6.3,996.5666666666666,0.0,0.0,24,306.7423279018675
2018-12-15,13.870833333333332,8.7,20.8,68.08333333333333,7.558333333333334,3.0116666666666667,8.3,996.2166666666667,0.0,0.0,24,298.075395132573
2018-12-16,13.416666666666666,8.0,20.8,66.58333333333333,6.8,2.4145833333333333,6.9,996.4375,0.0,0.4583333333333333,24,309.3522351231007
2018-12-17,13.079166666666666,7.4,20.7,68.79166666666667,6.933333333333334,2.3316666666666666,7.3,994.85,0.0,49.125,24,312.2735341780723
2018-12-18,12.950000000000001,7.1,20.4,66.54166666666667,6.229166666666667,2.8662500000000004,7.8,993.375,0.0,0.0,24,301.2162045498566
2018-12-19,12.825000000000001,6.8,20.3,68.25,6.579166666666667,2.52,6.8,992.4583333333334,0.0,0.0,24,280.8144079672299
2018-12-20,12.370833333333332,5.9,20.3,68.29166666666667,5.9750000000000005,2.0204166666666667,5.1,992.5625,0.0,0.0,24,287.8780473353918
2018-12-21,12.15,6.2,20.0,68.54166666666667,5.895833333333333,2.433333333333333,6.6,991.4375,0.0,0.0,24,280.23742048129645
2018-12-22,11.924999999999999,5.9,19.6,70.04166666666667,5.9750000000000005,1.8020833333333333,4.5,991.7458333333334,0.0,0.0,24,197.80160391376475
2018-12-23,12.270833333333334,6.1,19.8,69.66666666666667,6.358333333333333,2.19375,6.1,992.4666666666667,0.0,11.25,24,125.33648280657252
2018-12-24,13.200000000000001,6.1,20.4,65.95833333333333,6.433333333333334,2.0395833333333333,6.1,991.725,0.0,0.0,24,307.228856101149
2018-12-25,12.1875,6.1,19.6,65.70833333333333,5.2,3.0541666666666667,9.1,991.0041666666666,0.0,1.3333333333333333,24,295.7805166921238
2018-12-26,11.883333333333333,5.6,19.0,62.75,4.145833333333333,2.2254166666666664,6.7,989.7333333333335,0.0,19.458333333333332,24,279.76124086034883
2018-12-27,12.125,5.2,18.8,63.541666666666664,4.9375,1.8275,5.3,991.0875,0.0,0.0,24,289.45511353248855
2018-12-28,11.541666666666666,6.2,18.3,66.625,5.05,3.5004166666666667,10.7,991.3458333333333,0.0,0.0,24,291.18522476636093
2018-12-29,11.270833333333334,5.0,19.2,64.45833333333333,4.204166666666667,2.7495833333333333,8.2,993.2541666666666,0.0,0.0,24,282.88888027236294
2018-12-30,13.258333333333333,4.8,19.6,61.125,5.4125000000000005,1.3262500000000002,3.9,995.6,0.0,0.375,24,320.05894628206573
2018-12-31,12.341666666666667,5.4,20.7,70.08333333333333,6.3625,2.566666666666667,7.1,995.3625000000001,0.0,0.0,24,297.41124342785076
2019-01-01,12.729166666666666,5.9,20.2,71.20833333333333,7.054166666666667,1.9604166666666665,5.5,994.2791666666667,0.0,5.25,24,285.2615531747942
2019-01-02,14.133333333333333,7.6,21.1,70.79166666666667,8.404166666666667,1.9279166666666667,6.1,994.6291666666666,0.0,11.083333333333334,24,113.9374167426887
2019-01-03,13.4625,7.5,20.7,69.83333333333333,7.520833333333333,2.7587499999999996,8.4,995.4875000000001,0.0,2.125,24,303.2326265401924
2019-01-04,12.649999999999999,7.1,18.8,70.20833333333333,6.8625,2.0933333333333333,6.0,994.2624999999999,0.0,59.791666666666664,24,283.8082218593982
2019-01-05,13.429166666666667,7.9,20.5,69.20833333333333,7.2749999999999995,3.3175000000000003,10.0,992.6625,0.0,5.75,24,113.20713388855893
2019-01-06,13.045833333333334,9.2,18.2,76.875,8.9,2.4158333333333335,9.5,992.2541666666666,2.3,44.875,24,35.702949906463346
2019-01-07,12.441666666666668,7.7,19.0,77.125,8.095833333333333,2.314583333333333,6.5,993.8833333333333,0.0,0.2916666666666667,24,317.40107739322525
2019-01-08,12.216666666666667,7.5,18.3,75.0,7.508333333333333,2.845,8.2,992.3583333333332,0.0,28.083333333333332,24,291.04170064696535
2019-01-09,12.570833333333333,8.0,19.3,68.83333333333333,6.445833333333333,3.547916666666667,10.1,991.5083333333333,0.0,0.0,24,291.74362845541964
2019-01-10,12.745833333333332,6.1,19.4,65.66666666666667,5.779166666666666,2.419166666666667,7.0,991.2833333333333,0.0,6.166666666666667,24,294.11180099018804
2019-01-11,12.887500000000001,6.2,19.4,67.75,6.4125000000000005,1.9129166666666666,5.0,992.7458333333334,0.0,6.333333333333333,24,109.58915375211245
2019-01-12,13.870833333333332,8.5,19.8,67.29166666666667,7.5375000000000005,1.6420833333333331,6.3,991.8833333333333,0.0,8.916666666666666,24,147.87637215602786
2019-01-13,14.525,9.4,20.9,71.70833333333333,9.054166666666667,2.0745833333333334,6.1,993.8916666666668,0.0,22.0,24,356.6585425740402
2019-01-14,12.520833333333334,8.0,18.1,58.5,3.6458333333333335,4.161666666666666,11.2,993.9541666666668,0.0,0.0,24,302.0353820751067
2019-01-15,11.495833333333332,6.5,18.7,56.333333333333336,2.6625,3.67375,9.7,992.6541666666667,0.0,50.833333333333336,24,291.27272389329937
2019-01-16,11.725,6.5,18.9,66.58333333333333,5.208333333333333,1.82625,5.1,992.4375,0.0,65.25,24,155.14113556912105
2019-01-17,12.770833333333334,7.6,20.0,71.16666666666667,7.254166666666666,2.095,6.3,991.475,0.0,0.0,24,331.91076345205914
2019-01-18,12.079166666666666,5.7,20.3,72.25,6.425,2.4066666666666667,6.0,991.5916666666667,0.0,0.4583333333333333,24,300.7617430171824
2019-01-19,14.4375,7.1,22.7,66.66666666666667,7.4624999999999995,1.9616666666666667,5.3,991.5916666666667,0.0,24.125,24,287.9699171002543
2019-01-20,17.779166666666665,11.8,24.8,66.79166666666667,11.170833333333334,1.3970833333333335,5.1,990.775,0.0,89.66666666666667,24,165.88484593758176
2019-01-21,16.245833333333334,13.0,20.8,79.79166666666667,12.554166666666667,4.12125,11.7,988.0916666666667,6.5,92.58333333333333,24,123.03417326852161
2019-01-22,14.85,11.7,19.5,85.54166666666667,12.220833333333333,3.9454166666666666,14.0,988.2416666666667,16.9,57.958333333333336,24,136.5581029262546
2019-01-23,13.191666666666668,8.4,18.5,84.04166666666667,10.295833333333333,1.7645833333333334,5.1,991.7958333333332,0.1,23.833333333333332,24,22.631664878947447
2019-01-24,13.683333333333335,9.7,19.6,80.625,10.179166666666667,2.26125,7.3,993.9833333333332,0.30000000000000004,32.666666666666664,24,337.754834725134
2019-01-25,12.091666666666667,8.8,17.0,78.54166666666667,8.195833333333333,2.2966666666666664,6.6,993.7458333333334,0.1,21.041666666666668,24,328.49342476731806
2019-01-26,11.266666666666666,7.0,17.2,66.29166666666667,4.55,2.8629166666666666,7.9,996.4083333333333,0.0,5.333333333333333,24,317.20995195783803
2019-01-27,10.166666666666666,5.3,16.2,66.25,3.6041666666666665,3.25375,10.0,996.6208333333334,0.0,17.916666666666668,24,305.158520747094
2019-01-28,10.637500000000001,6.0,17.1,60.625,2.8249999999999997,3.5675000000000003,10.1,996.3375,0.0,0.0,24,306.50486316408393
2019-01-29,11.0875,5.8,18.2,60.458333333333336,3.316666666666667,3.4779166666666668,9.0,994.8125,0.0,5.541666666666667,24,299.9622670449018
2019-01-30,11.533333333333333,6.2,18.5,67.70833333333333,5.25,2.6016666666666666,7.2,993.4375,0.0,63.583333333333336,24,316.6562312992202
2019-01-31,13.058333333333332,7.4,18.6,69.29166666666667,7.108333333333333,3.1787500000000004,10.1,992.1666666666666,0.6000000000000001,53.75,24,121.20229549868037
2019-02-01,14.245833333333332,10.8,19.3,73.83333333333333,9.458333333333334,2.557916666666667,8.5,992.8666666666667,0.2,32.625,24,93.46062526302319
2019-02-02,12.933333333333332,7.8,19.4,80.25,9.262500000000001,2.841666666666667,7.9,992.8791666666666,0.0,0.20833333333333334,24,295.60677856193695
2019-02-03,12.670833333333334,7.6,19.9,81.16666666666667,9.195833333333333,2.4233333333333333,6.7,993.8874999999999,0.0,0.5416666666666666,24,279.52282314878516
2019-02-04,14.233333333333334,7.5,20.8,72.95833333333333,8.970833333333333,1.8245833333333332,5.5,994.6125000000001,0.0,4.708333333333333,24,281.7389119415872
2019-02-05,15.950000000000001,9.7,22.0,75.04166666666667,11.245833333333332,1.9525,5.3,992.0875,0.0,44.583333333333336,24,117.98018339173063
2019-02-06,17.166666666666668,13.6,23.1,84.45833333333333,14.379166666666668,3.3874999999999997,9.6,986.9916666666667,9.1,40.75,24,134.94602036800234
2019-02-07,15.766666666666667,12.1,20.1,88.875,13.904166666666667,5.80875,15.6,984.7416666666667,12.7,59.0,24,141.2611279117649
2019-02-08,12.716666666666667,7.9,18.6,70.66666666666667,6.841666666666666,2.5208333333333335,7.0,990.8375,0.0,24.75,24,313.89883884639636
2019-02-09,12.545833333333334,8.1,18.8,68.20833333333333,6.5,3.6033333333333335,9.5,993.1416666666668,0.0,0.4166666666666667,24,294.7136369635811
2019-02-10,12.454166666666667,6.7,18.3,72.08333333333333,7.179166666666667,2.0641666666666665,6.5,994.5291666666667,0.5,75.91666666666667,24,303.72537407124884
2019-02-11,13.237499999999999,7.6,19.3,73.04166666666667,8.179166666666667,1.8012499999999998,4.8,995.0583333333334,0.0,68.29166666666667,24,311.29022362227533
2019-02-12,15.266666666666666,10.5,21.3,74.5,10.504166666666666,1.4379166666666665,4.6,995.0375,0.0,80.66666666666667,24,351.8484623836334
2019-02-13,16.537499999999998,10.3,23.5,73.20833333333333,11.25,1.93875,5.5,994.1166666666667,0.4,71.29166666666667,24,131.9621653262658
2019-02-14,16.333333333333332,13.6,20.4,82.91666666666667,13.366666666666667,4.1025,12.2,990.0458333333332,4.0,77.375,24,131.6307432127914
2019-02-15,15.895833333333334,12.7,20.7,84.70833333333333,13.204166666666666,1.9275,6.7,990.3458333333333,4.5,55.5,24,81.80670547740573
2019-02-16,14.416666666666666,10.4,19.3,84.70833333333333,11.658333333333333,2.28375,8.0,991.6166666666667,0.1,60.25,24,309.3121377999908
2019-02-17,14.620833333333332,10.6,20.7,79.25,10.6625,3.2408333333333332,9.4,988.6875,0.0,25.041666666666668,24,301.6849396386773
2019-02-18,16.279166666666665,9.8,22.5,71.33333333333333,10.633333333333333,3.111666666666667,10.0,984.3249999999999,0.1,28.875,24,123.21181281935287
2019-02-19,16.891666666666666,12.4,22.1,76.95833333333333,12.554166666666667,1.7425,8.5,987.3666666666667,0.0,58.625,24,49.6565961925607
2019-02-20,16.991666666666667,14.8,20.5,81.66666666666667,13.695833333333333,3.4729166666666664,10.0,991.8541666666666,2.6,98.75,24,99.03388086374531
2019-02-21,19.295833333333334,14.1,25.4,75.29166666666667,14.545833333333334,3.1191666666666666,9.7,990.8916666666668,0.0,79.29166666666667,24,121.4566815955447
2019-02-22,17.95,13.2,22.7,71.83333333333333,12.320833333333333,4.212083333333333,10.8,991.4375,0.4,27.708333333333332,24,313.64963078039364
2019-02-23,15.1625,10.5,21.5,64.04166666666667,7.883333333333333,4.04875,11.2,989.9125,0.0,33.833333333333336,24,308.2250195995201
2019-02-24,15.391666666666666,10.8,22.0,65.66666666666667,8.458333333333334,2.5391666666666666,7.3,986.6791666666667,0.2,24.833333333333332,24,319.4087613566734
2019-02-25,15.470833333333333,10.0,22.3,65.29166666666667,8.424999999999999,2.1233333333333335,7.0,985.75,0.0,33.708333333333336,24,89.24950610617498
2019-02-26,15.620833333333332,11.9,21.4,67.45833333333333,9.4,3.252083333333333,9.6,985.5875,2.8000000000000003,64.41666666666667,24,120.69709093357858
2019-02-27,13.520833333333334,9.8,17.6,78.70833333333333,9.704166666666667,2.0741666666666667,9.5,986.0958333333333,11.2,40.458333333333336,24,358.10254732472004
2019-02-28,13.108333333333334,7.3,19.3,69.75,6.841666666666666,2.6195833333333334,9.6,989.9541666666668,0.0,3.375,24,311.6160240487811
2019-03-01,13.916666666666666,7.2,21.1,65.95833333333333,6.895833333333333,2.638333333333333,7.5,990.3708333333334,0.0,14.083333333333334,24,319.03574063846526
2019-03-02,15.020833333333334,11.4,20.9,72.875,9.904166666666667,1.67375,6.3,990.3249999999999,6.8,98.83333333333333,24,79.25744854097752
2019-03-03,15.895833333333334,11.1,21.6,79.875,12.204166666666666,2.4541666666666666,7.1,987.1625,4.1,46.291666666666664,24,100.3961838205671
2019-03-04,16.883333333333333,11.8,22.5,80.25,13.179166666666667,2.1841666666666666,7.7,984.4125,0.2,14.916666666666666,24,325.8235043333798
2019-03-05,16.162499999999998,11.7,21.9,71.25,10.254166666666666,2.907083333333333,8.7,985.3375,0.0,6.291666666666667,24,302.4593851208857
2019-03-06,16.754166666666666,10.9,23.3,63.416666666666664,8.966666666666667,2.9729166666666664,11.1,986.4125,0.0,3.3333333333333335,24,299.57036255200114
2019-03-07,17.179166666666667,10.3,23.9,61.916666666666664,8.987499999999999,2.27375,6.8,986.8958333333334,0.0,16.666666666666668,24,320.7056062318395
2019-03-08,18.608333333333334,11.8,24.2,58.541666666666664,9.808333333333334,2.185416666666667,7.5,988.65,0.0,20.041666666666668,24,356.5740114229201
2019-03-09,18.204166666666666,12.6,25.2,64.95833333333333,10.833333333333334,3.2220833333333334,10.3,988.5916666666667,0.0,15.291666666666666,24,338.29333460146455
2019-03-10,17.724999999999998,11.3,24.7,54.0,7.208333333333333,2.57375,7.9,988.75,0.0,0.0,24,318.9751831366138
2019-03-11,20.037499999999998,14.5,26.4,55.291666666666664,10.395833333333334,4.055416666666667,15.2,988.0,1.7,27.166666666666668,24,120.38113185227303
2019-03-12,19.662499999999998,13.0,26.6,56.916666666666664,9.333333333333334,3.014583333333333,9.5,990.3833333333333,0.0,60.5,24,358.8369306053958
2019-03-13,18.295833333333334,13.2,23.2,63.291666666666664,10.845833333333333,1.9220833333333334,5.9,990.5583333333334,0.0,92.625,24,351.3765617451242
2019-03-14,17.208333333333332,12.1,24.2,71.79166666666667,11.495833333333332,3.0812500000000003,11.7,991.3416666666667,0.30000000000000004,36.5,24,344.92439034484556
2019-03-15,17.966666666666665,11.8,25.1,64.625,10.079166666666667,3.064583333333333,9.5,992.6374999999999,0.0,0.041666666666666664,24,329.5748005053952
2019-03-16,18.104166666666668,12.2,25.3,56.708333333333336,8.516666666666667,2.9133333333333336,8.3,991.3249999999999,0.0,52.416666666666664,24,312.4250863474476
2019-03-17,20.1375,12.9,26.6,48.791666666666664,8.241666666666667,2.517916666666667,7.3,989.5041666666666,0.0,23.458333333333332,24,296.84613042378345
2019-03-18,20.716666666666665,12.3,27.2,49.458333333333336,8.595833333333333,1.9316666666666666,7.3,989.0666666666666,0.0,39.333333333333336,24,295.5698156830098
2019-03-19,21.758333333333336,13.9,29.5,50.083333333333336,9.9125,2.405,8.1,985.6,0.0,0.0,24,282.71148273188953
2019-03-20,23.3125,18.3,30.7,46.791666666666664,10.65,4.013333333333333,11.6,984.0791666666668,0.0,16.833333333333332,24,122.38731107520698
2019-03-21,22.795833333333334,15.2,30.3,48.75,10.366666666666667,2.91,8.7,987.2333333333332,0.0,25.75,24,9.431612360651513
2019-03-22,22.070833333333336,16.0,29.1,40.416666666666664,6.858333333333333,3.6633333333333336,11.6,989.3874999999999,0.0,0.125,24,316.41406026338535
2019-03-23,22.400000000000002,15.7,30.0,38.375,6.795833333333333,4.359583333333333,12.7,988.6416666666668,0.0,4.541666666666667,24,311.3342196647308
2019-03-24,24.15833333333333,18.4,31.3,45.291666666666664,11.016666666666666,3.58375,9.2,987.2041666666668,0.0,13.0,24,322.6292722590473
2019-03-25,21.72083333333333,17.3,28.4,62.458333333333336,13.6875,3.200416666666667,10.1,987.5333333333333,0.5,57.791666666666664,24,331.6532011752281
2019-03-26,22.333333333333332,15.4,29.9,57.375,11.9625,3.12375,10.4,988.7041666666668,0.0,0.0,24,300.360393499742
2019-03-27,23.604166666666668,15.3,31.1,52.458333333333336,12.5375,2.634583333333333,8.3,989.2583333333333,0.0,38.166666666666664,24,299.33674203168283
2019-03-28,26.058333333333334,18.4,33.8,52.208333333333336,14.516666666666666,2.27,7.9,987.2583333333333,0.0,41.916666666666664,24,305.6761747817121
2019-03-29,27.9375,19.0,35.8,50.333333333333336,15.195833333333333,1.9495833333333332,7.2,984.4083333333333,0.0,23.541666666666668,24,324.85935611303205
2019-03-30,26.974999999999998,20.2,35.9,53.666666666666664,15.625,2.05875,13.0,983.6,0.0,48.166666666666664,24,349.39732462759366
2019-03-31,26.491666666666664,19.4,34.4,40.708333333333336,9.612499999999999,3.9279166666666665,12.4,983.9625,0.0,14.583333333333334,24,311.62117232407525
2019-04-01,25.53333333333333,18.4,33.5,32.875,7.0125,3.8158333333333334,11.5,984.4125,0.0,0.0,24,302.3968410830336
2019-04-02,25.504166666666666,18.4,33.5,38.875,8.924999999999999,2.3916666666666666,8.1,984.9916666666667,0.0,0.041666666666666664,24,331.74812927081615
2019-04-03,26.304166666666664,18.1,35.0,38.625,9.641666666666667,2.6195833333333334,7.4,984.0833333333334,0.0,0.0,24,308.48758117867624
2019-04-04,27.995833333333334,18.8,36.4,40.125,11.929166666666667,2.2670833333333333,6.4,984.6875,0.0,16.625,24,78.48860856885551
2019-04-05,29.441666666666666,21.6,37.8,41.0,13.745833333333332,1.98375,10.7,983.8874999999999,0.0,29.666666666666668,24,277.40810798585846
2019-04-06,28.833333333333332,21.3,37.7,46.583333333333336,14.858333333333333,2.5791666666666666,15.7,982.75,0.0,27.958333333333332,24,46.76246371994131
2019-04-07,28.2375,21.7,35.1,54.125,17.683333333333334,2.8066666666666666,10.0,981.6374999999999,0.0,60.5,24,110.25285914579695
2019-04-08,26.912499999999998,21.3,35.3,53.791666666666664,15.895833333333334,3.1062499999999997,17.4,982.4916666666667,0.2,22.125,24,106.7608288443418
2019-04-09,28.458333333333332,20.2,36.7,46.625,14.616666666666667,2.25,7.3,982.2333333333332,0.0,31.083333333333332,24,64.8511146326415
2019-04-10,29.2375,21.6,37.5,42.958333333333336,13.679166666666667,2.2033333333333336,11.5,983.7041666666668,0.0,53.5,24,356.4151395110217
2019-04-11,30.416666666666668,23.8,37.9,35.708333333333336,12.291666666666666,2.30125,8.5,983.4166666666666,0.0,22.5,24,350.33739555426894
2019-04-12,29.59583333333333,22.5,37.3,36.041666666666664,12.299999999999999,2.7891666666666666,10.3,983.7041666666668,0.0,40.0,24,344.94996566484406
2019-04-13,29.929166666666664,22.6,36.8,37.666666666666664,12.9125,3.331666666666667,10.5,984.3583333333332,0.0,25.666666666666668,24,340.94686960031856
2019-04-14,30.616666666666664,23.9,37.6,33.958333333333336,12.0625,3.887916666666667,10.9,984.1958333333333,0.0,15.25,24,335.6956358336019
2019-04-15,31.150000000000002,24.0,38.6,31.5,11.179166666666667,3.200416666666667,10.1,982.4041666666667,0.0,64.20833333333333,24,319.52439957602604
2019-04-16,26.245833333333334,22.4,31.1,49.375,14.375,3.4904166666666665,13.0,984.5625,0.5,97.375,24,158.96591058479453
2019-04-17,21.787499999999998,18.9,25.9,72.91666666666667,16.554166666666667,3.231666666666667,12.1,986.4541666666668,4.6,82.875,24,149.75963484035026
2019-04-18,22.554166666666664,16.4,27.9,66.66666666666667,15.420833333333334,1.5608333333333333,5.7,987.0375,0.1,11.791666666666666,24,6.736171619793993
2019-04-19,24.520833333333332,18.5,29.9,53.333333333333336,13.770833333333334,2.5029166666666667,7.7,984.9083333333333,0.1,9.875,24,291.3698745780946
2019-04-20,26.433333333333334,19.6,32.8,46.958333333333336,13.216666666666667,2.025,7.4,982.525,0.0,23.25,24,281.5673442724742
2019-04-21,28.733333333333334,20.0,35.4,38.666666666666664,12.270833333333334,2.5941666666666667,11.0,980.9291666666667,0.0,11.25,24,290.54388673969015
2019-04-22,30.1375,21.8,37.3,39.375,13.450000000000001,2.6066666666666665,9.6,980.9458333333333,0.0,0.9583333333333334,24,334.5644899250343
2019-04-23,32.083333333333336,23.9,39.1,34.541666666666664,13.329166666666666,2.362083333333333,10.3,981.875,0.0,9.833333333333334,24,333.5541748663167
2019-04-24,32.67916666666667,25.3,40.2,35.208333333333336,13.9375,3.0233333333333334,11.3,982.9625,0.0,11.708333333333334,24,97.70895280146709
2019-04-25,32.987500000000004,27.0,39.3,35.875,15.174999999999999,3.095416666666667,11.1,982.8166666666666,0.0,19.458333333333332,24,92.2173933979916
2019-04-26,33.016666666666666,25.2,40.0,32.75,12.408333333333333,3.5083333333333333,11.0,982.3708333333334,0.0,4.208333333333333,24,325.2428343414384
2019-04-27,33.525,26.8,40.2,21.791666666666668,7.8500000000000005,5.239166666666667,15.8,981.8333333333334,0.0,0.125,24,320.9188704877655
2019-04-28,33.333333333333336,26.2,40.8,19.583333333333332,5.5375000000000005,4.38,13.5,980.6541666666667,0.0,0.0,24,315.9283475737735
2019-04-29,33.63333333333333,25.8,40.7,19.208333333333332,6.241666666666667,2.92375,9.0,979.6708333333332,0.0,0.4166666666666667,24,313.70559796355957
2019-04-30,34.1875,25.5,41.6,19.916666666666668,6.920833333333333,3.3220833333333335,12.9,976.9416666666666,0.0,15.375,24,147.06228090545795
2019-05-01,32.979166666666664,24.5,40.7,24.583333333333332,8.879166666666666,2.47,7.9,976.4083333333333,0.0,10.083333333333334,24,85.10357834151807
2019-05-02,31.495833333333334,26.7,37.7,32.791666666666664,12.829166666666666,3.7254166666666664,12.3,978.85,0.5,37.041666666666664,24,44.91398116591597
2019-05-03,30.979166666666668,24.7,37.5,32.958333333333336,12.237499999999999,2.6833333333333336,8.9,980.4083333333333,0.0,20.291666666666668,24,62.4803444558263
2019-05-04,31.166666666666668,24.1,38.0,22.416666666666668,5.1875,3.8312500000000003,12.2,982.2708333333334,0.0,15.291666666666666,24,318.9826505203565
2019-05-05,31.116666666666664,23.1,38.7,19.208333333333332,3.8541666666666665,3.9225,13.4,982.4791666666666,0.0,0.0,24,301.47084938166785
2019-05-06,32.199999999999996,23.5,40.1,20.708333333333332,5.7,2.9966666666666666,11.8,979.9875000000001,0.0,0.0,24,298.78527656014796
2019-05-07,32.362500000000004,23.3,40.0,19.583333333333332,5.4375,3.705416666666667,12.9,978.5708333333333,0.0,6.666666666666667,24,284.23071137260604
2019-05-08,34.020833333333336,26.0,41.6,17.916666666666668,5.333333333333333,3.762916666666667,11.8,978.725,0.0,2.5833333333333335,24,276.18262392076497
2019-05-09,34.266666666666666,27.0,41.1,19.5,7.070833333333333,4.751666666666667,13.1,977.9625,0.0,9.125,24,272.00643582213655
2019-05-10,34.59166666666667,29.5,40.3,19.625,7.720833333333334,4.6779166666666665,12.8,978.8416666666667,0.0,36.291666666666664,24,287.1851374750144
2019-05-11,32.28333333333333,24.9,38.6,28.625,11.016666666666666,3.625833333333333,13.2,981.0625,0.0,25.25,24,321.6118560176948
2019-05-12,31.895833333333332,24.9,38.5,30.25,11.637500000000001,3.0108333333333337,10.4,980.7708333333334,0.0,19.0,24,291.7811117595799
2019-05-13,32.38333333333333,24.7,38.5,29.75,11.554166666666667,2.3129166666666667,12.6,979.5416666666666,0.0,54.291666666666664,24,290.3788589241308
2019-05-14,30.079166666666666,24.3,35.6,41.583333333333336,15.075000000000001,2.2354166666666666,9.0,980.0583333333334,0.0,27.791666666666668,24,318.7251019350992
2019-05-15,30.349999999999998,24.8,36.9,44.791666666666664,16.358333333333334,2.0395833333333333,10.9,981.3708333333334,0.1,35.125,24,122.08393719587184
2019-05-16,30.245833333333334,24.9,36.7,45.5,16.4375,2.4766666666666666,9.2,982.3083333333334,0.0,27.75,24,324.25904298880823
2019-05-17,28.34583333333333,24.4,34.9,56.875,18.404166666666665,2.004583333333333,9.9,982.1458333333334,2.7,37.208333333333336,24,310.25923223177506
2019-05-18,27.412499999999998,21.3,33.4,60.375,18.204166666666666,3.2937499999999997,10.5,981.6583333333333,0.2,21.916666666666668,24,299.60658077877355
2019-05-19,30.133333333333336,23.6,36.5,42.875,15.125,2.9891666666666663,8.8,982.3125,0.0,1.0833333333333333,24,293.10949464468763
2019-05-20,31.900000000000002,24.0,38.7,34.5,13.041666666666666,3.0729166666666665,9.5,982.7291666666666,0.0,23.333333333333332,24,288.97223279820696
2019-05-21,32.637499999999996,25.6,39.3,31.333333333333332,12.725,2.94125,9.1,981.5958333333333,0.0,37.208333333333336,24,282.1030542495946
2019-05-22,32.86666666666667,27.1,39.2,34.791666666666664,14.670833333333334,2.7591666666666668,11.0,979.8166666666666,0.0,33.833333333333336,24,264.88432531140506
2019-05-23,33.12916666666667,26.4,39.2,37.25,15.729166666666666,2.3066666666666666,9.7,979.0583333333334,0.0,63.916666666666664,24,288.37873936937353
2019-05-24,30.870833333333334,26.4,35.3,45.25,17.429166666666667,3.454166666666667,11.9,980.3874999999999,0.0,20.291666666666668,24,343.0016049298443
2019-05-25,31.133333333333336,25.1,36.5,39.375,14.829166666666666,4.260833333333333,12.8,980.0208333333334,0.0,7.208333333333333,24,307.149158866643
2019-05-26,31.633333333333336,24.7,38.2,34.208333333333336,13.145833333333334,3.19125,9.9,978.6875,0.0,2.0,24,301.91314405943103
2019-05-27,33.75416666666667,26.2,40.7,26.833333333333332,10.895833333333334,3.327083333333333,10.5,978.3333333333334,0.0,4.708333333333333,24,302.96241753855304
2019-05-28,33.541666666666664,26.0,40.7,20.375,6.8374999999999995,3.4425000000000003,10.2,978.1541666666667,0.0,0.0,24,300.98150158548975
2019-05-29,34.6875,26.4,41.9,20.166666666666668,7.95,2.9275,8.2,976.8041666666667,0.0,3.0,24,299.52158410772756
2019-05-30,35.6,27.1,43.4,20.75,8.450000000000001,2.5116666666666667,9.4,975.4666666666667,0.0,2.4166666666666665,24,291.8321481743435
2019-05-31,36.81666666666667,28.3,44.1,19.541666666666668,9.025,2.9879166666666666,9.3,975.5749999999999,0.0,7.75,24,294.8578101459937
2019-06-01,35.6625,28.9,43.6,29.083333333333332,13.920833333333334,2.8625000000000003,10.6,975.7958333333332,0.0,7.875,24,105.05813568851363
2019-06-02,35.520833333333336,29.0,42.8,40.041666666666664,18.895833333333332,3.8325,15.0,975.8041666666667,0.0,6.083333333333333,24,108.54609452496675
2019-06-03,34.608333333333334,29.9,41.4,45.583333333333336,20.533333333333335,4.318333333333333,16.7,976.4499999999999,0.0,9.25,24,120.38632986411778
2019-06-04,34.833333333333336,29.6,41.7,42.458333333333336,19.666666666666668,3.9941666666666666,12.0,976.7833333333333,0.0,8.625,24,120.23876942714196
2019-06-05,35.57083333333333,28.6,41.5,39.125,18.754166666666666,2.605,9.4,976.3833333333333,0.3,19.541666666666668,24,132.56609393747783
2019-06-06,35.65833333333333,30.2,42.8,36.583333333333336,17.633333333333333,3.1029166666666668,13.2,976.7833333333333,0.5,11.625,24,95.11309490055748
2019-06-07,34.12083333333333,27.0,41.4,42.125,18.150000000000002,2.39,8.4,979.1291666666666,0.0,8.291666666666666,24,75.56610633877392
2019-06-08,35.55416666666667,27.9,41.7,33.041666666666664,15.229166666666666,2.2470833333333333,8.9,978.0333333333333,0.0,15.5,24,282.7841017749214
2019-06-09,36.96666666666667,28.1,43.5,23.958333333333332,11.708333333333334,2.240416666666667,9.2,975.3000000000001,0.0,0.4583333333333333,24,336.40440294719144
2019-06-10,37.25416666666667,28.2,44.0,23.416666666666668,11.908333333333333,2.2075,8.2,972.8083333333334,0.0,5.208333333333333,24,270.0685167076249
2019-06-11,37.40833333333333,29.7,43.7,23.208333333333332,12.216666666666667,2.88625,8.5,972.725,0.0,18.5,24,282.69899262732685
2019-06-12,34.666666666666664,30.1,39.7,44.458333333333336,20.5875,3.2266666666666666,10.7,974.9416666666666,2.1999999999999997,23.625,24,129.6644154126015
2019-06-13,35.4625,29.2,41.1,38.166666666666664,18.629166666666666,3.379583333333333,9.5,975.6166666666667,0.0,38.583333333333336,24,233.03609743013132
2019-06-14,36.05833333333333,30.6,42.1,29.416666666666668,13.775,4.2124999999999995,11.0,974.4166666666666,0.0,4.458333333333333,24,288.3846993902387
2019-06-15,36.516666666666666,29.7,42.4,22.416666666666668,11.012500000000001,4.015,11.4,974.0708333333333,0.0,30.958333333333332,24,281.30414534237116
2019-06-16,33.80416666666667,28.9,38.8,42.625,19.091666666666665,5.678333333333334,13.9,975.6625,0.0,29.708333333333332,24,279.3658314900058
2019-06-17,33.574999999999996,28.7,38.8,47.0,20.229166666666668,5.27,15.5,975.4083333333333,0.0,15.708333333333334,24,277.61413257381037
2019-06-18,30.537499999999998,24.7,36.1,55.0,20.0625,2.42875,9.7,976.5,0.5,27.75,24,288.6258659210814
2019-06-19,31.0,26.0,36.6,53.0,19.729166666666668,2.0866666666666664,9.4,976.1583333333333,0.0,17.416666666666668,24,203.59547108987115
2019-06-20,31.8,24.7,37.7,47.958333333333336,18.6125,1.98375,7.2,977.1708333333332,0.0,9.333333333333334,24,198.0897097052699
2019-06-21,33.30416666666667,27.7,38.9,47.25,20.2,1.7566666666666666,8.0,977.3208333333333,1.2,15.875,24,203.89365314032062
2019-06-22,34.699999999999996,28.1,40.3,38.208333333333336,17.337500000000002,2.4595833333333332,10.3,976.7416666666667,0.0,7.541666666666667,24,355.7977559300794
2019-06-23,34.0,29.1,38.8,49.083333333333336,21.154166666666665,3.9762500000000003,12.4,976.9499999999999,0.0,10.333333333333334,24,114.71114753006032
2019-06-24,31.575000000000003,27.0,37.0,60.25,22.72083333333333,2.9116666666666666,9.9,978.5583333333334,0.6000000000000001,28.833333333333332,24,108.39394558249512
2019-06-25,32.15416666666667,27.8,36.2,61.75,23.633333333333336,1.4866666666666666,6.9,978.0541666666667,4.8,40.208333333333336,24,52.79270279661182
2019-06-26,34.78333333333334,29.5,39.7,48.416666666666664,21.125,2.3754166666666667,10.2,975.4875000000001,0.6,16.041666666666668,24,334.36669841844446
2019-06-27,34.604166666666664,28.9,40.3,39.708333333333336,18.420833333333334,3.2770833333333336,13.2,973.0333333333333,0.0,30.458333333333332,24,301.2157683953582
2019-06-28,35.487500000000004,28.7,42.1,37.583333333333336,18.133333333333333,3.6824999999999997,12.0,972.0333333333333,0.0,8.125,24,285.8633566254228
2019-06-29,36.35,30.6,41.6,36.625,18.720833333333335,3.5775,11.6,971.6541666666667,0.0,17.5,24,282.8064133137691
2019-06-30,36.858333333333334,30.6,42.9,35.25,18.341666666666665,3.2591666666666668,10.6,971.9708333333333,0.0,22.5,24,302.77506468065286
2019-07-01,35.99583333333333,30.0,41.5,42.125,20.5,1.8754166666666665,7.2,973.0958333333333,0.0,22.125,24,14.30030280601028
2019-07-02,35.72083333333333,31.1,40.2,45.5,21.78333333333333,2.5187500000000003,8.8,973.9499999999999,0.0,23.583333333333332,24,89.93451266360296
2019-07-03,33.725,30.3,36.7,55.958333333333336,23.5125,3.19875,10.2,974.7041666666668,1.6,84.08333333333333,24,122.95030498759354
2019-07-04,33.020833333333336,29.6,39.1,59.5,23.758333333333336,2.8945833333333333,9.6,973.6125000000001,6.6000000000000005,74.79166666666667,24,133.566455863413
2019-07-05,30.97083333333333,27.9,34.9,72.08333333333333,25.1875,1.6445833333333333,8.7,971.75,3.7,80.54166666666667,24,124.5061731843465
2019-07-06,31.054166666666664,27.3,34.9,69.29166666666667,24.504166666666666,2.2025,9.5,970.9875000000001,0.30000000000000004,70.58333333333333,24,111.01405350245898
2019-07-07,31.166666666666668,26.7,35.8,69.16666666666667,24.5625,1.2879166666666666,5.8,971.5625,2.1,53.625,24,105.02747129456287
2019-07-08,31.875,28.3,36.4,67.83333333333333,24.8625,1.4825,8.4,971.875,4.0,44.083333333333336,24,223.5912106617639
2019-07-09,30.7375,27.0,35.0,72.04166666666667,24.825,2.4229166666666666,9.4,971.5291666666667,4.9,75.125,24,215.51335148164574
2019-07-10,31.025000000000002,27.0,34.9,74.16666666666667,25.570833333333336,2.5166666666666666,11.7,971.0583333333334,7.1000000000000005,78.375,24,237.05184740734418
2019-07-11,33.395833333333336,29.1,38.4,56.666666666666664,23.304166666666664,4.224583333333333,13.9,971.0625,0.0,73.25,24,247.95158593426535
2019-07-12,33.44166666666667,29.9,38.2,51.166666666666664,21.645833333333332,3.782916666666667,10.5,973.5166666666668,0.5,76.45833333333333,24,263.0276740202574
2019-07-13,34.108333333333334,29.7,38.5,47.375,20.875,5.447083333333333,14.9,974.0625,0.0,34.708333333333336,24,263.50521374315446
2019-07-14,32.9375,29.3,36.8,52.25,21.3125,4.4158333333333335,14.3,972.9791666666666,0.0,42.708333333333336,24,261.5007354942801
2019-07-15,29.77916666666667,25.7,36.8,72.29166666666667,23.758333333333336,2.7825,14.1,972.725,4.4,64.125,24,202.69200974742736
2019-07-16,26.6125,24.6,29.1,88.58333333333333,24.516666666666666,2.54625,10.5,975.9208333333335,20.6,75.29166666666667,24,101.38632388341006
2019-07-17,27.229166666666668,24.7,30.8,84.91666666666667,24.3625,1.8995833333333334,9.0,976.9291666666667,14.8,51.458333333333336,24,116.2350674365685
2019-07-18,27.53333333333333,24.7,32.2,82.20833333333333,24.054166666666664,1.3983333333333334,7.1,976.8333333333334,12.8,55.791666666666664,24,186.75494784142867
2019-07-19,29.420833333333334,25.3,33.3,78.75,25.254166666666666,1.2720833333333335,5.8,977.0333333333333,6.7,53.083333333333336,24,155.4441266448615
2019-07-20,30.041666666666668,25.9,33.9,80.25,26.054166666666664,1.8741666666666668,8.6,977.7708333333334,12.5,50.25,24,113.41366314249518
2019-07-21,29.75,27.2,33.1,81.33333333333333,26.09166666666667,2.1662500000000002,8.9,977.4416666666666,11.1,47.166666666666664,24,120.10102995414553
2019-07-22,30.408333333333335,27.5,34.2,80.29166666666667,26.5125,1.7429166666666667,7.3,976.3874999999999,6.1,60.708333333333336,24,108.50111413351101
2019-07-23,31.620833333333334,28.0,35.5,76.95833333333333,26.849999999999998,1.7304166666666667,5.9,975.0541666666667,4.6,65.79166666666667,24,183.80605863743622
2019-07-24,31.525000000000002,28.0,36.7,74.375,26.191666666666666,2.5479166666666666,10.8,973.4291666666667,6.8,46.208333333333336,24,262.88762336582573
2019-07-25,27.620833333333334,26.0,29.9,86.125,25.0,1.8416666666666668,6.4,975.0666666666666,10.9,95.375,24,229.63561316622136
2019-07-26,27.270833333333332,25.5,29.9,87.20833333333333,24.8625,2.895,11.2,973.3291666666668,26.9,95.95833333333333,24,80.85310245880856
2019-07-27,26.6375,25.2,30.1,89.75,24.758333333333336,3.748333333333333,9.7,973.4333333333334,6.0,98.08333333333333,24,107.3073975314939
2019-07-28,28.125,25.5,31.8,86.5,25.59583333333333,3.9462499999999996,11.0,975.2666666666668,7.300000000000001,88.79166666666667,24,107.23057365940485
2019-07-29,29.233333333333334,26.1,33.0,78.95833333333333,25.075,3.9883333333333333,12.9,976.5291666666667,1.3,48.916666666666664,24,103.99007382287687
2019-07-30,28.920833333333334,26.2,32.1,78.25,24.629166666666666,3.4516666666666667,9.9,976.3208333333333,0.8,79.5,24,102.28986757398991
2019-07-31,29.0625,27.0,31.8,78.45833333333333,24.829166666666666,2.6891666666666665,8.0,975.6750000000001,0.5,97.375,24,94.84286837408541
2019-08-01,29.34166666666667,26.8,32.2,81.58333333333333,25.77916666666667,2.555,8.0,975.0541666666667,2.1,75.95833333333333,24,119.80198904942716
2019-08-02,28.75,26.1,31.5,85.25,25.933333333333334,1.9654166666666668,6.6,974.2791666666667,12.9,90.08333333333333,24,110.64177696171993
2019-08-03,28.3125,26.4,30.8,88.08333333333333,26.070833333333336,2.28125,7.6,974.2083333333334,6.8,95.25,24,97.66310509155164
2019-08-04,28.891666666666666,26.2,32.6,87.41666666666667,26.4875,1.18625,5.1,973.2916666666666,4.2,89.16666666666667,24,97.05246127777684
2019-08-05,29.233333333333334,26.5,32.9,85.95833333333333,26.545833333333334,1.57125,5.2,971.725,18.5,78.41666666666667,24,139.16403862423613
2019-08-06,27.941666666666666,26.0,31.0,89.0,25.866666666666664,2.377083333333333,7.0,972.0749999999999,20.700000000000003,96.0,24,121.0675015777926
2019-08-07,28.183333333333334,25.7,30.9,88.08333333333333,25.95,1.5466666666666666,7.5,971.7833333333333,6.999999999999999,74.5,24,83.89055437454783
2019-08-08,30.145833333333332,27.2,33.8,78.375,25.754166666666666,2.55875,8.1,971.6208333333334,0.5,75.83333333333333,24,96.28811002763081
2019-08-09,29.320833333333336,27.6,31.4,74.5,24.28333333333333,5.952083333333333,17.0,973.4625,0.8,77.0,24,94.70200218045545
2019-08-10,28.775000000000002,26.0,32.2,79.58333333333333,24.745833333333334,5.233333333333333,14.5,974.2375000000001,1.7000000000000002,74.58333333333333,24,116.99498963449616
2019-08-11,29.575,26.4,32.8,78.95833333333333,25.47083333333333,2.20375,6.4,975.75,0.30000000000000004,51.5,24,157.47451869397855
2019-08-12,29.308333333333334,26.9,32.2,79.91666666666667,25.412499999999998,2.589583333333333,7.7,975.9041666666667,7.6,94.16666666666667,24,280.22506597938286
2019-08-13,29.087500000000002,26.9,33.2,83.66666666666667,25.8875,2.500833333333333,10.3,976.1125000000001,20.1,85.58333333333333,24,296.2848747434324
2019-08-14,28.354166666666668,25.5,31.6,88.0,26.09583333333333,1.1133333333333333,7.5,977.3249999999999,2.8,94.20833333333333,24,95.12811846063715
2019-08-15,29.0125,27.0,31.9,82.0,25.541666666666668,3.8966666666666665,12.8,977.0875,11.2,96.875,24,78.15341874898627
2019-08-16,27.900000000000002,26.1,30.9,84.0,24.875,4.8116666666666665,13.3,975.3125,9.4,76.83333333333333,24,89.3223633829432
2019-08-17,26.145833333333332,25.3,27.7,89.5,24.2625,5.757083333333333,14.4,974.5666666666666,8.4,97.58333333333333,24,126.23900508130322
2019-08-18,26.875,24.4,30.7,87.04166666666667,24.370833333333334,2.8066666666666666,8.9,978.0166666666668,31.0,98.54166666666667,24,234.39723304296703
2019-08-19,27.991666666666664,24.2,31.7,84.04166666666667,24.90833333333333,1.3779166666666667,7.0,980.3375,1.3,24.208333333333332,24,294.76613265822573
2019-08-20,28.537499999999998,25.2,32.7,81.79166666666667,24.891666666666666,2.65625,10.0,979.6374999999999,0.8,32.916666666666664,24,324.3361395549511
2019-08-21,29.3125,24.6,33.9,77.83333333333333,24.75,2.7404166666666665,10.8,978.1541666666667,0.0,37.625,24,305.62614103286154
2019-08-22,28.604166666666668,25.5,32.1,84.16666666666667,25.53333333333333,1.7474999999999998,8.5,978.4875000000001,0.8,82.41666666666667,24,8.119961876680804
2019-08-23,29.204166666666666,25.6,32.9,82.29166666666667,25.695833333333336,0.98,6.4,978.3958333333334,4.0,60.958333333333336,24,235.33918627958812
2019-08-24,29.079166666666666,26.2,33.6,82.54166666666667,25.679166666666664,1.6054166666666667,8.6,978.5916666666667,3.9,83.04166666666667,24,125.8264608500711
2019-08-25,27.5125,26.1,30.4,88.04166666666667,25.333333333333332,2.2708333333333335,8.0,979.1958333333333,12.9,96.0,24,104.04776456235419
2019-08-26,28.84583333333333,25.6,32.3,83.04166666666667,25.525000000000002,2.3979166666666667,11.5,978.8375,0.6000000000000001,58.458333333333336,24,96.0901741132102
2019-08-27,29.808333333333334,26.1,33.4,80.04166666666667,25.775000000000002,1.7575,6.7,977.9041666666667,0.1,64.875,24,102.67764554716996
2019-08-28,30.454166666666666,26.9,34.0,78.29166666666667,26.037499999999998,2.3466666666666667,9.9,979.0,0.4,43.666666666666664,24,99.41215146298237
2019-08-29,30.1375,27.3,33.6,80.375,26.22083333333333,2.5329166666666665,8.7,979.9875000000001,0.9999999999999999,48.75,24,124.48293844944811
2019-08-30,30.175,26.5,33.5,80.875,26.308333333333334,1.4262500000000002,5.7,977.6833333333334,0.9,52.666666666666664,24,155.05719012306918
2019-08-31,30.483333333333334,26.8,33.0,77.95833333333333,26.066666666666666,1.4908333333333335,5.2,975.65,6.4,80.75,24,130.6154123242041
2019-09-01,28.6375,26.4,31.6,85.58333333333333,25.916666666666668,2.7754166666666666,8.4,977.6541666666667,4.7,94.875,24,104.53897575776324
2019-09-02,29.558333333333334,25.8,33.2,83.20833333333333,26.25,1.17875,5.2,977.8958333333334,1.3,72.41666666666667,24,98.6848536901889
2019-09-03,30.1875,26.7,33.5,79.70833333333333,26.1375,1.4133333333333333,6.5,976.7791666666667,5.5,47.083333333333336,24,263.4604492128355
2019-09-04,29.0625,25.5,32.2,84.58333333333333,26.087500000000002,2.4608333333333334,7.8,976.525,7.8,95.66666666666667,24,119.22364832694825
2019-09-05,29.462500000000002,26.6,32.6,82.08333333333333,25.900000000000002,2.1625,7.3,976.5708333333333,0.6000000000000001,63.0,24,114.19570382263646
2019-09-06,29.729166666666668,26.9,32.9,80.95833333333333,26.0125,2.1612500000000003,7.1,975.6750000000001,0.4,84.66666666666667,24,115.83239956165482
2019-09-07,28.825,26.5,32.0,84.79166666666667,25.954166666666666,2.53,8.2,976.1999999999999,2.1,97.0,24,120.25749298948313
2019-09-08,29.15416666666667,26.1,33.2,83.41666666666667,25.820833333333336,1.7575,6.6,977.7541666666666,0.2,66.95833333333333,24,95.58610774472635
2019-09-09,30.166666666666668,25.7,34.2,78.125,25.520833333333332,1.3491666666666668,5.6,976.3583333333332,0.1,43.666666666666664,24,29.16146227505709
2019-09-10,30.65416666666667,26.6,35.2,74.0,25.05,1.52125,5.6,975.9083333333333,0.0,4.708333333333333,24,71.36105831147233
2019-09-11,31.245833333333334,26.5,35.7,73.29166666666667,25.53333333333333,1.6125,6.5,977.0875,0.4,19.291666666666668,24,144.92857335960798
2019-09-12,30.229166666666668,27.5,33.8,79.45833333333333,26.162499999999998,3.714166666666667,10.0,978.6750000000001,0.6000000000000001,58.5,24,123.89798844363287
2019-09-13,29.854166666666668,26.4,33.6,77.58333333333333,25.25,2.9995833333333333,8.6,979.5291666666667,0.6,50.541666666666664,24,115.13393935377269
2019-09-14,28.733333333333334,26.0,32.2,78.70833333333333,24.575,3.3629166666666666,9.1,980.1833333333334,0.7000000000000001,67.83333333333333,24,96.84028873320875
2019-09-15,28.079166666666666,25.5,31.6,83.20833333333333,24.808333333333334,2.3179166666666666,7.5,980.3916666666668,5.2,82.33333333333333,24,98.16423047797059
2019-09-16,29.295833333333334,25.2,33.3,81.04166666666667,25.445833333333336,1.5045833333333334,8.6,978.9541666666668,0.4,30.875,24,88.76554527112216
2019-09-17,29.241666666666664,26.0,32.1,79.625,25.254166666666666,2.15625,8.3,979.9,2.0,31.416666666666668,24,144.80544164963817
2019-09-18,28.52916666666667,25.9,31.9,79.75,24.558333333333334,3.12125,10.7,983.6625,3.0,33.25,24,115.63062713617035
2019-09-19,26.9375,24.7,30.3,79.66666666666667,22.995833333333334,3.5375,9.6,985.7291666666666,1.0,32.916666666666664,24,109.31836911382527
2019-09-20,27.054166666666664,23.1,30.9,83.375,23.829166666666666,1.9304166666666667,9.1,984.2416666666667,7.7,24.916666666666668,24,112.29416486109801
2019-09-21,27.804166666666664,24.6,31.6,80.08333333333333,23.704166666666666,1.6849999999999998,7.3,983.1333333333333,0.7000000000000001,21.625,24,133.8775881069863
2019-09-22,27.125,25.1,29.9,82.70833333333333,23.84166666666667,2.4250000000000003,8.8,984.7541666666666,13.9,32.083333333333336,24,125.35419079231053
2019-09-23,26.766666666666666,23.5,31.1,80.41666666666667,22.925,2.2133333333333334,8.1,986.0375,2.0,30.833333333333332,24,103.15046635917076
2019-09-24,27.0625,23.4,31.6,80.16666666666667,23.15416666666667,2.39,10.2,986.2083333333334,2.9,24.791666666666668,24,109.73330019149955
2019-09-25,27.258333333333336,24.1,31.1,80.83333333333333,23.525000000000002,3.139583333333333,10.8,987.5416666666666,3.6,34.916666666666664,24,101.92182604066375
2019-09-26,27.579166666666666,25.1,30.5,76.45833333333333,22.925,4.409583333333333,12.6,987.9125,1.9,65.20833333333333,24,98.6955023285496
2019-09-27,26.641666666666666,24.3,30.3,78.16666666666667,22.366666666666664,3.611666666666667,12.1,986.625,0.5,49.541666666666664,24,80.54756439420242
2019-09-28,25.554166666666664,22.8,29.3,82.91666666666667,22.287499999999998,3.55625,13.1,985.0375,4.6,44.5,24,80.83912398924463
2019-09-29,25.004166666666666,23.1,27.3,83.70833333333333,21.9875,3.2424999999999997,8.1,985.4958333333334,2.0,48.666666666666664,24,98.1631892929147
2019-09-30,25.354166666666668,22.6,29.7,83.375,22.212500000000002,2.1870833333333333,8.2,984.4666666666667,6.0,46.458333333333336,24,121.55846354771961
2019-10-01,25.133333333333336,22.3,28.7,85.29166666666667,22.325,2.0858333333333334,6.5,984.0458333333332,4.5,63.333333333333336,24,106.13517754176786
2019-10-02,26.495833333333334,22.2,30.9,79.58333333333333,22.337500000000002,1.4725,7.8,984.8958333333334,0.2,20.833333333333332,24,94.46554923177405
2019-10-03,27.483333333333334,22.9,32.4,72.91666666666667,21.695833333333336,1.2575,6.3,984.8666666666667,0.0,25.291666666666668,24,152.85867507818705
2019-10-04,26.179166666666664,23.1,29.7,72.45833333333333,20.679166666666667,2.2845833333333334,9.9,985.8416666666667,4.9,26.041666666666668,24,321.4076399704962
2019-10-05,26.09166666666667,21.9,31.9,66.20833333333333,18.695833333333333,2.8858333333333337,9.4,985.6625,0.0,2.375,24,319.11108117397663
2019-10-06,26.400000000000002,21.1,32.2,62.25,17.900000000000002,2.285833333333333,7.7,986.2791666666667,0.0,16.833333333333332,24,327.86373135166014
2019-10-07,26.3125,22.1,31.5,62.5,18.079166666666666,3.016666666666667,10.0,987.4916666666667,0.0,37.125,24,308.03806081921243
2019-10-08,26.3875,21.0,31.7,56.75,16.704166666666666,1.9583333333333333,6.8,987.0083333333333,0.0,0.041666666666666664,24,300.3482956482029
2019-10-09,25.525000000000002,20.3,30.0,61.083333333333336,17.095833333333335,1.7566666666666666,5.9,986.975,0.0,10.583333333333334,24,173.58943359064915
2019-10-10,26.474999999999998,20.7,31.0,59.166666666666664,17.349999999999998,1.6375,5.2,986.4958333333334,0.0,10.541666666666666,24,108.63699783090658
2019-10-11,26.59166666666667,20.5,32.1,53.791666666666664,15.825000000000001,1.5791666666666666,5.6,986.0583333333334,0.0,7.416666666666667,24,323.86971103689206
2019-10-12,27.34583333333333,22.1,33.2,56.708333333333336,17.116666666666667,1.83,6.6,986.8208333333333,0.0,5.416666666666667,24,4.930021780073389
2019-10-13,27.758333333333336,22.9,33.4,52.166666666666664,16.420833333333334,1.8949999999999998,7.9,987.3583333333332,0.0,19.0,24,328.8997306581707
2019-10-14,26.983333333333334,20.7,33.5,58.166666666666664,17.141666666666666,2.0820833333333333,7.9,987.975,0.0,23.666666666666668,24,11.819640324337115
2019-10-15,27.15833333333333,21.2,33.3,61.75,18.337500000000002,1.7304166666666667,6.5,988.7875,0.0,7.916666666666667,24,71.96853216048282
2019-10-16,27.625,21.6,33.3,57.833333333333336,17.825,1.7445833333333332,5.0,988.9666666666667,0.0,6.25,24,121.71164165776747
2019-10-17,27.020833333333332,22.1,32.1,61.25,18.383333333333333,2.055,6.4,988.9083333333333,0.0,11.5,24,154.27302603526186
2019-10-18,26.370833333333334,22.6,31.5,65.125,18.929166666666667,2.481666666666667,9.8,989.1083333333332,2.6999999999999997,17.708333333333332,24,136.50322648755423
2019-10-19,25.570833333333336,21.1,30.8,66.75,18.466666666666665,1.6141666666666667,6.1,990.275,2.5,29.875,24,239.82282414897088
2019-10-20,25.733333333333334,20.3,32.6,49.291666666666664,13.091666666666667,2.5841666666666665,8.3,989.8416666666667,0.0,12.625,24,313.7627129021517
2019-10-21,24.983333333333334,18.9,31.8,51.333333333333336,13.279166666666667,3.0033333333333334,10.8,988.1416666666668,0.0,11.041666666666666,24,312.8705864765368
2019-10-22,24.40416666666667,19.1,31.5,48.375,11.9375,3.3204166666666666,10.2,985.4499999999999,0.0,7.708333333333333,24,292.7827920967527
2019-10-23,24.375,17.7,31.6,54.0,13.775,2.372916666666667,7.4,984.6416666666668,0.0,0.0,24,310.5599668944965
2019-10-24,24.2,18.0,30.9,64.66666666666667,16.2625,1.8645833333333333,5.8,985.7375000000001,0.0,2.25,24,65.47469855869815
2019-10-25,24.379166666666666,19.7,29.9,62.708333333333336,16.220833333333335,1.9891666666666667,6.8,987.1333333333333,0.0,5.375,24,119.95289609271373
2019-10-26,24.570833333333336,18.9,30.1,60.583333333333336,15.866666666666667,1.71875,5.4,988.4625,0.0,2.5833333333333335,24,154.0487261395532
2019-10-27,24.55,18.5,31.5,57.875,14.720833333333333,2.5541666666666667,8.1,987.9083333333333,0.0,0.0,24,310.7286469349034
2019-10-28,24.162499999999998,18.3,30.4,58.875,15.204166666666666,2.0812500000000003,6.0,988.5541666666667,0.0,38.458333333333336,24,296.1955557306682
2019-10-29,24.458333333333332,19.5,29.4,64.79166666666667,17.083333333333332,1.5483333333333336,5.1,989.2041666666668,0.0,95.16666666666667,24,292.71386490323994
2019-10-30,25.400000000000002,21.3,31.0,63.458333333333336,17.608333333333334,2.1308333333333334,7.8,988.0541666666667,0.0,67.5,24,297.2778495262931
2019-10-31,24.333333333333332,18.3,30.9,66.375,17.129166666666666,2.1991666666666667,7.0,987.3125,0.0,0.16666666666666666,24,310.28075591162406
2019-11-01,24.858333333333334,18.9,31.2,65.125,17.433333333333334,1.87,5.3,987.3583333333332,0.0,15.125,24,341.3831737502041
2019-11-02,24.400000000000002,19.8,30.4,69.04166666666667,17.954166666666666,2.5691666666666664,9.7,988.8000000000001,0.2,48.083333333333336,24,331.61272055146225
2019-11-03,23.808333333333334,19.2,28.8,70.75,17.729166666666668,2.5245833333333336,8.2,989.8208333333333,0.0,33.625,24,300.62519881502044
2019-11-04,23.6875,19.1,29.0,62.708333333333336,15.549999999999999,3.4912500000000004,10.8,989.5749999999999,0.0,2.6666666666666665,24,302.0112195787502
2019-11-05,22.941666666666666,18.2,29.2,56.666666666666664,13.329166666666666,3.4804166666666667,10.7,986.7833333333333,0.0,0.0,24,287.3688899593178
2019-11-06,23.354166666666668,16.9,29.8,58.791666666666664,14.1,2.15875,6.1,984.6291666666666,0.0,11.875,24,183.23243282268805
2019-11-07,22.129166666666666,19.4,26.0,71.45833333333333,16.558333333333334,2.6929166666666666,10.9,985.5749999999999,1.4,55.166666666666664,24,93.83336916060898
2019-11-08,21.900000000000002,17.2,26.8,73.58333333333333,16.529166666666665,1.9816666666666667,6.0,988.6041666666666,0.8,28.583333333333332,24,17.341027321595107
2019-11-09,21.849999999999998,17.1,28.5,60.0,13.016666666666666,3.11375,9.0,989.0625,0.0,0.041666666666666664,24,317.40121715994735
2019-11-10,20.866666666666667,15.5,27.5,60.375,12.299999999999999,2.6391666666666667,8.1,989.0541666666667,0.0,4.208333333333333,24,318.59816347085774
2019-11-11,20.308333333333334,15.3,26.8,58.958333333333336,11.4125,2.34,8.3,988.0833333333334,0.0,57.416666666666664,24,317.1104424457876
2019-11-12,19.650000000000002,12.8,27.4,61.583333333333336,11.325000000000001,2.2695833333333333,7.2,988.8874999999999,0.0,29.958333333333332,24,318.3890892842595
2019-11-13,20.683333333333334,14.6,27.2,66.70833333333333,13.65,1.9408333333333332,5.5,990.7875,0.0,81.45833333333333,24,343.07457478389136
2019-11-14,21.454166666666666,17.3,27.6,68.70833333333333,15.041666666666666,1.8204166666666666,7.7,991.5458333333332,0.0,71.5,24,355.2691146448977
2019-11-15,20.995833333333334,16.8,27.0,71.625,15.25,2.4920833333333334,7.2,990.7791666666667,0.0,43.291666666666664,24,327.1883454153321
2019-11-16,21.962500000000002,16.9,28.6,64.41666666666667,14.420833333333334,3.9012499999999997,11.3,990.3208333333333,0.0,1.2916666666666667,24,312.9440157534081
2019-11-17,21.683333333333334,17.4,27.9,60.541666666666664,13.233333333333334,5.110833333333333,12.7,990.4083333333333,0.0,43.583333333333336,24,299.5908799626593
2019-11-18,19.895833333333332,15.3,25.8,63.791666666666664,12.304166666666667,3.51,9.8,989.7958333333332,0.0,39.333333333333336,24,283.1304733411994
2019-11-19,19.433333333333334,14.1,25.9,66.125,12.258333333333333,2.5695833333333336,7.4,989.1791666666667,0.0,15.416666666666666,24,283.5286882473966
2019-11-20,19.162499999999998,13.0,25.9,65.25,11.875,1.6204166666666666,4.6,989.7041666666668,0.0,21.916666666666668,24,10.234930196547396
2019-11-21,19.608333333333334,13.5,26.2,67.5,12.887500000000001,1.965,5.2,991.5541666666667,0.0,59.625,24,54.78762562557972
2019-11-22,20.620833333333334,14.3,27.0,64.91666666666667,13.308333333333332,1.8195833333333333,5.9,991.5791666666668,0.0,71.25,24,336.94846236747617
2019-11-23,20.654166666666665,15.9,26.0,62.125,12.895833333333334,2.9516666666666667,9.5,991.2375000000001,0.0,70.41666666666667,24,300.73659546655773
2019-11-24,20.675,16.0,26.0,64.41666666666667,13.416666666666666,3.09375,8.0,990.5875,0.0,80.29166666666667,24,307.4983634919635
2019-11-25,20.058333333333334,14.7,25.5,66.54166666666667,13.262500000000001,1.8329166666666667,5.4,991.0708333333333,0.0,31.75,24,0.5388587758675953
2019-11-26,20.145833333333332,16.1,25.0,66.66666666666667,13.5625,2.6466666666666665,8.3,990.9541666666668,0.8999999999999999,66.625,24,30.38518513228024
2019-11-27,19.716666666666665,15.2,25.2,68.25,13.354166666666666,1.9608333333333334,5.8,990.4833333333332,0.0,38.583333333333336,24,47.47189522888999
2019-11-28,18.341666666666665,16.2,22.7,82.75,15.291666666666666,3.733333333333333,14.5,991.4458333333333,22.1,47.958333333333336,24,84.82515687204932
2019-11-29,17.7625,13.2,22.9,82.0,14.395833333333334,1.6895833333333332,5.6,991.7416666666667,0.0,15.458333333333334,24,355.6631742221815
2019-11-30,16.995833333333334,13.3,22.2,78.08333333333333,12.75,2.450833333333333,7.4,991.9291666666667,0.0,0.875,24,304.2716233639237
2019-12-01,15.533333333333333,11.5,21.8,73.83333333333333,10.4,2.36125,6.5,991.4208333333332,0.0,0.0,24,287.07760266992835
2019-12-02,15.4,11.1,21.9,69.5,9.2875,2.73,8.1,992.1208333333334,0.0,0.0,24,288.13352979023045
2019-12-03,15.137500000000001,10.2,22.4,66.25,8.345833333333333,3.001666666666667,8.4,991.5041666666666,0.0,4.208333333333333,24,283.29690166889503
2019-12-04,15.291666666666666,9.5,21.8,71.875,9.762500000000001,1.7741666666666667,4.6,993.5791666666668,0.0,77.91666666666667,24,317.59860952409616
2019-12-05,15.458333333333334,10.4,21.3,74.08333333333333,10.495833333333334,1.8391666666666666,5.5,995.5749999999999,0.0,76.875,24,18.93811066738067
2019-12-06,15.391666666666666,10.1,21.8,81.95833333333333,12.058333333333332,1.7941666666666667,4.7,994.7416666666667,0.0,92.625,24,323.9983577897396
2019-12-07,16.041666666666668,10.0,22.4,78.75,11.979166666666666,1.5775,4.6,993.7166666666667,0.0,0.0,24,328.9162567947063
2019-12-08,15.695833333333333,10.1,22.5,78.45833333333333,11.558333333333332,1.9283333333333335,5.1,993.4708333333333,0.0,0.0,24,345.86685395900065
2019-12-09,15.299999999999999,9.2,21.8,72.79166666666667,9.958333333333334,1.7162499999999998,5.0,992.7541666666666,0.0,7.333333333333333,24,322.01800415289335
2019-12-10,15.137500000000001,8.5,21.4,69.875,9.1,2.044583333333333,6.9,990.2708333333334,0.0,2.4166666666666665,24,312.6300748757673
2019-12-11,15.729166666666666,8.9,21.4,70.54166666666667,10.116666666666667,1.7025,5.3,988.7291666666666,0.0,57.833333333333336,24,91.53865814262224
2019-12-12,15.637500000000001,13.5,18.4,78.20833333333333,11.745833333333332,3.704166666666667,11.6,987.6875,5.9,90.33333333333333,24,113.1871261650698
2019-12-13,15.095833333333333,11.4,19.5,86.625,12.633333333333333,3.4283333333333332,10.3,988.1458333333334,3.7,57.25,24,155.72650407519632
2019-12-14,12.979166666666666,9.8,17.7,84.625,10.158333333333333,1.3775000000000002,4.9,994.35,0.0,63.041666666666664,24,8.061326521401384
2019-12-15,13.229166666666666,9.3,18.5,80.33333333333333,9.6,2.24625,6.9,994.0583333333334,0.0,12.791666666666666,24,311.1333420415649
2019-12-16,12.429166666666667,9.1,18.3,80.08333333333333,8.825000000000001,2.8395833333333336,8.0,994.0416666666666,0.0,1.125,24,300.1124024382189
2019-12-17,11.799999999999999,8.1,18.2,79.58333333333333,8.120833333333334,2.795,8.1,995.1041666666666,0.0,10.541666666666666,24,292.9974011594731
2019-12-18,11.970833333333333,7.9,18.0,78.20833333333333,7.9750000000000005,2.6058333333333334,7.2,994.0583333333334,0.0,30.666666666666668,24,287.24465328343103
2019-12-19,11.533333333333333,5.8,17.2,79.83333333333333,7.879166666666666,1.5116666666666667,5.1,992.7375000000001,0.0,79.16666666666667,24,352.1902673270194
2019-12-20,13.045833333333334,8.5,18.0,78.70833333333333,9.220833333333333,1.4120833333333334,4.7,990.5458333333332,0.0,49.375,24,337.7994312089576
2019-12-21,13.454166666666666,10.3,16.2,81.20833333333333,10.204166666666667,1.7108333333333334,5.1,991.5583333333334,0.2,62.291666666666664,24,306.0905916219914
2019-12-22,12.5375,8.2,18.5,83.625,9.612499999999999,2.807916666666667,7.7,992.6333333333333,0.0,0.7083333333333334,24,310.1030989714935
2019-12-23,11.829166666666666,8.2,18.6,81.95833333333333,8.504166666666666,2.9254166666666666,7.6,991.7375000000001,0.0,12.833333333333334,24,296.9280683132134
2019-12-24,9.625,5.8,15.3,90.5,8.008333333333333,1.7345833333333334,4.7,993.4499999999999,0.0,38.208333333333336,24,21.288119474008568
2019-12-25,8.75,5.2,15.3,86.91666666666667,6.466666666666666,2.6962499999999996,7.9,992.7416666666667,0.0,27.625,24,308.8246129384734
2019-12-26,8.466666666666667,4.3,14.9,84.41666666666667,5.7124999999999995,3.1029166666666668,8.8,992.2083333333334,0.0,2.8333333333333335,24,305.0560788733081
2019-12-27,7.304166666666667,3.3,13.6,87.875,5.229166666666667,2.0054166666666666,6.2,993.2208333333333,0.0,22.416666666666668,24,308.2108046815301
2019-12-28,6.683333333333334,3.0,13.1,89.95833333333333,4.9624999999999995,1.8099999999999998,5.1,993.9375,0.0,43.625,24,345.2998386795036
2019-12-29,7.345833333333334,3.8,13.1,86.125,4.945833333333334,1.44625,4.8,994.2375000000001,0.0,36.125,24,342.4639876855703
2019-12-30,6.8999999999999995,3.3,12.8,89.45833333333333,5.129166666666667,1.8995833333333334,6.3,993.4875000000001,0.0,50.5,24,95.38353012787047
2019-12-31,7.6125,2.0,12.9,77.54166666666667,3.5625,1.8966666666666665,6.4,994.5791666666668,0.0,53.125,24,126.56725144064569
2020-01-01,10.05,2.9,17.7,78.91666666666667,6.129166666666666,2.2504166666666667,7.0,995.3458333333333,0.0,79.45833333333333,24,69.80616783165073
2020-01-02,12.9625,6.8,19.5,78.54166666666667,9.049999999999999,2.3816666666666664,6.7,995.2375000000001,0.0,27.875,24,79.34861914636576
2020-01-03,14.033333333333333,8.3,19.0,78.16666666666667,10.0375,1.8025,5.8,993.3291666666668,0.1,11.416666666666666,24,49.434905731123024
2020-01-04,13.450000000000001,8.8,18.9,81.79166666666667,10.158333333333333,1.5091666666666665,5.4,992.1125000000001,0.5,24.625,24,16.27655205023035
2020-01-05,13.329166666666666,7.9,19.8,73.91666666666667,8.3375,2.5208333333333335,7.4,992.5666666666666,0.0,33.333333333333336,24,309.13688376990564
2020-01-06,13.495833333333335,10.3,17.1,76.45833333333333,9.2125,1.8529166666666665,5.8,993.5166666666668,0.0,86.66666666666667,24,25.331200386530043
2020-01-07,13.995833333333332,11.1,17.8,83.25,11.104166666666666,2.7325,7.2,991.0166666666668,2.1,82.79166666666667,24,108.89905474826003
2020-01-08,12.866666666666667,10.3,15.3,91.70833333333333,11.533333333333333,2.567083333333333,7.4,988.9291666666667,17.5,69.33333333333333,24,17.4736896308857
2020-01-09,10.5375,7.1,16.0,78.0,6.479166666666667,3.325416666666667,9.2,993.7125,0.0,2.2916666666666665,24,314.40381336822907
2020-01-10,10.079166666666667,5.8,16.6,77.54166666666667,6.029166666666666,3.245416666666667,9.0,994.1458333333334,0.0,0.16666666666666666,24,305.61738694729473
2020-01-11,10.362499999999999,5.5,16.9,77.04166666666667,6.1875,2.5920833333333335,7.3,993.6916666666666,0.0,17.375,24,303.29304634474994
2020-01-12,11.833333333333334,6.0,19.7,77.95833333333333,7.6875,2.3466666666666667,6.5,990.8874999999999,0.0,24.833333333333332,24,310.44554833067866
2020-01-13,14.625,9.2,20.6,82.625,11.512500000000001,2.908333333333333,13.1,986.375,16.6,45.791666666666664,24,137.76452060319957
2020-01-14,13.987499999999999,10.5,18.3,86.41666666666667,11.604166666666666,2.388333333333333,6.2,989.8000000000001,0.30000000000000004,48.291666666666664,24,325.9546437133943
2020-01-15,12.470833333333333,7.4,18.6,82.91666666666667,9.362499999999999,2.3891666666666667,6.1,990.8541666666666,0.0,3.2083333333333335,24,333.27919478652495
2020-01-16,12.458333333333334,9.4,15.8,89.58333333333333,10.75,2.1366666666666667,6.9,989.7916666666666,11.1,63.916666666666664,24,351.4145908608619
2020-01-17,13.066666666666668,10.2,17.9,88.125,11.012500000000001,2.1108333333333333,6.8,990.7958333333332,0.6000000000000001,34.5,24,344.42483526422865
2020-01-18,12.516666666666666,8.9,17.2,88.95833333333333,10.570833333333333,1.7608333333333333,5.9,992.6999999999999,0.2,52.625,24,355.9753193166141
2020-01-19,11.762500000000001,7.8,17.6,82.45833333333333,8.520833333333334,2.58625,7.8,993.35,0.0,0.9583333333333334,24,299.1635342301065
2020-01-20,12.166666666666666,7.2,17.5,83.75,9.304166666666667,2.2895833333333333,7.1,992.3125,0.0,69.25,24,295.617967209967
2020-01-21,12.883333333333333,9.3,18.2,85.58333333333333,10.25,1.6116666666666666,5.1,993.0333333333333,0.0,43.916666666666664,24,78.73247830772448
2020-01-22,12.541666666666666,7.4,18.8,81.79166666666667,9.2125,2.8108333333333335,8.2,994.775,0.0,13.0,24,307.1006504775703
2020-01-23,12.487499999999999,8.5,17.8,66.41666666666667,5.9875,4.983333333333333,12.3,993.5041666666666,0.0,25.083333333333332,24,297.8368141053883
2020-01-24,12.841666666666667,8.4,19.2,60.0,5.004166666666666,4.926666666666667,12.0,990.9250000000001,0.0,63.791666666666664,24,289.5031206946887
2020-01-25,11.799999999999999,5.3,18.2,74.125,7.05,2.1391666666666667,6.1,991.1083333333332,0.0,13.041666666666666,24,309.27656586236947
2020-01-26,13.579166666666666,7.1,20.2,79.5,9.745833333333334,1.9395833333333332,6.5,989.3916666666668,0.0,18.791666666666668,24,317.9641791513042
2020-01-27,14.045833333333334,8.6,20.0,76.5,9.679166666666667,2.2758333333333334,8.0,986.8666666666667,0.4,54.666666666666664,24,59.30084626555055
2020-01-28,14.245833333333332,11.0,19.3,83.45833333333333,11.375,3.6620833333333334,11.2,985.3333333333334,16.0,42.041666666666664,24,102.06182069217164
2020-01-29,13.320833333333333,10.3,18.5,81.91666666666667,9.924999999999999,1.8295833333333331,5.5,991.0749999999999,0.5,34.25,24,349.44614883839847
2020-01-30,12.591666666666667,8.5,18.2,76.5,8.179166666666667,3.106666666666667,9.9,992.2624999999999,0.0,1.5416666666666667,24,311.94532752420685
2020-01-31,12.15,7.4,17.5,74.41666666666667,7.420833333333333,2.5704166666666666,8.0,990.1708333333332,0.0,0.9583333333333334,24,307.9780356987726
2020-02-01,12.333333333333334,7.6,18.3,74.04166666666667,7.341666666666666,2.1395833333333334,6.8,992.7083333333334,0.0,1.5,24,342.3198680831818
2020-02-02,11.733333333333334,6.8,18.1,76.16666666666667,7.2749999999999995,2.810416666666667,8.5,994.25,0.0,0.2916666666666667,24,298.9970504958293
2020-02-03,12.025,6.5,18.8,74.29166666666667,7.041666666666667,2.2954166666666667,6.1,993.0583333333334,0.0,0.5833333333333334,24,303.5012499823899
2020-02-04,13.0625,7.2,19.6,74.20833333333333,8.208333333333334,2.24375,6.8,991.3291666666668,0.0,9.0,24,102.63694773160091
2020-02-05,12.879166666666668,8.3,19.0,74.20833333333333,7.979166666666667,2.8545833333333337,9.1,991.6625,0.0,16.125,24,320.69995612662103
2020-02-06,11.691666666666668,6.9,17.5,74.70833333333333,6.908333333333334,2.2795833333333335,6.6,991.0749999999999,0.0,2.5416666666666665,24,311.35183341861585
2020-02-07,12.766666666666666,8.1,18.3,70.83333333333333,7.270833333333333,1.8608333333333336,9.3,993.375,0.1,6.833333333333333,24,346.8421886192598
2020-02-08,12.391666666666666,7.0,19.1,75.04166666666667,7.6625000000000005,2.3695833333333334,7.1,995.2791666666667,0.0,0.16666666666666666,24,299.63748237054625
2020-02-09,12.783333333333333,7.0,19.8,75.20833333333333,7.979166666666667,2.220833333333333,6.6,995.725,0.0,24.0,24,311.1613029147799
2020-02-10,13.233333333333334,7.4,20.1,73.04166666666667,7.941666666666666,2.535833333333333,7.4,993.8416666666667,0.0,42.083333333333336,24,314.17120841976856
2020-02-11,13.512500000000001,7.2,20.6,72.45833333333333,7.954166666666667,2.3845833333333335,7.3,993.9208333333332,0.0,5.958333333333333,24,325.20833994998407
2020-02-12,15.924999999999999,9.1,23.8,68.375,9.479166666666666,3.6795833333333334,10.7,993.2791666666667,0.0,29.25,24,291.75479367448384
2020-02-13,19.266666666666666,13.0,26.6,57.291666666666664,10.174999999999999,5.235416666666667,10.9,990.65,0.0,9.166666666666666,24,291.0357403209108
2020-02-14,18.541666666666668,13.8,24.0,51.375,7.729166666666667,6.005,15.3,987.9166666666666,0.0,0.0,24,301.3498069427974
2020-02-15,17.520833333333332,12.2,24.7,46.75,5.633333333333333,4.557083333333334,11.6,988.0041666666666,0.0,0.0,24,290.5076055568768
2020-02-16,17.170833333333334,11.0,25.0,59.833333333333336,8.754166666666666,2.84125,7.3,990.9125,0.0,0.16666666666666666,24,306.7102039221942
2020-02-17,17.491666666666667,9.1,25.5,55.75,7.25,2.99375,9.5,992.0583333333334,0.0,0.5416666666666666,24,290.56043615794243
2020-02-18,17.004166666666666,10.3,25.4,48.041666666666664,5.183333333333334,3.72875,11.1,989.2958333333332,0.0,1.7916666666666667,24,284.5440372696816
2020-02-19,18.229166666666668,10.0,25.2,54.416666666666664,8.3125,4.1275,10.7,988.0791666666668,0.0,62.166666666666664,24,122.44152427667746
2020-02-20,20.045833333333334,15.0,26.3,61.875,12.158333333333333,5.575833333333333,13.5,987.6541666666667,2.1,41.708333333333336,24,118.0975447557185
2020-02-21,16.26666666666667,13.6,18.9,83.45833333333333,13.391666666666666,5.069166666666667,13.0,991.525,13.4,60.541666666666664,24,77.61111093893226
2020-02-22,17.849999999999998,13.9,21.5,79.16666666666667,14.066666666666668,2.4458333333333333,7.2,995.0666666666666,0.7,52.875,24,66.21722641902363
2020-02-23,17.55,13.2,23.2,82.29166666666667,14.262500000000001,2.0079166666666666,10.1,993.1125000000001,2.5999999999999996,24.583333333333332,24,5.380266502175061
2020-02-24,17.641666666666666,12.3,23.5,78.375,13.4125,2.209166666666667,7.5,989.6875,0.1,14.291666666666666,24,319.56939993989914
2020-02-25,18.045833333333334,13.1,24.4,74.58333333333333,12.870833333333332,2.567083333333333,9.2,988.5749999999999,0.0,4.75,24,315.4202100772577
2020-02-26,18.579166666666666,12.7,25.0,73.625,13.1875,1.8466666666666667,6.7,989.2083333333334,0.0,12.875,24,347.4431081151242
2020-02-27,19.129166666666666,13.4,25.4,76.29166666666667,14.354166666666666,2.2491666666666665,6.0,989.6583333333333,0.0,49.833333333333336,24,107.46896560100868
2020-02-28,20.279166666666665,16.0,25.6,73.5,15.133333333333333,4.397083333333334,10.6,988.3125,0.0,78.75,24,119.08028063543446
2020-02-29,18.724999999999998,16.1,21.9,82.125,15.554166666666667,4.105833333333334,11.5,987.75,9.1,47.583333333333336,24,126.36097297220954
2020-03-01,19.150000000000002,15.1,24.9,80.125,15.200000000000001,2.3874999999999997,7.9,988.4375,0.0,17.208333333333332,24,101.80637792622167
2020-03-02,19.695833333333333,14.8,25.4,78.25,15.424999999999999,1.7329166666666664,6.4,987.9041666666667,0.2,11.25,24,0.32348050194212874
2020-03-03,19.604166666666668,13.6,26.0,69.91666666666667,13.233333333333334,2.1658333333333335,6.6,986.3541666666666,0.0,4.25,24,351.65132436521355
2020-03-04,19.195833333333333,13.9,24.9,72.375,13.795833333333334,2.402083333333333,10.9,985.5166666666668,1.0,27.291666666666668,24,122.54557651936017
2020-03-05,18.216666666666665,14.5,24.5,79.20833333333333,14.304166666666667,3.8699999999999997,14.7,985.2041666666668,13.0,48.708333333333336,24,103.17792609433445
2020-03-06,16.375,13.7,21.3,85.95833333333333,13.916666666666666,5.060416666666667,15.6,984.4083333333333,23.3,79.79166666666667,24,126.90759824012576
2020-03-07,15.883333333333333,12.8,20.4,84.5,13.1,2.9633333333333334,9.9,988.6708333333332,1.7,44.416666666666664,24,133.58049460856842
2020-03-08,16.491666666666667,11.6,22.7,78.79166666666667,12.254166666666668,2.013333333333333,8.5,990.6833333333334,0.0,27.041666666666668,24,312.41660882027713
2020-03-09,17.045833333333334,11.8,23.6,67.125,10.166666666666666,3.9,10.9,988.0875,0.0,0.0,24,303.5996427969847
2020-03-10,17.125,10.1,23.7,67.625,10.558333333333334,1.7791666666666668,4.9,986.6958333333333,0.0,21.041666666666668,24,282.84381454648144
2020-03-11,18.724999999999998,14.9,23.9,73.79166666666667,13.7875,3.96625,11.9,984.5916666666667,2.6,61.166666666666664,24,119.1632699850104
2020-03-12,19.6375,14.3,25.7,66.70833333333333,12.583333333333334,3.6775,11.3,986.7041666666668,0.0,23.041666666666668,24,121.39695573452752
2020-03-13,18.7375,13.7,24.7,64.5,11.270833333333334,2.3183333333333334,13.7,988.4375,10.0,19.833333333333332,24,320.632651701176
2020-03-14,16.379166666666666,13.5,20.7,82.08333333333333,13.170833333333334,2.8204166666666666,10.0,990.1291666666666,4.2,50.5,24,20.57741592485945
2020-03-15,16.333333333333332,11.2,21.3,77.79166666666667,12.0,1.5366666666666664,6.3,991.6666666666666,0.1,48.25,24,355.13516732440877
2020-03-16,17.995833333333334,12.8,23.9,74.5,13.166666666666666,2.6662500000000002,7.6,991.2458333333334,0.0,35.916666666666664,24,323.1458393105757
2020-03-17,18.945833333333333,13.5,25.6,71.20833333333333,13.029166666666667,2.9654166666666666,8.4,991.1875,0.0,0.0,24,320.47224325541197
2020-03-18,20.458333333333332,14.3,27.1,67.20833333333333,13.762500000000001,3.0541666666666667,10.8,989.5166666666668,0.0,18.041666666666668,24,313.46863729112613
2020-03-19,20.791666666666668,15.2,27.4,71.29166666666667,15.025,2.1354166666666665,9.6,986.5666666666666,0.2,49.333333333333336,24,331.45254303061205
2020-03-20,21.179166666666667,16.0,29.0,68.75,14.674999999999999,2.2504166666666667,7.7,985.4083333333333,0.4,55.166666666666664,24,109.26101980293606
2020-03-21,21.675,15.2,28.4,70.20833333333333,15.4125,1.4770833333333335,11.8,985.7458333333334,1.6,28.416666666666668,24,56.522616072968106
2020-03-22,21.995833333333334,15.5,28.6,68.20833333333333,15.116666666666667,2.23875,7.8,987.5,0.0,20.333333333333332,24,346.7240992879912
2020-03-23,22.525000000000002,16.2,29.2,61.0,13.9,1.5466666666666666,5.2,987.3166666666666,0.0,34.25,24,7.810553064039993
2020-03-24,23.662499999999998,18.2,30.2,63.791666666666664,15.941666666666668,2.060416666666667,7.6,985.7791666666667,0.7,70.16666666666667,24,139.36534158122709
2020-03-25,23.833333333333332,17.8,30.3,62.583333333333336,15.4125,2.797083333333333,11.8,986.5833333333334,0.0,50.708333333333336,24,339.42850630333
2020-03-26,23.520833333333332,18.8,29.7,61.25,15.283333333333333,3.533333333333333,10.7,987.4166666666666,0.0,88.20833333333333,24,307.3209367660021
2020-03-27,21.379166666666666,19.2,25.2,73.66666666666667,16.333333333333332,2.9758333333333336,8.3,989.1333333333333,6.0,76.625,24,213.82553547714926
2020-03-28,21.295833333333334,16.1,27.3,68.5,14.579166666666666,2.9025,9.6,989.5,0.1,2.9583333333333335,24,320.82123190197893
2020-03-29,21.920833333333334,16.4,28.2,58.666666666666664,12.691666666666668,4.015,13.3,987.6875,0.0,3.0416666666666665,24,316.4433020051539
2020-03-30,21.900000000000002,15.8,28.8,55.0,11.670833333333334,3.3645833333333335,10.5,987.6791666666667,0.0,41.75,24,310.90090033184885
2020-03-31,22.745833333333334,16.1,30.1,56.541666666666664,13.008333333333333,3.17125,10.1,986.3249999999999,0.1,45.541666666666664,24,326.6726434518522
2020-04-01,23.883333333333336,17.6,31.1,56.208333333333336,14.029166666666667,2.0654166666666667,7.2,985.525,0.0,12.333333333333334,24,357.4141427182364
2020-04-02,23.28333333333333,17.8,29.5,52.916666666666664,12.245833333333332,4.096666666666667,11.5,985.8916666666668,0.0,23.25,24,318.2558889806203
2020-04-03,22.391666666666666,16.1,29.4,44.416666666666664,8.895833333333334,3.3366666666666664,10.6,987.2791666666667,0.0,11.875,24,310.64132579624106
2020-04-04,23.208333333333332,15.5,31.0,47.958333333333336,10.420833333333333,3.27,9.8,987.1875,0.0,0.9166666666666666,24,322.1973805353077
2020-04-05,24.016666666666666,17.0,31.6,52.875,12.991666666666667,2.4941666666666666,11.9,987.8249999999999,0.0,13.625,24,345.0499018802042
2020-04-06,26.204166666666666,18.4,33.4,45.833333333333336,12.291666666666666,2.7854166666666664,8.7,986.5875,0.0,13.791666666666666,24,348.4273334250772
2020-04-07,24.974999999999998,18.4,32.8,46.041666666666664,11.924999999999999,3.80125,10.9,984.7666666666668,0.4,43.125,24,330.51970590670567
2020-04-08,24.879166666666666,18.7,31.5,46.291666666666664,11.808333333333332,3.3004166666666666,9.5,985.3249999999999,0.0,10.041666666666666,24,331.1488275217199
2020-04-09,24.412499999999998,17.5,31.5,46.458333333333336,11.258333333333333,2.945,9.6,985.9499999999999,0.0,36.791666666666664,24,317.1113565551783
2020-04-10,25.7375,18.0,34.0,46.541666666666664,12.291666666666666,2.3245833333333334,12.9,986.7083333333334,0.0,48.625,24,335.35678526004705
2020-04-11,27.712500000000002,19.2,35.1,41.875,12.883333333333333,2.25875,7.2,987.7791666666667,0.0,22.416666666666668,24,347.44304442425823
2020-04-12,28.0,20.8,34.9,42.041666666666664,13.104166666666666,3.1454166666666663,9.0,985.625,0.0,70.54166666666667,24,310.5969901899781
2020-04-13,29.3125,20.8,37.0,41.083333333333336,13.625,3.03125,12.2,983.5916666666667,0.0,69.33333333333333,24,309.26839158319615
2020-04-14,30.125,22.8,37.9,41.0,14.316666666666668,2.4220833333333336,10.8,983.9625,0.0,90.95833333333333,24,80.11106259725136
2020-04-15,30.445833333333336,25.1,37.6,37.541666666666664,13.329166666666666,2.8354166666666667,11.9,983.5625,0.0,67.33333333333333,24,120.81262710093358
2020-04-16,30.3625,23.1,37.8,36.041666666666664,11.845833333333333,2.8320833333333333,9.9,982.2791666666667,0.0,44.041666666666664,24,323.17514054235915
2020-04-17,29.65416666666667,25.2,34.7,33.708333333333336,11.708333333333334,3.5404166666666668,11.4,982.1083333333332,0.0,64.08333333333333,24,13.996554083661579
2020-04-18,29.070833333333336,23.5,35.5,38.0,12.745833333333332,3.8441666666666667,13.1,983.3166666666666,0.0,32.166666666666664,24,58.86367063979668
2020-04-19,27.891666666666666,22.3,33.9,43.041666666666664,13.095833333333333,2.7175,8.5,983.3125,0.0,53.041666666666664,24,329.6327434369133
2020-04-20,26.866666666666664,21.6,33.9,44.958333333333336,13.358333333333334,2.12125,14.4,984.1083333333332,0.4,52.625,24,289.6388060663177
2020-04-21,26.116666666666664,19.6,32.2,51.458333333333336,14.25,2.3337499999999998,8.9,984.4291666666667,0.0,15.791666666666666,24,13.9870197789769
2020-04-22,27.570833333333336,20.0,34.1,41.416666666666664,11.924999999999999,2.160833333333333,8.6,983.0458333333332,0.0,28.583333333333332,24,349.3338430446422
2020-04-23,28.954166666666666,24.3,35.5,37.666666666666664,12.345833333333333,2.8091666666666666,10.7,982.3791666666666,0.0,60.708333333333336,24,219.25118244761404
2020-04-24,28.9375,21.7,35.4,41.166666666666664,13.245833333333332,1.9345833333333333,6.9,980.85,0.0,12.5,24,75.58046498877809
2020-04-25,28.479166666666668,23.6,33.7,42.791666666666664,14.370833333333332,2.2595833333333335,10.2,981.525,0.5,34.458333333333336,24,141.39384059493364
2020-04-26,26.90416666666667,23.4,31.8,58.208333333333336,17.708333333333332,4.0275,16.6,984.0,1.0,22.333333333333332,24,120.37524858363975
2020-04-27,25.429166666666664,20.8,30.4,68.70833333333333,18.979166666666668,4.550833333333333,11.8,986.8208333333333,2.8,24.083333333333332,24,109.88075738374806
2020-04-28,26.441666666666666,21.6,32.3,63.666666666666664,18.495833333333334,2.4925,7.9,986.7624999999999,0.2,21.916666666666668,24,91.51825780278591
2020-04-29,28.662499999999998,21.1,34.7,54.75,17.670833333333334,1.9887500000000002,8.1,984.25,0.0,7.333333333333333,24,150.3689354531906
2020-04-30,29.474999999999998,24.1,36.1,50.958333333333336,17.400000000000002,3.0054166666666666,12.5,983.9499999999999,0.2,42.25,24,106.23953778656994
2020-05-01,30.570833333333336,22.4,38.4,53.708333333333336,18.275000000000002,2.9575,11.2,982.1958333333333,0.0,19.25,24,83.27279641823935
2020-05-02,29.36666666666667,24.3,36.6,56.666666666666664,19.2,5.120833333333333,14.7,981.5916666666667,0.9,24.166666666666668,24,111.19206942095434
2020-05-03,27.683333333333334,23.5,34.7,64.45833333333333,20.020833333333332,3.7945833333333336,14.0,982.4499999999999,21.8,66.29166666666667,24,107.61187009105674
2020-05-04,27.21666666666667,21.0,32.9,66.25,19.4375,1.9333333333333333,8.6,983.8666666666667,0.0,29.166666666666668,24,54.4600419827687
2020-05-05,28.795833333333334,23.1,34.4,49.625,16.125,2.146666666666667,14.0,983.0541666666667,0.0,33.291666666666664,24,341.6420765079125
2020-05-06,28.625,21.7,35.2,45.375,14.754166666666668,2.0966666666666667,11.4,982.1083333333332,0.0,25.458333333333332,24,122.8393405463089
2020-05-07,28.65833333333333,22.1,35.8,44.166666666666664,14.045833333333334,2.8475,8.6,982.8166666666666,0.0,15.625,24,75.79203354270203
2020-05-08,30.691666666666666,23.1,38.1,39.75,14.0875,2.6108333333333333,7.7,981.2166666666667,0.0,5.083333333333333,24,132.02804538006643
2020-05-09,31.6375,25.2,39.5,40.791666666666664,15.429166666666667,2.7541666666666664,16.5,981.7875,0.0,22.166666666666668,24,118.6901949719495
2020-05-10,29.662499999999998,24.5,36.3,54.291666666666664,18.974999999999998,3.669166666666667,10.5,982.8291666666668,0.8,39.5,24,116.83203194882378
2020-05-11,29.170833333333334,22.8,35.8,56.75,18.758333333333333,3.0995833333333334,9.2,984.125,0.3,37.083333333333336,24,124.77530774778864
2020-05-12,29.420833333333334,23.1,35.5,54.666666666666664,18.554166666666667,2.7866666666666666,8.7,983.4333333333334,0.0,25.958333333333332,24,90.84761648656706
2020-05-13,29.741666666666664,25.8,35.5,55.416666666666664,19.283333333333335,2.1370833333333334,9.1,982.2375000000001,0.3,60.208333333333336,24,354.1677884654676
2020-05-14,30.53333333333333,24.1,36.8,53.208333333333336,18.991666666666667,2.0341666666666667,10.4,981.6374999999999,0.0,19.583333333333332,24,63.27967557937234
2020-05-15,31.458333333333332,24.7,38.2,40.541666666666664,15.116666666666667,3.3925,11.2,980.9499999999999,0.0,8.708333333333334,24,323.3802547750524
2020-05-16,31.541666666666668,24.6,38.1,32.583333333333336,11.804166666666667,3.4429166666666666,10.5,980.2375000000001,0.0,3.875,24,313.6988284173085
2020-05-17,31.8,24.1,38.7,31.541666666666668,11.695833333333333,2.4529166666666664,9.6,978.85,0.0,30.666666666666668,24,309.90859104875165
2020-05-18,31.3875,23.8,38.7,30.458333333333332,10.225,2.8329166666666663,9.3,977.9833333333332,0.0,11.791666666666666,24,337.7916858640148
2020-05-19,32.104166666666664,24.7,38.6,21.958333333333332,6.720833333333334,2.1575,9.0,977.5083333333333,0.0,8.375,24,346.94635223476354
2020-05-20,30.77916666666667,23.3,37.7,25.583333333333332,8.0,3.529166666666667,11.1,977.0749999999999,0.0,0.0,24,318.29042642650546
2020-05-21,32.225,24.0,40.2,25.958333333333332,9.041666666666666,3.7975,12.4,976.1583333333333,0.0,0.0,24,303.38842232677433
2020-05-22,34.02916666666667,25.3,42.1,25.958333333333332,10.775,1.7808333333333335,7.6,976.1583333333333,0.0,0.5,24,325.3483718892243
2020-05-23,34.61666666666667,27.7,41.7,27.625,12.270833333333334,2.438333333333333,10.4,977.5916666666667,0.0,14.166666666666666,24,99.16558608778314
2020-05-24,35.583333333333336,27.7,42.3,25.041666666666668,10.975,3.4891666666666663,12.5,977.8583333333332,0.0,8.625,24,313.52728686078456
2020-05-25,35.74166666666667,27.8,43.2,22.166666666666668,9.700000000000001,3.564166666666667,12.2,977.6291666666666,0.0,0.9583333333333334,24,303.41614933456344
2020-05-26,36.92916666666667,29.6,44.2,18.833333333333332,8.362499999999999,3.0620833333333333,11.6,975.9583333333334,0.0,16.541666666666668,24,297.80172598659243
2020-05-27,36.50833333333333,28.9,43.7,20.75,9.354166666666666,2.7412499999999995,9.6,974.3666666666667,0.0,10.291666666666666,24,347.10113923374445
2020-05-28,32.975,28.6,38.2,41.458333333333336,17.583333333333332,5.433333333333334,15.3,975.8166666666666,0.1,58.0,24,113.97787173980288
2020-05-29,30.104166666666668,25.9,35.1,57.625,20.379166666666666,5.745833333333334,15.0,978.6708333333332,4.2,56.333333333333336,24,115.31386476267414
2020-05-30,28.183333333333334,23.5,32.7,61.291666666666664,19.6375,3.3695833333333334,10.4,981.0208333333334,5.4,57.291666666666664,24,129.31319776137894
2020-05-31,26.866666666666664,22.9,32.6,69.16666666666667,20.3,2.103333333333333,7.7,982.6291666666666,0.2,38.375,24,113.61674835424549
2020-06-01,27.8125,21.6,33.3,67.29166666666667,20.4875,1.8170833333333334,6.0,983.1833333333334,0.0,36.75,24,32.9069351728441
2020-06-02,29.016666666666666,24.0,34.4,61.541666666666664,20.287499999999998,1.8025,7.6,981.4125,0.0,21.416666666666668,24,273.76907095764545
2020-06-03,29.979166666666668,24.2,35.8,57.75,19.941666666666666,1.7083333333333333,8.2,979.3541666666666,0.0,12.75,24,6.994032517846222
2020-06-04,29.6125,24.9,34.4,56.833333333333336,19.741666666666667,1.9645833333333333,7.7,978.5708333333333,0.0,70.75,24,133.0950661472993
2020-06-05,29.05,24.8,34.4,59.75,19.933333333333334,2.2883333333333336,6.5,978.5416666666666,0.0,14.333333333333334,24,160.02153912201152
2020-06-06,29.520833333333332,24.4,34.4,58.166666666666664,19.904166666666665,2.122916666666667,7.3,978.0500000000001,0.0,42.875,24,132.21634345995636
2020-06-07,30.59166666666667,26.7,36.2,58.875,21.254166666666666,2.33875,10.2,977.8583333333332,1.2,15.166666666666666,24,143.45666483109517
2020-06-08,30.825,25.6,35.5,59.833333333333336,21.575,1.9095833333333332,8.1,977.4875000000001,0.1,10.625,24,353.25738441610815
2020-06-09,33.079166666666666,26.7,37.9,51.458333333333336,21.1125,1.7970833333333334,8.0,977.3916666666668,0.0,8.166666666666666,24,315.0425263272964
2020-06-10,33.74583333333333,28.3,38.4,51.916666666666664,21.900000000000002,2.0795833333333333,9.6,976.8208333333333,0.0,15.0,24,325.6494678305659
2020-06-11,33.55833333333333,27.7,37.6,53.416666666666664,22.433333333333334,1.7870833333333334,8.3,975.7125,0.0,6.916666666666667,24,59.693544743919574
2020-06-12,33.800000000000004,28.9,38.5,51.708333333333336,21.995833333333334,2.5104166666666665,9.3,974.6916666666666,0.0,12.541666666666666,24,114.62685306484713
2020-06-13,33.645833333333336,29.6,38.5,54.583333333333336,22.97083333333333,2.5124999999999997,9.1,975.0791666666668,0.0,15.708333333333334,24,103.15556379810289
2020-06-14,33.670833333333334,29.2,38.5,55.833333333333336,23.120833333333334,2.3916666666666666,7.2,976.5791666666668,0.0,23.0,24,84.0917571516751
2020-06-15,34.34583333333333,29.2,40.1,47.333333333333336,20.370833333333334,2.415833333333333,10.1,974.6583333333333,0.0,7.708333333333333,24,311.60248236188414
2020-06-16,33.84166666666667,28.5,39.2,48.125,20.820833333333333,2.61625,8.7,972.4583333333334,0.1,12.5,24,145.76322830901967
2020-06-17,33.887499999999996,29.0,39.9,51.541666666666664,21.945833333333336,3.2070833333333333,9.3,972.0458333333332,0.0,4.75,24,113.4344797405002
2020-06-18,34.62916666666667,28.1,41.2,50.125,21.870833333333334,2.810833333333333,8.5,972.6208333333334,0.0,8.041666666666666,24,113.4031534749098
2020-06-19,34.96666666666667,30.0,40.3,52.958333333333336,23.558333333333334,3.11125,11.6,974.4458333333333,0.0,27.625,24,119.88769864653693
2020-06-20,33.72083333333333,29.5,39.2,53.375,22.575,3.3425,11.8,976.0124999999999,1.2000000000000002,27.291666666666668,24,139.22766880674385
2020-06-21,33.395833333333336,28.7,38.6,54.0,22.320833333333336,2.490416666666667,8.6,975.6666666666666,0.0,13.375,24,104.57725610109952
2020-06-22,31.8875,27.6,36.5,60.875,23.083333333333332,1.9937500000000001,8.8,975.7166666666667,1.0,14.708333333333334,24,84.31331346039076
2020-06-23,31.541666666666668,28.4,35.1,64.0,23.766666666666666,3.9720833333333334,11.6,977.8625000000001,2.0,34.125,24,105.60474902149059
2020-06-24,30.329166666666666,28.3,33.1,72.0,24.616666666666664,3.2620833333333334,8.6,978.7166666666667,3.1,56.625,24,107.66841699549002
2020-06-25,31.895833333333332,26.7,37.1,66.16666666666667,24.28333333333333,1.53875,7.3,976.1791666666667,0.0,21.208333333333332,24,311.2417871033021
2020-06-26,32.4,27.9,36.4,64.5,24.55,2.7758333333333334,13.3,975.3083333333334,1.4,30.0,24,281.5587005168268
2020-06-27,33.733333333333334,29.5,38.3,56.541666666666664,23.5,3.765,16.2,974.4791666666666,0.1,45.083333333333336,24,277.36999999812014
2020-06-28,35.041666666666664,30.3,38.9,51.125,23.087500000000002,3.86,14.2,973.7583333333333,0.2,31.625,24,269.7143240164604
2020-06-29,34.4125,29.7,39.7,53.666666666666664,23.1125,3.565,15.2,975.5875,0.5,19.083333333333332,24,75.49841425180745
2020-06-30,32.19583333333333,27.2,36.4,63.333333333333336,24.079166666666666,3.4012499999999997,8.4,976.9791666666666,0.0,28.208333333333332,24,110.71494857636173
2020-07-01,33.37083333333333,28.6,38.2,59.375,23.954166666666666,2.3379166666666666,7.2,975.8666666666667,0.0,9.333333333333334,24,110.83141622239208
2020-07-02,35.145833333333336,29.9,40.6,52.625,23.400000000000002,2.27875,9.1,973.4833333333332,0.1,8.833333333333334,24,195.23341428044108
2020-07-03,35.05833333333333,31.0,41.2,55.916666666666664,24.483333333333334,3.4445833333333336,11.4,973.0083333333333,0.0,9.666666666666666,24,120.17349979034992
2020-07-04,33.1,28.7,37.7,63.541666666666664,24.879166666666666,4.029166666666667,10.5,973.3833333333333,0.0,12.5,24,110.70433044163792
2020-07-05,29.941666666666666,24.9,34.6,69.5,23.395833333333332,3.225,9.7,973.6999999999999,4.1,60.75,24,69.37932874275702
2020-07-06,30.65833333333333,26.5,34.7,70.29166666666667,24.34583333333333,3.0075000000000003,9.0,973.7624999999999,0.30000000000000004,52.833333333333336,24,105.76775795976806
2020-07-07,29.275000000000002,27.1,32.9,74.08333333333333,24.041666666666668,4.193333333333333,14.9,976.4833333333332,1.5,71.375,24,104.44444983878486
2020-07-08,28.816666666666666,25.6,32.8,81.625,25.2375,3.470416666666667,9.9,977.5749999999999,5.3999999999999995,82.91666666666667,24,135.72816329820716
2020-07-09,30.241666666666664,26.8,33.6,77.41666666666667,25.708333333333332,2.2879166666666664,7.7,974.3791666666666,2.2,85.375,24,215.12189030365138
2020-07-10,32.74166666666667,28.7,37.8,63.166666666666664,24.458333333333332,2.935416666666667,10.8,972.2458333333334,1.6,84.58333333333333,24,282.8048341493553
2020-07-11,31.900000000000002,26.0,36.4,64.45833333333333,24.09583333333333,3.34375,12.9,972.7624999999999,0.9,23.333333333333332,24,258.2861259927736
2020-07-12,31.691666666666666,28.8,35.5,66.45833333333333,24.495833333333334,2.1845833333333333,8.2,974.1708333333332,0.5,54.041666666666664,24,254.20990327085224
2020-07-13,31.941666666666666,27.3,36.2,64.54166666666667,24.075,2.2925,9.9,974.5500000000001,0.1,48.791666666666664,24,280.2748038387354
2020-07-14,33.266666666666666,28.9,38.6,60.208333333333336,23.933333333333334,2.0770833333333334,7.5,975.3333333333334,0.0,58.416666666666664,24,258.9259519069239
2020-07-15,31.925,28.0,36.4,67.625,24.795833333333334,4.135416666666667,9.4,976.1583333333333,0.1,16.0,24,101.80021721069443
2020-07-16,30.75,28.2,33.6,72.66666666666667,25.162499999999998,3.9575,11.3,975.2958333333332,4.6,56.75,24,101.32989923585717
2020-07-17,31.145833333333332,28.2,34.9,73.95833333333333,25.787499999999998,3.204166666666667,10.1,976.0041666666666,10.8,69.33333333333333,24,111.18748992823208
2020-07-18,31.575,27.3,35.8,74.0,26.075,2.907083333333333,8.6,976.7958333333332,2.5,91.0,24,107.80209627101772
2020-07-19,30.541666666666668,27.1,34.6,79.875,26.445833333333336,2.6304166666666666,9.9,975.3708333333334,14.1,90.20833333333333,24,260.82234162050577
2020-07-20,29.295833333333334,26.3,33.3,79.0,25.150000000000002,3.1275,10.5,973.8874999999999,15.3,79.08333333333333,24,270.62003241655384
2020-07-21,28.1875,25.1,32.4,82.08333333333333,24.754166666666666,2.0208333333333335,7.5,976.6458333333334,13.5,49.916666666666664,24,168.68493255137867
2020-07-22,27.183333333333334,25.3,30.3,86.16666666666667,24.587500000000002,2.2958333333333334,10.0,977.9166666666666,14.4,64.375,24,275.39672918883275
2020-07-23,28.541666666666668,24.4,32.8,78.58333333333333,24.150000000000002,1.75375,7.2,976.9583333333334,0.2,13.166666666666666,24,306.6633691287702
2020-07-24,28.825,26.1,32.4,78.45833333333333,24.6125,2.3216666666666668,7.4,979.7916666666666,1.6,25.916666666666668,24,106.42045940345605
2020-07-25,28.804166666666664,25.8,32.3,82.16666666666667,25.28333333333333,2.794166666666667,7.8,981.1750000000001,1.9000000000000001,32.833333333333336,24,108.83583014089271
2020-07-26,29.90416666666667,25.6,34.1,79.66666666666667,25.78333333333333,1.715,5.7,981.0083333333333,2.6,24.625,24,102.38706893861968
2020-07-27,31.008333333333336,27.8,34.3,75.16666666666667,25.962500000000002,2.7533333333333334,9.3,978.5124999999999,2.7,45.333333333333336,24,271.02223854659076
2020-07-28,31.854166666666668,29.1,35.5,67.25,24.900000000000002,3.685833333333333,11.1,976.3583333333332,0.4,73.79166666666667,24,259.54024380428876
2020-07-29,30.545833333333334,27.8,33.9,72.20833333333333,24.870833333333334,2.87375,9.7,976.7791666666667,0.1,99.41666666666667,24,164.35272612160475
2020-07-30,28.9375,25.8,31.9,79.25,24.875,2.174583333333333,8.0,978.3791666666666,3.9,68.83333333333333,24,150.72321434011087
2020-07-31,29.166666666666668,25.4,33.1,84.125,26.070833333333336,1.8879166666666667,8.7,977.7166666666667,8.5,88.83333333333333,24,108.94101507050664
2020-08-01,29.400000000000002,26.8,32.8,83.79166666666667,26.212500000000002,1.5525,6.8,977.1208333333334,5.6,92.91666666666667,24,139.37723090476504
2020-08-02,31.1375,27.5,35.2,75.25,25.96666666666667,2.4466666666666668,11.0,975.2333333333332,0.2,39.0,24,287.20231313629426
2020-08-03,31.691666666666666,28.5,35.9,72.45833333333333,25.962500000000002,2.42625,9.2,971.3625000000001,1.3,41.291666666666664,24,263.72371047090127
2020-08-04,31.679166666666664,27.3,36.9,73.33333333333333,26.008333333333336,2.3054166666666664,7.6,969.6374999999999,0.8999999999999999,19.291666666666668,24,321.38440716633943
2020-08-05,30.579166666666666,28.1,33.7,79.16666666666667,26.40833333333333,2.9779166666666668,10.8,971.0,2.1,59.708333333333336,24,88.497446881016
2020-08-06,30.870833333333334,27.6,34.8,70.875,24.766666666666666,6.380416666666666,20.9,973.7166666666667,0.1,68.45833333333333,24,96.46573010023832
2020-08-07,29.96666666666667,27.2,33.6,76.375,25.2,4.6120833333333335,13.7,976.5583333333334,0.9,53.0,24,109.24846728380976
2020-08-08,30.804166666666664,27.4,34.5,78.375,26.34583333333333,1.07375,5.1,974.9250000000001,3.3,48.708333333333336,24,180.03708557020553
2020-08-09,29.8125,26.9,33.3,83.33333333333333,26.537499999999998,1.5491666666666666,7.4,974.0749999999999,22.8,98.66666666666667,24,90.85108317685001
2020-08-10,28.77916666666667,26.5,31.1,86.91666666666667,26.304166666666664,2.5308333333333333,6.6,975.2541666666666,2.4,94.95833333333333,24,117.44878358353424
2020-08-11,28.9375,26.5,31.8,87.25,26.520833333333332,1.7308333333333332,6.4,975.1291666666666,15.8,98.66666666666667,24,219.71985608268403
2020-08-12,29.837500000000002,26.3,33.8,82.66666666666667,26.34583333333333,3.0733333333333337,9.9,974.1833333333334,3.4000000000000004,97.29166666666667,24,264.6978112741309
2020-08-13,26.641666666666666,25.8,27.5,94.79166666666667,25.724999999999998,2.2583333333333333,9.9,973.4791666666666,84.60000000000001,94.79166666666667,24,59.64282838641191
2020-08-14,27.641666666666666,25.6,30.9,89.16666666666667,25.599999999999998,3.4949999999999997,10.5,972.9250000000001,5.0,89.95833333333333,24,99.71764176395311
2020-08-15,28.8875,25.9,32.3,86.20833333333333,26.229166666666668,3.047083333333333,8.9,972.9083333333333,2.6,51.333333333333336,24,115.35375819352578
2020-08-16,28.758333333333336,26.0,31.9,87.33333333333333,26.320833333333336,2.59375,7.8,974.1208333333334,6.2,60.416666666666664,24,116.12765015403534
2020-08-17,29.15833333333333,26.7,32.8,85.875,26.445833333333336,2.5325,7.5,974.4333333333334,2.1,64.04166666666667,24,128.51346920771596
2020-08-18,29.8125,27.6,32.3,83.54166666666667,26.662499999999998,1.4795833333333333,5.7,974.9958333333334,9.7,78.25,24,204.5926438100626
2020-08-19,27.1125,26.1,29.1,92.45833333333333,25.733333333333334,1.9358333333333333,7.1,974.9125,16.7,99.95833333333333,24,168.30055839538124
2020-08-20,26.483333333333334,24.5,29.1,92.66666666666667,25.1375,2.245,8.8,977.0666666666666,8.8,98.70833333333333,24,89.7320487412021
2020-08-21,28.583333333333332,25.9,32.2,79.33333333333333,24.491666666666664,3.6929166666666666,14.5,978.4375,0.2,35.125,24,91.16515162191303
2020-08-22,28.620833333333334,26.1,32.6,75.20833333333333,23.65833333333333,5.0320833333333335,13.7,977.7791666666667,0.1,33.416666666666664,24,89.79301946320942
2020-08-23,28.09583333333333,25.8,31.4,81.45833333333333,24.520833333333332,4.8029166666666665,12.9,976.5333333333333,2.0,47.375,24,90.1821156479051
2020-08-24,27.75,25.5,30.6,82.375,24.375,4.2995833333333335,12.3,976.75,0.8,58.666666666666664,24,117.59788916879734
2020-08-25,28.491666666666664,25.6,31.8,80.04166666666667,24.59583333333333,2.98375,9.1,978.7166666666667,0.9,36.708333333333336,24,141.48909238550243
2020-08-26,28.979166666666668,26.1,32.2,78.58333333333333,24.729166666666668,2.0883333333333334,7.2,979.9375,0.9,39.5,24,247.14345966401643
2020-08-27,28.704166666666666,26.6,31.5,80.25,24.879166666666666,1.8720833333333333,6.8,979.4166666666666,1.1,70.54166666666667,24,299.7912342882884
2020-08-28,28.52916666666667,26.0,33.0,84.20833333333333,25.40416666666667,1.56375,10.5,977.5833333333334,2.8000000000000003,50.666666666666664,24,39.44695218608979
2020-08-29,28.55,25.4,32.5,83.45833333333333,25.270833333333332,2.0108333333333333,8.9,977.2624999999999,1.8,39.458333333333336,24,99.75743723177936
2020-08-30,27.96666666666667,26.3,30.4,78.95833333333333,23.929166666666664,5.611250000000001,17.4,976.8958333333334,2.4,31.541666666666668,24,94.87429380761716
2020-08-31,27.90833333333333,25.2,31.5,77.41666666666667,23.454166666666666,4.492083333333333,11.3,979.125,1.5,51.416666666666664,24,142.78443997406714
2020-09-01,28.570833333333336,25.2,32.4,75.04166666666667,23.53333333333333,2.627083333333333,7.0,980.65,1.3,36.208333333333336,24,183.3398751879173
2020-09-02,28.8625,25.5,32.4,76.16666666666667,24.087500000000002,1.8241666666666667,6.6,982.5333333333333,0.8,93.125,24,252.92582628732404
2020-09-03,28.4875,26.2,31.5,83.375,25.304166666666664,2.8833333333333333,12.3,983.1374999999999,5.4,56.833333333333336,24,108.99743312640396
2020-09-04,28.879166666666666,26.2,32.3,81.08333333333333,25.208333333333332,2.7670833333333333,9.7,982.1458333333334,2.5,34.25,24,124.51767607942782
2020-09-05,28.34166666666667,25.8,33.1,84.54166666666667,25.333333333333332,1.3550000000000002,6.1,980.4166666666666,9.6,45.666666666666664,24,215.785620579928
2020-09-06,28.22083333333333,25.9,31.3,86.04166666666667,25.55,1.5170833333333331,6.2,979.3291666666668,5.3,46.041666666666664,24,288.71141828421617
2020-09-07,28.754166666666666,25.9,32.1,82.91666666666667,25.441666666666666,1.2508333333333332,6.2,979.8958333333334,4.5,42.666666666666664,24,317.51263812842564
2020-09-08,29.337500000000002,26.1,32.9,79.0,25.150000000000002,1.5045833333333334,6.0,980.5,0.4,46.583333333333336,24,296.79001716788076
2020-09-09,29.8,25.9,34.1,73.70833333333333,24.308333333333334,1.9262499999999998,7.7,980.25,0.0,20.458333333333332,24,307.08929578578545
2020-09-10,29.808333333333334,26.0,34.3,71.66666666666667,23.804166666666664,2.39,8.5,977.9125,0.0,23.208333333333332,24,290.68487637996105
2020-09-11,30.254166666666666,25.9,34.9,68.54166666666667,23.47083333333333,1.8808333333333334,7.6,978.225,0.0,16.875,24,307.6404641306348
2020-09-12,30.245833333333334,25.5,34.7,69.625,23.695833333333336,1.7254166666666666,6.0,980.8249999999999,0.0,35.583333333333336,24,19.394293638220745
2020-09-13,29.974999999999998,25.9,33.6,72.41666666666667,24.191666666666666,1.6791666666666665,6.3,980.9083333333333,0.0,38.625,24,23.29436860367923
2020-09-14,29.808333333333334,26.5,33.7,77.20833333333333,25.05,1.4641666666666666,5.8,979.8333333333334,0.6000000000000001,43.833333333333336,24,64.73366903340127
2020-09-15,30.80416666666667,26.1,35.2,68.58333333333333,23.900000000000002,1.4608333333333334,7.8,979.2375000000001,0.0,33.833333333333336,24,331.0892391803046
2020-09-16,31.416666666666668,26.8,36.3,65.08333333333333,23.59166666666667,1.9312500000000001,6.9,978.8916666666668,0.0,13.208333333333334,24,291.45019023402824
2020-09-17,31.7,27.2,36.6,61.125,22.9375,2.8645833333333335,12.6,978.4958333333334,0.0,18.083333333333332,24,295.34516170260724
2020-09-18,32.079166666666666,27.4,37.3,57.708333333333336,22.333333333333332,2.71875,9.9,977.5500000000001,0.0,21.666666666666668,24,285.5283560597384
2020-09-19,31.416666666666668,26.9,36.2,63.083333333333336,23.104166666666668,1.7054166666666666,7.5,977.8416666666667,0.0,21.583333333333332,24,352.1698718490899
2020-09-20,30.704166666666666,26.4,36.0,66.54166666666667,23.020833333333332,2.3670833333333334,8.9,977.4416666666666,0.0,20.625,24,355.0260996352602
2020-09-21,30.870833333333334,25.2,35.6,61.958333333333336,22.2375,1.9495833333333332,6.3,976.2916666666666,0.0,3.6666666666666665,24,353.426069934411
2020-09-22,30.21666666666667,26.7,33.5,72.54166666666667,24.587500000000002,2.3175000000000003,9.0,976.7958333333332,5.7,28.291666666666668,24,100.44033269300786
2020-09-23,29.570833333333336,26.1,32.7,73.08333333333333,24.104166666666668,2.3575,7.1,977.1125000000001,2.3,48.75,24,105.5563621287655
2020-09-24,29.666666666666668,25.5,35.4,69.45833333333333,22.875,2.0908333333333333,9.0,978.7166666666667,0.0,28.541666666666668,24,28.623765006512826
2020-09-25,30.59166666666667,25.8,36.6,58.666666666666664,20.783333333333335,3.190416666666667,10.5,978.2624999999999,0.0,6.375,24,276.85071909191106
2020-09-26,29.229166666666668,24.3,34.6,56.25,19.125,2.6945833333333336,9.9,978.4541666666668,0.0,20.291666666666668,24,277.16177551066454
2020-09-27,28.90416666666667,24.2,34.7,57.875,19.229166666666668,2.4629166666666666,7.0,981.0500000000001,0.0,4.458333333333333,24,296.28275065879035
2020-09-28,28.537499999999998,23.5,34.8,57.125,18.441666666666666,2.79125,10.1,982.2041666666668,0.0,0.041666666666666664,24,306.8264598551175
2020-09-29,28.075,22.4,34.5,54.583333333333336,17.5,3.00625,11.0,981.85,0.0,0.125,24,301.77489783237047
2020-09-30,27.891666666666666,22.0,34.5,50.875,16.145833333333332,3.3775,10.8,980.6333333333333,0.0,1.0416666666666667,24,300.36923417865665
2020-10-01,28.354166666666668,22.1,35.2,52.166666666666664,17.033333333333335,2.9254166666666666,10.0,980.2791666666667,0.0,0.0,24,299.21711764749375
2020-10-02,27.920833333333334,21.7,34.7,58.75,18.229166666666668,2.2295833333333333,7.5,980.8458333333333,0.0,0.0,24,294.7857244536343
2020-10-03,27.316666666666666,21.1,33.7,55.875,16.4875,2.3491666666666666,7.7,981.9083333333333,0.0,0.0,24,308.8572578475485
2020-10-04,26.425,18.3,33.5,52.083333333333336,14.904166666666667,2.38,7.9,982.7166666666667,0.0,0.0,24,303.9772588740152
2020-10-05,26.712500000000002,20.1,34.0,50.458333333333336,14.820833333333333,3.0270833333333336,10.0,982.3208333333333,0.0,0.0,24,302.8894546441132
2020-10-06,26.712500000000002,19.4,34.1,52.458333333333336,15.4375,2.9320833333333334,9.9,982.7083333333334,0.0,0.0,24,309.7468560326663
2020-10-07,26.795833333333334,20.2,34.5,56.791666666666664,16.400000000000002,2.0375,7.7,984.4416666666666,0.0,0.0,24,307.48559434089583
2020-10-08,26.974999999999998,19.4,34.0,56.041666666666664,16.337500000000002,1.9566666666666668,7.5,984.9625,0.0,0.0,24,308.3389586443529
2020-10-09,27.05,19.5,33.5,56.166666666666664,16.716666666666665,1.5729166666666667,5.7,985.2208333333333,0.0,0.0,24,318.32350649691284
2020-10-10,27.333333333333332,20.5,33.7,54.583333333333336,16.629166666666666,1.92375,7.5,983.9833333333332,0.0,7.875,24,298.09041123467654
2020-10-11,27.491666666666664,20.5,33.7,53.083333333333336,16.325,2.02,8.4,982.0875,0.0,0.08333333333333333,24,315.3933916317791
2020-10-12,27.28333333333333,20.2,33.2,59.583333333333336,18.099999999999998,1.7562499999999999,6.8,980.6166666666667,0.0,0.041666666666666664,24,38.867583805898676
2020-10-13,27.429166666666664,21.4,34.0,62.208333333333336,18.558333333333334,2.2399999999999998,7.1,981.4958333333334,0.0,8.916666666666666,24,90.69338477257861
2020-10-14,27.6125,22.5,33.1,65.875,20.016666666666666,1.9729166666666667,7.4,982.8583333333332,0.0,22.291666666666668,24,60.88041565168999
2020-10-15,27.325,21.8,33.5,55.583333333333336,16.408333333333335,2.1891666666666665,7.4,983.3833333333333,0.0,4.083333333333333,24,27.640830408649663
2020-10-16,25.675,18.5,32.9,46.666666666666664,12.1625,1.8858333333333333,5.2,983.1999999999999,0.0,0.0,24,351.80982249413415
2020-10-17,27.037499999999998,21.4,33.2,43.25,12.716666666666667,1.5995833333333334,5.5,983.9875000000001,0.0,0.0,24,18.691807533312044
2020-10-18,26.15416666666667,19.3,33.2,39.083333333333336,9.8125,2.4745833333333334,7.6,983.9958333333334,0.0,1.625,24,304.96452317949775
2020-10-19,25.333333333333332,19.3,32.4,36.041666666666664,8.820833333333333,2.52625,8.4,983.6583333333333,0.0,7.375,24,301.05071353225355
2020-10-20,24.945833333333336,17.3,33.0,35.916666666666664,7.620833333333334,2.4675,8.6,983.2833333333333,0.0,0.0,24,330.3743301258732
2020-10-21,25.458333333333332,17.2,33.4,41.833333333333336,9.916666666666666,2.02625,5.6,984.4458333333333,0.0,21.583333333333332,24,71.86756182415292
2020-10-22,26.270833333333332,20.3,32.5,42.125,11.75,1.8083333333333333,5.3,983.1916666666666,0.0,35.666666666666664,24,51.07972902208081
2020-10-23,25.391666666666666,17.7,32.5,43.833333333333336,10.516666666666667,2.0379166666666664,6.9,983.0458333333332,0.0,7.416666666666667,24,10.914197854026213
2020-10-24,24.900000000000002,18.7,32.4,42.5,9.970833333333333,2.12625,7.8,983.8958333333334,0.0,0.0,24,314.41213695453456
2020-10-25,25.641666666666666,18.2,32.9,41.791666666666664,10.391666666666667,1.8295833333333331,7.1,986.2166666666667,0.0,0.625,24,24.567539985756184
2020-10-26,25.150000000000002,18.5,32.2,41.75,9.941666666666666,2.00125,7.0,987.6041666666666,0.0,20.083333333333332,24,341.1267803161881
2020-10-27,23.15416666666667,16.8,30.8,34.666666666666664,5.8500000000000005,3.0629166666666663,9.2,987.3291666666668,0.0,0.0,24,301.21618162587237
2020-10-28,23.116666666666664,15.3,30.2,38.75,7.554166666666667,1.9375,5.3,988.0,0.0,0.0,24,316.9602169653993
2020-10-29,23.974999999999998,16.7,30.2,44.75,10.041666666666666,1.5145833333333334,5.4,988.9291666666667,0.0,0.0,24,20.334899847489567
2020-10-30,22.391666666666666,14.5,30.1,46.375,8.995833333333334,2.4891666666666667,8.2,988.6916666666666,0.0,0.0,24,302.50149512302215
2020-10-31,21.900000000000002,15.1,30.1,39.5,6.754166666666666,2.985,9.2,988.4375,0.0,0.0,24,303.83550388878086
2020-11-01,21.474999999999998,14.3,29.0,30.166666666666668,2.595833333333333,2.985416666666667,9.3,988.9666666666667,0.0,0.0,24,287.187674733695
2020-11-02,21.925,13.7,29.4,29.125,2.3333333333333335,2.7925,9.4,989.7875,0.0,0.0,24,289.90459768480406
2020-11-03,21.8875,12.8,29.7,32.0,3.1458333333333335,2.015,7.2,989.1208333333334,0.0,0.0,24,265.6752220667381
2020-11-04,21.40833333333333,13.8,29.0,39.0,6.308333333333334,2.555,8.3,987.8958333333334,0.0,0.0,24,269.814234561564
2020-11-05,22.650000000000002,14.6,30.1,39.916666666666664,7.308333333333334,2.2275,6.8,989.1666666666666,0.0,0.0,24,283.40075271878646
2020-11-06,21.962500000000002,13.4,30.3,41.416666666666664,7.1125,2.3941666666666666,7.1,991.7416666666667,0.0,0.0,24,281.6035494740949
2020-11-07,21.391666666666666,14.2,29.5,42.541666666666664,7.229166666666667,2.859583333333333,8.9,992.6333333333333,0.0,0.0,24,284.33560040827507
2020-11-08,21.504166666666666,12.6,29.2,45.5,8.170833333333333,1.5629166666666665,6.1,993.3416666666667,0.0,0.0,24,299.0106491585672
2020-11-09,20.958333333333332,12.7,28.7,52.291666666666664,9.833333333333334,1.9620833333333334,6.7,991.9041666666667,0.0,0.0,24,354.58418098839206
2020-11-10,21.116666666666667,15.3,27.7,57.333333333333336,11.741666666666667,1.6762499999999998,6.8,990.7333333333332,0.0,5.208333333333333,24,79.47321244857903
2020-11-11,20.633333333333333,14.5,27.7,62.208333333333336,12.158333333333333,2.146666666666667,6.2,992.3958333333334,0.0,0.4583333333333333,24,82.74667995206431
2020-11-12,20.975,13.9,27.3,57.875,11.424999999999999,1.6441666666666668,5.0,993.7375000000001,0.0,9.541666666666666,24,57.372031712121554
2020-11-13,21.05,13.4,27.2,53.041666666666664,10.433333333333334,1.4129166666666666,5.3,992.4250000000001,0.0,0.0,24,293.3578268330206
2020-11-14,20.458333333333332,14.2,27.9,54.5,10.170833333333333,1.6941666666666668,4.4,990.0833333333334,0.0,29.041666666666668,24,321.2312341599832
2020-11-15,21.162499999999998,15.8,29.0,61.041666666666664,12.495833333333332,3.9379166666666667,10.5,989.5666666666666,4.2,36.583333333333336,24,130.67278166895426
2020-11-16,19.508333333333333,16.2,25.1,79.16666666666667,15.358333333333334,2.68875,8.6,991.3166666666666,8.2,32.333333333333336,24,68.10354814159638
2020-11-17,18.704166666666666,14.5,24.1,73.5,13.420833333333334,2.3091666666666666,7.2,989.8249999999999,0.0,8.041666666666666,24,315.48084934075814
2020-11-18,17.854166666666668,13.5,23.8,67.95833333333333,11.35,1.9545833333333331,5.9,988.4833333333332,0.0,2.5416666666666665,24,323.52200010508403
2020-11-19,17.245833333333334,12.7,23.2,63.208333333333336,9.7875,1.8670833333333334,5.7,989.0,0.0,23.25,24,351.3178554233429
2020-11-20,16.525000000000002,11.3,23.6,57.625,7.483333333333333,3.1216666666666666,9.1,990.3583333333332,0.0,0.0,24,312.7926527169933
2020-11-21,16.370833333333334,11.6,22.6,52.5,6.125,3.9291666666666667,11.8,990.7916666666666,0.0,0.0,24,296.5788021356601
2020-11-22,15.804166666666667,10.0,22.6,52.958333333333336,5.445833333333333,2.7570833333333336,8.0,991.3291666666668,0.0,22.083333333333332,24,289.16803712329227
2020-11-23,15.862499999999999,9.0,23.1,57.833333333333336,6.954166666666667,1.6170833333333334,4.1,991.6,0.0,3.0,24,32.36651515781432
2020-11-24,16.154166666666665,9.8,23.0,62.166666666666664,8.220833333333333,1.9962499999999999,4.5,991.1625,0.0,66.29166666666667,24,100.23416053331556
2020-11-25,17.041666666666668,13.7,22.1,63.625,9.704166666666667,2.4945833333333334,6.9,991.5083333333333,0.0,90.45833333333333,24,78.08972062539823
2020-11-26,17.291666666666668,13.5,22.5,68.54166666666667,11.058333333333332,2.1308333333333334,6.5,993.8083333333334,0.7000000000000001,36.125,24,0.7608169807914464
2020-11-27,17.329166666666666,12.3,24.1,66.70833333333333,10.5375,3.3779166666666662,8.6,995.3583333333332,0.0,0.0,24,307.1382355511959
2020-11-28,16.470833333333335,11.2,23.8,63.125,8.754166666666666,3.1741666666666664,8.5,994.225,0.0,0.0,24,288.1311035578642
2020-11-29,15.579166666666666,9.8,23.4,63.666666666666664,7.891666666666667,2.405,5.8,992.8874999999999,0.0,1.7083333333333333,24,287.82715121746713
2020-11-30,16.2375,10.0,24.0,64.83333333333333,8.9125,2.0837499999999998,5.7,991.9291666666667,0.0,1.8333333333333333,24,292.69677931872724
2020-12-01,16.595833333333335,10.1,24.5,69.25,10.166666666666666,2.13125,6.2,992.1125000000001,0.0,0.0,24,297.43221043312064
2020-12-02,17.6875,11.0,25.6,66.45833333333333,10.545833333333333,2.8175000000000003,8.5,990.1583333333333,0.0,0.0,24,281.71384419169715
2020-12-03,18.537499999999998,11.6,25.5,64.41666666666667,11.008333333333333,1.7391666666666667,4.9,989.3083333333334,0.0,0.0,24,285.9404064590148
2020-12-04,18.670833333333334,11.4,26.8,64.20833333333333,10.770833333333334,2.0929166666666665,5.3,987.7875,0.0,0.4166666666666667,24,124.57396791070852
2020-12-05,18.95,13.1,26.5,67.625,12.233333333333334,2.82625,7.5,988.2083333333334,0.0,0.0,24,118.30797137915243
2020-12-06,18.983333333333334,13.6,26.7,71.41666666666667,12.958333333333334,1.9016666666666666,5.4,990.3625000000001,0.0,7.791666666666667,24,123.06393619693
2020-12-07,18.408333333333335,13.0,26.0,74.5,13.070833333333333,2.61875,7.7,991.8541666666666,0.0,0.0,24,290.67510919839503
2020-12-08,18.26666666666667,11.7,25.6,73.20833333333333,12.845833333333333,1.8866666666666667,5.4,991.9416666666666,0.0,0.0,24,338.7897574550525
2020-12-09,19.458333333333332,12.5,26.0,67.54166666666667,12.887500000000001,1.5775,4.6,990.2458333333334,0.0,0.4583333333333333,24,338.40541401813556
2020-12-10,18.683333333333334,13.1,26.3,68.45833333333333,11.941666666666668,2.1483333333333334,5.9,989.7791666666667,0.0,3.125,24,333.17153571396034
2020-12-11,18.900000000000002,13.0,25.4,70.16666666666667,12.729166666666666,1.8825,5.5,989.5500000000001,0.2,23.791666666666668,24,106.67072146351506
2020-12-12,17.9375,14.7,22.9,82.29166666666667,14.6,1.7391666666666667,7.1,990.0291666666667,0.8999999999999999,19.375,24,38.991390174294565
2020-12-13,15.079166666666666,10.7,21.0,67.83333333333333,8.3125,3.0570833333333334,9.3,990.3083333333334,0.0,0.0,24,312.08045020170226
2020-12-14,12.654166666666667,8.4,19.8,70.375,6.720833333333334,2.6916666666666664,8.2,991.2541666666666,0.0,0.0,24,318.7302114550419
2020-12-15,11.3125,6.4,18.5,71.66666666666667,5.604166666666667,2.4170833333333333,6.9,993.3958333333334,0.0,0.20833333333333334,24,329.73278927320564
2020-12-16,11.491666666666667,6.8,18.8,70.125,5.608333333333333,2.922916666666667,8.2,995.4166666666666,0.0,0.375,24,314.3802809005455
2020-12-17,10.216666666666667,5.3,16.4,64.875,3.454166666666667,3.870416666666667,9.6,994.6458333333334,0.0,0.0,24,300.91875842001343
2020-12-18,11.070833333333333,5.9,17.9,57.708333333333336,2.629166666666667,3.891666666666667,10.2,992.9250000000001,0.0,0.0,24,292.4665317586213
2020-12-19,12.229166666666666,6.3,19.7,59.166666666666664,3.9291666666666667,3.635,9.8,993.4791666666666,0.0,0.0,24,290.1824537102935
2020-12-20,13.470833333333333,7.1,20.9,60.75,5.654166666666666,3.45375,8.8,993.775,0.0,72.58333333333333,24,292.0846596173045
2020-12-21,13.2125,7.9,19.6,69.91666666666667,7.583333333333333,2.5070833333333336,5.8,991.9958333333334,0.0,82.25,24,297.0855793108223
2020-12-22,14.091666666666667,7.9,21.0,71.20833333333333,8.475,1.91375,5.7,990.7624999999999,0.0,41.625,24,294.0692390309739
2020-12-23,13.966666666666667,6.2,21.2,71.75,8.450000000000001,1.7679166666666666,4.8,989.8249999999999,0.0,0.16666666666666666,24,302.5150191310113
2020-12-24,13.808333333333332,6.8,21.8,66.5,6.816666666666666,2.3850000000000002,7.0,990.2125,0.0,0.0,24,318.8392997660114
2020-12-25,13.354166666666666,6.4,20.9,65.33333333333333,6.3125,2.580833333333333,8.3,991.3458333333333,0.0,0.08333333333333333,24,308.15927573048054
2020-12-26,12.7875,6.6,20.1,70.875,7.008333333333333,2.685833333333333,8.1,990.5833333333334,0.0,47.333333333333336,24,299.9098281427123
2020-12-27,14.929166666666667,9.3,22.0,64.33333333333333,7.629166666666666,2.7825,10.5,988.1750000000001,0.2,37.541666666666664,24,151.9212888379967
2020-12-28,12.020833333333334,6.8,17.8,52.708333333333336,1.8,2.97625,10.3,991.0916666666667,0.0,3.75,24,341.0620667267885
2020-12-29,10.308333333333334,5.5,16.5,66.83333333333333,3.9791666666666665,3.1308333333333334,9.7,992.2125,0.0,1.875,24,316.54449259513035
2020-12-30,9.733333333333333,5.1,16.6,76.41666666666667,5.283333333333333,2.8495833333333334,7.8,993.6041666666666,0.0,3.625,24,310.49785706953855
2020-12-31,9.766666666666667,4.9,17.1,79.29166666666667,5.904166666666666,2.527083333333333,7.0,992.8416666666667,0.0,48.625,24,292.31582936795286
2021-01-01,10.504166666666666,3.5,18.1,74.625,5.654166666666666,1.5741666666666667,6.1,992.1083333333332,0.0,19.625,24,102.66155588887295
2021-01-02,13.708333333333334,9.7,18.5,72.375,8.725,2.6750000000000003,7.8,990.9583333333334,4.5,48.583333333333336,24,107.89342371553255
2021-01-03,16.037499999999998,12.3,21.0,83.08333333333333,12.966666666666667,4.2058333333333335,12.5,989.2333333333332,8.1,32.125,24,121.29719545040564
2021-01-04,16.679166666666667,13.0,22.3,88.08333333333333,14.541666666666666,2.75125,9.0,990.5708333333333,5.6,69.875,24,96.25075559749803
2021-01-05,17.525000000000002,14.0,21.8,83.70833333333333,14.645833333333334,2.98,8.0,990.2291666666666,2.8000000000000003,67.125,24,94.10097821238747
2021-01-06,17.529166666666665,14.8,21.8,86.16666666666667,14.991666666666667,2.2254166666666664,7.5,989.9125,2.7,37.5,24,117.37961155240316
2021-01-07,14.958333333333334,11.1,19.5,85.29166666666667,12.304166666666667,2.52875,7.0,989.6916666666666,0.0,35.541666666666664,24,296.50398980637755
2021-01-08,13.4375,9.0,19.1,85.16666666666667,10.758333333333333,1.75875,5.9,989.2291666666666,0.0,37.333333333333336,24,341.518553237949
2021-01-09,14.966666666666667,11.1,20.0,80.79166666666667,11.483333333333334,3.3666666666666667,9.0,990.2458333333334,0.0,31.958333333333332,24,318.5115258337333
2021-01-10,12.320833333333333,8.7,17.7,73.95833333333333,7.416666666666667,3.88875,8.9,990.6041666666666,0.0,11.5,24,305.51572946245057
2021-01-11,11.6,7.3,17.9,79.66666666666667,7.979166666666667,3.9187499999999997,11.1,990.9125,0.0,1.1666666666666667,24,300.73153502721516
2021-01-12,11.433333333333332,6.8,18.2,77.45833333333333,7.295833333333333,3.140416666666667,9.7,991.1458333333334,0.0,0.0,24,283.9853886872477
2021-01-13,10.9625,6.0,18.6,76.75,6.529166666666666,2.9604166666666667,9.0,990.2166666666667,0.0,0.041666666666666664,24,287.7697350209709
2021-01-14,11.354166666666666,4.8,18.8,78.625,7.1000000000000005,1.8583333333333334,4.8,990.6291666666666,0.0,36.916666666666664,24,83.24984386424285
2021-01-15,12.291666666666666,8.0,19.5,82.375,8.854166666666666,1.3695833333333332,5.2,989.1458333333334,0.0,35.416666666666664,24,51.566435231443336
2021-01-16,10.333333333333334,5.3,17.1,86.125,7.804166666666667,2.155416666666667,7.1,987.8208333333333,0.0,26.291666666666668,24,309.64928067209047
2021-01-17,11.470833333333333,6.7,19.0,83.20833333333333,8.354166666666666,3.1679166666666667,9.1,990.0041666666666,0.0,42.583333333333336,24,104.4882793649196
2021-01-18,13.408333333333333,10.4,18.2,86.20833333333333,11.004166666666668,2.905,8.3,990.8958333333334,3.0,50.916666666666664,24,89.05262869954709
2021-01-19,14.6625,10.1,21.0,85.04166666666667,11.9625,2.7675,7.3,988.6333333333333,0.0,3.2916666666666665,24,295.2140773266699
2021-01-20,14.258333333333333,10.1,20.1,83.41666666666667,11.245833333333332,4.1450000000000005,10.2,988.9416666666666,0.0,0.041666666666666664,24,284.48875793504857
2021-01-21,13.674999999999999,9.3,20.5,75.66666666666667,8.979166666666666,3.9966666666666666,10.5,988.0,0.0,0.0,24,281.2865567064944
2021-01-22,13.4125,7.4,21.2,75.91666666666667,8.691666666666666,2.7045833333333333,7.2,989.1374999999999,0.0,1.125,24,113.3802045536612
2021-01-23,14.25,8.9,21.0,76.70833333333333,9.879166666666666,3.6354166666666665,9.5,987.5500000000001,0.0,4.833333333333333,24,129.37652380030715
2021-01-24,13.141666666666666,9.0,19.2,78.66666666666667,9.083333333333334,2.7312499999999997,8.4,990.3666666666667,0.0,6.75,24,303.9913499487104
2021-01-25,11.520833333333334,6.5,18.3,79.16666666666667,7.6499999999999995,2.2920833333333333,6.7,992.3625000000001,0.0,0.8333333333333334,24,303.51453292646556
2021-01-26,11.762500000000001,7.2,18.3,76.625,7.258333333333333,2.658333333333333,7.9,992.0916666666667,0.0,0.0,24,290.00695999978996
2021-01-27,11.695833333333333,6.6,18.8,73.41666666666667,6.575,2.920833333333333,8.9,991.8208333333333,0.0,0.0,24,294.0505294990303
2021-01-28,10.85,5.6,18.1,75.25,6.0249999999999995,2.39125,6.3,992.4958333333334,0.0,0.0,24,316.42474920564183
2021-01-29,11.745833333333332,6.0,18.7,72.08333333333333,6.325,3.00625,9.5,992.9916666666667,0.0,0.0,24,288.28807230664165
2021-01-30,12.0375,6.5,19.1,67.16666666666667,5.579166666666667,3.344583333333333,9.2,991.4958333333334,0.0,6.208333333333333,24,282.5528075511949
2021-01-31,12.512500000000001,5.3,20.5,65.625,5.4624999999999995,2.1037500000000002,5.5,991.7833333333333,0.0,0.0,24,284.1743980946739
2021-02-01,14.370833333333332,7.1,22.6,71.58333333333333,8.637500000000001,2.063333333333333,5.3,993.3833333333333,0.0,0.25,24,12.338881450868257
2021-02-02,15.120833333333332,7.6,23.5,72.375,9.325000000000001,1.79375,4.5,992.0041666666666,0.0,0.041666666666666664,24,320.4993784700098
2021-02-03,17.195833333333333,12.0,23.9,72.29166666666667,11.75,3.435,8.2,990.6333333333333,0.1,7.291666666666667,24,122.23004885434983
2021-02-04,15.6,10.6,21.6,80.41666666666667,12.016666666666666,2.7604166666666665,10.7,991.1750000000001,11.0,36.583333333333336,24,52.32627452914903
2021-02-05,13.416666666666666,8.5,19.7,82.54166666666667,10.15,2.4466666666666668,7.6,992.225,0.0,29.0,24,326.83080752888753
2021-02-06,13.945833333333333,8.8,20.1,73.04166666666667,8.695833333333333,3.2154166666666666,9.2,992.6666666666666,0.0,0.0,24,307.54731981057284
2021-02-07,14.775,9.6,21.3,70.5,9.054166666666667,3.547916666666667,10.7,992.4916666666667,0.0,0.0,24,296.2926905648775
2021-02-08,15.066666666666668,8.6,22.4,75.0,10.129166666666666,2.31375,7.7,992.4291666666667,0.0,1.5833333333333333,24,295.51685264497127
2021-02-09,16.591666666666665,10.2,24.1,70.45833333333333,10.433333333333334,2.54625,7.6,989.4250000000001,0.0,59.666666666666664,24,284.3280571681845
2021-02-10,17.745833333333334,11.8,25.3,72.375,11.958333333333334,2.0391666666666666,6.3,988.0333333333333,0.0,23.125,24,32.89713385871926
2021-02-11,17.037499999999998,11.3,24.0,75.125,11.9625,2.09375,6.4,988.7375000000001,0.0,21.833333333333332,24,329.27715653670606
2021-02-12,17.195833333333333,11.2,24.6,76.54166666666667,12.320833333333333,1.9349999999999998,6.1,989.6999999999999,0.0,62.875,24,311.5991154467479
2021-02-13,16.974999999999998,11.7,24.1,77.75,12.191666666666668,1.70375,5.8,989.9499999999999,0.0,49.625,24,339.65942834289683
2021-02-14,18.2375,12.3,25.6,71.33333333333333,12.145833333333334,1.64625,5.3,989.4791666666666,0.0,9.291666666666666,24,19.963499262160497
2021-02-15,18.970833333333335,12.1,27.0,67.91666666666667,11.916666666666666,1.8558333333333332,6.5,987.8249999999999,0.0,16.833333333333332,24,347.3659236473237
2021-02-16,18.791666666666668,12.2,26.9,70.41666666666667,12.341666666666667,1.96375,6.9,987.4166666666666,0.0,0.75,24,8.165051139379443
2021-02-17,18.087500000000002,11.7,25.7,71.29166666666667,11.783333333333333,2.063333333333333,6.3,989.1291666666666,0.0,0.0,24,330.363672101334
2021-02-18,18.370833333333334,11.5,25.6,71.0,12.020833333333334,1.9129166666666666,6.7,991.9083333333333,0.0,3.7916666666666665,24,344.8743629417779
2021-02-19,17.8875,11.1,25.5,74.25,12.279166666666667,2.1945833333333336,7.9,994.2041666666668,0.0,2.1666666666666665,24,317.2116214246804
2021-02-20,17.983333333333334,11.8,25.9,69.125,11.008333333333333,2.4741666666666666,7.7,993.8083333333334,0.0,5.791666666666667,24,305.361639946356
2021-02-21,18.745833333333334,11.7,25.9,65.41666666666667,11.387500000000001,2.9341666666666666,8.9,992.2125,0.0,3.875,24,294.6810596785764
2021-02-22,19.520833333333332,12.7,27.4,66.125,12.108333333333334,2.9600000000000004,9.7,990.3000000000001,0.0,3.5416666666666665,24,287.81647636775745
2021-02-23,21.504166666666666,13.1,29.6,55.875,11.116666666666667,2.255,7.0,988.0333333333333,0.0,4.916666666666667,24,281.0248907655712
2021-02-24,22.0625,13.6,30.1,57.625,12.066666666666668,2.28,7.5,986.3916666666668,0.0,0.0,24,293.21644138526574
2021-02-25,22.558333333333334,13.7,30.3,58.916666666666664,13.075000000000001,2.6275,9.0,985.225,0.0,0.0,24,290.9018361567198
2021-02-26,23.2375,15.5,30.9,56.291666666666664,13.1875,3.0875,10.3,982.9958333333334,0.0,8.25,24,272.2094143386905
2021-02-27,24.1375,19.0,30.4,42.458333333333336,9.945833333333333,2.9745833333333334,9.4,982.6291666666666,0.0,15.083333333333334,24,285.2470884699491
2021-02-28,22.245833333333334,16.9,29.9,49.25,9.591666666666667,2.4516666666666667,9.2,985.3791666666666,0.0,15.541666666666666,24,348.9613187254299
2021-03-01,20.400000000000002,14.3,27.5,45.958333333333336,7.133333333333333,3.5270833333333336,11.6,989.1916666666666,0.0,0.0,24,316.9055305981509
2021-03-02,20.683333333333334,14.7,27.6,40.041666666666664,5.879166666666666,4.934583333333333,13.8,989.4375,0.0,0.0,24,299.8149119300487
2021-03-03,22.3125,15.1,29.4,38.958333333333336,7.045833333333333,3.4466666666666668,10.9,987.6041666666666,0.0,0.0,24,301.13057138641295
2021-03-04,23.675,15.2,31.4,44.458333333333336,9.591666666666667,1.5424999999999998,6.3,987.1583333333333,0.0,0.0,24,8.228340135388294
2021-03-05,22.65833333333333,15.9,30.1,44.833333333333336,8.6625,4.1937500000000005,13.2,986.8083333333334,0.0,0.0,24,308.11198866042986
2021-03-06,22.65416666666667,15.3,30.6,42.75,8.116666666666667,3.4324999999999997,10.3,986.1291666666666,0.0,0.25,24,300.3572513445869
2021-03-07,24.837500000000002,15.4,33.2,42.125,9.958333333333334,3.00625,8.5,984.7583333333333,0.0,3.2083333333333335,24,117.26707971726978
2021-03-08,24.745833333333334,19.2,31.1,50.25,13.2875,4.1375,12.4,986.1750000000001,0.0,4.083333333333333,24,103.18670028324163
2021-03-09,24.745833333333334,18.5,32.2,59.208333333333336,15.1625,2.01125,7.6,987.3249999999999,0.2,24.125,24,99.81491240506864
2021-03-10,23.883333333333336,18.4,31.0,61.458333333333336,14.983333333333334,2.2216666666666667,8.7,987.3000000000001,0.1,14.833333333333334,24,343.7520522438369
2021-03-11,24.787499999999998,16.6,32.6,52.5,12.170833333333334,2.2016666666666667,6.8,988.2916666666666,0.0,2.25,24,57.26369238451247
2021-03-12,23.412499999999998,18.0,30.5,54.0,13.045833333333334,2.9170833333333337,12.1,990.2291666666666,0.7,57.666666666666664,24,107.79507387501093
2021-03-13,23.358333333333334,16.2,30.3,60.833333333333336,14.325000000000001,1.8816666666666666,7.8,990.9708333333333,0.0,20.791666666666668,24,323.84631991661496
2021-03-14,23.258333333333336,16.4,30.1,50.416666666666664,11.450000000000001,2.9183333333333334,10.2,988.125,0.0,11.166666666666666,24,307.21155410728005
2021-03-15,24.129166666666666,17.6,31.7,50.708333333333336,12.370833333333332,3.1670833333333337,10.3,987.0708333333333,0.0,20.083333333333332,24,300.24979192069384
2021-03-16,24.45,17.3,32.3,46.75,11.049999999999999,3.17625,10.4,987.1999999999999,0.0,13.125,24,304.2816616124645
2021-03-17,25.125,17.6,32.9,42.416666666666664,10.441666666666666,2.642916666666667,9.0,985.9125,0.0,27.708333333333332,24,318.41907714471506
2021-03-18,24.8,17.5,33.1,46.75,11.612499999999999,2.1575,10.8,986.3249999999999,0.0,73.70833333333333,24,294.088780044047
2021-03-19,24.712500000000002,19.5,32.3,50.583333333333336,13.020833333333334,2.3408333333333333,10.8,985.8249999999999,0.0,84.70833333333333,24,276.336200159257
2021-03-20,24.95,17.6,32.6,43.833333333333336,10.512500000000001,3.204166666666667,11.2,984.35,0.0,6.166666666666667,24,299.7127216182565
2021-03-21,25.808333333333334,18.0,33.7,42.416666666666664,10.887500000000001,2.69,10.6,983.8791666666666,0.0,9.708333333333334,24,315.60623685251
2021-03-22,25.025000000000002,18.9,33.3,48.083333333333336,12.554166666666667,3.220416666666667,12.0,987.1,0.0,49.166666666666664,24,73.9686642218345
2021-03-23,24.704166666666666,20.2,32.3,48.75,12.579166666666666,3.0879166666666666,16.3,988.3708333333334,0.5,38.375,24,111.68244490479321
2021-03-24,24.40833333333333,16.9,31.2,43.5,9.654166666666667,2.7104166666666667,10.3,988.9833333333332,0.0,10.666666666666666,24,317.23491059415824
2021-03-25,23.541666666666668,16.7,30.6,40.458333333333336,8.483333333333333,4.492916666666667,12.9,988.5124999999999,0.0,3.7916666666666665,24,302.0188310724372
2021-03-26,23.650000000000002,16.2,30.9,46.333333333333336,10.395833333333334,3.825833333333333,12.2,986.7708333333334,0.0,0.5,24,297.3182556313008
2021-03-27,25.604166666666668,17.8,32.9,45.583333333333336,12.0375,2.1554166666666665,8.2,984.9625,0.0,0.041666666666666664,24,300.81677290893623
2021-03-28,27.920833333333334,18.6,35.4,43.25,12.762500000000001,1.9916666666666665,7.4,982.5708333333333,0.0,0.0,24,278.4568250618124
2021-03-29,29.275000000000002,21.6,37.7,37.458333333333336,11.008333333333333,2.408333333333333,6.7,980.0,0.0,0.08333333333333333,24,125.95068783498061
2021-03-30,30.191666666666666,23.3,36.7,30.083333333333332,8.604166666666666,5.327916666666667,18.5,976.1416666666668,0.0,0.0,24,283.88403324570066
2021-03-31,27.670833333333334,21.9,34.2,22.5,2.5208333333333335,5.745,14.8,977.475,0.0,0.0,24,301.0898216141471
2021-04-01,26.175,19.1,33.7,15.625,-2.8874999999999997,5.911666666666666,15.8,978.4125,0.0,0.0,24,299.7942819377261
2021-04-02,25.291666666666668,17.3,33.2,16.625,-2.858333333333333,3.390833333333333,9.2,981.5541666666667,0.0,0.0,24,307.3534988604528
2021-04-03,25.1875,16.9,33.8,19.041666666666668,-1.5291666666666668,2.4575,7.5,984.1374999999999,0.0,1.25,24,335.6893469089103
2021-04-04,26.570833333333336,17.1,35.1,21.833333333333332,1.8041666666666665,3.015416666666667,9.8,984.8874999999999,0.0,5.0,24,308.83614889094366
2021-04-05,29.400000000000002,19.5,38.0,25.916666666666668,6.441666666666666,2.88625,9.0,983.4250000000001,0.0,67.75,24,77.62404811786081
2021-04-06,30.129166666666666,22.6,37.7,28.916666666666668,9.266666666666667,2.79125,7.9,981.8416666666667,0.0,41.875,24,97.01133497022676
2021-04-07,28.683333333333334,21.5,35.6,30.583333333333332,8.533333333333333,3.199583333333333,9.5,984.4125,0.0,3.9583333333333335,24,321.1128375441662
2021-04-08,27.150000000000002,20.5,34.0,24.708333333333332,4.029166666666667,3.1954166666666666,9.3,984.2041666666668,0.0,0.0,24,306.9736562466269
2021-04-09,26.954166666666666,18.6,35.3,21.416666666666668,1.4083333333333332,3.0841666666666665,9.7,984.9708333333333,0.0,22.75,24,336.4872919769674
2021-04-10,28.25,19.4,36.2,18.291666666666668,0.8375,3.1508333333333334,11.1,986.5124999999999,0.0,0.25,24,313.60639055723857
2021-04-11,29.141666666666666,20.2,37.3,19.625,2.1041666666666665,2.8066666666666666,9.3,986.4499999999999,0.0,4.458333333333333,24,311.5244010722017
2021-04-12,29.925,20.8,38.0,19.416666666666668,2.9791666666666665,2.6445833333333333,9.9,987.0,0.0,25.208333333333332,24,320.339702352581
2021-04-13,30.320833333333336,22.0,37.9,21.625,4.983333333333333,3.4104166666666664,11.5,985.4375,0.0,20.625,24,296.43391370894307
2021-04-14,30.645833333333332,22.0,38.8,22.041666666666668,5.520833333333333,3.76375,14.2,984.1125000000001,0.0,44.458333333333336,24,289.84068229184334
2021-04-15,31.008333333333336,23.0,38.8,19.0,3.6666666666666665,2.9883333333333333,11.3,983.0541666666667,0.0,20.541666666666668,24,289.1202052400906
2021-04-16,29.454166666666666,22.6,38.8,32.958333333333336,8.554166666666667,2.975,17.6,982.3791666666666,2.6,54.041666666666664,24,257.00695327970743
2021-04-17,27.491666666666664,19.7,34.2,44.291666666666664,12.012500000000001,2.8041666666666667,16.8,984.8708333333334,0.0,15.541666666666666,24,307.41049020721476
2021-04-18,28.900000000000002,21.3,35.3,29.041666666666668,7.8625,2.3195833333333336,10.0,986.6374999999999,0.0,4.291666666666667,24,323.46168728799114
2021-04-19,29.4875,21.4,37.1,28.875,7.966666666666666,3.1220833333333338,10.7,982.7166666666667,0.0,5.708333333333333,24,311.9741591605185
2021-04-20,27.733333333333334,22.4,33.9,28.833333333333332,7.595833333333334,4.26875,16.8,981.725,0.0,63.916666666666664,24,15.751932110462349
2021-04-21,26.258333333333336,19.0,31.9,40.541666666666664,11.166666666666666,3.747083333333333,13.8,983.3625000000001,0.0,18.583333333333332,24,266.6951383472593
2021-04-22,26.545833333333334,19.8,33.0,42.5,11.541666666666666,2.4129166666666664,10.0,985.9041666666667,0.0,5.416666666666667,24,72.8696947659048
2021-04-23,27.741666666666664,22.5,34.3,35.208333333333336,10.1875,4.85875,14.7,984.3291666666668,0.0,33.166666666666664,24,109.81985384441356
2021-04-24,26.516666666666666,18.9,33.6,35.625,7.9375,3.608333333333333,10.3,985.3083333333334,0.0,0.0,24,330.42053605707355
2021-04-25,28.724999999999998,21.1,36.7,27.125,6.604166666666667,3.827083333333333,11.9,985.0916666666667,0.0,0.0,24,317.519569961801
2021-04-26,30.05,20.9,38.8,23.875,5.4125000000000005,2.585,8.7,983.2624999999999,0.0,0.0,24,299.148303456249
2021-04-27,32.80833333333333,23.4,41.0,21.708333333333332,6.329166666666667,2.6929166666666666,11.1,982.4125,0.0,4.25,24,305.7510834123057
2021-04-28,33.85,24.3,41.5,19.333333333333332,5.458333333333333,2.9904166666666665,9.9,982.9833333333332,0.0,9.208333333333334,24,297.5397453514537
2021-04-29,33.3375,25.5,40.7,21.041666666666668,7.191666666666666,3.0820833333333333,13.3,983.0958333333333,0.0,20.458333333333332,24,318.53458542250297
2021-04-30,32.22083333333333,24.7,39.7,27.833333333333332,10.295833333333333,2.5729166666666665,9.7,982.7375000000001,0.0,46.5,24,71.76764601048183
2021-05-01,32.229166666666664,24.9,39.4,29.875,11.270833333333334,2.52375,14.5,982.5666666666666,0.0,55.333333333333336,24,138.53683924560954
2021-05-02,31.96666666666667,26.1,38.9,30.166666666666668,11.595833333333333,2.192083333333333,14.5,983.0416666666666,0.0,56.166666666666664,24,140.13106446182712
2021-05-03,31.741666666666664,25.3,37.0,30.708333333333332,11.737499999999999,2.2979166666666666,11.6,981.6416666666668,0.0,36.541666666666664,24,289.68891266635586
2021-05-04,32.81666666666667,26.1,40.0,29.916666666666668,11.554166666666667,2.6875,12.4,980.3041666666667,0.0,48.416666666666664,24,112.06721738832698
2021-05-05,31.520833333333332,26.1,38.6,39.125,15.237499999999999,3.5516666666666663,13.0,981.2375000000001,0.3,20.541666666666668,24,94.13776755722319
2021-05-06,29.27916666666667,24.0,38.7,52.625,17.591666666666665,4.000416666666667,18.8,982.9958333333334,6.1,41.625,24,85.76029028525505
2021-05-07,28.28333333333333,21.7,36.2,56.0,17.383333333333333,2.299166666666667,14.8,984.9208333333332,4.1,15.708333333333334,24,68.25257713688063
2021-05-08,31.087500000000002,23.6,37.4,38.875,13.720833333333333,2.03625,7.6,983.5375,0.0,37.083333333333336,24,40.245041762512244
2021-05-09,31.079166666666666,25.2,37.9,39.708333333333336,14.799999999999999,2.3195833333333336,12.5,981.6958333333333,0.0,23.833333333333332,24,125.10184320217724
2021-05-10,30.554166666666664,25.0,36.2,42.0,15.3125,2.8095833333333338,9.9,980.1374999999999,0.4,30.791666666666668,24,111.36859171234755
2021-05-11,31.28333333333333,25.1,38.4,40.666666666666664,15.35,3.129583333333333,17.3,979.0791666666668,0.1,21.5,24,110.61678034524698
2021-05-12,29.833333333333332,24.3,35.4,45.291666666666664,16.2625,3.2237500000000003,11.9,977.6999999999999,0.4,22.666666666666668,24,100.45535204388483
2021-05-13,27.370833333333334,22.3,31.7,58.333333333333336,18.1375,3.705416666666667,13.3,979.0083333333333,1.5000000000000002,37.041666666666664,24,91.25683872192513
2021-05-14,29.599999999999998,22.7,36.5,46.791666666666664,15.737499999999999,2.4520833333333334,8.6,979.2541666666666,0.0,21.833333333333332,24,71.17171292344563
2021-05-15,30.229166666666668,24.7,35.7,41.125,14.991666666666667,1.87625,8.8,980.3791666666666,0.0,22.416666666666668,24,67.05831687535783
2021-05-16,31.675,23.8,38.6,37.375,13.645833333333334,2.0058333333333334,7.1,981.475,0.0,15.125,24,51.84031249753127
2021-05-17,32.362500000000004,26.6,37.3,34.625,14.070833333333333,2.0070833333333336,9.0,981.6875,0.0,89.41666666666667,24,199.5617612973511
2021-05-18,27.125,24.6,29.9,53.916666666666664,16.9375,2.91375,11.5,981.8166666666666,1.1,98.0,24,192.82134550460188
2021-05-19,21.712500000000002,20.8,24.3,87.25,19.425,3.80875,10.8,979.3708333333334,98.7,100.0,24,63.663218012852724
2021-05-20,24.245833333333334,20.4,29.3,76.70833333333333,19.620833333333334,4.216666666666667,12.1,977.5291666666667,31.5,50.041666666666664,24,1.1156837412494838
2021-05-21,26.125,20.8,31.6,76.16666666666667,21.366666666666664,2.7274999999999996,8.2,980.3666666666667,2.3000000000000003,26.458333333333332,24,111.71297078872408
2021-05-22,28.566666666666666,23.8,33.4,65.625,21.116666666666667,1.8254166666666667,5.2,979.8791666666666,0.0,13.333333333333334,24,171.53073923295415
2021-05-23,28.46666666666667,22.8,33.9,55.875,18.370833333333334,2.8175000000000003,8.5,980.8041666666667,0.0,20.625,24,277.72012999582904
2021-05-24,28.8125,22.8,35.2,41.541666666666664,13.841666666666667,4.326666666666667,12.3,980.9916666666667,0.0,0.0,24,298.3654381824947
2021-05-25,30.108333333333334,24.9,37.1,35.458333333333336,12.633333333333333,4.107916666666667,11.0,977.6999999999999,0.0,0.0,24,320.8740926912964
2021-05-26,30.175,23.4,37.3,35.5,12.825000000000001,2.2720833333333332,5.4,975.5416666666666,0.0,0.0,24,309.1952406946228
2021-05-27,30.1875,23.0,37.7,43.875,15.975,1.8770833333333332,5.4,975.7791666666667,0.0,0.0,24,47.99859273567978
2021-05-28,30.383333333333336,24.5,36.7,59.083333333333336,21.133333333333333,3.6666666666666665,10.5,977.1875,0.0,0.7916666666666666,24,136.93934921068262
2021-05-29,31.129166666666666,26.2,37.1,55.541666666666664,20.8875,4.6925,11.4,978.6291666666666,0.0,2.2916666666666665,24,135.1376499358846
2021-05-30,30.34583333333333,25.3,36.0,63.0,22.125,3.28,10.2,978.6999999999999,0.7,7.583333333333333,24,129.87956111579274
2021-05-31,31.645833333333332,26.3,36.8,59.458333333333336,22.070833333333336,2.2654166666666664,7.2,975.85,0.1,26.458333333333332,24,140.26054026188353
2021-06-01,28.979166666666668,22.5,34.3,65.5,21.516666666666666,2.408333333333333,9.4,978.1208333333334,0.5,25.791666666666668,24,116.38310255769375
2021-06-02,29.320833333333336,23.5,34.8,64.25,21.383333333333336,1.6991666666666667,10.0,980.0625,5.4,33.583333333333336,24,314.44751003852775
2021-06-03,30.34583333333333,25.2,35.3,58.75,20.783333333333335,1.6266666666666667,5.1,980.9875000000001,0.0,22.916666666666668,24,68.42551519970345
2021-06-04,30.40833333333333,25.2,36.0,62.083333333333336,21.7625,1.6804166666666667,6.0,980.9666666666667,0.0,26.375,24,32.393609703373784
2021-06-05,30.895833333333332,25.8,36.3,59.458333333333336,21.541666666666668,2.5066666666666664,9.2,979.4333333333334,0.1,9.875,24,120.66938356208618
2021-06-06,31.895833333333332,25.9,37.5,51.625,20.0,2.2379166666666666,9.0,978.7583333333333,0.0,7.333333333333333,24,275.8378345792965
2021-06-07,32.6875,26.7,39.1,50.333333333333336,20.370833333333334,2.1708333333333334,10.7,976.8000000000001,0.0,9.291666666666666,24,337.6948360361142
2021-06-08,35.07083333333333,29.0,40.9,38.75,18.383333333333333,4.333333333333333,13.9,974.5083333333333,0.0,8.708333333333334,24,276.2070798928983
2021-06-09,35.983333333333334,31.3,41.4,37.875,18.95,4.443333333333333,11.4,973.0708333333333,0.0,13.583333333333334,24,272.2159896702398
2021-06-10,32.983333333333334,29.8,38.1,58.25,23.479166666666668,4.3845833333333335,12.4,973.5958333333333,0.0,17.041666666666668,24,105.70122519070492
2021-06-11,32.170833333333334,27.4,37.3,59.291666666666664,22.833333333333332,3.469583333333333,9.3,973.4083333333333,0.0,45.5,24,100.22250952460593
2021-06-12,32.40416666666667,28.7,37.8,58.875,23.0125,4.4470833333333335,12.1,974.4333333333334,0.0,13.625,24,114.17646373922554
2021-06-13,30.758333333333336,25.5,36.7,67.16666666666667,23.4875,2.2383333333333333,8.8,975.2458333333334,7.199999999999999,19.833333333333332,24,106.43119655127913
2021-06-14,31.366666666666664,26.2,36.5,60.625,22.3875,2.1979166666666665,9.0,973.4499999999999,0.0,11.5,24,99.73553602398738
2021-06-15,30.650000000000002,26.3,36.8,63.916666666666664,22.416666666666668,2.5016666666666665,12.6,970.7041666666668,4.2,31.208333333333332,24,236.6686657740418
2021-06-16,29.474999999999998,25.6,35.3,71.875,23.4875,2.39125,11.5,973.1374999999999,2.3,34.375,24,95.21703154823888
2021-06-17,30.008333333333336,26.2,34.9,68.375,23.1875,2.5429166666666667,7.8,975.2291666666666,0.1,17.041666666666668,24,75.95843754314859
2021-06-18,29.329166666666666,25.8,33.7,69.5,22.929166666666664,3.3333333333333335,10.2,975.9291666666667,0.7000000000000001,23.708333333333332,24,92.56718659426997
2021-06-19,28.479166666666668,25.1,33.3,72.29166666666667,22.708333333333332,3.2241666666666666,11.0,975.9541666666668,0.2,23.958333333333332,24,57.83872831420331
2021-06-20,28.875,25.2,33.3,73.41666666666667,23.291666666666668,2.4525,9.2,976.475,1.1,59.958333333333336,24,63.365105498660796
2021-06-21,30.712500000000002,25.2,36.1,64.375,22.5625,2.4250000000000003,9.6,977.3458333333333,0.1,16.375,24,38.37228846011379
2021-06-22,33.50416666666667,28.4,39.2,47.875,20.045833333333334,2.4208333333333334,10.0,976.6875,0.0,33.208333333333336,24,289.2536753691393
2021-06-23,34.416666666666664,28.8,40.2,43.375,19.258333333333333,2.1283333333333334,8.2,976.9041666666667,0.0,19.0,24,95.2812738045497
2021-06-24,32.5,28.2,38.5,58.458333333333336,22.745833333333334,2.9429166666666666,9.5,977.0416666666666,0.0,13.5,24,122.70146202232445
2021-06-25,32.50833333333333,28.4,39.7,58.5,22.329166666666666,2.4375,10.2,976.1833333333334,1.6,30.166666666666668,24,217.26948212167434
2021-06-26,32.041666666666664,26.6,37.8,57.0,21.8,1.6275000000000002,5.9,977.7333333333332,0.0,22.791666666666668,24,91.13950784715792
2021-06-27,33.47083333333333,28.7,38.6,54.0,22.3,2.5195833333333333,7.3,980.225,0.0,15.0,24,114.04596786670953
2021-06-28,34.329166666666666,28.6,39.9,48.916666666666664,21.170833333333334,2.012916666666667,6.8,978.9333333333334,0.0,9.083333333333334,24,90.53409848498683
2021-06-29,36.175000000000004,29.4,42.3,37.833333333333336,18.0625,3.1824999999999997,11.2,975.7166666666667,0.0,1.7916666666666667,24,273.51528040506787
2021-06-30,36.94583333333333,30.2,43.3,29.791666666666668,15.85,5.133333333333334,17.7,972.9499999999999,0.0,39.666666666666664,24,274.27017259184083
2021-07-01,37.045833333333334,32.2,41.8,33.041666666666664,17.7625,4.609583333333333,14.3,971.6,0.0,47.291666666666664,24,255.0685009633929
2021-07-02,35.525,31.2,41.2,42.0,20.079166666666666,4.1049999999999995,12.0,972.9541666666668,0.1,42.833333333333336,24,260.81650292054144
2021-07-03,33.324999999999996,29.3,39.0,50.25,21.091666666666665,3.0141666666666667,12.7,976.1125000000001,0.0,54.583333333333336,24,255.01801322435477
2021-07-04,34.199999999999996,28.6,40.3,48.333333333333336,21.150000000000002,2.1820833333333334,10.4,977.35,0.0,33.583333333333336,24,266.5241411107751
2021-07-05,34.708333333333336,29.3,39.4,45.625,20.8,2.302916666666667,7.6,977.7458333333334,0.0,36.541666666666664,24,309.2815559298968
2021-07-06,35.24583333333333,29.6,39.9,44.625,20.912499999999998,3.2954166666666667,9.2,976.275,0.0,17.291666666666668,24,291.71016042421195
2021-07-07,36.233333333333334,31.4,41.4,39.75,19.95,3.110416666666667,11.5,975.0124999999999,0.0,26.208333333333332,24,282.92188415834306
2021-07-08,36.020833333333336,32.3,40.3,39.125,19.616666666666667,3.6779166666666665,11.9,975.0958333333333,0.0,53.541666666666664,24,297.07555540222774
2021-07-09,33.18333333333333,28.2,38.5,57.708333333333336,23.27916666666667,3.714583333333333,10.5,976.3125,0.2,41.958333333333336,24,95.85046178371277
2021-07-10,33.583333333333336,29.7,38.1,57.5,23.724999999999998,2.970833333333333,8.5,976.1416666666668,1.2,31.791666666666668,24,106.67967468075892
2021-07-11,32.15416666666667,28.9,36.4,64.45833333333333,24.46666666666667,4.865,13.2,977.4833333333332,2.0,72.54166666666667,24,107.70331109377804
2021-07-12,30.516666666666666,28.0,34.0,69.20833333333333,24.079166666666666,5.1691666666666665,12.9,979.3333333333334,4.8999999999999995,78.20833333333333,24,112.40223649708378
2021-07-13,29.991666666666664,27.3,34.1,76.29166666666667,25.212500000000002,3.2458333333333336,8.7,978.6666666666666,5.3,79.33333333333333,24,90.88464836396497
2021-07-14,29.333333333333332,27.4,33.5,81.0,25.641666666666666,3.08625,9.9,978.1333333333333,9.4,95.45833333333333,24,65.35485619087865
2021-07-15,30.71666666666667,27.5,34.7,75.125,25.608333333333334,3.2583333333333333,7.6,978.4875000000001,2.5,81.20833333333333,24,80.17567965477116
2021-07-16,31.0125,27.5,34.7,74.375,25.7375,3.0216666666666665,9.2,980.025,3.8,52.125,24,93.16205089999619
2021-07-17,32.708333333333336,28.5,36.8,67.08333333333333,25.508333333333336,2.04625,7.8,977.5500000000001,0.7,65.66666666666667,24,137.72351991146212
2021-07-18,30.2,27.3,34.4,80.875,26.349999999999998,2.4379166666666667,9.9,974.6666666666666,24.900000000000002,99.83333333333333,24,197.54645707902594
2021-07-19,26.3,25.8,27.0,95.83333333333333,25.5625,1.8808333333333334,8.6,974.025,122.7,99.83333333333333,24,151.17610629665847
2021-07-20,27.775000000000002,25.8,30.6,87.70833333333333,25.491666666666664,1.09,9.3,974.0166666666668,27.3,94.5,24,148.9578220094055
2021-07-21,28.795833333333334,25.8,32.6,84.91666666666667,25.866666666666664,1.8570833333333334,7.4,973.1374999999999,5.3,63.916666666666664,24,80.45339673239795
2021-07-22,28.041666666666668,25.7,30.5,87.08333333333333,25.616666666666664,2.5208333333333335,8.2,972.0124999999999,5.1000000000000005,81.08333333333333,24,84.874029527375
2021-07-23,28.895833333333332,25.9,31.6,85.04166666666667,26.041666666666668,2.5408333333333335,7.8,973.3541666666666,5.8,73.625,24,111.122080742403
2021-07-24,30.2375,26.8,33.9,81.66666666666667,26.566666666666666,1.625,8.0,974.4708333333333,0.7,40.833333333333336,24,112.32428286815684
2021-07-25,30.90833333333333,27.4,34.3,77.54166666666667,26.358333333333334,2.16125,7.2,974.0916666666667,0.0,36.375,24,116.02217035238385
2021-07-26,29.008333333333336,27.9,30.7,84.91666666666667,26.170833333333334,2.2983333333333333,6.0,973.0791666666668,4.9,99.20833333333333,24,114.97564814911544
2021-07-27,28.233333333333334,26.9,31.4,88.875,26.170833333333334,2.26125,9.0,971.2375000000001,14.1,87.5,24,263.85004197000853
2021-07-28,27.170833333333334,26.1,29.0,90.16666666666667,25.3625,2.2695833333333333,7.8,972.5666666666666,18.7,100.0,24,285.2410870240973
2021-07-29,27.379166666666666,25.5,29.8,88.45833333333333,25.224999999999998,1.6524999999999999,6.8,973.2833333333333,8.200000000000001,88.16666666666667,24,295.4814804024959
2021-07-30,27.325,25.6,30.3,88.95833333333333,25.270833333333332,2.04875,8.1,974.225,11.0,91.33333333333333,24,90.70582636525455
2021-07-31,28.212500000000002,25.3,31.6,86.54166666666667,25.65416666666667,2.5779166666666664,9.4,974.6083333333332,3.3000000000000003,63.875,24,91.28738694215411
2021-08-01,29.120833333333334,26.6,32.1,82.91666666666667,25.795833333333334,1.7270833333333335,7.3,973.7708333333334,0.9,72.41666666666667,24,216.7417493591467
2021-08-02,27.758333333333336,25.8,30.1,88.33333333333333,25.629166666666666,1.6266666666666667,10.0,974.65,25.7,97.70833333333333,24,78.90712885050567
2021-08-03,28.620833333333334,26.2,31.9,84.875,25.72083333333333,3.0516666666666663,13.5,975.5208333333334,8.2,65.375,24,53.591484703910965
2021-08-04,28.75,26.0,32.2,78.25,24.366666666666664,3.2904166666666668,10.1,976.1625,0.0,31.916666666666668,24,76.63762205060289
2021-08-05,29.175,25.8,32.9,78.95833333333333,24.96666666666667,1.585,5.9,976.0708333333333,0.3,24.875,24,82.83447693130813
2021-08-06,29.683333333333334,26.2,33.3,81.125,25.96666666666667,1.2670833333333333,6.2,975.9250000000001,2.0,67.45833333333333,24,68.41492691713182
2021-08-07,28.77916666666667,27.2,31.7,86.70833333333333,26.2625,1.0795833333333333,5.5,977.4833333333332,8.5,76.75,24,96.73369944280967
2021-08-08,28.27916666666667,26.4,31.4,88.66666666666667,26.150000000000002,1.2370833333333333,5.4,979.0291666666667,17.099999999999998,88.70833333333333,24,105.13656503211041
2021-08-09,28.208333333333332,26.2,30.7,87.33333333333333,25.84583333333333,1.4720833333333332,6.3,979.2041666666668,3.2,95.58333333333333,24,116.61039414443235
2021-08-10,29.895833333333332,26.4,34.5,76.91666666666667,25.150000000000002,2.844583333333333,10.6,977.4458333333333,0.7000000000000001,47.916666666666664,24,265.2387839677223
2021-08-11,30.520833333333332,27.8,34.7,64.25,22.912499999999998,4.40375,11.7,977.65,0.0,10.666666666666666,24,261.3429594926965
2021-08-12,30.25,26.7,34.5,66.0,23.03333333333333,3.5429166666666667,10.1,978.8416666666667,0.0,20.083333333333332,24,257.63743829625236
2021-08-13,30.604166666666668,27.0,35.1,64.66666666666667,23.041666666666668,3.4758333333333336,10.1,977.1458333333334,0.0,21.208333333333332,24,251.6115975141802
2021-08-14,30.629166666666666,27.2,34.9,63.458333333333336,22.816666666666666,3.8945833333333333,11.8,975.15,0.0,19.25,24,258.62804791753734
2021-08-15,30.429166666666664,26.8,34.8,63.875,22.59583333333333,2.87375,8.9,976.65,0.0,13.208333333333334,24,262.56259632929687
2021-08-16,30.433333333333334,26.7,35.1,65.75,23.0125,2.1979166666666665,7.1,979.5208333333334,0.0,9.458333333333334,24,271.45896541401527
2021-08-17,31.2,26.9,35.4,65.625,23.683333333333334,2.0766666666666667,8.3,979.3083333333334,0.0,15.416666666666666,24,317.8214926872808
2021-08-18,31.22083333333333,26.6,35.3,66.54166666666667,23.837500000000002,1.7275,6.7,977.5083333333333,0.0,24.958333333333332,24,347.1974442903328
2021-08-19,30.837500000000002,27.3,34.2,73.83333333333333,25.47083333333333,1.9562499999999998,8.5,976.7666666666668,0.5,86.41666666666667,24,72.93391969722404
2021-08-20,27.854166666666668,26.4,29.3,86.54166666666667,25.358333333333334,3.345,9.6,979.1999999999999,2.0,99.66666666666667,24,101.29632604227413
2021-08-21,26.708333333333332,24.9,29.0,91.0,25.054166666666664,3.2566666666666664,12.1,980.7875,30.3,95.08333333333333,24,102.97176542403923
2021-08-22,27.616666666666664,24.9,31.1,88.375,25.441666666666666,2.598333333333333,8.9,980.6541666666667,9.8,86.91666666666667,24,115.66178741388057
2021-08-23,28.504166666666666,25.9,31.6,86.70833333333333,25.974999999999998,1.6220833333333333,6.6,978.5083333333333,5.9,66.54166666666667,24,188.66034911946593
2021-08-24,29.0,26.5,32.0,87.08333333333333,26.5625,1.30125,8.2,977.2333333333332,2.1,98.91666666666667,24,196.58267715628583
2021-08-25,30.416666666666668,27.9,34.3,68.29166666666667,23.7,4.2325,13.6,975.1416666666668,0.0,34.958333333333336,24,268.7995629693384
2021-08-26,29.729166666666668,27.3,33.8,66.95833333333333,22.804166666666664,4.091666666666667,11.9,974.375,0.0,58.291666666666664,24,264.91413350857727
2021-08-27,29.670833333333334,25.8,34.0,66.83333333333333,22.695833333333336,2.828333333333333,7.7,976.4916666666667,0.0,93.54166666666667,24,222.7775150598588
2021-08-28,29.395833333333332,26.6,33.4,74.25,24.133333333333336,1.9695833333333332,7.0,977.3625000000001,0.0,49.666666666666664,24,143.8858591530353
2021-08-29,28.59166666666667,25.9,32.3,84.875,25.670833333333334,2.17375,8.0,978.2041666666668,1.3,30.708333333333332,24,111.86075207027784
2021-08-30,27.454166666666666,25.2,30.8,85.70833333333333,24.78333333333333,3.002083333333333,7.6,981.2583333333333,1.2000000000000002,39.166666666666664,24,97.01385005406655
2021-08-31,27.008333333333336,24.7,31.0,86.91666666666667,24.579166666666666,3.138333333333333,9.4,982.9708333333333,5.3,62.916666666666664,24,96.6795184457257
2021-09-01,26.40416666666667,24.2,29.8,90.16666666666667,24.629166666666666,2.5470833333333336,8.2,982.6,10.7,89.625,24,73.1684318439851
2021-09-02,27.804166666666664,24.6,31.7,87.41666666666667,25.395833333333332,1.66625,7.1,980.4541666666668,1.2000000000000002,74.04166666666667,24,90.81576872934852
2021-09-03,27.162499999999998,25.3,30.9,89.125,25.133333333333336,1.87625,8.0,978.9666666666667,11.3,93.54166666666667,24,131.2228862652504
2021-09-04,27.370833333333334,24.9,30.6,88.125,25.120833333333334,1.27875,6.4,978.7291666666666,14.7,86.54166666666667,24,154.68046624684894
2021-09-05,28.21666666666667,25.4,31.8,85.75,25.483333333333334,1.2920833333333335,6.4,978.8291666666668,3.8000000000000003,32.75,24,190.18839855029725
2021-09-06,29.066666666666666,26.1,32.2,84.375,26.045833333333334,1.35125,6.2,980.1583333333333,4.1,49.25,24,142.08984934072066
2021-09-07,28.0125,25.7,30.5,88.04166666666667,25.820833333333336,3.0875,9.5,981.6625,7.6000000000000005,76.75,24,84.76277445423693
2021-09-08,28.045833333333334,26.1,30.7,80.125,24.245833333333334,4.8116666666666665,12.9,980.4541666666668,2.3,52.375,24,100.31562203687048
2021-09-09,27.7,24.9,30.9,83.75,24.6125,3.182916666666667,10.8,979.5208333333334,4.4,72.79166666666667,24,94.8786750555285
2021-09-10,26.84583333333333,24.9,30.1,88.16666666666667,24.670833333333334,3.986666666666667,12.3,979.4791666666666,16.6,88.54166666666667,24,95.40201369863894
2021-09-11,25.891666666666666,23.9,28.7,90.79166666666667,24.229166666666668,4.725833333333333,14.5,979.3166666666666,15.3,98.75,24,103.28824159109342
2021-09-12,26.479166666666668,24.5,29.2,90.75,24.795833333333334,2.3691666666666666,8.1,977.6458333333334,6.4,94.83333333333333,24,94.75006625663235
2021-09-13,27.666666666666668,25.5,31.5,87.91666666666667,25.400000000000002,1.7404166666666667,6.4,977.8083333333334,7.8,72.625,24,67.1415491255625
2021-09-14,27.962500000000002,25.7,31.2,83.54166666666667,24.816666666666666,2.7325,8.4,979.8625000000001,0.3,52.416666666666664,24,47.35469574812777
2021-09-15,28.4375,25.6,32.2,76.58333333333333,23.775000000000002,2.9316666666666666,10.7,980.975,0.0,19.083333333333332,24,82.16711936909729
2021-09-16,27.954166666666666,25.2,32.7,77.29166666666667,23.416666666666668,3.68875,11.9,979.1666666666666,4.1,39.291666666666664,24,34.12965821299281
2021-09-17,26.808333333333334,23.5,29.1,75.5,22.041666666666668,4.41625,15.3,978.5791666666668,1.5,45.416666666666664,24,48.002487303427074
2021-09-18,27.3875,24.2,30.8,80.125,23.554166666666664,3.495416666666667,11.7,980.8041666666667,0.1,32.0,24,78.23651155457759
2021-09-19,28.150000000000002,25.1,31.6,80.75,24.34166666666667,2.63375,7.7,982.4916666666667,0.30000000000000004,8.25,24,111.45124833522362
2021-09-20,28.325,24.9,32.1,81.08333333333333,24.554166666666664,2.137916666666667,8.0,981.6166666666667,0.7000000000000001,11.25,24,123.74650999772155
2021-09-21,28.016666666666666,26.0,31.2,82.95833333333333,24.775000000000002,2.370416666666667,8.7,980.7541666666666,1.7000000000000002,30.833333333333332,24,123.70897568685479
2021-09-22,26.45,24.5,29.8,90.0,24.65416666666667,2.8466666666666662,8.8,980.5833333333334,17.3,87.125,24,115.72241260511805
2021-09-23,26.670833333333334,24.5,29.4,88.54166666666667,24.5125,2.6787499999999995,8.3,982.0416666666666,6.3999999999999995,71.41666666666667,24,93.31760834479519
2021-09-24,26.974999999999998,24.6,30.7,84.75,24.075,2.3745833333333333,9.8,982.9,2.1,48.75,24,71.40415746681026
2021-09-25,27.208333333333332,24.5,30.8,85.66666666666667,24.46666666666667,1.9279166666666667,7.6,981.7458333333334,2.1,29.0,24,62.81808818046852
2021-09-26,26.829166666666666,24.1,30.5,85.29166666666667,24.020833333333332,2.5816666666666666,8.8,981.4791666666666,1.5,34.625,24,84.46132146609546
2021-09-27,28.150000000000002,24.5,31.9,81.04166666666667,24.354166666666668,1.5933333333333335,7.3,981.8833333333333,0.2,16.416666666666668,24,71.62822897677961
2021-09-28,28.162499999999998,25.6,32.0,81.70833333333333,24.633333333333336,2.8558333333333334,10.9,982.5833333333334,1.7,34.541666666666664,24,88.21358200392478
2021-09-29,28.179166666666664,25.2,31.5,79.83333333333333,24.179166666666664,3.2762499999999997,12.9,983.6958333333333,0.2,9.5,24,101.95977779283487
2021-09-30,28.258333333333336,25.3,31.5,81.79166666666667,24.724999999999998,1.7966666666666666,6.1,984.9375,0.7000000000000001,16.958333333333332,24,111.65220187864838
2021-10-01,28.604166666666668,25.2,32.2,82.125,25.0625,1.0562500000000001,4.9,984.475,0.2,17.25,24,226.1915365261758
2021-10-02,28.954166666666666,25.6,33.0,76.875,24.258333333333336,2.1033333333333335,7.7,983.0749999999999,0.2,12.541666666666666,24,282.83921362496744
2021-10-03,29.104166666666668,25.7,33.4,73.95833333333333,23.704166666666666,2.8183333333333334,10.0,981.275,0.0,9.75,24,274.7224285325849
2021-10-04,28.954166666666666,25.8,32.8,70.25,22.7625,2.0016666666666665,6.3,981.0625,0.1,16.541666666666668,24,248.7754255455398
2021-10-05,28.40416666666667,24.6,32.2,76.79166666666667,23.7375,1.4129166666666666,6.7,983.6833333333334,2.3,23.041666666666668,24,79.91496784769583
2021-10-06,28.40833333333333,25.5,32.4,75.41666666666667,23.370833333333334,1.6283333333333332,6.4,983.8416666666667,0.1,9.666666666666666,24,325.8188748306135
2021-10-07,27.287499999999998,23.2,32.4,71.25,21.195833333333333,2.3291666666666666,6.8,982.4666666666667,0.0,1.3333333333333333,24,298.75294025148213
2021-10-08,27.90416666666667,23.3,33.2,66.08333333333333,20.558333333333334,2.4079166666666665,6.7,981.3458333333333,0.0,0.08333333333333333,24,284.43262535495
2021-10-09,28.53333333333333,23.1,34.1,61.583333333333336,19.958333333333332,2.3633333333333333,7.0,981.6750000000001,0.0,0.041666666666666664,24,275.41941224538925
2021-10-10,28.304166666666664,22.1,34.9,62.833333333333336,19.833333333333332,1.9729166666666667,5.6,982.0208333333334,0.0,1.375,24,244.8782819931999
2021-10-11,28.0,22.2,34.7,60.541666666666664,19.066666666666666,2.06875,6.4,981.6833333333334,0.0,0.5833333333333334,24,213.08135067980444
2021-10-12,27.870833333333334,22.7,34.5,57.666666666666664,18.120833333333334,2.0879166666666666,5.5,982.0,0.0,1.5416666666666667,24,282.46080378045804
2021-10-13,26.45,21.3,32.8,54.25,15.445833333333333,2.9908333333333332,10.0,982.7958333333332,0.0,0.0,24,308.6988116855626
2021-10-14,25.275000000000002,19.6,32.0,54.0,14.737499999999999,3.0820833333333333,9.4,982.6666666666666,0.0,0.0,24,300.32353504570153
2021-10-15,25.854166666666668,19.6,33.1,53.333333333333336,15.195833333333333,2.640416666666667,7.2,980.6625,0.0,0.0,24,302.92304697955
2021-10-16,27.041666666666668,20.9,33.5,62.25,18.658333333333335,1.8104166666666668,4.4,980.8625000000001,0.0,7.0,24,38.209865242797946
2021-10-17,26.3875,23.0,31.0,76.75,21.829166666666666,2.9729166666666664,10.2,982.2583333333333,3.3,82.70833333333333,24,76.85664848909875
2021-10-18,22.47083333333333,20.9,23.7,92.95833333333333,21.283333333333335,2.8866666666666667,8.0,980.9333333333334,27.400000000000002,86.16666666666667,24,26.715159079002092
2021-10-19,23.8125,19.3,28.9,79.70833333333333,19.820833333333333,3.5124999999999997,9.6,982.8041666666667,0.0,3.0833333333333335,24,301.28905988823226
2021-10-20,24.3875,20.0,30.8,69.79166666666667,17.95,2.9204166666666667,7.6,985.85,0.0,0.0,24,277.2046210354316
2021-10-21,23.34583333333333,18.2,29.6,60.875,14.829166666666666,3.717083333333333,10.8,985.4916666666667,0.0,0.0,24,271.1250516360941
2021-10-22,23.895833333333332,20.2,30.3,61.458333333333336,15.679166666666667,3.7104166666666667,9.5,985.75,0.0,0.0,24,266.6719389436229
2021-10-23,23.941666666666666,19.5,29.7,64.79166666666667,16.583333333333332,2.1633333333333336,6.3,987.3833333333333,0.0,3.9166666666666665,24,174.3530019862602
2021-10-24,22.858333333333334,19.0,27.3,70.08333333333333,16.849999999999998,2.47625,9.0,989.125,0.2,41.666666666666664,24,140.0960322914467
2021-10-25,22.02916666666667,17.3,27.3,77.79166666666667,17.604166666666668,1.9166666666666667,6.1,989.6125000000001,0.0,4.0,24,339.9497232453415
2021-10-26,20.920833333333334,16.8,26.7,70.79166666666667,14.920833333333334,2.7304166666666667,7.7,988.7083333333334,0.0,0.0,24,306.4303013567812
2021-10-27,20.958333333333332,15.6,27.3,63.625,13.258333333333333,2.83625,8.3,990.35,0.0,0.0,24,306.45359351474707
2021-10-28,20.641666666666666,15.4,27.4,64.25,13.179166666666667,2.796666666666667,7.3,990.4333333333334,0.0,0.0,24,303.72942854803557
2021-10-29,21.029166666666665,14.8,28.3,62.875,12.941666666666668,1.9970833333333333,5.3,991.8625000000001,0.0,0.0,24,317.8163094380796
2021-10-30,21.412499999999998,15.8,28.4,56.458333333333336,11.575000000000001,3.23375,9.2,991.3583333333332,0.0,0.0,24,298.33533117690035
2021-10-31,22.212500000000002,16.3,28.9,51.166666666666664,10.933333333333332,2.86875,8.2,989.1166666666667,0.0,0.0,24,273.50999217016874
2021-11-01,22.129166666666666,16.2,28.9,53.666666666666664,11.941666666666668,2.245833333333333,5.6,988.5291666666667,0.0,0.0,24,140.5682035816895
2021-11-02,21.541666666666668,16.4,27.8,65.41666666666667,14.270833333333334,2.90875,8.4,990.0416666666666,0.0,2.0833333333333335,24,139.94332880889647
2021-11-03,21.724999999999998,15.6,28.6,61.708333333333336,13.483333333333334,2.0908333333333333,5.9,989.8208333333333,0.0,3.7083333333333335,24,172.63143196709984
2021-11-04,21.216666666666665,15.2,27.6,64.25,13.666666666666666,1.6841666666666668,4.2,988.9416666666666,0.0,4.375,24,287.1027630803528
2021-11-05,20.658333333333335,14.8,27.4,62.875,12.445833333333333,2.23625,5.6,988.9083333333333,0.0,22.5,24,302.2813645714034
2021-11-06,20.933333333333334,14.6,28.4,56.583333333333336,11.262500000000001,3.32875,10.3,987.2333333333332,0.0,33.416666666666664,24,288.7694417123498
2021-11-07,21.224999999999998,15.6,28.4,59.666666666666664,12.533333333333333,3.016666666666667,7.6,987.0916666666667,0.0,5.25,24,284.4668733487472
2021-11-08,21.041666666666668,14.7,28.7,60.25,12.129166666666668,2.6525,7.4,988.775,0.0,10.291666666666666,24,293.619880300046
2021-11-09,20.962500000000002,15.3,28.2,59.666666666666664,12.191666666666668,2.6995833333333334,6.8,989.5666666666666,0.0,19.333333333333332,24,297.49205858452257
2021-11-10,20.7625,13.8,28.8,60.5,12.0,2.3745833333333333,6.6,988.8791666666666,0.0,41.25,24,284.71271863445236
2021-11-11,20.391666666666666,13.5,28.3,60.583333333333336,11.645833333333334,2.1191666666666666,6.2,988.4166666666666,0.0,3.9583333333333335,24,298.6812135950328
2021-11-12,20.1875,14.5,28.0,60.541666666666664,11.3375,2.42,7.0,988.7291666666666,0.0,8.208333333333334,24,304.6159100146351
2021-11-13,19.433333333333334,12.6,27.0,57.5,9.983333333333333,2.3129166666666667,7.1,988.7666666666668,0.0,0.0,24,296.2870037750899
2021-11-14,18.6125,11.7,26.3,54.041666666666664,8.408333333333333,1.9941666666666666,4.3,987.8291666666668,0.0,0.0,24,285.62297820960106
2021-11-15,18.495833333333334,12.3,25.8,52.916666666666664,8.091666666666667,2.2829166666666665,6.4,987.1291666666666,0.0,0.0,24,298.3017685175263
2021-11-16,17.883333333333333,11.3,25.3,57.125,8.683333333333334,2.0879166666666666,6.3,988.0958333333333,0.0,0.0,24,293.72485039499776
2021-11-17,17.775000000000002,10.9,24.7,64.5,10.570833333333333,1.7816666666666665,6.0,990.1125000000001,0.0,43.25,24,340.374917273537
2021-11-18,19.095833333333335,12.0,24.6,65.58333333333333,12.033333333333333,0.9129166666666667,3.5,989.025,0.0,50.958333333333336,24,338.2408721668304
2021-11-19,18.704166666666666,11.8,24.8,63.875,11.095833333333333,1.7795833333333333,5.3,986.5958333333333,0.0,41.0,24,303.0357041280163
2021-11-20,19.304166666666667,15.6,25.1,58.125,10.450000000000001,1.7074999999999998,5.1,986.9416666666666,0.0,49.291666666666664,24,288.7861125580232
2021-11-21,18.98333333333333,13.5,25.9,57.75,9.841666666666667,2.8212499999999996,7.8,988.4125,0.0,0.08333333333333333,24,301.702946488881
2021-11-22,18.791666666666668,12.9,26.0,51.25,7.520833333333333,4.379166666666666,11.0,988.1916666666666,0.0,0.0,24,289.4588043201509
2021-11-23,18.283333333333335,12.3,25.6,55.25,8.495833333333334,3.4499999999999997,8.7,987.0208333333334,0.0,0.0,24,272.37865016533095
2021-11-24,18.662499999999998,11.4,26.0,57.791666666666664,9.554166666666667,1.84375,4.6,988.3833333333333,0.0,0.0,24,117.92401488684811
2021-11-25,17.908333333333335,12.0,25.1,70.41666666666667,11.9,1.8683333333333334,5.7,989.6,0.0,0.0,24,148.97931127230163
2021-11-26,18.458333333333332,11.8,25.2,68.875,12.125,1.7370833333333333,4.8,989.4791666666666,0.0,0.0,24,151.21604123453
2021-11-27,18.779166666666665,13.0,25.2,72.16666666666667,13.204166666666666,2.197083333333333,6.7,990.5541666666667,0.0,1.8333333333333333,24,122.09383887990265
2021-11-28,18.904166666666665,13.6,25.1,74.04166666666667,13.770833333333334,2.004166666666667,5.6,992.1958333333333,0.0,4.541666666666667,24,83.59482157081669
2021-11-29,18.133333333333333,11.4,24.9,63.875,10.454166666666667,2.7283333333333335,7.8,992.4708333333333,0.0,19.625,24,300.4880497145425
2021-11-30,18.037499999999998,12.5,24.8,64.83333333333333,10.758333333333333,3.2062500000000003,8.1,991.6999999999999,0.0,99.83333333333333,24,294.22709119174965
2021-12-01,17.145833333333332,13.5,21.9,72.5,11.85,1.7504166666666665,4.8,991.9625,0.0,100.0,24,325.8431578389953
2021-12-02,16.441666666666666,14.1,19.7,80.79166666666667,13.0625,2.0058333333333334,5.8,992.0791666666668,3.9,99.95833333333333,24,296.34192398932316
2021-12-03,17.212500000000002,12.8,22.6,79.75,13.408333333333333,1.7708333333333333,5.4,992.1999999999999,0.0,31.458333333333332,24,291.769925924026
2021-12-04,17.429166666666667,11.7,24.0,72.75,12.029166666666667,2.01125,6.2,990.9625,0.0,0.0,24,280.44213704795663
2021-12-05,19.066666666666666,13.4,24.3,69.70833333333333,13.066666666666668,1.6004166666666666,5.2,991.1708333333332,0.5,36.958333333333336,24,132.62139384732086
2021-12-06,18.2,14.3,23.2,78.75,14.154166666666667,2.1445833333333333,6.6,991.5083333333333,1.6,20.916666666666668,24,331.67988650172487
2021-12-07,16.691666666666666,12.6,22.8,71.5,10.9,3.050416666666667,8.6,992.4458333333333,0.0,0.0,24,307.44278505747866
2021-12-08,15.545833333333334,11.1,22.1,68.20833333333333,9.233333333333333,2.6666666666666665,7.2,992.2875,0.0,0.0,24,288.19242640895476
2021-12-09,15.145833333333334,9.3,22.0,69.58333333333333,9.1625,1.8291666666666666,4.8,994.4708333333333,0.0,0.0,24,293.8706348474412
2021-12-10,15.408333333333333,10.0,22.1,67.625,8.945833333333333,2.5325,7.1,994.5625,0.0,0.0,24,286.4588387072057
2021-12-11,14.612499999999999,9.5,21.7,65.41666666666667,7.7124999999999995,2.766666666666667,6.9,993.5208333333334,0.0,7.5,24,273.3880055634771
2021-12-12,14.5375,8.9,21.0,65.5,7.716666666666666,1.43875,4.2,993.9916666666667,0.0,55.75,24,248.77295931974913
2021-12-13,14.591666666666667,8.2,19.3,66.04166666666667,7.970833333333332,1.1358333333333333,4.2,992.8541666666666,0.0,61.458333333333336,24,152.67124751583196
2021-12-14,14.879166666666668,8.8,20.7,70.91666666666667,9.195833333333333,1.7633333333333334,5.4,992.0791666666668,0.0,26.041666666666668,24,73.68647967134666
2021-12-15,13.987499999999999,9.2,20.6,66.875,7.370833333333334,2.330833333333333,6.9,992.4291666666667,0.0,0.0,24,338.84463118292894
2021-12-16,13.570833333333333,9.9,18.1,69.625,7.979166666666667,2.4845833333333336,8.4,993.1958333333333,0.0,43.166666666666664,24,338.2169127201051
2021-12-17,12.320833333333333,8.0,17.9,57.458333333333336,3.6208333333333336,3.94875,9.9,995.0583333333334,0.0,2.8333333333333335,24,314.7794527066277
2021-12-18,11.1875,6.3,17.8,64.625,4.129166666666666,4.5112499999999995,11.3,994.9208333333332,0.0,0.0,24,297.3230056762151
2021-12-19,11.070833333333333,6.1,17.5,62.541666666666664,3.8208333333333333,3.9,8.1,994.4625000000001,0.0,4.875,24,292.99916378217495
2021-12-20,11.5875,5.9,18.1,67.25,5.320833333333334,2.68625,6.4,993.4041666666667,0.0,11.5,24,293.5224180275052
2021-12-21,12.137500000000001,5.2,19.5,70.70833333333333,6.495833333333334,2.02375,5.2,991.9166666666666,0.0,9.458333333333334,24,307.40601562933057
2021-12-22,13.325000000000001,5.9,20.1,66.83333333333333,6.720833333333334,1.7783333333333333,5.1,989.7375000000001,0.0,43.291666666666664,24,317.59788979977554
2021-12-23,14.183333333333332,8.4,21.1,72.29166666666667,8.941666666666666,2.064583333333333,5.6,988.9875000000001,0.0,47.791666666666664,24,132.05314052430248
2021-12-24,14.541666666666666,9.7,21.4,75.125,9.7,2.0187500000000003,5.3,988.85,0.0,34.0,24,125.9804019833631
2021-12-25,15.487499999999999,10.6,21.1,71.95833333333333,10.154166666666667,1.3870833333333332,3.9,990.8583333333332,0.0,27.583333333333332,24,90.40922968709032
2021-12-26,15.025,10.8,18.4,79.75,11.383333333333333,2.091666666666667,6.1,992.6374999999999,4.6,94.29166666666667,24,98.8681998558061
2021-12-27,14.866666666666667,10.7,19.7,72.08333333333333,9.554166666666667,1.9262499999999998,6.7,993.9166666666666,3.2,71.5,24,49.981070010624876
2021-12-28,13.945833333333333,10.5,19.5,77.70833333333333,9.804166666666665,1.5145833333333334,4.0,993.0208333333334,1.7,82.20833333333333,24,32.03121856563456
2021-12-29,13.016666666666666,8.4,19.1,72.45833333333333,7.604166666666667,2.0170833333333333,7.7,993.7166666666667,0.0,28.291666666666668,24,307.6552312857322
2021-12-30,10.720833333333333,5.2,17.9,66.58333333333333,4.075,2.37125,5.7,997.6166666666667,0.0,40.25,24,333.2907522507549
2021-12-31,10.504166666666666,5.0,17.8,70.66666666666667,4.925,2.2154166666666666,6.2,997.4583333333334,0.0,39.541666666666664,24,294.0794052672589
2022-01-01,10.970833333333333,5.7,18.1,75.83333333333333,6.420833333333333,2.145,5.7,996.2541666666666,0.0,8.458333333333334,24,285.21497609570156
2022-01-02,11.904166666666667,6.8,18.8,77.04166666666667,7.641666666666667,2.035833333333333,5.3,994.9083333333333,0.0,64.83333333333333,24,295.33501790298504
2022-01-03,12.620833333333332,7.4,20.2,74.75,7.770833333333333,2.2583333333333333,5.9,993.0875,0.0,28.5,24,284.46426059468104
2022-01-04,14.520833333333334,8.1,22.0,71.04166666666667,8.6625,1.8429166666666665,5.2,992.3375,0.2,55.708333333333336,24,287.7226864550721
2022-01-05,13.366666666666667,11.6,15.0,86.25,11.054166666666667,2.987916666666667,9.5,991.1416666666668,9.6,99.08333333333333,24,124.0461908790864
2022-01-06,14.591666666666667,12.0,18.6,82.95833333333333,11.637500000000001,3.324583333333333,10.4,991.2333333333332,0.9,77.95833333333333,24,133.784418799337
2022-01-07,15.641666666666666,12.7,19.9,85.5,13.075000000000001,3.9575,9.6,990.7624999999999,1.9,66.45833333333333,24,131.82462693204104
2022-01-08,15.379166666666668,14.1,17.1,90.54166666666667,13.808333333333332,4.255416666666666,10.9,990.1999999999999,16.2,82.04166666666667,24,123.11503760680614
2022-01-09,14.079166666666666,10.4,17.1,89.45833333333333,12.299999999999999,2.14125,6.6,989.7624999999999,3.6,72.125,24,297.47343030224715
2022-01-10,11.495833333333332,8.0,16.9,82.04166666666667,8.254166666666666,2.3783333333333334,7.0,992.2583333333333,0.0,4.541666666666667,24,303.30590593278936
2022-01-11,11.508333333333333,7.3,17.4,79.04166666666667,7.695833333333333,2.6304166666666666,7.6,992.375,0.0,1.75,24,301.479544334691
2022-01-12,11.341666666666667,7.6,17.1,80.29166666666667,7.904166666666666,2.3108333333333335,6.3,991.8333333333334,0.0,41.416666666666664,24,278.5607835934086
2022-01-13,12.299999999999999,7.2,17.4,75.375,7.766666666666667,1.1666666666666667,3.9,992.15,0.0,35.833333333333336,24,284.9732827807177
2022-01-14,10.762500000000001,6.2,16.6,81.25,7.345833333333334,1.57125,4.0,992.725,0.0,33.291666666666664,24,322.5834126602096
2022-01-15,9.975,5.8,16.8,86.66666666666667,7.616666666666667,1.8816666666666666,5.4,994.2083333333334,0.0,25.041666666666668,24,315.2347392656843
2022-01-16,10.191666666666666,5.9,15.8,85.83333333333333,7.745833333333334,1.6983333333333333,5.7,995.025,0.0,62.875,24,290.67776235549024
2022-01-17,9.766666666666667,4.7,14.1,85.45833333333333,7.320833333333333,1.1675,4.4,995.65,0.0,60.916666666666664,24,292.7918664327125
2022-01-18,9.583333333333334,5.4,16.1,88.5,7.6375,2.2966666666666664,7.1,993.4541666666668,0.0,49.875,24,285.4307423460932
2022-01-19,11.0625,6.6,17.7,88.66666666666667,9.091666666666667,1.7308333333333332,5.9,990.5416666666666,0.7,53.791666666666664,24,304.16732757016376
2022-01-20,13.145833333333334,9.3,17.7,85.29166666666667,10.591666666666667,1.5166666666666666,5.3,986.5791666666668,0.9,40.5,24,129.50608237139988
2022-01-21,12.262500000000001,7.2,18.4,85.20833333333333,9.558333333333334,1.8766666666666667,5.6,986.4333333333334,0.0,44.666666666666664,24,127.22805769018174
2022-01-22,13.220833333333333,11.9,16.1,84.66666666666667,10.65,5.47375,15.5,982.2458333333334,22.8,91.41666666666667,24,119.70627808614478
2022-01-23,12.758333333333333,9.2,16.7,86.20833333333333,10.387500000000001,2.28125,6.0,984.6125000000001,3.5,62.916666666666664,24,158.8168287949834
2022-01-24,10.729166666666666,7.1,16.2,82.95833333333333,7.708333333333333,2.3179166666666666,7.3,988.3874999999999,0.6,10.958333333333334,24,307.03543097604984
2022-01-25,10.283333333333333,6.2,16.4,80.16666666666667,6.695833333333333,2.3925,7.7,989.3208333333333,0.0,23.25,24,291.93568316287957
2022-01-26,10.700000000000001,6.3,16.8,81.41666666666667,7.316666666666666,2.8070833333333334,8.9,990.3083333333334,0.0,11.208333333333334,24,289.63022421093854
2022-01-27,11.554166666666667,7.0,17.8,73.33333333333333,6.4875,3.660833333333333,11.0,991.5749999999999,0.0,0.0,24,287.581254108846
2022-01-28,11.591666666666667,7.1,17.9,71.16666666666667,6.220833333333334,3.827916666666667,11.1,991.4333333333334,0.0,0.0,24,282.64239952790547
2022-01-29,12.379166666666668,6.8,19.5,72.83333333333333,7.329166666666667,2.5679166666666666,6.8,991.3583333333332,0.0,0.0,24,282.6784614151609
2022-01-30,13.695833333333333,8.9,20.3,71.66666666666667,8.441666666666666,4.081666666666666,10.6,987.1416666666668,0.0,0.20833333333333334,24,286.5619840920479
2022-01-31,13.679166666666667,8.2,20.9,79.91666666666667,10.020833333333334,1.5166666666666666,4.1,986.4583333333334,0.0,0.0,24,133.33952506815496
2022-02-01,13.966666666666667,8.7,20.8,84.75,11.158333333333333,2.4320833333333334,7.7,986.0583333333334,0.0,18.0,24,299.0710874362229
2022-02-02,14.25,9.0,20.5,77.875,10.0625,2.8845833333333335,9.2,985.8833333333333,0.0,13.0,24,229.11789179536385
2022-02-03,12.733333333333334,10.3,15.1,85.08333333333333,10.2375,5.397083333333334,15.7,981.9833333333332,16.599999999999998,76.45833333333333,24,111.19218588853391
2022-02-04,11.558333333333332,8.2,16.5,83.75,8.645833333333334,3.671666666666667,9.8,984.4833333333332,0.2,41.375,24,305.18626328117386
2022-02-05,10.904166666666667,5.7,16.7,83.5,8.016666666666667,1.8316666666666668,4.6,988.6541666666667,0.0,28.0,24,340.0833081383453
2022-02-06,13.691666666666668,7.4,20.5,74.625,8.845833333333333,1.6137499999999998,4.8,990.6166666666667,0.0,0.125,24,136.22659979710107
2022-02-07,15.216666666666667,8.3,22.3,77.83333333333333,10.9625,2.1533333333333333,6.7,989.6833333333334,0.0,18.041666666666668,24,152.18458106062894
2022-02-08,16.099999999999998,10.7,22.1,81.375,12.658333333333333,1.4641666666666666,5.8,988.1083333333332,1.4,16.333333333333332,24,118.49294769485238
2022-02-09,14.395833333333334,10.3,18.6,82.875,11.320833333333333,2.3699999999999997,8.0,989.8333333333334,3.6,50.833333333333336,24,50.8340333350734
2022-02-10,13.779166666666667,8.0,20.1,74.79166666666667,8.745833333333334,2.9774999999999996,10.3,992.2291666666666,0.0,19.208333333333332,24,295.5881888524932
2022-02-11,14.258333333333333,9.9,20.2,64.58333333333333,7.366666666666667,4.333333333333333,11.7,990.9,0.0,0.0,24,288.52526238305984
2022-02-12,14.345833333333333,9.4,21.1,67.45833333333333,8.016666666666667,3.5745833333333334,9.5,989.4916666666667,0.0,0.0,24,284.7043989082713
2022-02-13,14.775,8.4,22.4,70.16666666666667,8.804166666666667,1.9270833333333333,4.2,988.2416666666667,0.0,0.0,24,288.84703910324896
2022-02-14,15.566666666666668,9.2,23.1,69.95833333333333,9.424999999999999,2.1770833333333335,5.1,988.25,0.0,0.0,24,143.0465549491451
2022-02-15,16.554166666666667,11.0,23.2,65.29166666666667,9.566666666666666,1.83375,5.0,988.2875,0.0,1.2916666666666667,24,265.75545400359886
2022-02-16,16.179166666666667,10.0,23.7,69.41666666666667,9.991666666666667,2.2304166666666667,7.0,986.2708333333334,0.0,2.0,24,304.8733412424046
2022-02-17,17.370833333333334,10.6,24.2,63.583333333333336,9.612499999999999,2.3074999999999997,6.1,986.0333333333333,0.0,3.9583333333333335,24,324.5951418722039
2022-02-18,17.354166666666668,10.0,25.0,60.666666666666664,8.845833333333333,2.17125,7.8,987.3000000000001,0.0,9.5,24,317.33382233303905
2022-02-19,16.595833333333335,10.4,24.0,61.25,8.220833333333333,3.317083333333333,9.6,988.5875,0.0,0.0,24,303.0489631450974
2022-02-20,17.224999999999998,12.5,23.7,57.291666666666664,8.112499999999999,4.443333333333333,12.5,983.6791666666667,0.0,0.2916666666666667,24,290.6459155580044
2022-02-21,17.575,11.2,24.5,53.541666666666664,7.375,2.5220833333333332,6.3,983.3166666666666,0.0,0.8333333333333334,24,276.70075098715085
2022-02-22,18.6125,12.5,25.4,55.666666666666664,9.104166666666666,5.754583333333334,14.6,985.125,0.0,24.791666666666668,24,121.93466993270971
2022-02-23,18.658333333333335,14.2,23.8,67.58333333333333,12.304166666666667,3.9479166666666665,12.8,988.9,0.0,33.875,24,115.20469096495424
2022-02-24,18.245833333333334,12.3,25.0,72.0,12.308333333333332,1.95125,7.5,990.5541666666667,0.0,51.416666666666664,24,339.8464362160719
2022-02-25,18.620833333333334,12.6,25.0,68.29166666666667,12.020833333333334,2.2429166666666664,8.2,991.0833333333334,0.0,18.291666666666668,24,98.22759181751303
2022-02-26,17.808333333333334,14.3,23.5,69.16666666666667,11.679166666666667,4.89125,13.2,991.6666666666666,1.5,22.208333333333332,24,91.54205037514714
2022-02-27,17.1375,12.3,23.4,63.708333333333336,9.75,2.9225,7.3,993.025,0.0,10.083333333333334,24,348.31132350018265
2022-02-28,16.412499999999998,10.9,23.0,62.666666666666664,8.549999999999999,3.358333333333333,9.0,991.5208333333334,0.0,11.416666666666666,24,303.68592668779934
2022-03-01,17.116666666666667,10.7,24.4,64.54166666666667,9.566666666666666,2.3504166666666664,5.9,991.6,0.0,4.875,24,305.8684691333285
2022-03-02,18.479166666666668,11.3,25.6,62.041666666666664,10.2625,1.7729166666666665,5.1,991.3416666666667,0.0,5.375,24,301.9073127590142
2022-03-03,19.5,13.0,26.9,63.333333333333336,11.766666666666666,1.7470833333333333,7.6,990.2416666666667,1.6,28.291666666666668,24,11.69902641915479
2022-03-04,18.8625,13.3,25.1,69.75,12.612499999999999,3.7883333333333336,9.5,991.1875,0.0,7.208333333333333,24,307.5112447394363
2022-03-05,18.945833333333333,13.1,25.7,65.29166666666667,11.566666666666668,4.162916666666667,10.3,989.5500000000001,0.0,0.9583333333333334,24,294.5525929122847
2022-03-06,19.620833333333334,13.9,26.3,62.958333333333336,11.791666666666666,2.0970833333333334,5.8,988.4499999999999,0.0,90.375,24,269.7304638982102
2022-03-07,20.954166666666666,14.2,28.0,59.958333333333336,12.112499999999999,1.9666666666666668,5.7,989.8249999999999,0.0,48.583333333333336,24,99.52578056241794
2022-03-08,21.5,14.2,29.6,56.375,11.333333333333334,2.7391666666666663,8.0,989.0958333333333,0.0,36.458333333333336,24,320.35894702970177
2022-03-09,22.120833333333334,15.4,30.1,51.041666666666664,10.674999999999999,3.0520833333333335,9.5,988.1208333333334,0.0,19.75,24,303.12085447447333
2022-03-10,22.22083333333333,16.4,29.0,51.0,11.15,3.4241666666666664,10.6,988.15,0.0,29.083333333333332,24,302.54092913447727
2022-03-11,22.004166666666666,15.8,28.9,57.375,12.35,3.5500000000000003,9.9,988.1125000000001,0.0,0.08333333333333333,24,293.4611568896666
2022-03-12,22.270833333333332,15.3,30.0,53.833333333333336,11.754166666666668,3.3266666666666667,9.1,986.8166666666666,0.0,0.16666666666666666,24,292.7832165067143
2022-03-13,23.525000000000002,16.9,31.5,59.041666666666664,14.370833333333332,3.09375,8.8,986.3958333333334,0.0,0.0,24,295.2424073260167
2022-03-14,24.270833333333332,16.1,31.9,64.45833333333333,16.391666666666666,2.30625,7.0,985.9708333333333,0.0,0.0,24,302.2481538877984
2022-03-15,26.120833333333334,18.8,33.4,63.833333333333336,18.020833333333332,2.747916666666667,8.1,983.4625,0.0,0.0,24,291.7838794570978
2022-03-16,27.020833333333332,19.9,34.6,58.291666666666664,17.133333333333333,4.3500000000000005,12.2,981.2875,0.0,24.75,24,287.09404570179424
2022-03-17,26.541666666666668,20.1,33.2,64.08333333333333,18.733333333333334,2.1641666666666666,5.5,982.0875,0.0,13.333333333333334,24,351.58152884960697
2022-03-18,27.375,21.8,34.0,65.625,19.704166666666666,2.5258333333333334,8.1,983.1875,0.0,19.083333333333332,24,131.00249923354102
2022-03-19,27.791666666666668,20.4,34.6,60.166666666666664,18.641666666666666,1.9791666666666667,6.5,981.2583333333333,0.0,4.958333333333333,24,156.97998766492083
2022-03-20,28.120833333333334,21.8,36.1,48.166666666666664,14.570833333333333,2.61875,7.1,979.6625,0.0,0.625,24,186.16431412580553
2022-03-21,27.858333333333334,20.1,35.9,44.666666666666664,13.166666666666666,2.799166666666667,8.9,982.0583333333334,0.0,1.375,24,316.1607863337173
2022-03-22,27.849999999999998,20.7,34.9,43.0,12.604166666666666,4.805833333333333,12.6,982.9125,0.0,0.0,24,301.41550792337534
2022-03-23,27.541666666666668,18.9,35.3,38.416666666666664,11.225,2.7558333333333334,8.9,982.5791666666668,0.0,8.666666666666666,24,277.0520680816813
2022-03-24,27.420833333333334,20.7,34.4,36.916666666666664,10.5875,3.3295833333333333,11.6,980.9250000000001,0.0,0.4166666666666667,24,277.4998540496555
2022-03-25,26.866666666666664,19.4,34.5,31.333333333333332,7.154166666666666,3.4741666666666666,11.0,982.4499999999999,0.0,0.0,24,301.0585878625171
2022-03-26,27.179166666666664,19.7,34.7,29.958333333333332,7.020833333333333,4.860833333333333,15.6,984.2333333333332,0.0,0.0,24,291.5688786062386
2022-03-27,28.020833333333332,20.1,36.2,27.5,6.4750000000000005,4.0125,10.8,983.9833333333332,0.0,0.0,24,285.86913848535335
2022-03-28,28.954166666666666,20.2,37.6,27.916666666666668,7.2625,2.54,9.4,983.0541666666667,0.0,0.0,24,294.5675686687026
2022-03-29,29.099999999999998,19.1,38.4,26.708333333333332,6.7250000000000005,3.2383333333333333,10.0,981.1083333333332,0.0,0.0,24,286.20731635069393
2022-03-30,29.379166666666666,20.6,38.3,28.375,7.945833333333333,2.05875,7.6,981.225,0.0,0.0,24,313.2618207900267
2022-03-31,29.474999999999998,21.3,38.7,38.375,12.258333333333333,2.3045833333333334,8.3,981.8416666666667,0.0,0.0,24,123.86145623263633
2022-04-01,28.916666666666668,21.5,35.9,26.166666666666668,5.641666666666667,3.85375,11.1,982.5375,0.0,0.0,24,292.18338045876885
2022-04-02,28.912499999999998,19.9,37.4,23.5,4.858333333333333,2.3983333333333334,7.2,983.8000000000001,0.0,0.0,24,268.0263520251369
2022-04-03,30.120833333333334,21.9,38.8,18.875,2.283333333333333,2.7575000000000003,8.4,983.0958333333333,0.0,0.0,24,266.2319811998737
2022-04-04,29.141666666666666,21.8,37.9,18.208333333333332,1.9916666666666665,3.5541666666666667,9.8,982.9333333333334,0.0,13.958333333333334,24,279.28821295389304
2022-04-05,29.46666666666667,20.8,38.2,20.291666666666668,2.5791666666666666,2.985,9.8,985.8375,0.0,53.875,24,294.5446296353248
2022-04-06,30.266666666666666,20.9,38.7,19.291666666666668,2.9416666666666664,3.375833333333333,10.4,985.6999999999999,0.0,28.833333333333332,24,292.8427713449081
2022-04-07,31.054166666666664,21.4,39.3,18.25,2.6625,3.1195833333333334,10.0,984.9041666666667,0.0,0.0,24,293.14020975346756
2022-04-08,32.108333333333334,23.0,40.8,15.708333333333334,1.8458333333333334,3.094583333333333,9.0,982.3833333333333,0.0,0.0,24,296.23197472700815
2022-04-09,32.925,22.4,41.6,15.875,2.3958333333333335,2.88875,9.7,980.7624999999999,0.0,5.041666666666667,24,283.0957886612255
2022-04-10,33.2875,24.2,41.0,15.5,2.908333333333333,4.199166666666667,11.9,980.0958333333333,0.0,0.0,24,290.2051462364069
2022-04-11,32.97083333333334,24.5,41.4,17.833333333333332,4.329166666666667,3.0425,9.7,979.4375,0.0,49.291666666666664,24,271.45379857231615
2022-04-12,32.375,26.0,39.8,20.125,5.908333333333334,2.7891666666666666,8.9,979.4208333333332,0.0,93.95833333333333,24,254.97348696093334
2022-04-13,32.49583333333333,23.8,38.9,19.708333333333332,5.283333333333333,2.84625,8.4,978.9625,0.0,3.4583333333333335,24,249.3789142815095
2022-04-14,31.829166666666666,25.2,39.3,18.416666666666668,3.8166666666666664,3.731666666666667,10.8,978.5916666666667,0.0,19.291666666666668,24,290.5731100980375
2022-04-15,31.145833333333332,24.0,38.9,20.375,4.729166666666667,2.9279166666666665,10.5,978.4666666666667,0.0,10.125,24,320.0552212495162
2022-04-16,31.72083333333333,23.1,39.5,18.5,3.391666666666667,2.3466666666666667,11.7,978.2208333333333,0.0,2.0833333333333335,24,312.93962674103506
2022-04-17,32.05833333333333,24.0,40.6,19.375,4.191666666666666,2.5845833333333332,9.0,979.1374999999999,0.0,15.833333333333334,24,190.37949469599405
2022-04-18,32.68333333333333,24.1,41.3,21.208333333333332,6.358333333333333,2.2525,8.6,980.9208333333332,0.0,2.2083333333333335,24,343.760590059928
2022-04-19,34.09583333333333,25.2,41.8,17.166666666666668,4.854166666666667,4.202083333333333,12.9,982.6166666666667,0.0,2.625,24,283.5134264175826
2022-04-20,33.97083333333333,27.2,40.8,17.041666666666668,4.845833333333333,4.38375,12.8,981.3666666666667,0.0,49.583333333333336,24,290.7187614464841
2022-04-21,31.504166666666666,26.3,36.7,23.0,7.395833333333333,3.6999999999999997,14.2,982.1791666666667,0.0,69.5,24,299.61436241021624
2022-04-22,30.933333333333334,22.6,38.3,28.208333333333332,8.404166666666667,2.8312500000000003,10.0,983.2416666666667,0.0,2.0,24,297.7903235400886
2022-04-23,31.629166666666666,23.8,39.2,19.625,4.4125000000000005,2.69875,9.1,983.25,0.0,0.4583333333333333,24,311.67531764229665
2022-04-24,32.09583333333333,24.3,39.7,18.666666666666668,4.425,4.416250000000001,14.8,981.5208333333334,0.0,6.083333333333333,24,296.7670544091097
2022-04-25,32.99166666666667,25.1,40.5,19.708333333333332,5.720833333333334,3.6195833333333334,10.6,980.3458333333333,0.0,26.5,24,284.80690182305045
2022-04-26,33.020833333333336,25.1,40.6,20.0,5.508333333333333,3.374166666666667,11.8,980.6583333333333,0.0,3.75,24,301.13606763870234
2022-04-27,33.233333333333334,23.9,41.2,16.791666666666668,3.483333333333333,3.047083333333333,10.4,980.3166666666666,0.0,0.0,24,289.8651155158675
2022-04-28,34.94166666666667,26.1,43.0,16.25,4.295833333333333,2.9916666666666667,8.5,980.1374999999999,0.0,7.125,24,280.9958808963647
2022-04-29,35.87083333333333,27.1,43.5,13.625,2.8791666666666664,4.087083333333333,12.2,979.7291666666666,0.0,5.291666666666667,24,287.60589930280304
2022-04-30,35.78333333333333,28.3,43.3,13.791666666666666,3.1166666666666667,3.355,10.7,976.9625,0.0,4.333333333333333,24,276.00385142040625
2022-05-01,32.99583333333333,26.4,41.4,31.0,12.4,4.2995833333333335,18.7,976.3333333333334,0.0,20.666666666666668,24,109.52950714208146
2022-05-02,32.59166666666667,26.1,40.9,37.208333333333336,15.316666666666668,4.234583333333333,11.8,976.7333333333332,0.0,11.708333333333334,24,110.12905949506882
2022-05-03,32.858333333333334,26.8,39.4,42.083333333333336,17.104166666666668,3.1316666666666664,11.8,979.2208333333333,0.1,19.041666666666668,24,103.1958747356851
2022-05-04,31.058333333333334,26.1,39.2,47.0,17.254166666666666,3.0425,14.6,981.5625,0.2,27.458333333333332,24,80.4941718813144
2022-05-05,30.6375,23.5,38.2,46.5,16.245833333333334,2.1770833333333335,9.0,981.625,0.0,3.6666666666666665,24,333.8975538038573
2022-05-06,32.28333333333333,25.7,39.3,33.041666666666664,13.079166666666666,1.9691666666666665,8.7,981.1958333333333,0.0,6.958333333333333,24,262.30454908930557
2022-05-07,32.791666666666664,26.1,39.9,29.833333333333332,11.262500000000001,2.2783333333333333,9.8,980.8166666666666,0.0,4.625,24,6.7744129354803135
2022-05-08,33.079166666666666,25.5,41.2,33.833333333333336,13.424999999999999,3.32625,9.9,979.1666666666666,0.0,0.8333333333333334,24,141.29238119552247
2022-05-09,33.36666666666667,27.4,40.2,44.25,18.520833333333332,4.074166666666667,9.3,979.0416666666666,0.0,4.625,24,114.25543002033703
2022-05-10,33.45,28.2,39.7,45.416666666666664,19.354166666666668,3.2899999999999996,9.6,979.1666666666666,0.0,10.625,24,114.47957495867388
2022-05-11,34.0875,27.8,41.2,43.958333333333336,19.091666666666665,3.235,9.7,977.4833333333332,0.0,5.708333333333333,24,104.45652643216721
2022-05-12,35.145833333333336,28.7,42.7,41.458333333333336,18.041666666666668,3.54125,11.5,976.0458333333332,0.0,3.2083333333333335,24,127.54292812179676
2022-05-13,34.99583333333333,27.8,43.7,41.708333333333336,17.133333333333333,3.62375,13.9,973.4125,0.0,2.25,24,69.40174778483231
2022-05-14,35.949999999999996,27.6,44.3,26.375,10.170833333333333,2.7408333333333332,10.0,973.6166666666667,0.0,0.4166666666666667,24,277.7676523444524
2022-05-15,37.69583333333333,29.6,45.4,15.125,5.704166666666667,3.4904166666666665,13.1,974.6999999999999,0.0,24.0,24,283.0645852120966
2022-05-16,36.42916666666667,31.5,42.0,22.333333333333332,9.620833333333334,4.46125,13.1,975.1541666666667,0.0,54.0,24,275.69166419875603
2022-05-17,32.97083333333333,28.0,39.1,41.666666666666664,17.158333333333335,2.8641666666666663,16.1,976.2583333333333,0.4,22.875,24,71.12726796573531
2022-05-18,34.833333333333336,27.6,42.3,32.166666666666664,13.820833333333333,2.38625,8.4,977.4583333333334,0.0,13.75,24,92.3717543711877
2022-05-19,35.512499999999996,27.1,43.5,28.75,12.408333333333333,2.525,10.5,977.1125000000001,0.0,1.4166666666666667,24,268.9102005125353
2022-05-20,36.82083333333333,28.2,45.2,21.833333333333332,9.8125,3.3520833333333333,14.2,974.1999999999999,0.0,21.5,24,255.39598009380785
2022-05-21,35.104166666666664,29.4,40.6,28.041666666666668,12.645833333333334,3.5504166666666666,11.9,972.4958333333334,0.0,44.625,24,234.38218788136498
2022-05-22,33.420833333333334,25.8,40.0,32.5,13.420833333333334,2.526666666666667,11.9,971.1625,0.0,8.916666666666666,24,126.90314537398592
2022-05-23,26.2625,22.0,31.5,64.91666666666667,18.508333333333333,5.922499999999999,16.3,974.4333333333334,25.5,63.083333333333336,24,113.178581674371
2022-05-24,26.90833333333333,21.5,33.1,64.29166666666667,19.033333333333335,3.174583333333333,11.1,979.4416666666666,0.0,26.125,24,118.24598571212243
2022-05-25,28.175,23.1,33.3,60.541666666666664,19.099999999999998,1.7654166666666666,5.5,980.6791666666667,0.0,4.5,24,354.12647083221736
2022-05-26,29.587500000000002,23.8,35.5,54.083333333333336,18.525000000000002,1.9333333333333333,6.0,978.6666666666666,0.0,0.25,24,46.02055693677369
2022-05-27,31.379166666666666,25.7,38.2,49.083333333333336,19.0125,2.8674999999999997,11.7,975.7875,0.0,13.958333333333334,24,226.29565886915316
2022-05-28,32.88333333333333,27.0,39.7,49.166666666666664,20.191666666666666,2.27375,8.4,973.9,1.2,13.541666666666666,24,217.49453956373844
2022-05-29,33.02916666666667,26.3,40.6,48.208333333333336,19.704166666666666,3.138333333333333,10.3,974.2041666666668,0.0,8.208333333333334,24,243.92881286496828
2022-05-30,32.854166666666664,27.6,40.7,47.583333333333336,19.05,2.9508333333333336,15.8,975.3666666666667,0.2,5.166666666666667,24,162.49573475144734
2022-05-31,32.74166666666667,25.6,39.7,40.0,16.116666666666667,2.702083333333333,9.6,975.4708333333333,0.0,7.958333333333333,24,273.78046862316836
2022-06-01,33.62916666666667,25.4,40.5,33.666666666666664,13.6875,3.01125,11.5,976.3208333333333,0.0,7.833333333333333,24,275.1394850952763
2022-06-02,34.141666666666666,28.4,41.5,27.291666666666668,11.766666666666666,3.3345833333333332,11.8,975.7125,0.0,9.375,24,279.5916780293273
2022-06-03,34.93333333333333,27.2,42.5,22.166666666666668,8.475,3.0308333333333333,9.7,974.9583333333334,0.0,6.125,24,282.84178698027836
2022-06-04,35.483333333333334,26.9,43.4,19.625,7.520833333333333,2.387916666666667,9.5,975.2041666666668,0.0,16.791666666666668,24,263.45539728101915
2022-06-05,35.82083333333333,28.8,42.9,19.0,8.125,3.6875,11.4,975.6291666666666,0.0,14.458333333333334,24,269.9204256588938
2022-06-06,35.391666666666666,28.4,42.4,17.791666666666668,6.925,3.317083333333333,9.4,974.8958333333334,0.0,0.08333333333333333,24,256.303499990734
2022-06-07,36.37916666666667,29.6,43.3,21.166666666666668,10.049999999999999,4.2283333333333335,13.2,974.3249999999999,0.0,4.125,24,273.473583524096
2022-06-08,36.80833333333333,31.8,42.6,19.125,8.975,5.415416666666666,13.7,974.1875,0.0,2.875,24,266.9160838536342
2022-06-09,36.737500000000004,30.7,42.9,22.458333333333332,11.141666666666666,4.079583333333333,12.3,973.2916666666666,0.0,15.333333333333334,24,261.9334460875315
2022-06-10,36.94166666666667,30.5,42.1,21.583333333333332,10.558333333333334,5.102916666666666,13.2,974.0708333333333,0.0,8.333333333333334,24,267.84134703427935
2022-06-11,37.225,31.2,43.3,20.458333333333332,10.416666666666666,5.35125,14.0,974.3416666666667,0.0,5.333333333333333,24,278.23146219912735
2022-06-12,36.666666666666664,30.0,42.7,23.083333333333332,11.65,4.1812499999999995,11.6,975.5041666666666,0.0,10.875,24,280.81491419186676
2022-06-13,37.34583333333333,31.7,43.1,25.625,13.691666666666668,5.347083333333334,13.7,977.0541666666667,0.0,23.625,24,274.42048191786137
2022-06-14,34.733333333333334,31.0,38.5,38.833333333333336,18.420833333333334,6.359999999999999,14.4,976.9,0.0,60.041666666666664,24,277.73555085574804
2022-06-15,35.762499999999996,29.4,41.9,39.458333333333336,18.575,5.584166666666667,13.6,975.1416666666668,0.0,7.5,24,265.889453571426
2022-06-16,34.25,30.6,39.0,44.166666666666664,20.17083333333333,3.3541666666666665,11.0,976.025,0.7,14.333333333333334,24,249.17448462671896
2022-06-17,29.916666666666668,23.8,36.5,64.08333333333333,21.875,2.6687499999999997,10.9,976.75,11.600000000000001,21.333333333333332,24,242.38856302960158
2022-06-18,29.7375,24.9,34.5,64.70833333333333,22.120833333333334,2.3408333333333333,12.0,977.5208333333334,0.8999999999999999,45.541666666666664,24,356.26084234300856
2022-06-19,26.633333333333336,23.7,32.0,81.625,22.95,2.7075,7.5,977.1750000000001,9.9,87.58333333333333,24,254.84109563918463
2022-06-20,27.566666666666666,22.7,32.6,73.29166666666667,21.945833333333336,1.61625,6.4,975.2541666666666,0.1,45.083333333333336,24,244.33762836841214
2022-06-21,27.933333333333334,24.3,32.1,72.04166666666667,22.245833333333334,1.6975,9.1,974.7375000000001,9.3,28.458333333333332,24,151.51972028081104
2022-06-22,29.55,24.1,34.5,64.91666666666667,21.84583333333333,2.105,6.3,978.9875000000001,13.0,18.916666666666668,24,8.076751332178958
2022-06-23,31.145833333333332,26.3,36.7,52.375,19.395833333333332,3.643333333333333,10.7,979.8458333333333,0.0,15.458333333333334,24,312.52433217867025
2022-06-24,30.929166666666664,24.3,37.4,45.333333333333336,16.6375,3.27875,9.7,977.3791666666666,0.0,0.0,24,299.0688666820045
2022-06-25,32.475,24.9,38.3,39.833333333333336,16.1875,1.7458333333333333,5.9,975.0500000000001,0.0,4.416666666666667,24,38.964103605867706
2022-06-26,33.62916666666667,28.6,39.2,51.375,21.575,3.84,11.1,976.0583333333334,0.0,29.583333333333332,24,112.27731942551486
2022-06-27,34.295833333333334,30.3,38.7,53.666666666666664,23.28333333333333,3.43,10.2,976.9208333333332,0.0,47.625,24,111.55072225669585
2022-06-28,34.266666666666666,28.1,41.0,55.916666666666664,23.491666666666664,3.1024999999999996,10.2,974.3000000000001,0.9,78.16666666666667,24,107.22437917811226
2022-06-29,33.96666666666666,29.3,41.9,57.958333333333336,23.724999999999998,3.92125,11.1,971.8083333333334,0.0,90.79166666666667,24,95.56183080979656
2022-06-30,28.641666666666666,26.4,31.3,79.33333333333333,24.6125,2.4916666666666667,10.8,974.5083333333333,1.4000000000000001,100.0,24,93.84144777219757
2022-07-01,28.120833333333334,24.8,32.0,81.29166666666667,24.416666666666668,1.4966666666666668,5.3,975.0666666666666,1.0,95.875,24,82.21187193753644
2022-07-02,29.929166666666664,26.1,35.0,74.04166666666667,24.420833333333334,2.4879166666666666,7.3,973.7458333333334,2.3,57.958333333333336,24,122.84955099551485
2022-07-03,29.2,25.4,34.4,80.875,25.3,2.5904166666666666,8.7,974.9166666666666,4.5,80.58333333333333,24,120.27902640988748
2022-07-04,30.733333333333334,25.9,35.2,75.41666666666667,25.504166666666666,1.2416666666666667,6.0,974.4333333333334,15.500000000000002,75.83333333333333,24,110.97610286991062
2022-07-05,32.0,27.0,36.4,69.95833333333333,25.516666666666666,2.8562499999999997,7.9,974.2041666666668,0.2,81.625,24,101.01470063557457
2022-07-06,30.78333333333333,28.6,35.8,75.16666666666667,25.766666666666666,3.674583333333333,10.3,977.1958333333333,4.0,71.25,24,102.84524641779547
2022-07-07,31.575,27.4,35.5,69.66666666666667,25.079166666666666,3.43625,8.6,978.8375,0.5,63.75,24,89.68569297270676
2022-07-08,32.65833333333333,29.0,36.9,63.25,24.454166666666666,3.1041666666666665,9.5,976.2624999999999,0.1,33.25,24,97.91050926395894
2022-07-09,31.05,28.6,34.1,69.29166666666667,24.704166666666666,3.450416666666667,9.9,974.6416666666668,1.2,90.5,24,104.83947236720701
2022-07-10,29.558333333333334,27.2,33.2,76.66666666666667,24.933333333333334,2.0329166666666665,6.4,976.1166666666667,7.5,88.75,24,80.0646967737087
2022-07-11,31.233333333333334,26.9,35.0,71.375,25.099999999999998,1.3895833333333334,5.7,976.5833333333334,0.1,22.25,24,24.222846818689902
2022-07-12,31.212500000000002,28.3,35.0,71.41666666666667,25.28333333333333,1.98375,7.0,975.8916666666668,2.7,49.0,24,86.24965976178447
2022-07-13,30.954166666666666,27.8,35.4,74.20833333333333,25.583333333333332,2.3245833333333334,8.3,974.025,0.2,27.916666666666668,24,79.30286553389209
2022-07-14,29.950000000000003,28.1,34.7,76.45833333333333,25.229166666666668,3.126666666666667,9.7,973.9791666666666,10.6,59.541666666666664,24,66.09511340639415
2022-07-15,31.4375,28.9,36.4,67.5,24.554166666666664,4.335833333333333,11.5,975.4833333333332,2.6,46.958333333333336,24,86.0089792208509
2022-07-16,29.645833333333332,27.9,33.6,75.125,24.729166666666668,2.572083333333333,8.8,976.5791666666668,20.5,59.875,24,102.56359900183986
2022-07-17,29.65416666666667,25.7,34.2,80.125,25.72083333333333,2.55625,8.7,978.2375000000001,10.3,66.75,24,90.72927793926124
2022-07-18,30.974999999999998,25.9,35.5,75.70833333333333,25.875,1.6720833333333334,7.3,976.9708333333333,3.2,25.791666666666668,24,56.360223205414854
2022-07-19,31.0625,27.4,35.3,75.16666666666667,25.95,2.002083333333333,8.5,975.85,1.7000000000000002,58.75,24,85.60810828789624
2022-07-20,28.9375,26.6,33.4,83.5,25.704166666666666,2.7570833333333336,9.4,975.6625,26.9,98.875,24,265.56333325237165
2022-07-21,27.787499999999998,24.6,30.7,83.70833333333333,24.65416666666667,1.2741666666666667,6.4,977.9708333333333,16.5,99.29166666666667,24,110.44495566247952
2022-07-22,27.804166666666664,25.1,31.3,85.83333333333333,25.120833333333334,1.9175000000000002,6.4,979.2624999999999,5.0,99.58333333333333,24,76.65540397414196
2022-07-23,27.745833333333334,25.0,30.9,85.41666666666667,25.020833333333332,3.7441666666666666,12.3,977.9416666666666,15.4,100.0,24,97.4996759223809
2022-07-24,28.954166666666666,25.7,33.3,80.75,25.09583333333333,4.2075000000000005,12.2,977.5791666666668,7.8,91.41666666666667,24,108.81728267166113
2022-07-25,28.691666666666666,25.8,32.5,78.70833333333333,24.40833333333333,4.365,12.6,979.7666666666668,9.9,49.0,24,110.95134836917867
2022-07-26,28.183333333333334,25.3,31.5,79.25,24.15416666666667,3.9924999999999997,10.8,980.8541666666666,2.8000000000000003,57.041666666666664,24,111.4367248960142
2022-07-27,28.304166666666664,25.3,32.1,81.0,24.59583333333333,3.567083333333333,9.3,980.6541666666667,4.9,91.875,24,119.25752544669501
2022-07-28,27.625,25.0,31.7,85.79166666666667,24.891666666666666,1.5733333333333333,5.9,981.625,21.8,96.58333333333333,24,179.14694079743822
2022-07-29,27.308333333333334,24.7,30.2,87.125,24.891666666666666,1.9075,7.9,980.9458333333333,16.9,99.125,24,260.8349899842997
2022-07-30,27.695833333333336,25.4,31.3,85.79166666666667,24.945833333333336,1.5491666666666666,6.8,979.0875,4.9,99.95833333333333,24,250.5746326301727
2022-07-31,28.40416666666667,25.5,32.9,81.125,24.474999999999998,1.8841666666666665,6.9,976.7041666666668,1.0,89.375,24,228.77406608169665
2022-08-01,27.84166666666667,25.2,31.5,83.625,24.670833333333334,1.8324999999999998,7.1,976.9458333333333,10.0,74.04166666666667,24,267.4542083706455
2022-08-02,29.349999999999998,25.8,33.4,77.625,24.766666666666666,2.61,7.3,976.4625,0.30000000000000004,46.125,24,286.24520610560427
2022-08-03,29.09583333333333,26.5,32.9,80.25,25.204166666666666,2.0745833333333334,5.5,977.9291666666667,0.6,94.70833333333333,24,265.7261514285201
2022-08-04,28.108333333333334,26.4,31.5,85.375,25.325,2.2379166666666666,8.3,978.6125000000001,1.7,98.33333333333333,24,104.81098449989742
2022-08-05,27.641666666666666,24.6,31.0,85.875,24.95,2.2979166666666666,7.1,977.2083333333334,5.7,67.91666666666667,24,109.44720417126547
2022-08-06,28.683333333333334,25.6,32.4,83.33333333333333,25.358333333333334,1.0729166666666667,4.9,975.2375000000001,1.9000000000000001,69.20833333333333,24,140.1660446174522
2022-08-07,27.775000000000002,25.2,30.7,85.41666666666667,25.016666666666666,2.14125,7.8,975.2791666666667,18.6,98.66666666666667,24,110.55587720552745
2022-08-08,29.070833333333336,24.8,33.3,80.33333333333333,25.104166666666668,1.6329166666666666,6.7,975.0124999999999,0.2,76.125,24,91.80757753663801
2022-08-09,30.366666666666664,27.4,33.5,76.66666666666667,25.629166666666666,2.6962500000000005,10.3,974.775,0.4,40.375,24,86.80462533281445
2022-08-10,30.887500000000003,27.6,34.5,71.875,24.974999999999998,2.94375,9.9,973.2375000000001,0.4,44.416666666666664,24,100.44139107500473
2022-08-11,27.804166666666664,26.6,28.7,81.66666666666667,24.379166666666666,4.7924999999999995,12.4,975.4791666666666,3.8,85.45833333333333,24,72.08329600825368
2022-08-12,29.320833333333336,25.2,33.7,72.45833333333333,23.641666666666666,4.380416666666666,14.4,975.3333333333334,0.2,32.875,24,89.42099482495269
2022-08-13,29.4375,26.3,33.2,75.25,24.4375,3.7262500000000003,10.7,975.1625,0.8,21.25,24,117.0885886862834
2022-08-14,27.920833333333334,26.2,32.7,85.375,25.145833333333332,2.02,8.9,977.7333333333332,5.5,68.83333333333333,24,267.94332126145883
2022-08-15,27.90416666666667,25.6,31.0,82.16666666666667,24.412499999999998,3.1020833333333333,9.7,978.9166666666666,1.6,91.16666666666667,24,71.12634673401243
2022-08-16,27.40833333333333,25.4,30.3,79.41666666666667,23.454166666666666,6.187916666666666,18.4,977.4166666666666,8.4,75.29166666666667,24,98.78111687695298
2022-08-17,28.34583333333333,25.2,32.0,75.33333333333333,23.412499999999998,4.554583333333333,11.2,978.5124999999999,0.30000000000000004,28.416666666666668,24,135.38045060121397
2022-08-18,29.2375,25.5,33.4,72.58333333333333,23.525000000000002,2.527083333333333,7.5,977.7375000000001,0.8,13.541666666666666,24,230.1005088224015
2022-08-19,29.954166666666666,26.6,34.0,70.66666666666667,23.829166666666666,3.5525,9.6,977.6416666666668,0.5,48.083333333333336,24,282.55248281977805
2022-08-20,27.791666666666668,24.6,30.6,80.95833333333333,24.145833333333332,1.8258333333333334,6.3,978.9208333333332,6.8,95.5,24,345.88089253191396
2022-08-21,29.391666666666666,25.6,33.5,76.45833333333333,24.516666666666666,1.8733333333333333,6.3,977.0708333333333,0.30000000000000004,85.29166666666667,24,302.1214516151374
2022-08-22,29.1875,25.8,32.9,76.625,24.462500000000002,2.749166666666667,10.1,975.2541666666666,6.5,98.83333333333333,24,55.50160474842585
2022-08-23,29.333333333333332,25.9,33.1,71.08333333333333,23.21666666666667,6.2629166666666665,16.2,976.6958333333333,1.2,69.20833333333333,24,107.2640604190778
2022-08-24,28.366666666666664,25.8,32.3,75.91666666666667,23.5,3.61375,10.3,980.7833333333333,0.7000000000000001,81.625,24,126.17410291012476
2022-08-25,29.108333333333334,25.1,33.6,73.29166666666667,23.3875,1.3833333333333335,5.5,980.1708333333332,0.5,50.5,24,171.50137895160276
2022-08-26,30.191666666666666,26.5,34.8,65.25,22.75,3.0262499999999997,8.4,979.4958333333334,0.5,28.458333333333332,24,283.1997879294387
2022-08-27,30.65833333333333,27.6,35.0,60.875,22.016666666666666,4.564166666666667,10.5,978.6750000000001,1.2,21.416666666666668,24,284.4777384429887
2022-08-28,31.004166666666666,27.5,35.5,55.458333333333336,20.837500000000002,4.267916666666667,11.5,979.1708333333332,0.1,46.916666666666664,24,269.337822358828
2022-08-29,30.145833333333332,27.2,34.8,60.916666666666664,21.441666666666666,2.2783333333333333,8.2,982.9333333333334,0.6,56.416666666666664,24,273.0442817658436
2022-08-30,30.554166666666664,26.3,36.8,67.54166666666667,23.245833333333334,1.6058333333333332,6.6,983.3666666666667,0.0,51.083333333333336,24,207.83714577576404
2022-08-31,31.3875,27.7,36.8,61.333333333333336,22.7625,2.589583333333333,9.8,980.7875,0.2,57.291666666666664,24,270.71489117372124
2022-09-01,31.849999999999998,27.8,36.8,60.291666666666664,22.77916666666667,2.4358333333333335,7.9,980.7208333333333,0.5,94.66666666666667,24,266.0651012299558
2022-09-02,31.879166666666666,27.4,36.7,57.791666666666664,21.916666666666668,1.89125,7.6,981.8958333333334,0.0,46.708333333333336,24,263.520408098473
2022-09-03,32.041666666666664,27.5,37.7,51.416666666666664,20.208333333333332,3.495416666666667,11.5,979.4499999999999,0.0,11.416666666666666,24,278.6196987199782
2022-09-04,32.083333333333336,27.7,36.9,51.25,20.375,4.236666666666666,11.2,978.3249999999999,0.0,5.791666666666667,24,261.02672768023604
2022-09-05,31.454166666666666,27.0,36.2,52.791666666666664,20.3125,2.6179166666666664,7.7,980.0541666666667,0.0,10.0,24,260.92994634569965
2022-09-06,31.729166666666668,27.1,37.4,52.5,20.1875,1.96125,6.6,981.2541666666666,0.0,11.666666666666666,24,292.45800830583534
2022-09-07,31.9875,27.2,37.3,52.541666666666664,20.354166666666668,2.06375,7.8,982.9791666666666,0.0,5.041666666666667,24,333.0796415215213
2022-09-08,31.833333333333332,26.6,36.6,53.25,20.691666666666666,1.7991666666666666,6.7,983.7291666666666,0.0,7.083333333333333,24,49.48499238217289
2022-09-09,31.566666666666666,27.7,35.0,62.708333333333336,23.27916666666667,2.2275,6.9,983.3208333333333,0.2,12.791666666666666,24,109.98705339481529
2022-09-10,30.179166666666664,24.8,34.3,68.95833333333333,23.620833333333334,2.59875,7.7,982.4875000000001,3.0999999999999996,29.791666666666668,24,105.18526831028998
2022-09-11,29.695833333333336,24.5,33.6,68.04166666666667,22.84583333333333,2.8058333333333336,9.3,980.4583333333334,3.7,34.75,24,88.67556080976783
2022-09-12,30.254166666666666,26.9,35.1,64.25,22.495833333333334,2.9425000000000003,10.0,978.65,1.0,24.791666666666668,24,87.85596108216248
2022-09-13,29.491666666666664,25.2,34.3,67.04166666666667,22.270833333333332,4.82125,14.7,979.3208333333333,1.6,41.166666666666664,24,89.69714692991914
2022-09-14,27.516666666666666,25.2,30.5,76.58333333333333,22.954166666666666,5.3620833333333335,17.7,979.8625000000001,6.1,72.125,24,75.06239673238991
2022-09-15,26.120833333333334,24.2,30.1,85.54166666666667,23.4375,4.030833333333333,11.4,978.1666666666666,9.200000000000001,84.08333333333333,24,60.02919616533461
2022-09-16,26.179166666666664,23.4,30.9,83.625,22.916666666666668,2.75375,8.3,975.775,13.4,74.125,24,357.3894989799636
2022-09-17,27.462500000000002,23.6,33.5,78.29166666666667,22.933333333333334,2.6770833333333335,8.5,977.8458333333333,0.8,38.916666666666664,24,270.9777112886527
2022-09-18,28.016666666666666,23.3,33.2,78.66666666666667,23.537499999999998,1.92875,8.5,980.8541666666666,0.4,15.875,24,18.57476614844535
2022-09-19,28.541666666666668,24.7,33.5,74.5,23.058333333333334,1.85375,7.1,981.2166666666667,0.0,13.083333333333334,24,355.8180405225469
2022-09-20,27.191666666666666,23.9,32.0,84.04166666666667,24.037499999999998,1.4833333333333334,6.2,981.1374999999999,2.4,55.625,24,88.09077942195756
2022-09-21,27.3875,24.5,31.5,83.91666666666667,24.25,1.5329166666666667,6.6,981.0041666666666,1.7000000000000002,67.54166666666667,24,60.08721603124428
2022-09-22,25.070833333333336,23.6,26.8,92.29166666666667,23.708333333333332,2.9579166666666663,9.5,980.1750000000001,33.9,99.75,24,44.9305449338861
2022-09-23,24.700000000000003,23.5,28.1,93.83333333333333,23.625,3.42,8.7,979.3916666666668,48.199999999999996,100.0,24,79.35239141134355
2022-09-24,24.662499999999998,23.4,27.0,93.75,23.570833333333336,4.425833333333333,11.3,977.9416666666666,41.5,100.0,24,105.71937756719382
2022-09-25,26.304166666666664,23.6,30.8,83.91666666666667,23.09583333333333,2.78875,9.1,980.5,0.9,39.875,24,231.33928854991024
2022-09-26,26.724999999999998,22.6,31.0,83.20833333333333,23.416666666666668,2.118333333333333,8.4,984.0416666666666,0.1,26.166666666666668,24,313.85851859355535
2022-09-27,26.65833333333333,22.6,31.4,79.04166666666667,22.383333333333336,2.2108333333333334,7.9,982.7708333333334,0.0,7.166666666666667,24,301.37846895601336
2022-09-28,27.2375,22.9,32.1,76.08333333333333,22.3,1.915,6.8,981.7083333333334,0.2,6.083333333333333,24,305.51372231715925
2022-09-29,27.162499999999998,22.8,31.7,76.5,22.3125,2.31875,8.7,981.7416666666667,0.0,2.125,24,306.79016589145675
2022-09-30,27.329166666666666,23.0,31.9,75.58333333333333,22.270833333333332,2.2066666666666666,8.4,982.1041666666666,0.0,4.791666666666667,24,315.885418242867
2022-10-01,27.974999999999998,23.2,32.6,72.08333333333333,22.045833333333334,2.145,7.9,981.2125,0.0,4.375,24,318.3799893101624
2022-10-02,28.008333333333336,22.8,33.1,66.16666666666667,20.670833333333334,2.38875,8.4,981.6208333333334,0.0,3.9583333333333335,24,296.3688782821033
2022-10-03,27.741666666666664,23.1,33.2,60.708333333333336,18.979166666666668,4.05,11.8,982.3833333333333,0.0,0.0,24,304.76118466362476
2022-10-04,27.695833333333336,23.1,32.7,66.54166666666667,20.620833333333334,2.7170833333333335,8.2,983.8625000000001,0.0,11.416666666666666,24,344.1102167871937
2022-10-05,27.120833333333334,22.9,31.7,76.83333333333333,22.458333333333332,2.0304166666666665,7.1,983.6291666666666,0.1,32.375,24,87.30660064143035
2022-10-06,26.383333333333336,23.1,30.7,74.83333333333333,21.216666666666665,2.8316666666666666,7.1,984.0708333333333,0.0,36.958333333333336,24,89.95271964249486
2022-10-07,24.570833333333336,23.0,26.2,82.25,21.3,3.3312500000000003,7.6,985.1333333333333,1.1,98.29166666666667,24,78.94191822171314
2022-10-08,22.491666666666664,21.5,23.6,94.83333333333333,21.604166666666668,3.8191666666666664,7.7,985.6916666666666,37.2,100.0,24,83.82042748800552
2022-10-09,22.645833333333332,21.0,25.9,92.625,21.3625,3.31,9.6,984.65,47.1,99.33333333333333,24,62.2470226488104
2022-10-10,23.458333333333332,21.3,27.7,88.33333333333333,21.291666666666668,2.4379166666666667,7.2,985.9250000000001,1.6,62.916666666666664,24,74.03502300125501
2022-10-11,23.462500000000002,20.9,26.6,87.41666666666667,21.104166666666668,1.66,5.7,985.3666666666667,2.7,62.666666666666664,24,199.8665833520106
2022-10-12,23.78333333333333,20.0,28.3,82.66666666666667,20.412499999999998,1.8525,6.6,986.4375,0.0,27.25,24,322.84973934382526
2022-10-13,23.84583333333333,19.0,29.0,72.29166666666667,18.241666666666667,2.5008333333333335,7.5,987.4875000000001,0.0,1.4166666666666667,24,304.1909792043928
2022-10-14,23.72083333333333,19.0,29.4,68.41666666666667,17.245833333333334,2.5558333333333336,7.9,987.3208333333333,0.0,0.0,24,304.10681166733633
2022-10-15,23.920833333333334,18.7,29.6,68.625,17.400000000000002,2.155416666666667,6.9,986.5500000000001,0.0,0.0,24,293.1716570062664
2022-10-16,24.166666666666668,18.2,29.9,69.29166666666667,17.791666666666668,1.6937499999999999,4.1,988.8041666666667,0.0,0.0,24,301.00641091934875
2022-10-17,24.254166666666666,18.3,30.3,63.125,16.404166666666665,2.1808333333333336,6.1,988.8833333333333,0.0,0.0,24,265.35422439785
2022-10-18,24.270833333333332,18.3,30.4,60.333333333333336,15.566666666666668,2.05375,5.3,987.2916666666666,0.0,0.0,24,241.5766888095486
2022-10-19,23.770833333333332,18.7,30.1,66.29166666666667,16.783333333333335,2.0420833333333333,5.5,987.1,0.0,0.0,24,199.70262686296803
2022-10-20,23.575,18.6,30.3,64.0,16.0625,1.7554166666666668,5.2,988.6291666666666,1.1,3.8333333333333335,24,173.98144849141636
2022-10-21,24.008333333333336,17.2,29.9,65.04166666666667,16.416666666666668,1.5533333333333335,5.1,990.7666666666668,0.0,0.2916666666666667,24,245.46255908715344
2022-10-22,22.775000000000002,18.1,29.0,67.08333333333333,15.904166666666667,2.387916666666667,7.0,991.7624999999999,0.0,0.0,24,301.97768191310087
2022-10-23,22.025000000000002,16.0,28.5,63.166666666666664,14.112499999999999,1.9070833333333335,5.6,990.7166666666667,0.0,0.0,24,305.0415179758854
2022-10-24,22.254166666666666,16.6,29.4,60.875,13.866666666666667,2.725,7.4,986.3208333333333,0.0,0.0,24,308.58882094369267
2022-10-25,22.104166666666668,16.2,29.2,56.375,12.520833333333334,3.2375000000000003,9.4,984.5458333333332,0.0,0.0,24,293.3015795972352
2022-10-26,23.099999999999998,16.9,29.8,62.25,15.033333333333333,1.78875,4.8,988.0625,0.0,0.0,24,268.63928448994955
2022-10-27,24.02916666666667,16.9,30.0,61.166666666666664,15.4375,1.4445833333333333,5.2,988.3333333333334,0.0,0.0,24,271.74682885405025
2022-10-28,23.224999999999998,17.0,29.9,65.54166666666667,15.924999999999999,1.5912499999999998,3.7,988.2583333333333,0.0,0.0,24,303.47957886821007
2022-10-29,23.429166666666664,17.3,29.3,63.416666666666664,15.216666666666667,1.3345833333333335,4.2,989.2375000000001,0.0,0.0,24,283.636506650171
2022-10-30,22.983333333333334,16.7,29.5,62.583333333333336,14.870833333333332,2.0204166666666667,6.1,989.5416666666666,0.0,0.0,24,281.8185860758831
2022-10-31,23.212500000000002,16.2,29.2,63.208333333333336,15.4,1.5145833333333334,4.7,989.4083333333333,0.0,0.0,24,252.27798427394237
2022-11-01,23.379166666666666,17.3,30.1,67.79166666666667,16.645833333333332,2.01375,5.4,989.5375,0.0,0.16666666666666666,24,177.32409295845457
2022-11-02,23.166666666666668,17.7,29.2,70.125,17.133333333333333,2.49625,7.9,987.8833333333333,0.0,0.0,24,299.16750968298794
2022-11-03,23.479166666666668,18.0,30.4,66.33333333333333,16.195833333333333,2.82875,7.7,987.1916666666666,0.0,17.666666666666668,24,291.076745395623
2022-11-04,24.816666666666666,20.7,30.6,64.875,17.483333333333334,1.2966666666666666,3.9,988.625,0.0,7.75,24,78.05133384503262
2022-11-05,23.933333333333334,19.5,29.9,77.08333333333333,19.341666666666665,2.6141666666666667,7.6,990.4958333333334,0.0,11.708333333333334,24,116.15999684395234
2022-11-06,23.462500000000002,19.0,29.3,77.91666666666667,19.129166666666666,2.0837499999999998,5.6,990.85,0.0,73.125,24,147.7468515589485
2022-11-07,23.366666666666664,18.3,30.4,71.70833333333333,17.295833333333334,1.7358333333333331,8.3,990.025,0.6,46.791666666666664,24,16.080391596303798
2022-11-08,21.84583333333333,17.7,28.6,74.875,16.900000000000002,1.81625,14.1,990.6208333333334,6.8999999999999995,60.541666666666664,24,296.5217192176023
2022-11-09,22.083333333333332,16.4,27.0,70.16666666666667,15.966666666666667,1.0691666666666666,4.0,990.8458333333333,0.1,7.416666666666667,24,302.9744833360185
2022-11-10,21.116666666666667,17.2,25.8,74.20833333333333,16.0125,2.0479166666666666,8.0,991.9041666666667,0.0,10.458333333333334,24,318.85139739041426
2022-11-11,20.120833333333334,15.5,26.2,64.5,12.725,3.2120833333333336,9.4,992.0916666666667,0.0,0.0,24,292.75668054348046
2022-11-12,19.970833333333335,15.4,26.2,58.958333333333336,11.35,3.69125,10.3,991.4625,0.0,0.16666666666666666,24,293.7210097351878
2022-11-13,19.966666666666665,14.8,26.5,62.916666666666664,12.3375,2.97,10.1,990.0375,0.0,25.333333333333332,24,283.9946002987917
2022-11-14,20.929166666666667,15.1,27.5,61.791666666666664,12.866666666666667,2.256666666666667,6.9,990.5958333333333,0.0,26.875,24,116.79107665318463
2022-11-15,20.308333333333334,15.3,26.5,65.95833333333333,13.470833333333333,1.8929166666666666,5.7,990.5124999999999,0.0,11.416666666666666,24,338.1471409632471
2022-11-16,19.425,15.8,25.1,60.291666666666664,10.820833333333333,2.8833333333333333,8.8,989.5916666666667,0.0,1.7083333333333333,24,309.57163510282487
2022-11-17,18.091666666666665,13.4,24.3,60.5,9.862499999999999,3.4829166666666667,11.0,989.4666666666667,0.0,0.0,24,291.3333919591265
2022-11-18,17.337500000000002,12.2,24.2,57.458333333333336,8.216666666666667,2.6733333333333333,7.6,990.5791666666668,0.0,5.208333333333333,24,300.64485236356694
2022-11-19,17.704166666666666,11.6,24.1,58.541666666666664,9.079166666666667,2.0520833333333335,6.2,991.2166666666667,0.0,35.958333333333336,24,315.4514441073536
2022-11-20,17.483333333333334,11.6,25.0,62.333333333333336,9.825000000000001,2.560416666666667,7.6,989.6333333333333,0.0,36.208333333333336,24,299.7689355434409
2022-11-21,18.0625,12.4,25.4,58.458333333333336,9.258333333333333,3.2783333333333338,8.5,988.7791666666667,0.0,0.0,24,294.29011810128173
2022-11-22,17.908333333333335,12.6,25.0,55.25,8.375,3.0083333333333333,8.2,988.8041666666667,0.0,0.0,24,288.92172737268305
2022-11-23,17.620833333333334,11.7,24.9,50.541666666666664,6.6000000000000005,3.3654166666666665,9.6,989.1041666666666,0.0,0.0,24,284.4137645963108
2022-11-24,17.258333333333333,12.1,24.9,54.0,7.445833333333333,3.1016666666666666,7.9,989.0208333333334,0.0,0.20833333333333334,24,279.6264738298389
2022-11-25,17.354166666666668,11.1,24.7,57.041666666666664,8.245833333333334,2.1191666666666666,5.6,991.2208333333333,0.0,1.0833333333333333,24,305.49891426959664
2022-11-26,17.2625,11.6,24.8,56.791666666666664,8.233333333333333,2.9125,8.2,988.2083333333334,0.0,11.0,24,290.53235731695827
2022-11-27,16.879166666666666,11.1,24.6,65.25,9.825000000000001,2.1141666666666667,6.0,986.3791666666666,0.0,15.375,24,282.82088284780207
2022-11-28,17.420833333333334,10.0,24.3,63.291666666666664,9.641666666666667,1.4554166666666666,4.3,988.0041666666666,0.0,0.0,24,289.29680810838755
2022-11-29,16.795833333333334,10.3,24.0,67.91666666666667,10.354166666666666,1.9675,5.1,989.9666666666667,0.0,36.125,24,279.0865593480984
2022-11-30,16.816666666666666,11.5,23.8,71.125,11.137500000000001,1.9870833333333333,6.1,991.0875,0.0,19.25,24,284.17558190955276
2022-12-01,16.483333333333334,11.1,23.5,73.91666666666667,11.383333333333333,2.2537499999999997,6.8,989.9583333333334,0.0,2.3333333333333335,24,277.57352130525896
2022-12-02,16.754166666666666,11.0,23.4,73.625,11.616666666666667,1.5183333333333333,4.0,988.9791666666666,0.0,44.083333333333336,24,264.0698629438322
2022-12-03,17.075,11.0,23.7,72.70833333333333,11.654166666666667,1.36,3.6,989.6999999999999,0.0,5.541666666666667,24,254.7790752188409
2022-12-04,16.508333333333333,11.3,23.5,73.95833333333333,11.262500000000001,2.3029166666666665,7.0,990.3208333333333,0.0,0.0,24,279.0177080347906
2022-12-05,15.545833333333334,10.4,22.3,73.66666666666667,10.387500000000001,1.8812499999999999,4.8,991.9958333333334,0.0,0.0,24,282.5730591017841
2022-12-06,16.041666666666668,11.0,22.6,68.625,9.829166666666667,3.6991666666666667,9.1,990.9250000000001,0.0,0.0,24,286.5248962819942
2022-12-07,16.366666666666667,11.3,23.0,68.25,10.012500000000001,4.306666666666667,10.9,990.0,0.0,0.0,24,285.8753278154454
2022-12-08,15.975,10.9,22.8,73.125,10.691666666666668,3.1275,8.3,990.5500000000001,0.0,0.0,24,298.21982081409476
2022-12-09,16.316666666666666,10.7,23.5,75.79166666666667,11.658333333333333,2.2154166666666666,7.2,989.4625,0.0,0.0,24,284.97234206062205
2022-12-10,16.941666666666666,10.5,25.0,71.16666666666667,11.1875,2.4129166666666664,6.4,989.6999999999999,0.0,0.0,24,307.47246167151445
2022-12-11,17.3125,11.5,25.2,68.91666666666667,11.166666666666666,2.7295833333333337,6.3,990.1750000000001,0.0,0.0,24,300.6032902604329
2022-12-12,16.900000000000002,11.5,24.6,61.5,9.0,3.1041666666666665,7.2,989.5083333333333,0.0,0.0,24,297.5549020140593
2022-12-13,16.829166666666666,11.3,24.4,52.791666666666664,6.783333333333334,4.221666666666667,10.3,990.8125,0.0,0.0,24,297.0558845261523
2022-12-14,15.679166666666667,11.2,22.1,54.833333333333336,6.229166666666667,4.0808333333333335,10.0,990.725,0.0,0.0,24,291.8766798845059
2022-12-15,14.637500000000001,9.0,21.6,56.458333333333336,5.716666666666666,3.5362500000000003,9.2,989.6374999999999,0.0,0.0,24,282.5049890095795
2022-12-16,14.0375,8.6,21.2,65.66666666666667,7.383333333333333,2.8425,6.8,988.6041666666666,0.0,0.0,24,268.7144744078584
2022-12-17,14.0875,8.3,21.7,69.33333333333333,8.195833333333333,2.22375,5.9,990.1999999999999,0.0,0.0,24,267.61131985545296
2022-12-18,14.304166666666667,8.3,21.5,75.875,9.799999999999999,1.95125,5.0,990.6374999999999,0.0,0.0,24,291.43180212362813
2022-12-19,14.174999999999999,8.9,21.4,79.375,10.325000000000001,2.1816666666666666,5.6,989.2958333333332,0.0,72.33333333333333,24,296.7781028408463
2022-12-20,13.637500000000001,8.6,20.8,76.83333333333333,9.320833333333333,2.1954166666666666,5.9,988.5583333333334,0.0,33.333333333333336,24,289.5111240100357
2022-12-21,13.070833333333333,7.6,20.5,78.79166666666667,9.116666666666667,2.2687500000000003,5.9,989.9416666666666,0.0,0.4583333333333333,24,333.3534826143007
2022-12-22,12.9625,8.5,20.3,79.33333333333333,9.033333333333333,2.249166666666667,6.1,989.6208333333334,0.0,2.0,24,326.1663614782255
2022-12-23,12.262500000000001,7.7,18.9,81.58333333333333,8.816666666666666,1.9962499999999999,5.0,989.0791666666668,0.0,46.0,24,351.36089113960395
2022-12-24,12.475,8.5,18.9,74.70833333333333,7.608333333333333,3.03375,7.9,990.65,0.0,9.75,24,312.96549785814693
2022-12-25,10.958333333333334,6.5,17.1,81.125,7.5,3.1479166666666667,7.9,991.4208333333332,0.0,12.0,24,293.1744720139112
2022-12-26,11.125,6.3,18.4,83.54166666666667,8.166666666666666,2.3891666666666667,6.2,993.1,0.0,1.2916666666666667,24,303.47576711096144
2022-12-27,11.908333333333333,7.1,18.8,78.875,8.049999999999999,3.7783333333333338,9.4,992.6374999999999,0.0,26.708333333333332,24,290.97510710942356
2022-12-28,13.104166666666666,7.8,19.6,72.125,7.829166666666667,4.426666666666667,10.3,992.2291666666666,0.0,10.458333333333334,24,282.36641390978656
2022-12-29,14.129166666666668,9.4,20.2,73.95833333333333,9.266666666666667,2.3312500000000003,5.9,993.0291666666667,0.0,34.166666666666664,24,283.5403627367318
2022-12-30,14.920833333333334,11.1,20.7,74.45833333333333,10.270833333333334,2.357083333333333,7.1,993.6416666666668,0.0,24.958333333333332,24,132.44554838175418
2022-12-31,13.095833333333333,9.6,19.0,81.45833333333333,9.725,3.49375,9.5,994.0625,0.0,3.5833333333333335,24,289.1761041375583
2023-01-01,12.479166666666666,7.9,18.3,78.54166666666667,8.591666666666667,1.6583333333333332,4.9,994.9541666666668,0.0,27.375,24,275.43962216408966
2023-01-02,12.270833333333334,6.3,18.2,77.70833333333333,8.1875,1.3783333333333332,4.4,995.8041666666667,0.0,0.16666666666666666,24,316.90040421377734
2023-01-03,10.6625,6.0,16.6,85.375,8.049999999999999,1.8345833333333335,6.0,996.7291666666666,0.0,30.041666666666668,24,316.1526168211064
2023-01-04,9.695833333333333,5.4,16.5,87.54166666666667,7.491666666666667,2.3504166666666664,6.3,997.0875,0.0,16.666666666666668,24,313.95747339955955
2023-01-05,8.916666666666666,5.4,15.4,89.20833333333333,7.0375000000000005,2.25375,5.9,997.9833333333332,0.0,40.5,24,301.966999283684
2023-01-06,8.325000000000001,4.8,14.1,87.45833333333333,6.204166666666667,1.8629166666666668,5.2,998.6,0.0,65.45833333333333,24,309.74661401905655
2023-01-07,8.25,3.8,15.3,87.41666666666667,6.070833333333333,2.5208333333333335,6.9,996.6125000000001,0.0,42.375,24,297.2937230677687
2023-01-08,10.120833333333334,5.7,17.1,87.70833333333333,7.9875,2.6933333333333334,7.6,993.9208333333332,0.0,23.791666666666668,24,296.49032933450366
2023-01-09,11.083333333333334,5.7,17.4,88.45833333333333,9.091666666666667,1.4904166666666665,5.1,994.6625,0.0,87.66666666666667,24,298.5670599046672
2023-01-10,11.554166666666667,7.5,18.4,89.25,9.691666666666666,2.482083333333333,7.8,993.6916666666666,0.0,50.958333333333336,24,293.0932128376017
2023-01-11,12.179166666666667,7.6,19.7,85.95833333333333,9.6125,2.0416666666666665,6.1,989.5291666666667,0.0,55.291666666666664,24,339.4850364535248
2023-01-12,14.470833333333333,9.8,20.1,80.875,11.075000000000001,3.5475,8.6,987.4583333333334,0.1,39.291666666666664,24,123.29643715285619
2023-01-13,13.950000000000001,10.6,18.6,87.16666666666667,11.754166666666668,2.6554166666666665,9.2,988.2166666666667,18.2,34.166666666666664,24,90.87747054906959
2023-01-14,12.120833333333332,8.0,17.0,75.66666666666667,7.491666666666667,3.715,9.3,991.4,0.0,29.791666666666668,24,298.0974563334305
2023-01-15,9.416666666666666,5.5,15.3,65.58333333333333,2.775,3.5108333333333337,8.9,990.3458333333333,0.0,4.125,24,292.9919058053768
2023-01-16,9.033333333333333,3.7,15.5,63.5,2.1875,2.6054166666666667,7.6,991.375,0.0,0.75,24,302.21460573706435
2023-01-17,9.0,3.6,16.4,64.16666666666667,2.029166666666667,2.8216666666666668,7.8,991.8916666666668,0.0,0.0,24,295.7425017141918
2023-01-18,9.2125,3.2,16.6,65.08333333333333,2.4458333333333333,2.3858333333333337,6.3,993.5791666666668,0.0,4.833333333333333,24,293.34882398156714
2023-01-19,12.225,6.4,18.4,63.75,5.2250000000000005,2.0033333333333334,7.1,993.7791666666667,0.3,62.166666666666664,24,328.8192400507309
2023-01-20,14.0625,9.7,19.7,70.08333333333333,8.295833333333333,2.90875,7.5,992.1125000000001,0.0,37.458333333333336,24,355.11331774508466
2023-01-21,13.266666666666666,7.0,20.5,79.16666666666667,9.291666666666666,1.5404166666666665,3.6,991.525,0.0,0.0,24,324.2331968447272
2023-01-22,14.15,8.1,21.7,71.29166666666667,8.316666666666666,2.347916666666667,6.2,990.6291666666666,0.0,20.541666666666668,24,13.364946795448759
2023-01-23,15.504166666666668,8.4,22.8,63.833333333333336,8.029166666666667,1.8087499999999999,5.2,990.1708333333332,0.0,23.125,24,32.26587242575664
2023-01-24,16.908333333333335,13.1,21.2,81.79166666666667,13.629166666666668,3.3245833333333334,12.1,989.0791666666668,11.3,69.70833333333333,24,135.47906996678262
2023-01-25,16.466666666666665,11.9,21.1,83.45833333333333,13.458333333333334,1.6883333333333332,6.0,990.5916666666667,1.0,49.875,24,312.4547103904614
2023-01-26,14.354166666666666,9.9,19.0,76.83333333333333,10.104166666666666,3.532083333333333,8.8,993.0333333333333,0.0,21.875,24,308.6922954807095
2023-01-27,12.141666666666666,7.5,18.6,68.20833333333333,6.0625,4.062916666666667,9.5,992.9375,0.0,0.0,24,296.39494147425984
2023-01-28,12.558333333333332,6.5,20.7,68.45833333333333,6.591666666666666,3.1945833333333336,7.7,989.8874999999999,0.0,3.5,24,285.8165084243762
2023-01-29,12.845833333333333,8.3,16.4,84.29166666666667,10.1875,2.57625,7.8,989.1958333333333,4.2,95.91666666666667,24,116.89769903868665
2023-01-30,13.191666666666668,10.4,16.2,87.04166666666667,11.0375,2.3629166666666666,10.3,992.5333333333333,10.2,72.125,24,102.60347325126605
2023-01-31,14.120833333333332,9.7,20.5,83.58333333333333,11.070833333333333,4.008333333333334,10.7,993.5416666666666,0.0,32.666666666666664,24,297.27619136151293
2023-02-01,13.741666666666667,9.4,19.9,75.33333333333333,9.083333333333334,4.539166666666667,10.2,992.4625,0.0,0.0,24,290.64491516984526
2023-02-02,14.745833333333332,9.4,21.5,64.91666666666667,7.966666666666666,4.3845833333333335,10.1,991.1291666666666,0.0,0.0,24,293.16927352892634
2023-02-03,15.008333333333333,9.6,22.4,68.75,8.966666666666667,3.3125,8.2,991.0333333333333,0.0,0.08333333333333333,24,285.8085600222433
2023-02-04,15.9125,10.3,22.7,65.95833333333333,9.308333333333334,3.7449999999999997,9.8,988.6541666666667,0.0,0.0,24,282.35675466237615
2023-02-05,16.995833333333334,11.0,23.3,63.416666666666664,9.487499999999999,2.689583333333333,8.0,987.5416666666666,0.0,0.0,24,277.60256294578164
2023-02-06,17.595833333333335,10.4,25.1,70.25,11.879166666666668,2.1558333333333333,6.7,986.6958333333333,0.0,7.875,24,157.63327639520855
2023-02-07,17.087500000000002,13.1,23.4,69.83333333333333,10.975,3.5254166666666666,9.4,986.5749999999999,0.0,0.4166666666666667,24,292.5114282165413
2023-02-08,15.679166666666667,10.2,22.6,55.5,6.504166666666666,3.105,8.8,988.7833333333333,0.0,15.041666666666666,24,289.93876925509556
2023-02-09,17.370833333333334,10.0,25.8,62.541666666666664,9.654166666666667,2.7445833333333334,7.2,987.2875,0.0,16.708333333333332,24,205.42128963336097
2023-02-10,18.595833333333335,12.9,25.5,71.5,12.970833333333333,2.6816666666666666,7.2,986.3458333333333,0.0,19.583333333333332,24,141.67328532535208
2023-02-11,18.8875,13.3,25.9,62.666666666666664,10.5,2.46125,8.6,988.5208333333334,0.0,1.5833333333333333,24,308.9497369152651
2023-02-12,15.791666666666666,10.6,21.9,47.25,3.25,4.196666666666666,11.9,992.5041666666666,0.0,0.0,24,306.41065798638317
2023-02-13,15.016666666666666,9.8,21.0,35.125,-0.5291666666666667,6.142083333333333,14.1,990.7958333333332,0.0,0.16666666666666666,24,292.31828396734556
2023-02-14,16.795833333333334,11.0,23.5,43.958333333333336,4.2124999999999995,4.020833333333333,9.4,990.6041666666666,0.0,5.083333333333333,24,298.0450456030173
2023-02-15,18.329166666666666,12.8,25.7,54.583333333333336,8.741666666666667,4.1625000000000005,11.0,988.0583333333334,0.0,0.08333333333333333,24,291.1532289390463
2023-02-16,18.304166666666667,11.5,26.2,70.54166666666667,12.433333333333335,2.1591666666666667,5.3,989.6291666666666,0.0,27.875,24,310.755861597531
2023-02-17,19.604166666666668,13.3,26.7,76.54166666666667,14.950000000000001,1.6275000000000002,4.0,990.9416666666666,0.0,51.458333333333336,24,351.97631321037363
2023-02-18,19.0625,12.5,26.4,77.66666666666667,14.512500000000001,2.0366666666666666,5.0,990.1958333333333,0.0,12.458333333333334,24,298.3790934299635
2023-02-19,21.004166666666666,14.8,27.9,70.29166666666667,14.808333333333332,1.5570833333333332,4.4,989.1708333333332,0.0,41.416666666666664,24,29.13465238251058
2023-02-20,22.366666666666664,15.3,30.7,64.95833333333333,14.466666666666667,2.0145833333333334,5.6,986.4916666666667,0.0,65.625,24,149.82446637622292
2023-02-21,21.954166666666666,15.1,29.1,57.708333333333336,12.725,2.5775,7.6,985.8083333333334,0.0,23.041666666666668,24,264.5423254362502
2023-02-22,20.545833333333334,13.5,28.4,62.583333333333336,11.924999999999999,2.237083333333333,7.6,987.6583333333333,0.0,43.958333333333336,24,323.8224789198577
2023-02-23,19.9875,14.0,27.4,53.041666666666664,9.279166666666667,3.3754166666666667,10.1,987.9458333333333,0.0,0.3333333333333333,24,293.779849836355
2023-02-24,19.833333333333332,13.0,27.9,51.083333333333336,8.608333333333333,2.950416666666667,8.2,989.6750000000001,0.0,62.291666666666664,24,286.56573959948344
2023-02-25,20.991666666666667,13.4,28.4,53.75,10.591666666666667,2.04625,5.9,991.3708333333334,0.0,2.4166666666666665,24,292.35344468535715
2023-02-26,22.370833333333334,14.4,29.5,50.708333333333336,10.779166666666667,2.0325,6.3,992.9875000000001,0.0,4.291666666666667,24,285.18232248078465
2023-02-27,22.258333333333336,15.6,29.8,52.666666666666664,11.066666666666668,2.4533333333333336,8.3,992.5958333333333,0.0,26.583333333333332,24,323.2301284262646
2023-02-28,21.670833333333334,14.3,29.3,49.541666666666664,9.816666666666666,2.2116666666666664,7.3,992.5916666666667,0.0,32.208333333333336,24,343.30548815967427
2023-03-01,21.866666666666664,15.7,29.7,49.458333333333336,10.1625,2.809583333333333,7.9,993.8041666666667,0.0,37.666666666666664,24,18.62686198385063
2023-03-02,22.083333333333332,15.2,30.0,54.916666666666664,11.783333333333333,2.7329166666666667,8.0,993.7833333333333,0.0,8.916666666666666,24,312.1402506858951
2023-03-03,22.666666666666668,16.8,30.6,55.833333333333336,12.75,3.1558333333333333,12.0,994.1833333333334,0.0,11.083333333333334,24,297.5547353329672
2023-03-04,22.441666666666666,17.5,29.8,54.291666666666664,12.104166666666666,3.202083333333333,9.8,994.3916666666668,0.0,36.458333333333336,24,312.31222006863817
2023-03-05,22.3875,16.3,29.6,53.208333333333336,11.299999999999999,3.482083333333333,11.0,993.3249999999999,0.0,6.375,24,303.3612982642037
2023-03-06,21.691666666666666,15.9,28.7,49.75,9.995833333333334,3.1525,9.7,991.1125000000001,0.0,13.708333333333334,24,301.8976969757782
2023-03-07,21.808333333333334,15.8,28.7,48.291666666666664,9.4375,2.4145833333333333,7.9,990.7958333333332,0.0,54.291666666666664,24,277.95751071718536
2023-03-08,21.316666666666666,14.8,28.2,53.875,10.958333333333334,2.299583333333333,8.1,991.8041666666667,0.2,51.791666666666664,24,278.1008127682031
2023-03-09,21.025000000000002,15.9,27.5,61.916666666666664,12.741666666666667,2.4675,7.4,991.8541666666666,0.5,13.041666666666666,24,254.91660929314403
2023-03-10,22.370833333333334,15.5,29.2,57.875,12.683333333333332,2.5749999999999997,8.6,990.9833333333332,0.0,0.375,24,283.47506399098444
2023-03-11,23.208333333333332,16.2,30.0,51.416666666666664,11.645833333333334,2.2566666666666664,7.7,990.6374999999999,0.0,2.7083333333333335,24,286.0184009689957
2023-03-12,24.333333333333332,17.1,31.9,49.083333333333336,12.016666666666666,2.143333333333333,6.5,989.9125,0.0,19.875,24,306.87067420120104
2023-03-13,24.316666666666666,17.5,32.1,49.375,12.120833333333332,2.3229166666666665,8.5,988.6208333333334,0.0,58.791666666666664,24,316.4455503389067
2023-03-14,24.270833333333332,17.2,31.6,48.5,11.604166666666666,2.7883333333333336,11.7,985.8333333333334,0.0,7.25,24,293.37565968184526
2023-03-15,24.804166666666664,17.2,32.3,43.416666666666664,10.512500000000001,1.9654166666666668,10.6,984.8874999999999,0.0,53.333333333333336,24,326.3717631805191
2023-03-16,24.554166666666664,19.0,31.9,42.5,10.429166666666667,2.887916666666667,11.5,985.6374999999999,0.1,95.58333333333333,24,171.26215390234472
2023-03-17,22.8875,19.5,28.5,54.916666666666664,13.15,1.7933333333333332,9.0,987.2666666666668,1.7000000000000002,76.875,24,118.18868257087007
2023-03-18,20.4375,16.7,26.8,74.70833333333333,15.270833333333334,2.235,12.7,986.4166666666666,0.3,53.875,24,61.93844854067413
2023-03-19,19.8625,15.2,25.2,82.5,16.529166666666665,1.8458333333333332,6.4,984.4916666666667,0.7000000000000001,83.04166666666667,24,112.57270776134283
2023-03-20,18.729166666666668,16.1,23.7,86.91666666666667,16.325,2.004583333333333,9.3,983.3791666666666,24.299999999999997,99.83333333333333,24,82.86528897171092
2023-03-21,18.3,14.6,23.1,83.54166666666667,15.1875,1.9749999999999999,7.8,984.4125,3.1999999999999997,40.291666666666664,24,56.028296757850626
2023-03-22,19.554166666666667,14.0,26.3,74.58333333333333,14.262500000000001,1.6433333333333333,6.1,985.8249999999999,0.0,41.791666666666664,24,280.76463619461356
2023-03-23,21.479166666666668,15.5,28.0,64.79166666666667,13.679166666666667,2.5245833333333336,8.4,984.6083333333332,0.0,30.291666666666668,24,294.2592300992057
2023-03-24,21.599999999999998,17.3,27.5,68.41666666666667,15.25,2.513333333333333,12.9,984.5500000000001,15.8,62.583333333333336,24,125.21512956372408
2023-03-25,21.195833333333333,17.4,26.3,77.875,16.833333333333332,2.660416666666667,9.2,987.0541666666667,1.1,23.708333333333332,24,91.59099624562703
2023-03-26,21.77916666666667,16.5,27.6,61.583333333333336,13.166666666666666,2.704166666666667,7.5,986.6833333333334,0.0,4.75,24,340.20954358375127
2023-03-27,20.8125,15.5,26.8,61.583333333333336,12.6875,2.9491666666666667,9.7,985.9583333333334,0.0,0.2916666666666667,24,294.3099565144663
2023-03-28,21.787499999999998,15.2,28.2,60.833333333333336,13.254166666666668,2.6566666666666667,9.8,985.5916666666667,0.0,40.291666666666664,24,309.5018661455752
2023-03-29,23.329166666666666,16.7,30.8,54.958333333333336,13.079166666666666,2.247916666666667,7.0,986.0749999999999,0.2,45.583333333333336,24,76.472417453785
2023-03-30,21.787499999999998,17.5,30.8,69.91666666666667,15.375,2.660833333333333,13.2,984.5416666666666,5.7,50.083333333333336,24,347.78203833967194
2023-03-31,19.608333333333334,17.0,24.2,82.58333333333333,16.341666666666665,1.6141666666666667,8.4,984.1666666666666,9.4,82.16666666666667,24,109.35700034920046
2023-04-01,20.120833333333334,15.1,25.7,79.375,15.987499999999999,1.5062499999999999,6.6,984.9083333333333,0.9,26.125,24,60.921282703705174
2023-04-02,22.233333333333334,15.9,28.3,69.29166666666667,15.6625,2.3583333333333334,9.4,983.9041666666667,0.0,27.125,24,307.86688568521305
2023-04-03,23.304166666666664,16.4,31.3,60.666666666666664,14.429166666666667,2.27,8.0,982.475,0.0,8.625,24,22.16446000620033
2023-04-04,22.258333333333336,17.2,28.0,60.916666666666664,13.950000000000001,2.73,8.4,984.6791666666667,0.2,13.208333333333334,24,327.9325839562118
2023-04-05,22.97083333333333,16.3,30.2,50.333333333333336,10.554166666666667,2.84625,8.6,985.3916666666668,0.0,0.08333333333333333,24,311.2796180024277
2023-04-06,23.90833333333333,16.7,31.3,40.541666666666664,8.7875,3.3220833333333335,9.1,987.3958333333334,0.0,7.25,24,322.3224685684599
2023-04-07,24.3,17.4,31.3,37.041666666666664,7.229166666666667,3.3045833333333334,8.9,989.1750000000001,0.0,0.0,24,306.2343824135604
2023-04-08,24.400000000000002,17.1,31.8,33.541666666666664,6.233333333333333,3.0191666666666666,9.2,989.8041666666667,0.0,0.0,24,287.5184597112361
2023-04-09,26.1875,18.0,33.1,29.625,5.620833333333334,2.62625,9.6,989.6833333333334,0.0,0.0,24,305.2973756717356
2023-04-10,26.458333333333332,19.7,33.3,28.708333333333332,6.104166666666667,2.41875,9.1,987.9250000000001,0.0,18.375,24,299.2779884336784
2023-04-11,27.683333333333334,19.4,35.9,27.625,6.141666666666667,3.7245833333333334,12.8,987.1875,0.0,26.916666666666668,24,297.00333209678143
2023-04-12,29.45,23.1,36.4,26.791666666666668,7.754166666666666,4.4279166666666665,13.2,986.8208333333333,0.0,44.166666666666664,24,283.3022927428524
2023-04-13,29.5,22.2,37.2,27.583333333333332,7.366666666666667,3.365,10.6,985.1333333333333,0.0,37.333333333333336,24,289.19477956129646
2023-04-14,29.5625,21.8,37.3,27.083333333333332,7.4375,2.7679166666666664,9.7,984.2875,0.0,49.583333333333336,24,287.15630878134016
2023-04-15,30.974999999999998,22.0,39.1,23.083333333333332,5.679166666666667,2.2920833333333333,8.6,983.6791666666667,0.0,1.2916666666666667,24,260.4746756660316
2023-04-16,31.291666666666668,22.7,39.2,24.916666666666668,7.966666666666666,2.84375,10.3,982.8625000000001,0.0,18.541666666666668,24,260.91306744776614
2023-04-17,32.550000000000004,24.4,39.1,24.708333333333332,8.4375,2.615416666666667,8.8,982.6666666666666,0.0,5.708333333333333,24,287.622240907839
2023-04-18,32.608333333333334,25.5,39.1,23.375,8.220833333333333,3.5883333333333334,11.9,983.8000000000001,0.0,18.583333333333332,24,275.4509898642699
2023-04-19,29.787499999999998,25.1,37.3,35.541666666666664,12.0375,3.046666666666667,13.0,981.7875,0.0,62.708333333333336,24,325.13890504681063
2023-04-20,28.099999999999998,23.3,34.7,44.208333333333336,13.987499999999999,2.3095833333333333,9.0,978.7458333333334,0.0,81.875,24,250.80599828553414
2023-04-21,28.837500000000002,22.4,35.2,34.25,9.566666666666666,2.8329166666666663,9.0,979.7125,0.0,25.041666666666668,24,59.866680356199254
2023-04-22,28.620833333333334,20.8,35.1,25.916666666666668,5.320833333333334,2.703333333333333,9.8,980.6125000000001,0.0,10.916666666666666,24,16.94660745730829
2023-04-23,26.95,20.9,33.9,27.0,5.320833333333334,3.267916666666667,10.7,982.275,0.0,64.625,24,20.10479179236637
2023-04-24,26.087500000000002,20.0,31.9,34.708333333333336,8.595833333333333,2.86375,9.3,985.875,0.0,47.041666666666664,24,115.54327277090965
2023-04-25,27.087500000000002,20.6,33.2,36.583333333333336,10.004166666666666,2.9608333333333334,9.5,987.1041666666666,0.0,20.25,24,108.94404433001193
2023-04-26,28.954166666666666,22.1,35.6,32.291666666666664,9.466666666666667,2.27,7.0,983.8791666666666,0.0,57.875,24,119.51181656631957
2023-04-27,29.099999999999998,23.6,35.8,30.458333333333332,9.258333333333333,2.671666666666667,14.8,983.6666666666666,0.0,79.125,24,149.26283956088412
2023-04-28,27.958333333333332,22.4,33.5,36.041666666666664,10.9625,1.7641666666666669,6.4,984.4708333333333,0.0,85.58333333333333,24,157.22132586241787
2023-04-29,26.479166666666668,21.8,33.3,48.583333333333336,14.341666666666667,2.169583333333333,9.5,983.5458333333332,0.6,84.20833333333333,24,279.29533684758235
2023-04-30,24.625,21.2,30.4,61.25,16.045833333333334,2.0570833333333334,10.9,982.7833333333333,1.4,88.04166666666667,24,23.223066962310554
2023-05-01,22.125,19.8,27.8,80.33333333333333,18.266666666666666,2.2912500000000002,7.9,982.9791666666666,5.4,95.625,24,82.64024006052858
2023-05-02,22.541666666666668,19.3,28.0,80.91666666666667,18.833333333333332,2.945,9.8,984.5291666666667,5.3999999999999995,87.04166666666667,24,97.98937526510645
2023-05-03,22.46666666666667,19.9,28.2,80.66666666666667,18.666666666666668,1.9375,8.5,985.7708333333334,6.8,60.583333333333336,24,81.95559330702207
2023-05-04,24.245833333333334,18.7,29.7,73.125,18.5,1.3354166666666665,5.2,985.2333333333332,0.0,21.375,24,79.44398498727332
2023-05-05,25.95,20.6,30.8,59.0,16.604166666666668,2.214583333333333,16.2,983.6416666666668,5.3999999999999995,21.5,24,250.12372823303724
2023-05-06,27.40833333333333,20.7,35.4,47.875,14.520833333333334,2.3895833333333334,11.5,981.7624999999999,0.0,12.333333333333334,24,287.9753322715127
2023-05-07,28.96666666666667,22.0,36.1,38.958333333333336,12.8125,2.86875,9.1,980.725,0.0,14.625,24,191.64444987308835
2023-05-08,29.22083333333333,21.9,36.6,40.208333333333336,13.216666666666667,3.5175,10.9,980.1791666666667,0.0,17.333333333333332,24,124.66490825485505
2023-05-09,29.53333333333333,21.4,37.1,33.708333333333336,8.737499999999999,3.285,11.3,982.5625,0.0,0.0,24,329.5999511018272
2023-05-10,29.71666666666667,21.9,36.5,22.25,4.120833333333334,3.858333333333333,12.1,982.1791666666667,0.0,0.0,24,298.48582531194137
2023-05-11,31.02916666666667,22.1,38.9,21.583333333333332,5.0249999999999995,2.3220833333333335,8.6,982.6875,0.0,0.5,24,280.5587027377951
2023-05-12,33.300000000000004,23.1,41.7,22.25,7.145833333333333,2.814583333333333,9.2,981.3916666666668,0.0,11.083333333333334,24,251.94647539590432
2023-05-13,33.291666666666664,25.1,41.5,24.916666666666668,9.183333333333334,2.8225,14.6,980.5958333333333,0.0,11.375,24,104.17878260039515
2023-05-14,32.512499999999996,26.5,40.5,28.5,11.054166666666667,3.2183333333333333,16.5,978.0625,0.0,24.25,24,25.422834163403365
2023-05-15,33.44166666666667,25.2,40.5,24.541666666666668,9.320833333333333,2.4220833333333336,9.0,977.4333333333334,0.0,4.25,24,289.4818075702628
2023-05-16,32.42916666666667,26.8,38.6,27.708333333333332,11.15,3.8520833333333333,15.3,979.5333333333333,0.0,47.5,24,272.5616911907125
2023-05-17,33.18333333333333,26.0,40.9,25.75,10.0,3.8083333333333336,10.8,980.85,0.0,29.833333333333332,24,254.87658019442014
2023-05-18,31.02916666666667,23.9,38.0,37.791666666666664,14.258333333333333,3.4275,11.3,984.3291666666668,0.0,26.125,24,321.2231350080265
2023-05-19,31.65833333333333,25.9,37.9,34.958333333333336,13.354166666666666,3.9774999999999996,11.4,981.9958333333334,0.0,0.25,24,296.1106529813651
2023-05-20,32.84166666666666,24.8,40.0,28.25,10.770833333333334,3.50375,12.8,979.8916666666668,0.0,0.875,24,285.7508683942303
2023-05-21,34.7875,25.4,42.4,21.833333333333332,8.4125,2.8533333333333335,13.0,980.025,0.0,19.416666666666668,24,291.91368567497796
2023-05-22,36.079166666666666,29.8,42.1,20.5,9.670833333333333,5.095833333333333,15.8,980.6666666666666,0.0,47.916666666666664,24,275.41418436155016
2023-05-23,35.295833333333334,30.0,43.6,27.5,12.883333333333333,5.194166666666667,14.1,980.8041666666667,1.0,65.25,24,273.0467962570579
2023-05-24,30.870833333333334,26.3,37.7,46.5,17.279166666666665,2.8362499999999997,11.6,980.8416666666667,0.2,90.5,24,252.16884903348011
2023-05-25,28.179166666666664,23.4,33.9,58.333333333333336,18.766666666666666,2.18375,12.3,980.8291666666668,0.2,46.875,24,266.1666417214894
2023-05-26,28.5125,22.7,34.5,54.625,17.654166666666665,1.4254166666666668,5.3,981.5625,0.0,31.75,24,123.62471554679371
2023-05-27,27.162499999999998,21.0,33.8,63.666666666666664,18.829166666666666,3.612083333333333,17.3,981.4083333333333,19.2,51.333333333333336,24,89.3972266142917
2023-05-28,27.462500000000002,24.0,33.8,65.66666666666667,20.129166666666666,2.0124999999999997,17.1,982.0666666666666,0.3,61.458333333333336,24,122.06516012964448
2023-05-29,27.09583333333333,22.5,34.1,70.5,20.8875,2.1445833333333333,10.7,983.8375,1.2,72.75,24,85.67730797016355
2023-05-30,27.3,22.7,34.1,65.375,19.645833333333332,2.220833333333333,8.8,983.8166666666666,0.1,33.333333333333336,24,345.66465418817774
2023-05-31,24.933333333333334,21.6,30.9,73.79166666666667,19.533333333333335,2.874166666666667,11.7,982.7958333333332,2.9000000000000004,32.125,24,271.87787840658575
2023-06-01,26.40416666666667,19.9,33.6,65.45833333333333,18.470833333333335,2.1025,9.6,982.2541666666666,0.4,28.0,24,327.00013327368623
2023-06-02,27.483333333333334,22.0,33.0,56.791666666666664,17.491666666666667,2.6654166666666668,11.3,981.6,1.3,26.416666666666668,24,326.6982355642883
2023-06-03,29.245833333333334,22.7,34.9,51.583333333333336,17.608333333333334,2.15375,7.7,981.5124999999999,0.0,23.5,24,318.0969450143811
2023-06-04,29.287499999999998,23.9,36.2,57.625,19.395833333333332,2.8016666666666663,8.2,981.2125,1.6,40.208333333333336,24,283.40834012106393
2023-06-05,30.420833333333334,25.1,37.1,51.666666666666664,18.125,3.62625,14.5,979.8708333333334,0.1,16.708333333333332,24,290.85534024283936
2023-06-06,31.412499999999998,24.1,38.8,42.75,15.979166666666666,2.4670833333333335,10.6,979.5208333333334,0.0,13.583333333333334,24,291.8955245847309
2023-06-07,32.09583333333333,25.0,38.4,37.041666666666664,14.4125,3.0708333333333333,11.3,979.4708333333333,0.0,3.4166666666666665,24,300.5834459892266
2023-06-08,32.7375,25.1,39.3,34.958333333333336,14.270833333333334,3.0741666666666667,11.6,978.8666666666667,0.0,7.0,24,316.58147318146945
2023-06-09,34.204166666666666,26.0,40.8,34.416666666666664,15.620833333333332,4.113333333333333,11.6,975.9083333333333,0.0,10.5,24,276.31643052931344
2023-06-10,34.420833333333334,26.5,40.4,38.541666666666664,17.579166666666666,3.7604166666666665,11.9,974.8958333333334,0.0,15.583333333333334,24,273.4737578177672
2023-06-11,33.829166666666666,28.2,39.2,45.25,19.720833333333335,4.207916666666667,12.2,975.0083333333333,0.0,4.041666666666667,24,286.1590881013545
2023-06-12,34.9,29.0,41.0,44.291666666666664,20.129166666666666,4.5375000000000005,14.5,974.5875,0.0,5.083333333333333,24,289.9938561981258
2023-06-13,36.25833333333333,30.2,41.9,34.833333333333336,17.141666666666666,5.826250000000001,15.9,974.4375,0.0,6.083333333333333,24,284.37473028431793
2023-06-14,35.675000000000004,30.7,40.5,36.083333333333336,18.008333333333333,5.882083333333333,15.6,975.4458333333333,0.0,11.666666666666666,24,284.6124750094967
2023-06-15,33.270833333333336,30.3,37.4,46.958333333333336,20.141666666666666,4.84,16.3,976.7875,0.4,10.375,24,287.97215204487156
2023-06-16,32.25416666666667,27.4,38.7,51.375,20.579166666666666,3.859166666666667,15.2,976.85,1.2,30.458333333333332,24,276.90029872019437
2023-06-17,32.949999999999996,26.3,39.3,53.541666666666664,21.508333333333336,2.9475,11.2,976.6458333333334,0.30000000000000004,61.625,24,243.27500248170827
2023-06-18,32.07083333333333,28.4,38.7,59.875,22.920833333333334,2.509583333333333,10.5,976.5583333333334,4.0,61.916666666666664,24,157.31832477709247
2023-06-19,29.625,27.4,32.3,71.20833333333333,23.708333333333332,2.5091666666666668,7.1,975.3625000000001,6.6000000000000005,87.91666666666667,24,34.57604616765241
2023-06-20,30.625,26.1,36.5,67.04166666666667,23.391666666666666,2.5408333333333335,13.6,975.3000000000001,16.599999999999998,41.375,24,38.03822803973435
2023-06-21,29.3625,25.7,35.6,76.70833333333333,24.6875,2.004166666666667,10.2,976.4125,20.3,64.66666666666667,24,219.22701137042097
2023-06-22,31.40416666666667,27.1,36.1,71.70833333333333,25.516666666666666,2.1525,8.7,976.35,2.7,76.125,24,192.42557827246935
2023-06-23,30.837500000000002,26.1,35.4,76.45833333333333,26.020833333333332,2.3208333333333333,9.5,976.3000000000001,6.1,90.375,24,139.29319796157444
2023-06-24,30.912499999999998,27.7,34.5,74.875,25.770833333333332,2.0420833333333333,11.6,975.5708333333333,10.7,93.95833333333333,24,91.18685062839376
2023-06-25,28.0125,25.8,32.3,86.45833333333333,25.40833333333333,1.76,12.4,976.6999999999999,13.6,99.54166666666667,24,80.86164911867132
2023-06-26,28.037499999999998,25.1,32.8,83.625,24.724999999999998,1.3712499999999999,6.7,977.4333333333334,5.8,92.625,24,88.00621396617623
2023-06-27,28.695833333333336,25.2,33.6,82.04166666666667,25.120833333333334,1.9570833333333333,8.3,976.65,8.1,79.375,24,97.35965538620837
2023-06-28,29.133333333333336,26.0,34.0,80.875,25.333333333333332,2.3229166666666665,9.2,977.8541666666666,12.2,43.125,24,100.31314490165607
2023-06-29,28.55,25.8,32.4,82.58333333333333,25.141666666666666,2.67125,10.3,977.0291666666667,11.700000000000001,69.5,24,79.07244708352562
2023-06-30,28.866666666666664,25.3,33.9,80.875,24.96666666666667,2.3358333333333334,7.5,975.6750000000001,12.7,74.25,24,71.21594627995921
2023-07-01,29.104166666666668,24.6,33.7,77.83333333333333,24.583333333333332,2.8049999999999997,10.8,976.2875,1.9000000000000001,29.041666666666668,24,63.679047790152254
2023-07-02,30.541666666666668,25.9,35.3,73.16666666666667,24.78333333333333,1.9854166666666666,7.0,976.9583333333334,0.9,35.625,24,39.2591524536403
2023-07-03,31.087500000000002,27.1,36.6,71.66666666666667,25.02916666666667,2.39875,10.2,976.4875000000001,4.5,22.833333333333332,24,111.61618727528281
2023-07-04,30.754166666666666,26.1,36.7,73.66666666666667,25.183333333333334,2.67,8.5,974.9291666666667,2.5,15.916666666666666,24,116.8991545428031
2023-07-05,29.09166666666667,24.4,33.6,80.54166666666667,25.2375,3.0070833333333336,9.6,975.1833333333334,13.000000000000002,64.625,24,83.25084750982973
2023-07-06,29.066666666666666,25.3,33.1,76.5,24.316666666666666,2.8404166666666666,7.2,976.9583333333334,4.8,70.66666666666667,24,99.1741545909938
2023-07-07,28.554166666666664,24.9,33.3,82.70833333333333,25.15416666666667,2.28625,8.1,977.7166666666667,10.0,98.08333333333333,24,98.82965065327915
2023-07-08,27.229166666666668,26.1,29.6,91.20833333333333,25.633333333333336,3.12375,10.8,977.6833333333334,34.4,99.83333333333333,24,110.17577370688213
2023-07-09,27.03333333333333,25.1,30.8,91.33333333333333,25.45,3.1787500000000004,9.4,976.9666666666667,29.7,99.95833333333333,24,115.56047028159963
2023-07-10,27.620833333333334,25.8,31.0,90.16666666666667,25.766666666666666,1.7675,6.9,977.0375,34.1,98.33333333333333,24,93.2389267807211
2023-07-11,28.52916666666667,25.2,33.3,84.41666666666667,25.383333333333336,1.8395833333333333,5.8,976.8666666666667,2.9,82.0,24,49.359578560753334
2023-07-12,28.525000000000002,25.7,33.5,86.625,25.8625,2.2733333333333334,7.9,976.5541666666667,9.6,79.875,24,92.04683881842834
2023-07-13,29.15833333333333,26.0,33.2,82.375,25.645833333333332,2.4779166666666668,7.5,976.7833333333333,5.2,63.5,24,103.3041948018311
2023-07-14,28.537499999999998,25.7,33.8,82.95833333333333,25.075,1.6858333333333333,7.9,977.6791666666667,21.1,96.45833333333333,24,151.58607078030843
2023-07-15,28.579166666666666,26.0,33.3,86.45833333333333,25.90416666666667,1.6604166666666667,10.5,977.2583333333333,17.7,94.125,24,179.19118212813873
2023-07-16,28.59583333333333,25.2,32.9,85.45833333333333,25.695833333333336,1.5179166666666666,6.4,977.3083333333334,21.9,90.25,24,101.14617131290413
2023-07-17,29.054166666666664,26.3,33.3,84.75,26.075,1.3033333333333335,7.0,976.4,11.8,86.5,24,172.1481452338171
2023-07-18,28.179166666666664,25.4,31.7,86.375,25.599999999999998,2.669166666666667,7.9,976.3249999999999,13.4,96.58333333333333,24,119.02483660031646
2023-07-19,28.879166666666666,26.3,33.0,85.75,26.075,2.4975,8.0,976.1916666666666,9.3,70.58333333333333,24,120.95560894296466
2023-07-20,29.849999999999998,26.9,35.2,80.75,25.895833333333332,1.6670833333333333,9.1,976.0916666666667,23.7,38.041666666666664,24,29.280960888032553
2023-07-21,30.920833333333334,26.5,35.6,76.04166666666667,25.912499999999998,2.4575,7.9,977.5291666666667,4.2,70.20833333333333,24,114.20226331750689
2023-07-22,30.712500000000002,27.2,34.3,76.0,25.854166666666668,3.751666666666667,10.8,979.9250000000001,6.0,83.75,24,91.00440786488622
2023-07-23,30.962500000000002,28.3,34.2,73.0,25.483333333333334,4.0441666666666665,11.3,979.9166666666666,0.6000000000000001,90.29166666666667,24,97.03301107272898
2023-07-24,29.983333333333334,27.4,34.1,80.0,25.962500000000002,3.1458333333333335,9.1,977.9083333333333,7.8,43.75,24,93.5609963101441
2023-07-25,29.304166666666664,25.6,34.1,82.04166666666667,25.754166666666666,2.5154166666666664,7.3,978.0958333333333,11.8,100.0,24,127.63563294221314
2023-07-26,27.016666666666666,25.6,29.7,90.625,25.266666666666666,2.1725,7.8,979.875,18.3,99.95833333333333,24,112.09214757347644
2023-07-27,28.570833333333336,26.3,31.7,87.54166666666667,26.195833333333336,1.3895833333333334,6.1,978.8166666666666,11.0,98.70833333333333,24,128.3000709123924
2023-07-28,28.195833333333336,26.3,32.9,87.25,25.7375,1.58375,5.5,976.6708333333332,27.0,97.625,24,257.8354796512348
2023-07-29,27.849999999999998,24.7,31.4,84.41666666666667,24.866666666666664,1.9395833333333332,8.8,975.9333333333334,11.200000000000001,82.29166666666667,24,242.07318122062802
2023-07-30,28.974999999999998,25.0,33.1,80.25,24.96666666666667,2.6308333333333334,6.7,975.3958333333334,2.3000000000000003,29.916666666666668,24,284.42445766484644
2023-07-31,29.599999999999998,25.1,33.6,77.83333333333333,25.108333333333334,3.3408333333333338,8.8,975.0,0.8,29.0,24,280.09622083489603
2023-08-01,30.370833333333334,26.9,34.6,74.91666666666667,25.245833333333334,4.09625,9.5,973.9958333333334,0.2,12.041666666666666,24,272.02000054504435
2023-08-02,30.179166666666664,27.3,35.1,78.33333333333333,25.808333333333334,3.4283333333333332,9.6,974.525,1.4,69.25,24,284.28832205973276
2023-08-03,29.4375,26.5,34.1,81.58333333333333,25.75,3.4545833333333333,9.7,974.8708333333334,9.6,88.625,24,286.2369093407376
2023-08-04,28.441666666666666,26.0,31.7,87.79166666666667,26.179166666666664,1.3579166666666669,6.8,977.0083333333333,11.5,100.0,24,15.295846348486691
2023-08-05,29.445833333333336,26.3,33.7,83.375,26.141666666666666,1.85125,7.7,978.1958333333333,4.8,98.33333333333333,24,268.3738363499011
2023-08-06,30.0625,26.0,34.8,74.20833333333333,24.758333333333336,3.625,10.7,975.6041666666666,1.9000000000000001,79.58333333333333,24,272.43539902670796
2023-08-07,30.054166666666664,27.2,34.2,68.08333333333333,23.400000000000002,4.505,11.1,973.4166666666666,0.1,24.333333333333332,24,265.597686476347
2023-08-08,30.370833333333334,26.9,34.4,66.875,23.429166666666664,4.944583333333333,12.3,974.7291666666666,0.0,99.79166666666667,24,264.16434423537976
2023-08-09,30.679166666666664,27.4,34.5,65.0,23.241666666666664,3.9575,10.3,978.1875,0.0,90.33333333333333,24,267.92245124581814
2023-08-10,29.97083333333333,27.3,34.0,69.66666666666667,23.59166666666667,3.2724999999999995,9.2,979.7416666666667,1.7,89.625,24,255.2765813310734
2023-08-11,30.675,27.2,34.6,66.83333333333333,23.525000000000002,3.000833333333333,8.6,979.5166666666668,1.6,67.33333333333333,24,262.809017368565
2023-08-12,31.362499999999997,28.2,35.3,56.083333333333336,21.375,4.4825,10.8,977.4916666666667,0.0,71.75,24,258.4429016397405
2023-08-13,31.05,27.6,35.6,61.083333333333336,22.508333333333336,4.073333333333333,9.8,975.6666666666666,0.7000000000000001,89.45833333333333,24,244.5733234116299
2023-08-14,29.695833333333336,26.8,33.5,67.25,22.758333333333336,2.660416666666667,7.3,979.2791666666667,0.0,88.70833333333333,24,160.5374754160389
2023-08-15,29.866666666666664,25.8,34.7,74.08333333333333,24.358333333333334,1.5458333333333334,6.5,979.8666666666667,0.1,44.416666666666664,24,22.80137657309257
2023-08-16,30.912499999999998,25.6,36.0,67.29166666666667,23.666666666666668,2.61,8.7,979.2958333333332,0.1,21.0,24,285.4094342484582
2023-08-17,31.879166666666666,27.8,36.0,58.25,22.287499999999998,3.5425,10.8,978.7624999999999,0.0,45.375,24,278.7518253030461
2023-08-18,31.729166666666668,28.3,36.1,60.541666666666664,22.775000000000002,2.7895833333333333,8.1,978.8666666666667,0.1,72.54166666666667,24,299.8634526754963
2023-08-19,30.333333333333332,26.2,34.1,75.08333333333333,25.224999999999998,2.205416666666667,10.3,979.375,7.3999999999999995,48.416666666666664,24,105.10337596263247
2023-08-20,31.837500000000002,27.8,35.8,68.5,24.9375,2.8791666666666664,9.7,979.7208333333333,0.1,48.416666666666664,24,105.9837011306015
2023-08-21,31.991666666666664,28.0,36.3,69.70833333333333,25.462500000000002,1.9629166666666666,6.8,978.5625,0.8,56.75,24,124.32994106209998
2023-08-22,30.45,27.4,35.4,79.25,26.308333333333334,2.2929166666666667,9.4,976.7291666666666,12.6,100.0,24,152.87067100867955
2023-08-23,27.704166666666666,25.6,29.9,89.875,25.849999999999998,2.1954166666666666,9.6,976.1625,15.5,99.91666666666667,24,175.9442911763275
2023-08-24,28.995833333333334,24.8,33.3,72.79166666666667,23.28333333333333,3.174166666666667,9.0,975.3541666666666,0.0,86.75,24,260.4584972409277
2023-08-25,30.020833333333332,25.7,33.9,63.25,22.141666666666666,3.7104166666666667,8.9,975.4958333333334,0.0,39.041666666666664,24,263.2569392575755
2023-08-26,30.420833333333334,27.3,34.3,59.958333333333336,21.6375,3.684583333333333,10.0,977.3083333333334,0.0,31.541666666666668,24,267.70108390298026
2023-08-27,30.408333333333335,27.1,34.8,55.833333333333336,20.45,4.633333333333334,12.1,977.2666666666668,0.1,16.25,24,266.7405063109954
2023-08-28,29.433333333333334,26.3,34.8,63.25,21.545833333333334,3.98,12.3,977.2416666666667,2.2,16.541666666666668,24,262.84169331517785
2023-08-29,30.391666666666666,25.8,35.0,58.75,21.087500000000002,3.31,10.5,979.3958333333334,0.0,8.916666666666666,24,279.69612145001423
2023-08-30,30.912499999999998,26.6,36.4,56.791666666666664,20.962500000000002,3.1804166666666664,9.1,980.9333333333334,0.0,8.208333333333334,24,286.56005054247333
2023-08-31,31.170833333333334,25.7,36.4,59.041666666666664,21.670833333333334,2.432916666666667,8.4,981.5833333333334,0.0,5.708333333333333,24,295.2104622121657
2023-09-01,31.962500000000002,26.7,37.3,54.125,20.895833333333332,2.9737500000000003,10.2,981.3000000000001,0.0,4.208333333333333,24,285.3397908617145
2023-09-02,31.833333333333332,27.3,37.2,51.083333333333336,20.01666666666667,3.8333333333333335,12.2,980.1125000000001,0.0,1.2916666666666667,24,285.22164312035886
2023-09-03,31.291666666666668,26.3,36.7,52.708333333333336,19.779166666666665,3.6945833333333336,11.7,979.1333333333333,0.0,0.3333333333333333,24,286.2476257181802
2023-09-04,31.358333333333334,25.6,37.3,51.458333333333336,19.491666666666667,3.3225,9.9,978.6416666666668,0.0,0.041666666666666664,24,305.6434182100903
2023-09-05,30.724999999999998,26.5,36.2,66.83333333333333,23.541666666666668,2.2170833333333335,7.3,979.6541666666667,6.1,14.0,24,62.76147166956082
2023-09-06,30.954166666666666,24.3,36.2,64.08333333333333,22.616666666666664,1.8420833333333333,10.1,980.7166666666667,1.7,8.375,24,111.44536393543945
2023-09-07,31.912499999999998,27.0,38.4,59.5,22.245833333333334,1.5791666666666666,6.1,979.9916666666667,0.0,13.375,24,167.20168565824054
2023-09-08,30.27916666666667,25.5,36.6,67.79166666666667,23.1875,2.67125,10.7,980.225,1.3,32.375,24,110.85659609484884
2023-09-09,27.808333333333334,25.4,32.4,79.91666666666667,23.791666666666668,3.84,13.0,979.5458333333332,2.5,71.375,24,72.8062154351374
2023-09-10,26.099999999999998,24.2,30.0,88.875,24.0625,3.49375,9.6,977.525,35.300000000000004,74.41666666666667,24,64.16102335999364
2023-09-11,27.566666666666666,23.9,32.1,80.75,23.741666666666664,2.7687500000000003,10.3,977.8583333333332,1.0,26.458333333333332,24,69.99875787411202
2023-09-12,28.72083333333333,24.4,33.4,78.58333333333333,24.233333333333334,1.5066666666666668,6.2,978.35,0.0,14.208333333333334,24,105.50843797525283
2023-09-13,29.704166666666666,26.4,33.7,79.29166666666667,25.504166666666666,1.6066666666666667,7.5,978.5333333333333,7.3999999999999995,69.08333333333333,24,123.30584057500204
2023-09-14,29.1875,26.7,34.1,81.625,25.508333333333336,2.4925,8.0,979.8083333333334,5.499999999999999,98.0,24,98.70066941867844
2023-09-15,28.162499999999998,25.5,32.0,87.41666666666667,25.77916666666667,2.05125,8.4,980.8541666666666,5.7,96.70833333333333,24,51.94064297734525
2023-09-16,28.370833333333334,26.4,31.5,84.125,25.275000000000002,3.7975,12.5,980.0541666666667,7.8,77.29166666666667,24,79.24589579918143
2023-09-17,27.1375,25.2,31.7,87.33333333333333,24.7625,4.610833333333333,13.2,978.3874999999999,6.5,94.45833333333333,24,90.4407107004493
2023-09-18,27.900000000000002,24.7,31.7,78.95833333333333,23.683333333333334,4.115,12.8,979.3041666666667,2.1,27.375,24,124.8277487795284
2023-09-19,28.625,24.6,33.1,77.0,23.8875,2.4075,7.3,981.6666666666666,0.2,19.75,24,125.54638030577428
2023-09-20,29.416666666666668,25.5,33.1,75.875,24.495833333333334,1.4104166666666667,5.9,982.0708333333333,0.8999999999999999,20.666666666666668,24,36.85585836492896
2023-09-21,28.916666666666668,26.0,33.5,80.875,25.09166666666667,1.9016666666666666,10.7,981.4333333333334,2.6,35.0,24,243.65282493041622
2023-09-22,29.441666666666666,25.3,33.3,77.75,24.916666666666668,1.8295833333333331,6.3,981.5166666666668,0.30000000000000004,31.583333333333332,24,35.728550896495506
2023-09-23,28.608333333333334,25.6,32.8,82.41666666666667,25.108333333333334,1.7491666666666665,7.4,982.1916666666666,1.4000000000000001,27.958333333333332,24,104.82325214375868
2023-09-24,27.941666666666666,25.3,32.8,80.16666666666667,23.866666666666664,2.1029166666666668,10.6,981.8666666666667,0.9,24.416666666666668,24,306.262682156163
2023-09-25,28.59583333333333,24.6,32.9,76.16666666666667,23.650000000000002,1.5641666666666667,5.6,982.1791666666667,0.2,13.375,24,12.37032709051573
2023-09-26,28.804166666666664,24.9,32.9,72.58333333333333,23.037499999999998,1.6883333333333335,5.3,983.1791666666667,0.2,7.5,24,7.204195453494151
2023-09-27,27.84166666666667,23.3,33.3,65.29166666666667,20.2,2.4233333333333333,8.1,982.9833333333332,0.0,0.0,24,321.3600813836028
2023-09-28,26.662499999999998,20.6,33.1,61.875,18.2,2.3275,7.3,982.4958333333334,0.0,5.333333333333333,24,320.32659525597944
2023-09-29,26.804166666666664,20.4,33.2,61.458333333333336,18.191666666666666,1.9633333333333332,6.0,982.3708333333334,0.0,10.125,24,316.3899070535087
2023-09-30,27.96666666666667,22.8,34.8,56.666666666666664,17.870833333333334,2.9791666666666665,8.9,982.2708333333334,0.0,7.541666666666667,24,331.9894538783843
2023-10-01,27.40833333333333,21.3,34.6,53.458333333333336,15.958333333333334,2.9441666666666664,9.8,981.8166666666666,0.0,20.625,24,332.238019736043
2023-10-02,26.733333333333334,20.2,33.8,42.625,12.008333333333333,3.235416666666667,10.0,982.7083333333334,0.0,0.0,24,334.1156296666598
2023-10-03,26.375,20.0,33.9,40.291666666666664,11.245833333333332,3.4316666666666666,11.8,983.3083333333334,0.0,0.0,24,305.29142394357797
2023-10-04,26.329166666666666,18.9,33.9,53.375,15.245833333333332,3.4116666666666666,10.9,983.4666666666667,0.0,0.0,24,313.73547058207794
2023-10-05,26.420833333333334,19.9,34.3,51.916666666666664,14.75,3.0987500000000003,9.0,982.8000000000001,0.0,0.0,24,302.2890909987235
2023-10-06,27.325,19.9,35.3,50.958333333333336,15.475,2.4025,7.8,981.7291666666666,0.0,0.0,24,289.4213536157473
2023-10-07,28.287499999999998,21.6,35.0,60.375,19.433333333333334,2.4341666666666666,7.9,982.9291666666667,0.0,0.041666666666666664,24,299.5378808174272
2023-10-08,29.700000000000003,24.1,35.3,58.458333333333336,20.075,2.5470833333333336,8.4,983.6208333333334,0.0,0.5833333333333334,24,280.7203880571683
2023-10-09,29.358333333333334,24.6,35.2,54.25,18.545833333333334,2.717083333333333,9.1,984.3458333333333,0.0,1.8333333333333333,24,261.9470316496008
2023-10-10,28.375,24.4,33.5,54.625,18.033333333333335,2.7241666666666666,7.9,985.3166666666666,2.5,5.375,24,291.0206771981465
2023-10-11,26.516666666666666,21.2,33.7,57.083333333333336,16.150000000000002,2.9066666666666667,8.1,986.1750000000001,0.0,0.0,24,306.05165439710515
2023-10-12,25.875,18.9,33.2,53.916666666666664,15.0375,2.485,8.1,987.4666666666667,0.0,0.0,24,309.040494717989
2023-10-13,27.55,20.3,34.7,54.791666666666664,16.691666666666666,2.1725,7.5,988.0708333333333,0.0,0.7083333333333334,24,312.59263245736133
2023-10-14,28.224999999999998,21.6,35.0,52.166666666666664,16.208333333333332,2.2329166666666667,9.3,987.3208333333333,0.0,5.75,24,316.6040151668599
2023-10-15,27.3125,22.3,33.7,54.625,16.883333333333333,1.9354166666666668,7.6,985.4166666666666,0.1,25.708333333333332,24,328.500105180898
2023-10-16,24.329166666666666,19.8,29.0,65.08333333333333,17.150000000000002,3.2720833333333332,14.3,986.8958333333334,9.9,75.79166666666667,24,80.45814166430722
2023-10-17,22.358333333333334,18.2,28.7,71.95833333333333,16.6375,1.9333333333333333,9.0,990.1583333333333,3.3000000000000003,42.916666666666664,24,62.933564359603224
2023-10-18,22.6125,17.1,29.0,64.75,14.891666666666666,2.9408333333333334,8.4,990.5875,0.0,0.20833333333333334,24,308.9568831116075
2023-10-19,21.958333333333332,17.0,28.6,63.25,14.095833333333333,2.544583333333333,7.4,990.2624999999999,0.0,0.0,24,301.8486733809399
2023-10-20,22.400000000000002,17.0,29.1,64.95833333333333,14.754166666666668,2.04375,5.9,990.625,0.0,0.0,24,315.6487618750536
2023-10-21,22.791666666666668,16.7,29.7,63.25,14.549999999999999,1.9366666666666665,5.0,990.9666666666667,0.0,1.8333333333333333,24,320.99615710082435
2023-10-22,23.333333333333332,17.1,30.4,61.125,14.645833333333334,1.7825,5.7,991.4250000000001,0.0,13.833333333333334,24,5.425978662590012
2023-10-23,23.254166666666666,17.6,29.7,64.5,15.358333333333334,2.3537500000000002,7.3,990.0083333333333,0.0,0.7916666666666666,24,318.6131841971671
2023-10-24,23.400000000000002,17.7,30.5,60.208333333333336,14.35,2.2079166666666667,6.9,989.25,0.0,1.7916666666666667,24,307.3814283138195
2023-10-25,23.204166666666666,17.1,30.6,59.375,13.883333333333333,2.4441666666666664,8.1,990.0291666666667,0.0,0.625,24,305.93664316869746
2023-10-26,22.895833333333332,16.9,30.5,57.666666666666664,13.125,2.50875,7.7,989.6041666666666,0.0,0.0,24,294.55877902466887
2023-10-27,22.95,16.6,30.4,51.416666666666664,11.558333333333332,2.2975,6.2,988.8166666666666,0.0,12.666666666666666,24,296.1794372930698
2023-10-28,24.420833333333334,18.6,30.0,47.916666666666664,12.262500000000001,1.4158333333333335,4.4,989.0916666666667,0.0,64.70833333333333,24,322.6820135764874
2023-10-29,24.025000000000002,17.8,31.4,56.5,14.170833333333334,1.5733333333333333,3.9,989.0791666666668,0.0,22.708333333333332,24,85.64269774040451
2023-10-30,23.879166666666666,17.6,31.7,66.54166666666667,16.483333333333334,1.9783333333333335,5.1,989.7375000000001,0.0,8.75,24,69.30983035955393
2023-10-31,24.099999999999998,18.5,31.1,68.625,17.212500000000002,1.79625,4.7,991.1458333333334,0.0,28.666666666666668,24,87.47946053345561
2023-11-01,23.995833333333334,18.8,30.5,66.29166666666667,16.670833333333334,1.8904166666666666,5.6,991.7166666666667,0.0,0.2916666666666667,24,39.22664809974748
2023-11-02,24.09583333333333,19.0,30.3,65.41666666666667,16.641666666666666,2.0500000000000003,6.4,990.0041666666666,0.0,3.5,24,328.4484086661003
2023-11-03,22.537499999999998,17.8,28.5,70.41666666666667,16.316666666666666,2.263333333333333,9.9,987.8125,1.1,8.0,24,295.6021144319333
2023-11-04,22.508333333333336,15.9,29.6,66.25,15.208333333333334,2.1725,8.1,988.0541666666667,0.0,24.875,24,315.7230025273026
2023-11-05,22.766666666666666,16.8,29.6,61.75,13.970833333333333,2.045,5.8,989.4958333333334,0.0,0.20833333333333334,24,321.6807825911754
2023-11-06,22.208333333333332,15.2,29.5,60.083333333333336,13.316666666666668,1.655,4.3,990.9916666666667,0.0,2.2916666666666665,24,26.577483855657363
2023-11-07,22.479166666666668,16.3,30.1,63.708333333333336,14.429166666666667,2.08625,5.0,990.1875,0.0,2.8333333333333335,24,5.900066769929765
2023-11-08,22.729166666666668,16.8,29.5,64.79166666666667,15.204166666666666,1.91125,5.3,989.2666666666668,0.0,7.875,24,308.83279161739114
2023-11-09,22.71666666666667,16.9,29.2,64.875,15.216666666666667,2.0204166666666667,5.9,989.2166666666667,0.0,4.291666666666667,24,294.26544800710116
2023-11-10,20.491666666666667,16.1,26.4,75.91666666666667,15.866666666666667,2.567083333333333,12.1,991.3083333333334,2.9,37.333333333333336,24,67.24705314808551
2023-11-11,19.266666666666666,14.9,25.3,75.875,14.387500000000001,2.2795833333333335,7.1,992.9875000000001,0.0,0.375,24,320.53905565146215
2023-11-12,18.820833333333333,13.9,25.1,73.58333333333333,13.566666666666668,2.2375000000000003,7.1,993.1208333333334,0.0,0.0,24,293.4913052512445
2023-11-13,18.974999999999998,13.2,25.6,73.375,13.591666666666667,1.7725,4.9,993.0749999999999,0.0,52.25,24,318.48742845117965
2023-11-14,18.958333333333332,14.1,25.2,70.625,13.033333333333333,2.1366666666666667,5.4,992.5291666666667,0.0,84.29166666666667,24,314.7427657106919
2023-11-15,18.479166666666668,13.1,25.7,71.91666666666667,12.783333333333333,2.1466666666666665,6.6,992.2541666666666,0.0,0.0,24,289.40423098574894
2023-11-16,19.741666666666667,13.0,26.2,68.54166666666667,13.233333333333334,1.61125,4.1,993.125,0.0,0.0,24,345.92620962741603
2023-11-17,20.454166666666666,14.3,26.8,70.70833333333333,14.4125,1.66875,5.0,992.8291666666668,0.0,4.125,24,55.4397774585658
2023-11-18,19.95,14.6,26.2,70.25,13.816666666666668,1.58875,5.4,991.3125,0.0,7.75,24,198.64081897658085
2023-11-19,20.108333333333334,13.9,25.7,65.75,12.991666666666667,1.5166666666666666,6.6,992.2666666666668,0.0,4.208333333333333,24,142.2350929337956
2023-11-20,19.629166666666666,13.4,25.5,65.29166666666667,12.429166666666667,1.8558333333333332,6.1,992.5666666666666,0.0,0.0,24,302.02102109215326
2023-11-21,18.8125,13.5,25.2,69.5,12.5375,2.8562499999999997,8.7,991.4666666666667,0.0,3.8333333333333335,24,287.1192011516022
2023-11-22,18.116666666666667,13.1,24.8,64.875,11.020833333333334,3.112083333333333,8.0,989.4291666666667,0.0,0.0,24,283.10151573106435
2023-11-23,18.075,11.3,24.8,68.375,11.5625,1.37375,4.0,989.0583333333334,0.0,0.0,24,195.5468686448667
2023-11-24,18.520833333333332,13.4,25.1,69.08333333333333,12.299999999999999,1.6570833333333335,5.2,991.0625,0.0,9.0,24,323.6029203638969
2023-11-25,18.55,12.4,25.3,68.45833333333333,11.950000000000001,1.675,5.2,992.0749999999999,0.0,44.041666666666664,24,285.148802226292
2023-11-26,19.233333333333334,14.2,25.5,67.95833333333333,12.629166666666668,2.15375,5.7,992.7208333333333,0.0,99.66666666666667,24,108.42401860911127
2023-11-27,18.545833333333334,15.7,24.0,75.375,13.754166666666668,2.870416666666667,11.7,990.5749999999999,4.0,88.66666666666667,24,134.11712838652454
2023-11-28,17.4375,15.1,20.6,88.0,15.341666666666667,1.6287500000000001,6.0,990.4499999999999,3.2,50.458333333333336,24,77.91454640910752
2023-11-29,18.491666666666667,13.4,24.4,79.91666666666667,14.487499999999999,1.7541666666666667,6.1,990.6541666666667,0.39999999999999997,15.333333333333334,24,84.68662680863656
2023-11-30,17.8125,14.1,21.7,83.875,14.908333333333333,2.1170833333333334,7.5,991.6791666666667,1.0,30.416666666666668,24,33.233852308868336
2023-12-01,18.441666666666666,13.8,24.2,81.54166666666667,14.883333333333333,1.7504166666666665,5.7,992.0333333333333,0.1,37.708333333333336,24,347.7909942265775
2023-12-02,18.0625,13.2,24.2,78.875,13.908333333333333,1.9649999999999999,5.4,992.2583333333333,0.0,2.4583333333333335,24,337.8673524759909
2023-12-03,18.05,12.2,24.5,74.45833333333333,12.825000000000001,1.8949999999999998,5.4,992.5541666666667,0.1,22.958333333333332,24,351.15206784043005
2023-12-04,17.770833333333332,13.7,22.9,72.5,12.245833333333332,2.183333333333333,6.8,991.3041666666667,0.0,21.416666666666668,24,334.7081470560033
2023-12-05,16.575,11.5,23.2,72.79166666666667,11.104166666666666,2.32375,6.8,990.8083333333334,0.0,0.0,24,323.4861422257265
2023-12-06,16.429166666666667,11.7,23.6,75.83333333333333,11.737499999999999,1.93875,5.0,991.3916666666668,0.0,0.0,24,287.5168826119878
2023-12-07,16.7,11.6,24.1,76.54166666666667,12.058333333333332,2.2333333333333334,6.0,990.7125,0.0,0.25,24,294.4651221024159
2023-12-08,16.474999999999998,11.4,23.8,74.20833333333333,11.354166666666666,2.379583333333333,7.1,990.2333333333332,0.0,0.0,24,292.4161290893302
2023-12-09,15.904166666666667,10.7,23.4,70.25,9.883333333333333,2.70375,7.3,991.1333333333333,0.0,1.375,24,290.41366247364743
2023-12-10,15.5625,10.8,22.5,68.29166666666667,9.179166666666667,3.2608333333333337,9.7,989.4250000000001,0.0,10.875,24,284.9003494062148
2023-12-11,15.258333333333333,9.1,22.3,69.375,9.004166666666666,1.7175,4.8,990.0958333333333,0.0,0.0,24,291.5247265139134
2023-12-12,15.608333333333334,9.3,22.8,70.04166666666667,9.620833333333334,1.7575,4.9,989.275,0.0,0.16666666666666666,24,101.78284810405393
2023-12-13,15.916666666666666,10.4,22.8,66.58333333333333,9.258333333333333,1.9058333333333335,5.9,991.0625,0.0,13.375,24,341.15055797104014
2023-12-14,14.691666666666668,9.7,22.1,70.875,8.866666666666667,2.855,8.8,991.9208333333332,0.0,52.083333333333336,24,283.7580385383067
2023-12-15,14.191666666666668,7.5,22.1,70.875,8.233333333333333,1.9145833333333335,4.9,993.1374999999999,0.0,68.75,24,303.30874461386776
2023-12-16,14.5,7.7,22.3,66.70833333333333,7.666666666666667,2.2029166666666664,6.8,991.8041666666667,0.0,38.541666666666664,24,317.9229496483116
2023-12-17,15.383333333333333,9.5,22.6,63.833333333333336,8.079166666666667,2.3158333333333334,7.2,992.8041666666667,0.0,0.0,24,330.10968096655614
2023-12-18,14.341666666666667,9.1,21.5,66.79166666666667,7.508333333333333,3.5399999999999996,10.5,994.3958333333334,0.0,0.0,24,288.8784441410033
2023-12-19,14.245833333333332,8.6,21.5,64.41666666666667,7.2375,3.682916666666667,9.2,994.4958333333334,0.0,8.291666666666666,24,283.0715652739271
2023-12-20,13.65,7.9,20.4,70.125,7.925,2.45125,6.8,994.2041666666668,0.0,88.70833333333333,24,287.2771274750319
2023-12-21,13.975,8.1,21.6,74.16666666666667,8.895833333333334,2.3595833333333336,7.4,992.4833333333332,0.0,84.75,24,301.8900554111617
2023-12-22,13.883333333333333,7.1,21.5,75.875,9.125,1.5516666666666667,3.8,992.1,0.0,34.791666666666664,24,309.09531919729307
2023-12-23,16.099999999999998,11.1,22.1,72.125,10.641666666666667,1.7404166666666667,6.2,994.3541666666666,0.30000000000000004,22.291666666666668,24,118.94099922382122
2023-12-24,15.854166666666666,9.7,22.9,76.33333333333333,11.179166666666667,1.6170833333333334,5.0,995.6666666666666,0.0,4.791666666666667,24,331.1440553041638
2023-12-25,15.479166666666666,10.7,22.9,78.125,11.245833333333332,2.34,6.5,993.8791666666666,0.0,0.125,24,280.93672499228614
2023-12-26,15.370833333333332,9.5,22.7,75.20833333333333,10.470833333333333,1.7679166666666666,4.7,993.6416666666668,0.0,82.625,24,310.16639381727396
2023-12-27,14.333333333333334,8.5,21.7,79.66666666666667,10.454166666666667,2.03875,5.3,994.6750000000001,0.0,18.083333333333332,24,313.6191001255305
2023-12-28,13.987499999999999,9.7,20.9,84.66666666666667,11.141666666666666,1.9412500000000001,5.0,993.5666666666666,0.0,17.125,24,315.1621051112349
2023-12-29,13.366666666666667,8.3,20.2,87.25,11.016666666666666,0.8075,3.7,994.1041666666666,0.0,74.875,24,357.44134943174475
2023-12-30,12.554166666666667,9.0,19.0,90.29166666666667,10.833333333333334,1.3879166666666667,4.1,993.0041666666666,0.0,97.29166666666667,24,326.4805536282873
2023-12-31,12.708333333333334,7.6,18.7,83.75,9.7125,1.2395833333333333,4.0,992.8708333333334,0.0,32.0,24,8.963651354942726
2024-01-01,10.466666666666667,5.9,16.2,85.125,7.820833333333333,1.51875,5.0,993.0958333333333,0.0,42.875,24,324.30530255368024
2024-01-02,9.104166666666666,4.6,15.3,85.91666666666667,6.6125,1.5558333333333332,4.2,992.5124999999999,0.0,29.75,24,320.1416261774778
2024-01-03,9.512500000000001,4.8,15.9,88.625,7.508333333333333,1.5295833333333333,5.1,992.225,0.0,47.0,24,343.1750200606548
2024-01-04,11.541666666666666,5.2,17.9,82.125,8.262500000000001,1.7045833333333331,5.6,992.3791666666666,0.0,35.958333333333336,24,317.97290987818843
2024-01-05,11.762500000000001,7.3,17.3,85.25,9.112499999999999,1.5666666666666667,4.2,992.5833333333334,0.1,58.041666666666664,24,337.0071374880292
2024-01-06,11.674999999999999,6.3,16.9,81.54166666666667,8.320833333333333,1.60375,5.3,993.8541666666666,0.0,63.75,24,332.4973207376703
2024-01-07,11.466666666666667,6.1,17.5,80.58333333333333,7.954166666666667,1.3920833333333331,4.4,994.4,0.0,16.833333333333332,24,291.1217531494111
2024-01-08,10.9,5.5,18.4,86.54166666666667,8.4625,1.6937499999999999,4.2,994.1166666666667,0.0,11.25,24,332.4616676122912
2024-01-09,10.783333333333333,6.2,18.0,86.41666666666667,8.333333333333334,2.475416666666667,8.1,994.2791666666667,0.0,14.708333333333334,24,315.53999901492955
2024-01-10,9.2125,4.6,15.8,84.5,6.533333333333334,3.5908333333333338,8.4,993.1625,0.0,1.6666666666666667,24,291.97514950182523
2024-01-11,9.341666666666667,5.6,15.5,87.70833333333333,7.2625,2.7725000000000004,6.7,993.6291666666666,0.0,25.916666666666668,24,297.58224518818577
2024-01-12,10.083333333333334,5.6,17.4,85.95833333333333,7.566666666666666,2.6804166666666664,6.8,992.5666666666666,0.0,31.083333333333332,24,290.39552523421463
2024-01-13,10.358333333333333,5.9,18.1,84.5,7.458333333333333,1.2766666666666666,3.6,991.7416666666667,0.0,72.29166666666667,24,326.64387532704296
2024-01-14,9.700000000000001,4.8,18.0,85.58333333333333,7.045833333333333,1.8879166666666667,5.4,991.8874999999999,0.0,34.958333333333336,24,312.7714729183708
2024-01-15,8.970833333333333,5.0,16.1,85.54166666666667,6.3625,2.1225,5.6,991.5291666666667,0.0,62.166666666666664,24,309.94061129019127
2024-01-16,8.970833333333333,3.9,17.5,85.5,6.308333333333334,1.5266666666666666,4.0,989.2708333333334,0.0,47.541666666666664,24,78.4121903063965
2024-01-17,9.9,4.0,17.8,83.91666666666667,6.925,2.254583333333333,5.8,989.3541666666666,0.0,3.0416666666666665,24,134.6505088331312
2024-01-18,11.008333333333333,6.0,17.5,86.04166666666667,8.529166666666667,0.91375,4.3,991.5749999999999,0.0,43.458333333333336,24,158.94539384524342
2024-01-19,10.208333333333334,6.3,16.8,88.75,8.25,1.4566666666666668,4.5,992.9541666666668,0.0,40.791666666666664,24,160.04636728438936
2024-01-20,9.604166666666666,5.1,16.1,88.25,7.516666666666667,1.7233333333333334,4.8,993.4166666666666,0.0,31.833333333333332,24,342.37165443755583
2024-01-21,9.045833333333333,5.2,16.1,89.375,7.179166666666667,2.7404166666666665,8.2,992.7875,0.0,49.291666666666664,24,294.16922185269505
2024-01-22,9.266666666666667,5.0,16.9,86.08333333333333,6.7124999999999995,1.2433333333333334,3.4,993.725,0.0,51.5,24,84.3544576337357
2024-01-23,10.454166666666667,4.9,17.3,88.08333333333333,8.362499999999999,1.64,5.3,992.9583333333334,0.0,47.541666666666664,24,195.00779572433868
2024-01-24,11.308333333333332,6.4,18.2,84.16666666666667,8.354166666666666,1.82125,5.0,993.0083333333333,0.0,16.833333333333332,24,323.6954220059835
2024-01-25,10.208333333333334,5.6,17.5,87.91666666666667,8.0375,1.57125,4.3,995.1,0.0,79.20833333333333,24,329.1128170616426
2024-01-26,11.466666666666667,6.0,18.5,83.875,8.566666666666666,1.6016666666666666,4.2,995.5541666666667,0.0,86.375,24,293.7935312889257
2024-01-27,12.508333333333333,6.9,20.6,76.66666666666667,8.029166666666667,3.2770833333333336,9.0,993.9250000000001,0.0,12.083333333333334,24,288.6464808962455
2024-01-28,13.816666666666668,7.0,20.3,79.08333333333333,9.975,2.2433333333333336,6.2,992.5208333333334,0.0,99.54166666666667,24,113.34464496523361
2024-01-29,14.566666666666668,9.5,21.3,85.20833333333333,11.841666666666667,2.3074999999999997,5.7,992.4333333333334,0.0,6.083333333333333,24,104.40501853428322
2024-01-30,13.820833333333333,10.0,20.5,89.45833333333333,11.870833333333332,1.8074999999999999,5.2,991.6041666666666,0.0,51.333333333333336,24,320.46616593933896
2024-01-31,14.0625,9.9,20.2,91.79166666666667,12.625,2.2875,7.9,990.4666666666667,9.0,83.20833333333333,24,124.16130445834403
2024-02-01,15.387500000000001,12.2,21.2,86.20833333333333,12.908333333333333,3.67125,11.1,990.6750000000001,30.0,32.875,24,114.90671583516291
2024-02-02,13.0,8.5,19.3,84.0,9.950000000000001,2.734583333333333,8.2,993.7624999999999,0.0,34.291666666666664,24,316.42882539451705
2024-02-03,14.104166666666666,8.2,20.7,69.95833333333333,8.3375,2.191666666666667,6.2,992.4708333333333,0.0,63.291666666666664,24,305.9574384040659
2024-02-04,16.0125,12.9,20.7,84.83333333333333,13.408333333333333,2.2220833333333334,10.7,990.9666666666667,7.1,70.95833333333333,24,155.57469292168832
2024-02-05,15.170833333333334,10.3,19.8,82.70833333333333,11.895833333333334,2.4445833333333336,6.4,992.2208333333333,2.1,37.333333333333336,24,328.9485540022829
2024-02-06,12.179166666666667,7.5,18.7,74.95833333333333,7.183333333333334,2.7291666666666665,8.3,994.1041666666666,0.0,18.916666666666668,24,308.29063475382316
2024-02-07,12.520833333333334,7.9,18.4,65.625,5.895833333333333,3.872083333333333,11.9,994.7791666666667,0.0,33.041666666666664,24,303.30082064934123
2024-02-08,13.083333333333334,8.2,19.1,63.708333333333336,6.033333333333334,5.510000000000001,13.8,993.3125,0.0,19.375,24,289.3562765336678
2024-02-09,13.383333333333333,8.1,20.5,65.95833333333333,6.804166666666667,2.969583333333333,7.0,993.5375,0.0,0.0,24,304.2650212800088
2024-02-10,13.158333333333333,7.2,19.7,77.83333333333333,9.020833333333334,2.0375,5.9,995.7166666666667,0.0,20.0,24,4.761185881624499
2024-02-11,14.141666666666666,8.1,21.5,75.04166666666667,9.241666666666667,2.1304166666666666,6.0,995.2375000000001,0.0,0.041666666666666664,24,321.2959230253683
2024-02-12,14.308333333333332,7.7,21.5,74.875,9.420833333333333,1.8641666666666667,5.2,994.1791666666667,0.0,66.04166666666667,24,332.9315274838546
2024-02-13,14.941666666666668,8.5,21.2,73.04166666666667,9.604166666666666,1.7366666666666666,3.9,993.3708333333334,0.0,84.58333333333333,24,339.88284427238654
2024-02-14,15.833333333333334,9.6,22.7,74.08333333333333,10.658333333333333,2.4529166666666664,8.0,993.2541666666666,0.0,19.791666666666668,24,306.76404539451084
2024-02-15,15.862499999999999,9.7,23.6,68.70833333333333,9.341666666666667,2.6391666666666667,8.2,994.1791666666667,0.0,0.0,24,304.2219302153411
2024-02-16,15.683333333333335,8.6,24.5,64.0,7.7375,2.4454166666666666,7.4,994.4458333333333,0.0,0.0,24,312.0835923946754
2024-02-17,16.229166666666668,9.7,24.6,60.958333333333336,7.679166666666667,3.154166666666667,8.5,990.0333333333333,0.0,1.5416666666666667,24,289.02140998083826
2024-02-18,18.650000000000002,10.0,27.1,58.708333333333336,9.408333333333333,2.723333333333333,7.9,987.1958333333333,0.0,58.958333333333336,24,152.2860897377734
2024-02-19,20.375,14.7,26.8,60.958333333333336,12.291666666666666,5.675,14.6,985.5458333333332,0.0,17.541666666666668,24,130.6852242597232
2024-02-20,20.216666666666665,15.3,27.3,66.16666666666667,12.575000000000001,2.81875,9.1,985.3458333333333,0.2,16.708333333333332,24,117.50952234294027
2024-02-21,18.474999999999998,12.2,25.9,57.958333333333336,7.675,2.78,7.9,985.5333333333333,0.0,5.625,24,339.67695105089507
2024-02-22,17.425,10.9,24.0,51.375,5.883333333333333,2.9875000000000003,8.6,988.0958333333333,0.0,11.75,24,322.8123904893572
2024-02-23,15.641666666666667,8.5,22.8,47.75,3.6125000000000003,2.7691666666666666,8.8,990.6291666666666,0.0,0.0,24,319.22544039020937
2024-02-24,16.216666666666665,9.3,23.4,45.291666666666664,3.6291666666666664,1.96375,7.4,990.9333333333334,0.0,27.75,24,49.44714073867823
2024-02-25,17.337500000000002,10.5,25.0,38.916666666666664,1.875,2.356666666666667,9.5,992.9583333333334,0.0,44.625,24,34.73661203862838
2024-02-26,17.587500000000002,11.1,24.6,45.708333333333336,4.941666666666666,2.095833333333333,6.5,992.8125,0.0,87.54166666666667,24,356.7457215243747
2024-02-27,18.054166666666667,14.1,24.5,46.041666666666664,5.716666666666666,2.8541666666666665,9.4,992.4958333333334,0.9,48.041666666666664,24,324.5798766913944
2024-02-28,17.316666666666666,11.4,24.0,57.041666666666664,7.9875,3.6649999999999996,11.2,991.15,0.0,0.0,24,302.4830397694624
2024-02-29,18.383333333333333,12.0,26.3,56.416666666666664,8.6,3.10375,8.0,989.6791666666667,0.0,3.2083333333333335,24,297.21008496243246
2024-03-01,20.066666666666666,13.9,26.5,59.916666666666664,11.766666666666666,2.0500000000000003,8.3,988.9375,1.7,90.66666666666667,24,100.33317380916355
2024-03-02,19.825,17.3,24.7,74.08333333333333,14.85,5.882916666666667,16.2,986.2041666666668,6.5,82.5,24,143.138212427445
2024-03-03,17.6375,13.4,22.7,70.20833333333333,11.237499999999999,2.60875,8.4,986.9083333333333,10.4,22.625,24,299.39217845296
2024-03-04,15.808333333333332,11.1,21.7,62.083333333333336,6.545833333333333,2.839166666666667,8.4,990.9875000000001,0.0,43.208333333333336,24,340.7613410330444
2024-03-05,14.683333333333332,8.9,20.9,54.25,5.016666666666667,3.2095833333333332,8.9,992.0708333333333,0.0,39.625,24,308.3224064596038
2024-03-06,15.120833333333332,9.2,21.1,56.166666666666664,5.995833333333334,2.8491666666666666,8.9,990.2416666666667,0.0,59.916666666666664,24,299.6781639279634
2024-03-07,17.1375,10.1,24.2,56.041666666666664,7.45,2.765833333333333,8.3,989.6708333333332,0.0,2.625,24,316.01592880342275
2024-03-08,17.916666666666668,11.3,25.4,52.583333333333336,7.308333333333334,3.2604166666666665,9.4,990.5291666666667,0.0,0.0,24,323.30607192222567
2024-03-09,17.891666666666666,11.8,25.2,50.083333333333336,6.7375,3.276666666666667,9.7,990.4333333333334,0.0,43.125,24,300.7933844267031
2024-03-10,19.241666666666667,12.0,26.6,51.041666666666664,7.908333333333334,2.5124999999999997,7.3,990.0083333333333,0.0,78.125,24,299.8940950276947
2024-03-11,22.291666666666668,14.8,29.5,46.625,9.375,2.1687499999999997,7.4,991.025,0.0,23.333333333333332,24,21.23633878304355
2024-03-12,21.958333333333332,13.9,29.1,46.541666666666664,9.158333333333333,3.262916666666667,8.7,989.3708333333334,0.0,2.625,24,336.18195385348986
2024-03-13,21.391666666666666,13.9,29.4,52.291666666666664,10.3125,2.3220833333333335,9.4,986.9250000000001,0.2,8.0,24,318.98188784044805
2024-03-14,21.583333333333332,14.1,29.2,52.708333333333336,10.054166666666667,2.87375,9.3,989.3583333333332,0.0,4.208333333333333,24,346.40423382382613
2024-03-15,20.3125,14.3,27.2,42.875,6.379166666666666,3.4774999999999996,9.8,988.9333333333334,0.0,12.625,24,299.9077772283491
2024-03-16,19.670833333333334,12.7,27.6,44.541666666666664,6.129166666666666,2.377083333333333,7.2,990.5458333333332,0.0,38.75,24,310.4260920384786
2024-03-17,20.5625,11.8,28.8,46.041666666666664,7.4875,2.5383333333333336,6.6,990.0875,0.0,49.916666666666664,24,301.2867887055695
2024-03-18,20.662499999999998,13.0,28.5,48.416666666666664,8.179166666666667,2.4179166666666667,7.6,988.5500000000001,0.0,12.0,24,297.93999656669075
2024-03-19,21.545833333333334,13.6,29.8,45.208333333333336,7.733333333333333,2.4187499999999997,9.4,988.025,0.0,2.7916666666666665,24,312.448626908658
2024-03-20,23.266666666666666,14.2,32.0,44.125,8.4375,2.2179166666666665,7.3,988.3916666666668,0.0,4.291666666666667,24,328.3352239165904
2024-03-21,22.729166666666668,16.9,29.2,54.791666666666664,12.679166666666667,3.515,9.9,988.2333333333332,0.0,43.041666666666664,24,115.32196931457412
2024-03-22,24.787499999999998,17.8,32.4,51.208333333333336,12.862499999999999,2.6020833333333333,8.1,984.9583333333334,0.0,2.6666666666666665,24,124.2653671059158
2024-03-23,25.72083333333333,18.1,33.8,45.541666666666664,11.420833333333334,3.0720833333333335,10.5,983.8125,0.0,6.875,24,315.3605746531208
2024-03-24,24.433333333333334,18.6,31.0,44.75,10.941666666666668,3.669166666666667,17.3,985.9708333333333,0.1,73.25,24,344.8428121939259
2024-03-25,25.045833333333334,16.6,32.8,47.208333333333336,11.5625,3.2929166666666667,11.2,987.5791666666668,0.0,2.9583333333333335,24,307.3661533841384
2024-03-26,26.037499999999998,18.5,33.6,42.125,11.125,2.7433333333333336,8.2,986.6541666666667,0.0,76.20833333333333,24,294.4069074549819
2024-03-27,28.458333333333332,21.6,36.4,40.666666666666664,12.5625,2.415,9.9,988.3041666666667,0.0,34.041666666666664,24,337.14473692963617
2024-03-28,29.05,21.9,37.0,40.958333333333336,13.512500000000001,2.47625,7.7,985.6916666666666,0.0,93.25,24,313.2117887443247
2024-03-29,28.2,20.9,36.5,45.625,14.745833333333332,2.3779166666666667,9.9,984.7958333333332,0.0,95.125,24,78.60093296585899
2024-03-30,28.46666666666667,22.8,35.2,39.0,12.3375,3.452916666666667,12.1,985.2375000000001,0.0,32.291666666666664,24,14.014373451188021
2024-03-31,27.40833333333333,20.0,34.4,36.333333333333336,10.020833333333334,3.359583333333333,10.9,986.2624999999999,0.0,2.25,24,319.3219141949696
2024-04-01,24.875,18.7,31.3,38.333333333333336,8.420833333333333,3.8295833333333333,11.3,984.4791666666666,0.0,66.91666666666667,24,300.1993298453365
2024-04-02,25.379166666666666,17.1,32.9,33.125,6.558333333333334,3.516666666666667,11.7,983.2041666666668,0.0,54.291666666666664,24,312.60247601898436
2024-04-03,28.362499999999997,21.8,35.9,24.291666666666668,4.870833333333333,2.1458333333333335,9.9,983.9708333333333,0.0,74.0,24,21.970421773087764
2024-04-04,29.183333333333334,20.5,36.4,25.75,6.016666666666667,3.0341666666666662,8.6,983.9458333333333,0.0,69.41666666666667,24,1.7587135224831059
2024-04-05,28.270833333333332,21.2,35.6,24.375,5.2375,4.1674999999999995,14.6,983.7333333333332,0.0,80.20833333333333,24,306.3397486441526
2024-04-06,27.308333333333334,19.6,35.0,21.208333333333332,2.220833333333333,3.3491666666666666,11.4,983.6041666666666,0.0,0.375,24,315.2532110464145
2024-04-07,26.895833333333332,17.5,35.4,20.583333333333332,0.8083333333333332,3.2604166666666665,11.0,983.5,0.0,0.0,24,305.28124465402504
2024-04-08,28.004166666666666,19.0,36.8,19.75,1.1500000000000001,2.78125,10.7,984.5500000000001,0.0,2.5833333333333335,24,307.03279869195245
2024-04-09,28.979166666666668,19.9,37.8,18.041666666666668,0.4624999999999999,2.27625,9.8,985.1999999999999,0.0,50.375,24,335.16449368280144
2024-04-10,28.929166666666664,19.8,38.6,21.0,3.1208333333333336,2.225,8.5,985.2375000000001,0.0,13.791666666666666,24,47.28778986236756
2024-04-11,29.983333333333334,22.2,38.0,21.25,4.083333333333333,2.165833333333333,9.0,986.1875,0.0,15.208333333333334,24,83.87756290944293
2024-04-12,30.53333333333333,21.8,38.8,20.916666666666668,4.279166666666667,2.2108333333333334,6.8,985.4125,0.0,62.083333333333336,24,86.19966625942203
2024-04-13,30.866666666666664,25.3,38.5,26.958333333333332,7.870833333333334,3.2550000000000003,9.7,984.8291666666668,1.2,73.125,24,150.18305284984865
2024-04-14,27.545833333333334,22.8,33.8,44.916666666666664,13.987499999999999,2.765416666666667,10.6,987.1958333333333,0.5,91.25,24,4.793468104778469
2024-04-15,28.816666666666666,22.3,36.3,47.666666666666664,15.341666666666667,2.3504166666666664,13.1,986.5416666666666,1.3,95.41666666666667,24,307.2826877065879
2024-04-16,29.86666666666667,23.5,35.7,35.916666666666664,11.7875,4.25875,11.2,985.5083333333333,0.0,59.083333333333336,24,295.1565331774918
2024-04-17,29.291666666666668,22.2,35.3,26.708333333333332,6.4624999999999995,5.388750000000001,14.6,984.2125,0.0,41.333333333333336,24,299.7933760894422
2024-04-18,30.9375,23.7,37.8,24.0,7.6000000000000005,3.1012500000000003,10.1,982.6999999999999,0.0,61.166666666666664,24,293.2118340748606
2024-04-19,31.675,24.6,38.3,29.416666666666668,10.887500000000001,3.2720833333333332,10.2,980.4791666666666,0.0,17.625,24,281.579505295221
2024-04-20,30.058333333333334,22.3,36.7,28.0,8.833333333333334,4.097916666666666,11.3,980.0458333333332,0.0,26.541666666666668,24,304.45405176073024
2024-04-21,30.170833333333334,23.6,36.6,26.958333333333332,8.258333333333333,3.35875,9.4,981.475,0.0,64.125,24,309.7798655293035
2024-04-22,31.120833333333334,24.5,37.0,24.541666666666668,7.466666666666666,3.6962499999999996,12.8,982.1166666666667,0.0,30.416666666666668,24,310.6395649869543
2024-04-23,30.016666666666666,22.6,38.0,25.791666666666668,7.029166666666666,2.7258333333333336,12.2,981.6374999999999,0.0,8.083333333333334,24,306.53463200291964
2024-04-24,29.84583333333333,21.0,36.9,27.75,7.495833333333334,3.26375,11.5,981.725,0.0,0.5416666666666666,24,302.9973376321013
2024-04-25,30.0,21.5,38.3,24.416666666666668,6.270833333333333,3.2137499999999997,12.3,981.8666666666667,0.0,4.333333333333333,24,316.5653399126868
2024-04-26,32.233333333333334,23.4,39.2,22.625,7.3875,2.94125,16.0,980.8333333333334,0.0,21.458333333333332,24,247.76906818577828
2024-04-27,32.0375,26.0,37.9,27.041666666666668,9.612499999999999,4.31125,11.8,981.4499999999999,0.0,41.0,24,283.9488973799434
2024-04-28,30.59166666666667,22.7,37.5,27.916666666666668,8.5875,2.73,9.8,982.6125000000001,0.0,63.416666666666664,24,328.5986729133001
2024-04-29,30.84583333333333,23.6,38.1,25.958333333333332,8.387500000000001,3.25625,11.7,981.9208333333332,0.0,28.083333333333332,24,322.8236794778225
2024-04-30,29.758333333333336,23.3,36.2,25.125,5.633333333333333,3.5620833333333333,10.0,980.8958333333334,0.0,0.0,24,303.7985749235195
2024-05-01,26.912499999999998,20.5,32.7,22.333333333333332,2.4250000000000003,4.585833333333333,12.7,979.2125,0.0,0.0,24,314.02855757229827
2024-05-02,27.650000000000002,19.3,35.0,26.125,5.4875,3.70125,10.8,980.3333333333334,0.0,20.416666666666668,24,307.6567374480692
2024-05-03,30.183333333333334,20.7,38.1,22.166666666666668,4.854166666666667,3.7829166666666665,12.8,981.0583333333334,0.0,69.54166666666667,24,299.4823924644655
2024-05-04,33.0,26.5,40.6,18.791666666666668,5.0125,3.1283333333333334,9.6,980.8458333333333,0.0,43.541666666666664,24,301.3704935754052
2024-05-05,33.27916666666667,25.0,40.9,19.958333333333332,6.2749999999999995,3.404583333333333,10.2,977.3291666666668,0.0,4.416666666666667,24,305.5094365155773
2024-05-06,33.80416666666667,26.0,40.6,21.541666666666668,8.0875,3.74625,12.4,979.2333333333332,0.0,6.416666666666667,24,306.2883082440013
2024-05-07,34.06666666666667,26.2,41.4,24.666666666666668,9.85,2.49375,8.4,980.7708333333334,0.0,6.041666666666667,24,25.490031734852266
2024-05-08,32.729166666666664,27.0,39.7,39.0,15.995833333333332,3.765416666666667,10.8,981.35,0.0,16.125,24,111.3224140038036
2024-05-09,32.52916666666667,26.2,39.6,36.708333333333336,14.991666666666667,3.8874999999999997,12.5,980.6791666666667,0.0,5.833333333333333,24,106.07935194278303
2024-05-10,32.12083333333333,26.0,39.5,43.291666666666664,17.595833333333335,3.1483333333333334,12.4,981.4958333333334,1.1,22.541666666666668,24,105.99452298935523
2024-05-11,31.891666666666666,26.0,38.8,42.458333333333336,16.4875,2.525,10.4,983.2624999999999,0.1,28.791666666666668,24,3.4560342940463897
2024-05-12,32.300000000000004,27.5,37.8,37.708333333333336,15.466666666666667,2.855,10.3,983.3083333333334,0.1,26.041666666666668,24,19.56914402474206
2024-05-13,33.016666666666666,27.2,40.3,29.416666666666668,11.112499999999999,2.485,7.7,983.4708333333333,0.0,32.208333333333336,24,335.2156519432859
2024-05-14,32.78333333333334,24.6,40.7,20.5,6.1125,2.9195833333333336,11.2,983.7666666666668,0.0,10.375,24,315.88346624147954
2024-05-15,34.18333333333333,25.4,42.3,19.458333333333332,5.754166666666666,2.80875,9.6,983.3916666666668,0.0,0.0,24,315.97696700596816
2024-05-16,34.56666666666667,26.5,42.7,18.166666666666668,6.1000000000000005,2.5116666666666667,10.1,982.7958333333332,0.0,0.125,24,339.04460734909003
2024-05-17,36.354166666666664,28.1,44.0,17.625,6.741666666666667,2.918333333333333,8.9,980.0208333333334,0.0,8.416666666666666,24,303.14345846169545
2024-05-18,36.979166666666664,27.1,44.0,19.25,8.183333333333334,3.4783333333333335,13.5,977.4833333333332,0.0,6.041666666666667,24,294.793661861259
2024-05-19,36.737500000000004,27.7,44.9,16.875,6.625,3.4895833333333335,13.5,975.9666666666667,0.0,3.4166666666666665,24,299.7887612875767
2024-05-20,36.4125,29.1,43.6,18.833333333333332,8.108333333333333,3.2395833333333335,17.0,976.8000000000001,0.0,32.625,24,304.0275421247471
2024-05-21,35.199999999999996,29.1,42.6,27.625,13.108333333333334,2.785833333333333,8.3,977.5291666666667,0.0,2.0416666666666665,24,89.6374817813703
2024-05-22,35.229166666666664,29.8,41.1,35.916666666666664,17.479166666666668,4.10625,12.8,977.9708333333333,0.3,5.083333333333333,24,107.61908062980064
2024-05-23,35.71666666666667,30.5,41.1,35.625,17.429166666666667,3.922083333333333,11.6,977.3249999999999,0.0,6.833333333333333,24,125.44948120474953
2024-05-24,35.641666666666666,30.4,40.9,35.583333333333336,17.491666666666667,3.4912500000000004,11.2,977.3041666666667,0.0,3.125,24,111.47948816003606
2024-05-25,37.454166666666666,30.6,44.4,27.375,13.795833333333334,3.4625,13.1,975.3958333333334,0.0,5.708333333333333,24,310.61382115420577
2024-05-26,38.15,29.5,46.0,17.375,8.1,3.45125,12.8,973.625,0.0,0.0,24,332.70639905135954
2024-05-27,38.1875,30.2,45.7,17.5,7.575,3.1304166666666666,11.5,971.0749999999999,0.0,1.875,24,330.5375038528106
2024-05-28,37.30416666666667,28.9,45.8,13.708333333333334,3.6208333333333336,2.4975,9.5,969.3458333333333,0.0,0.0,24,317.1764867144216
2024-05-29,38.61666666666667,31.1,45.7,17.875,8.979166666666666,3.0345833333333334,9.8,970.4875000000001,0.0,15.083333333333334,24,272.21290461977446
2024-05-30,39.22083333333333,33.0,45.8,16.041666666666668,5.829166666666667,4.39125,12.6,973.6791666666667,0.0,8.25,24,276.1011169466734
2024-05-31,37.59166666666667,28.5,45.9,11.916666666666666,2.220833333333333,3.5933333333333333,12.3,975.2916666666666,0.0,5.375,24,295.5063117334066
2024-06-01,37.42916666666667,31.3,44.0,17.0,7.55,4.33875,12.4,976.8291666666668,0.0,60.083333333333336,24,283.1515437765521
2024-06-02,36.37916666666667,30.5,41.4,24.958333333333332,12.170833333333334,3.0941666666666667,9.7,978.275,0.0,37.125,24,292.70249258801346
2024-06-03,36.90416666666667,29.6,44.4,24.75,11.254166666666668,3.973333333333333,11.7,977.0583333333334,0.0,7.041666666666667,24,283.89415009584826
2024-06-04,36.9,30.9,43.1,18.875,9.041666666666666,3.2870833333333334,12.3,976.6833333333334,0.0,7.75,24,277.7509247940361
2024-06-05,36.6625,30.2,41.7,23.416666666666668,12.104166666666666,4.477083333333334,14.8,977.8291666666668,0.0,18.833333333333332,24,289.4604691865417
2024-06-06,35.00833333333333,28.2,40.8,28.375,13.254166666666668,3.4275,9.9,980.0375,0.0,3.8333333333333335,24,308.4324707595257
2024-06-07,35.204166666666666,28.9,42.2,30.125,14.1625,4.17375,12.9,977.8625000000001,0.0,7.375,24,295.8841405050757
2024-06-08,34.75,28.3,40.2,27.416666666666668,12.470833333333333,4.282916666666667,13.4,977.0166666666668,0.0,14.833333333333334,24,303.81201963950963
2024-06-09,35.0625,28.3,42.2,22.666666666666668,8.9125,3.71625,10.7,976.7416666666667,0.0,0.7083333333333334,24,310.23147791414544
2024-06-10,35.979166666666664,27.9,43.0,18.166666666666668,7.441666666666666,3.7408333333333332,11.7,976.8416666666667,0.0,12.833333333333334,24,291.53945321418587
2024-06-11,36.3125,28.9,43.2,19.0,8.295833333333333,3.1325000000000003,10.7,976.2666666666668,0.0,10.541666666666666,24,289.36756796121773
2024-06-12,36.949999999999996,28.8,44.1,17.5,7.333333333333333,3.3029166666666665,9.9,975.9166666666666,0.0,0.6666666666666666,24,288.3786587413283
2024-06-13,37.65,29.6,44.9,20.041666666666668,9.954166666666667,5.03,14.2,974.9375,0.0,3.9166666666666665,24,282.2954912352055
2024-06-14,37.5,32.8,43.4,27.583333333333332,15.295833333333334,6.182083333333334,15.9,974.5833333333334,0.0,20.5,24,275.1252811479658
2024-06-15,37.725,32.2,43.3,26.833333333333332,14.770833333333334,5.396666666666667,14.6,974.6750000000001,0.0,2.6666666666666665,24,285.79199042003097
2024-06-16,38.37916666666667,32.8,44.1,25.166666666666668,14.479166666666666,5.005833333333333,13.3,975.0166666666668,0.0,3.875,24,283.490067781239
2024-06-17,38.954166666666666,33.7,44.0,24.916666666666668,14.958333333333334,5.361666666666667,14.1,974.9291666666667,0.0,9.041666666666666,24,279.9269973303359
2024-06-18,38.920833333333334,34.5,44.2,24.541666666666668,14.458333333333334,5.57,15.7,972.9250000000001,0.0,5.708333333333333,24,279.478734094793
2024-06-19,37.05833333333333,33.7,41.3,34.958333333333336,18.829166666666666,5.1987499999999995,16.4,971.4541666666668,0.8,28.833333333333332,24,269.079403781819
2024-06-20,34.02916666666667,25.5,39.3,44.75,19.554166666666667,2.2816666666666667,14.0,973.2333333333332,4.9,34.708333333333336,24,218.20517062616224
2024-06-21,32.545833333333334,25.4,38.3,52.791666666666664,21.141666666666666,2.675416666666667,13.2,975.3375,2.1,31.583333333333332,24,330.77736870577735
2024-06-22,33.6875,29.9,38.5,50.583333333333336,21.6875,2.0745833333333334,8.2,975.2125,0.0,45.708333333333336,24,29.888667083449434
2024-06-23,34.550000000000004,30.2,39.5,50.958333333333336,22.570833333333336,2.8441666666666667,8.9,975.7958333333332,0.30000000000000004,28.416666666666668,24,95.91321067942681
2024-06-24,34.1625,31.0,39.5,53.583333333333336,23.083333333333332,2.2133333333333334,10.0,974.6374999999999,1.7,38.166666666666664,24,95.72744405539112
2024-06-25,32.895833333333336,29.8,36.6,62.416666666666664,24.53333333333333,2.214166666666667,8.8,973.7333333333332,4.0,71.25,24,122.2345594625395
2024-06-26,30.983333333333334,26.8,34.3,73.33333333333333,25.4375,3.0179166666666664,8.6,974.2833333333333,23.299999999999997,94.25,24,105.9787758429951
2024-06-27,28.34583333333333,25.4,30.4,83.58333333333333,25.254166666666666,3.7449999999999997,10.0,976.8083333333334,11.5,92.125,24,107.72631505111269
2024-06-28,27.804166666666664,25.6,30.6,85.33333333333333,25.0125,2.39375,8.0,975.9666666666667,20.900000000000002,76.58333333333333,24,127.26392509324273
2024-06-29,29.3,26.5,32.9,80.04166666666667,25.425,1.97375,7.6,974.5458333333332,18.9,55.583333333333336,24,195.64406500913444
2024-06-30,30.766666666666666,26.8,34.8,74.41666666666667,25.5125,1.7679166666666666,7.5,973.7666666666668,11.9,39.458333333333336,24,304.7603472859049
2024-07-01,30.125,25.9,34.1,78.66666666666667,25.833333333333332,1.96875,7.5,971.65,11.5,75.16666666666667,24,274.9419665379138
2024-07-02,29.28333333333333,26.4,33.6,83.625,26.1375,2.106666666666667,7.0,970.7416666666667,14.1,99.45833333333333,24,178.54279662430758
2024-07-03,29.34166666666667,26.0,32.9,83.08333333333333,26.016666666666666,2.3229166666666665,8.4,973.1166666666667,2.5,100.0,24,148.48927106132578
2024-07-04,28.05,25.5,31.6,83.125,24.754166666666666,2.1666666666666665,6.5,975.2916666666666,7.3,99.25,24,83.75800204366357
2024-07-05,27.84583333333333,26.2,30.4,84.54166666666667,24.95,2.66125,7.6,972.5166666666668,0.7,99.75,24,69.64959907361111
2024-07-06,28.579166666666666,26.0,33.0,80.375,24.72083333333333,2.5083333333333333,8.2,971.3375,1.0,91.375,24,67.51482623192487
2024-07-07,28.6125,25.6,33.5,76.29166666666667,23.741666666666664,1.87625,8.3,974.4,0.1,84.08333333333333,24,67.19516491994051
2024-07-08,28.912499999999998,25.3,33.2,75.95833333333333,23.995833333333334,2.1220833333333333,6.6,977.4375,0.0,64.0,24,33.841810020744106
2024-07-09,29.504166666666666,26.2,32.4,79.91666666666667,25.616666666666664,1.79375,8.1,978.3625000000001,4.9,36.583333333333336,24,97.04301299318553
2024-07-10,30.379166666666666,26.5,34.1,79.08333333333333,26.179166666666664,1.7158333333333333,7.0,978.2125,11.3,78.83333333333333,24,161.4439464399726
2024-07-11,31.254166666666666,26.8,36.4,76.0,26.183333333333334,2.5587500000000003,12.4,974.1291666666666,3.9000000000000004,76.91666666666667,24,229.61241490400485
2024-07-12,30.3125,27.0,35.3,74.375,25.09583333333333,2.567083333333333,12.9,972.375,0.5,56.125,24,266.2632358899095
2024-07-13,29.962500000000002,25.2,34.3,77.25,25.22083333333333,1.5229166666666665,7.2,973.2375000000001,12.4,18.541666666666668,24,323.72204627387083
2024-07-14,31.129166666666666,27.0,34.9,72.375,25.28333333333333,1.3020833333333333,5.3,973.1374999999999,0.30000000000000004,13.916666666666666,24,89.94521301634535
2024-07-15,30.241666666666664,25.5,33.2,75.70833333333333,25.3625,3.1454166666666663,12.4,975.7624999999999,3.0,64.91666666666667,24,89.59129799076891
2024-07-16,30.775000000000002,25.6,34.3,77.125,26.083333333333332,2.9591666666666665,8.6,976.3958333333334,17.0,52.833333333333336,24,97.63463638809213
2024-07-17,31.270833333333332,28.2,34.7,75.29166666666667,26.224999999999998,2.9441666666666664,8.0,976.2166666666667,0.2,27.958333333333332,24,102.349797702344
2024-07-18,31.233333333333334,27.7,34.7,75.91666666666667,26.287499999999998,2.1083333333333334,6.6,974.9333333333334,2.0,80.75,24,117.29384777322161
2024-07-19,30.575,27.3,34.4,77.04166666666667,25.858333333333334,2.151666666666667,5.9,973.7624999999999,0.9,71.54166666666667,24,112.85402912834076
2024-07-20,31.025000000000002,27.1,35.1,75.08333333333333,25.837500000000002,2.3074999999999997,6.4,974.5083333333333,0.2,45.708333333333336,24,117.42172972453523
2024-07-21,31.108333333333334,27.2,34.8,78.04166666666667,26.683333333333334,2.70125,9.7,974.4875000000001,1.9,41.0,24,117.8670257526071
2024-07-22,30.96666666666667,27.8,34.6,78.04166666666667,26.47083333333333,2.32125,6.4,974.6625,5.0,91.125,24,116.34290059744467
2024-07-23,30.395833333333332,27.0,34.8,80.375,26.40833333333333,1.5441666666666667,7.3,973.6791666666667,4.3,65.79166666666667,24,101.65409132120794
2024-07-24,29.566666666666666,26.4,33.7,82.20833333333333,26.045833333333334,1.4479166666666667,6.4,970.4625,6.9,74.66666666666667,24,91.23854675196719
2024-07-25,30.854166666666668,27.2,34.7,76.16666666666667,26.0,1.2920833333333333,5.4,969.5875,0.6,81.20833333333333,24,36.258876153339315
2024-07-26,29.895833333333332,27.4,33.0,81.125,26.162499999999998,1.8666666666666665,6.4,971.3833333333333,10.2,98.25,24,41.306506946592435
2024-07-27,30.5125,28.0,34.0,80.79166666666667,26.745833333333334,1.6183333333333334,8.8,973.5458333333332,4.5,84.125,24,82.67417004890615
2024-07-28,31.458333333333332,28.6,35.1,76.91666666666667,26.704166666666666,2.5391666666666666,11.7,973.725,6.0,39.083333333333336,24,97.86334201137936
2024-07-29,31.8125,28.3,35.7,72.54166666666667,26.083333333333332,3.296666666666667,8.9,973.7375000000001,0.30000000000000004,52.0,24,106.5996932620235
2024-07-30,32.800000000000004,29.0,36.4,69.79166666666667,26.337500000000002,3.0229166666666667,7.9,975.0333333333333,0.1,59.541666666666664,24,129.61056578085078
2024-07-31,31.045833333333334,26.5,37.1,78.25,26.483333333333334,1.9979166666666668,11.4,975.0,116.0,99.58333333333333,24,199.12636996543662
2024-08-01,28.179166666666664,25.5,31.2,85.16666666666667,25.3125,1.8133333333333332,9.7,974.6625,34.7,98.83333333333333,24,157.6208089944048
2024-08-02,28.429166666666664,25.5,32.2,83.25,25.204166666666666,3.0691666666666664,10.3,973.5625,3.0,82.33333333333333,24,115.29586834757981
2024-08-03,28.916666666666668,26.0,32.4,82.45833333333333,25.479166666666668,3.7608333333333337,11.2,975.2624999999999,1.9000000000000001,44.875,24,123.23572889757588
2024-08-04,29.712500000000002,26.9,33.5,74.08333333333333,24.420833333333334,4.799166666666667,14.4,976.8125,0.1,36.833333333333336,24,90.50169271218573
2024-08-05,29.037499999999998,26.4,32.6,76.5,24.337500000000002,6.110833333333333,14.7,976.3666666666667,1.2000000000000002,54.791666666666664,24,111.62697707683117
2024-08-06,29.004166666666666,26.4,31.8,76.29166666666667,24.320833333333336,3.1366666666666667,8.0,975.4291666666667,0.1,70.125,24,178.1482802596512
2024-08-07,27.3125,25.5,30.1,86.0,24.71666666666667,1.9833333333333334,6.0,976.4833333333332,16.400000000000002,97.66666666666667,24,209.26752208232352
2024-08-08,27.570833333333336,25.5,31.5,87.08333333333333,25.120833333333334,2.07375,6.7,977.9125,10.8,82.41666666666667,24,132.8309763096898
2024-08-09,27.775000000000002,25.3,31.8,86.70833333333333,25.245833333333334,1.6529166666666668,5.8,979.0083333333333,30.799999999999997,98.79166666666667,24,100.6521997897105
2024-08-10,27.6375,24.9,31.3,87.41666666666667,25.208333333333332,1.56375,6.1,978.0625,16.7,99.58333333333333,24,75.13294246190497
2024-08-11,27.316666666666666,25.6,30.9,88.625,25.22083333333333,1.7458333333333333,6.2,976.7458333333334,11.4,99.16666666666667,24,106.4095841414545
2024-08-12,26.770833333333332,25.6,30.0,90.95833333333333,25.133333333333336,2.1158333333333332,7.0,977.6958333333333,10.9,98.20833333333333,24,78.57483384690227
2024-08-13,27.337500000000002,25.2,30.8,89.70833333333333,25.441666666666666,2.5079166666666666,8.3,978.8291666666668,9.1,93.75,24,83.92947171356155
2024-08-14,28.03333333333333,25.9,30.7,89.04166666666667,25.991666666666664,1.875,6.3,979.1625,7.800000000000001,98.16666666666667,24,84.3518827844128
2024-08-15,28.445833333333336,25.9,32.2,87.0,25.941666666666666,2.6266666666666665,7.8,978.0875,10.9,84.54166666666667,24,105.50363473511015
2024-08-16,27.866666666666664,25.5,32.3,87.66666666666667,25.516666666666666,3.0308333333333333,8.6,977.4541666666668,15.0,97.45833333333333,24,113.20581546944493
2024-08-17,28.491666666666664,25.7,31.9,85.83333333333333,25.75,1.6045833333333333,5.8,979.8333333333334,7.7,97.16666666666667,24,353.0667017428155
2024-08-18,29.099999999999998,26.2,32.7,82.79166666666667,25.766666666666666,2.410833333333333,8.3,980.6,2.3,63.083333333333336,24,281.1805478291293
2024-08-19,29.070833333333336,26.2,32.7,81.66666666666667,25.47083333333333,2.1054166666666667,8.8,979.6208333333334,1.6,87.25,24,283.6378369051133
2024-08-20,28.204166666666666,26.4,31.6,85.5,25.462500000000002,1.3820833333333333,8.4,979.6875,4.3,97.375,24,230.9011182044237
2024-08-21,28.379166666666666,25.1,32.0,85.66666666666667,25.59583333333333,1.235,5.8,980.775,5.4,90.125,24,123.31822000376854
2024-08-22,28.254166666666666,24.7,32.8,85.875,25.558333333333334,1.3645833333333333,7.3,979.8208333333333,7.0,66.33333333333333,24,255.54808231875654
2024-08-23,27.412499999999998,24.9,30.7,86.33333333333333,24.8,1.4829166666666669,6.1,980.2708333333334,0.8999999999999999,73.75,24,76.96902819404204
2024-08-24,28.3125,25.3,31.5,84.45833333333333,25.329166666666666,1.6600000000000001,9.0,979.7916666666666,8.8,70.875,24,50.212459676334674
2024-08-25,28.77916666666667,24.9,32.2,79.20833333333333,24.666666666666668,4.59625,12.5,977.6166666666667,15.2,44.875,24,87.8110014569179
2024-08-26,28.1875,26.0,31.6,82.54166666666667,24.870833333333334,4.274166666666667,11.7,977.4708333333333,3.8,43.833333333333336,24,99.62435779865672
2024-08-27,27.254166666666666,24.3,31.2,85.33333333333333,24.46666666666667,4.8075,13.6,979.5083333333333,11.1,87.83333333333333,24,113.71002299768776
2024-08-28,26.8625,24.2,30.3,87.375,24.474999999999998,2.828333333333333,8.7,979.3708333333334,7.9,91.125,24,120.421531878449
2024-08-29,26.933333333333334,24.4,30.9,87.29166666666667,24.4875,2.89625,10.1,979.4291666666667,19.5,80.54166666666667,24,124.3742484776107
2024-08-30,27.525000000000002,25.0,31.3,88.20833333333333,25.287499999999998,1.5783333333333331,6.2,981.3958333333334,7.5,52.625,24,94.602615325925
2024-08-31,29.245833333333334,25.6,33.3,78.95833333333333,24.954166666666666,2.3375,7.4,980.8125,0.0,22.166666666666668,24,313.57160682657985
2024-09-01,29.645833333333332,25.9,33.5,76.375,24.816666666666666,2.25875,6.3,980.3874999999999,0.1,38.083333333333336,24,326.5061669244263
2024-09-02,28.016666666666666,25.1,31.5,83.875,24.941666666666666,2.8679166666666664,7.7,981.1791666666667,11.700000000000001,82.625,24,109.58430042347112
2024-09-03,27.40833333333333,25.4,31.6,86.66666666666667,24.891666666666666,2.3866666666666667,7.2,981.6208333333334,17.8,65.95833333333333,24,86.8969242697512
2024-09-04,27.2375,24.4,30.8,86.625,24.691666666666666,1.6395833333333334,6.2,979.5083333333333,0.9000000000000001,86.91666666666667,24,320.2732292501941
2024-09-05,27.566666666666666,24.8,31.6,84.16666666666667,24.40416666666667,0.9820833333333333,7.8,977.6041666666666,2.9,39.875,24,282.4693661818866
2024-09-06,26.512500000000003,24.2,30.6,89.33333333333333,24.5125,1.96,7.4,979.1999999999999,14.7,79.625,24,108.15476660682742
2024-09-07,26.84583333333333,24.1,30.4,88.08333333333333,24.558333333333334,1.39625,5.5,980.2916666666666,23.6,94.0,24,109.66465742111262
2024-09-08,27.641666666666666,24.4,31.3,86.91666666666667,25.162499999999998,1.43625,6.1,979.9083333333333,14.1,96.75,24,312.6603494863516
2024-09-09,28.445833333333336,25.2,32.7,81.625,24.729166666666668,1.7275,5.9,977.8416666666667,3.4,55.208333333333336,24,320.6093717099017
2024-09-10,27.25,24.9,30.7,88.91666666666667,25.212500000000002,0.9979166666666667,6.4,977.4375,11.8,86.16666666666667,24,69.21799246060829
2024-09-11,27.504166666666666,25.0,31.7,89.41666666666667,25.5,2.0275000000000003,8.4,977.0208333333334,26.7,74.75,24,356.13719149338885
2024-09-12,25.40833333333333,23.9,27.2,91.5,23.920833333333334,4.693333333333333,12.2,975.3249999999999,100.8,96.91666666666667,24,7.4262768978748
2024-09-13,25.420833333333334,23.3,30.0,89.375,23.495833333333334,3.87375,12.4,976.2666666666668,54.7,83.08333333333333,24,285.79045350339504
2024-09-14,25.991666666666664,22.6,29.9,83.83333333333333,22.900000000000002,2.8070833333333334,10.1,978.7041666666668,4.7,47.208333333333336,24,293.87918763598424
2024-09-15,26.412499999999998,22.5,31.2,79.29166666666667,22.304166666666664,3.1129166666666666,10.2,979.2333333333332,0.1,14.875,24,290.34575906200143
2024-09-16,27.22083333333333,23.7,32.1,72.54166666666667,21.620833333333334,3.3200000000000003,9.3,980.5833333333334,0.0,3.7083333333333335,24,288.69649689191976
2024-09-17,27.629166666666666,23.9,31.5,74.08333333333333,22.412499999999998,1.96875,6.4,981.9625,0.0,61.708333333333336,24,302.6394475812591
2024-09-18,24.958333333333332,22.8,27.7,86.08333333333333,22.420833333333334,2.966666666666667,8.6,980.9458333333333,62.7,99.29166666666667,24,35.04739439706333
2024-09-19,26.229166666666668,22.8,29.8,85.5,23.458333333333332,3.139583333333333,10.2,980.7833333333333,3.7,59.208333333333336,24,87.87313278512624
2024-09-20,27.224999999999998,24.0,31.1,80.41666666666667,23.270833333333332,1.8479166666666667,7.0,981.0583333333334,0.0,28.0,24,134.41229960648195
2024-09-21,27.891666666666666,24.8,31.6,79.25,23.791666666666668,1.3108333333333333,5.7,982.2708333333334,0.2,45.416666666666664,24,188.16245564394114
2024-09-22,29.02916666666667,25.3,33.1,77.125,24.445833333333336,1.585,4.9,981.6875,0.0,26.833333333333332,24,305.08647859502327
2024-09-23,28.95,25.1,33.3,78.33333333333333,24.59583333333333,1.8558333333333332,5.6,981.1,0.0,1.3333333333333333,24,295.3759025752943
2024-09-24,29.354166666666668,25.2,33.6,77.125,24.65833333333333,1.0579166666666666,3.1,980.0749999999999,0.0,6.833333333333333,24,229.50576221650127
2024-09-25,29.008333333333336,26.4,33.0,81.45833333333333,25.3875,2.94375,7.7,980.375,0.4,50.375,24,119.39478476883585
2024-09-26,27.95,25.3,31.4,81.70833333333333,24.400000000000002,2.9591666666666665,7.2,980.4333333333334,0.4,85.95833333333333,24,115.54411375544856
2024-09-27,27.316666666666666,24.8,30.9,79.66666666666667,23.395833333333332,2.9104166666666664,8.8,980.0625,0.8,30.666666666666668,24,95.26233934151992
2024-09-28,26.3125,23.1,30.5,81.29166666666667,22.666666666666668,2.1929166666666666,6.6,981.9,0.0,72.5,24,74.36972783690959
2024-09-29,26.383333333333336,22.6,30.7,83.16666666666667,23.09583333333333,1.8816666666666666,5.9,984.5333333333333,0.30000000000000004,61.375,24,58.62351787644786
2024-09-30,27.7625,23.5,32.7,77.45833333333333,23.141666666666666,2.359583333333333,8.1,983.6291666666666,0.0,29.458333333333332,24,287.62790869130373
2024-10-01,28.337500000000002,24.0,33.2,76.33333333333333,23.4875,2.379583333333333,7.8,980.8916666666668,0.0,1.0,24,283.2557686841975
2024-10-02,28.9375,24.7,34.6,72.58333333333333,23.070833333333336,2.5920833333333335,9.1,980.2833333333333,0.0,0.041666666666666664,24,270.5728749211162
2024-10-03,28.616666666666664,24.5,33.9,65.95833333333333,21.3125,2.9299999999999997,9.6,979.8208333333333,0.0,0.0,24,284.033573781001
2024-10-04,28.3625,23.8,33.5,68.0,21.6125,2.44875,7.5,980.9958333333334,0.0,0.2916666666666667,24,268.5380840264873
2024-10-05,28.395833333333332,24.2,33.6,66.16666666666667,21.2,2.768333333333333,9.3,983.1374999999999,0.0,7.291666666666667,24,272.3904419158464
2024-10-06,27.795833333333334,23.7,33.6,65.41666666666667,20.391666666666666,2.5124999999999997,7.8,986.3041666666667,0.0,5.041666666666667,24,306.2873600099304
2024-10-07,26.708333333333332,21.9,32.4,71.04166666666667,20.641666666666666,1.8958333333333333,5.9,988.2624999999999,0.0,0.0,24,317.61713556115376
2024-10-08,27.004166666666666,22.2,32.5,69.875,20.525000000000002,1.9770833333333335,5.8,987.7125,0.0,0.9583333333333334,24,333.9870636369161
2024-10-09,26.525000000000002,20.6,32.2,65.25,18.970833333333335,2.0383333333333336,7.4,985.775,0.0,1.5416666666666667,24,300.9845821686718
2024-10-10,26.15833333333333,21.0,32.3,60.291666666666664,17.25,2.66125,7.4,985.0124999999999,0.0,7.791666666666667,24,299.20057875193265
2024-10-11,25.041666666666668,19.1,31.7,56.375,15.2875,2.567083333333333,7.7,985.1208333333334,0.0,4.583333333333333,24,282.3641408777158
2024-10-12,25.308333333333334,19.1,32.0,61.166666666666664,16.595833333333335,2.2204166666666665,6.3,985.6999999999999,0.0,0.125,24,279.51712921270405
2024-10-13,25.979166666666668,19.7,32.1,56.625,15.954166666666666,1.77625,5.0,986.5958333333333,0.0,24.75,24,303.44799651659787
2024-10-14,25.6875,20.5,31.8,55.416666666666664,15.483333333333334,1.73625,5.8,987.0791666666668,0.0,5.125,24,312.54918129398015
2024-10-15,25.183333333333334,19.4,31.9,56.708333333333336,15.520833333333334,2.521666666666667,7.1,986.1875,0.0,0.0,24,283.6409689786228
2024-10-16,25.72083333333333,19.6,32.4,57.5,16.1375,1.8591666666666666,5.1,985.1708333333332,0.0,52.625,24,260.2206146500401
2024-10-17,26.291666666666668,20.6,32.8,62.916666666666664,18.125,1.6845833333333333,4.5,985.75,0.0,32.708333333333336,24,104.15394340484414
2024-10-18,26.141666666666666,20.1,33.4,65.0,18.229166666666668,1.7620833333333332,4.0,985.65,0.0,0.0,24,136.32483227693268
2024-10-19,26.879166666666666,21.0,33.7,63.166666666666664,18.604166666666668,1.6008333333333333,4.9,985.9541666666668,0.0,0.8333333333333334,24,177.71120857875258
2024-10-20,26.4875,20.2,33.0,67.66666666666667,19.2625,1.8970833333333335,6.5,987.2666666666668,0.0,3.625,24,93.70276060877478
2024-10-21,25.6375,20.0,32.3,70.45833333333333,19.229166666666668,1.7991666666666666,5.4,987.8541666666666,0.0,0.2916666666666667,24,63.44223059779932
2024-10-22,25.575,20.1,31.5,67.54166666666667,18.525000000000002,2.0116666666666667,5.6,988.8333333333334,0.0,0.08333333333333333,24,41.32726819213269
2024-10-23,26.075,20.1,32.1,61.291666666666664,17.270833333333332,2.785,9.2,988.1791666666667,0.0,0.6666666666666666,24,312.2126485374703
2024-10-24,25.504166666666666,20.2,32.6,59.458333333333336,16.654166666666665,3.030416666666667,8.3,986.8708333333334,0.0,0.0,24,309.33293889335624
2024-10-25,25.008333333333336,19.1,32.1,60.666666666666664,16.433333333333334,2.88875,9.3,986.1333333333333,0.0,0.0,24,301.5984624738601
2024-10-26,24.65416666666667,19.0,31.6,65.95833333333333,17.325,2.4366666666666665,7.3,986.0541666666667,0.0,0.0,24,337.66145560431784
2024-10-27,25.166666666666668,20.4,31.1,73.75,19.641666666666666,1.8237499999999998,5.8,985.3375,0.0,0.041666666666666664,24,114.50845777253915
2024-10-28,25.695833333333336,21.0,31.4,71.0,19.541666666666668,2.0795833333333333,6.8,984.0958333333333,0.0,0.0,24,154.35565102783073
2024-10-29,26.425,20.6,32.9,70.08333333333333,19.929166666666667,1.8283333333333334,5.7,984.4708333333333,0.0,0.0,24,158.8369126462859
2024-10-30,27.037499999999998,21.3,34.3,64.66666666666667,18.808333333333334,2.1041666666666665,6.3,985.1750000000001,0.0,0.4166666666666667,24,329.9065388144695
2024-10-31,26.104166666666668,20.8,32.8,62.916666666666664,17.654166666666665,3.0549999999999997,9.6,986.8125,0.0,0.041666666666666664,24,294.61129331206826
2024-11-01,24.879166666666666,19.3,32.0,52.666666666666664,13.737499999999999,3.3083333333333336,9.4,987.5916666666667,0.0,0.0,24,292.98036564890657
2024-11-02,24.445833333333336,17.7,31.7,53.791666666666664,13.920833333333334,1.9654166666666668,5.6,988.6875,0.0,0.0,24,292.96957225800503
2024-11-03,24.400000000000002,18.2,31.3,54.25,13.604166666666666,1.82,5.4,989.5749999999999,0.0,0.0,24,31.28881647919195
2024-11-04,23.758333333333336,17.5,30.4,61.833333333333336,15.420833333333334,1.8683333333333332,5.0,988.1708333333332,0.0,0.0,24,296.4917533155892
2024-11-05,23.4375,18.1,29.4,71.0,17.433333333333334,1.7874999999999999,4.8,990.0958333333333,0.0,0.5416666666666666,24,86.3154615988372
2024-11-06,23.97083333333333,18.1,30.2,67.33333333333333,16.933333333333334,1.5470833333333334,5.1,990.4083333333333,0.0,0.041666666666666664,24,296.3689223989345
2024-11-07,24.22083333333333,19.0,30.1,66.625,17.095833333333335,1.5904166666666668,4.6,989.5875,0.0,0.0,24,147.01699672998552
2024-11-08,24.65833333333333,19.0,30.3,66.29166666666667,17.5125,1.505,4.6,989.3916666666668,0.0,1.75,24,145.76871469516078
2024-11-09,24.5625,19.7,30.6,67.58333333333333,17.620833333333334,2.169166666666667,6.8,989.6,0.0,1.7916666666666667,24,145.31325959842218
2024-11-10,24.316666666666666,19.3,30.2,69.375,17.912499999999998,1.8066666666666666,5.1,989.5041666666666,0.0,0.2916666666666667,24,109.54126894844921
2024-11-11,23.8875,18.5,29.8,74.41666666666667,18.529166666666665,1.68875,5.0,989.4166666666666,0.0,1.1666666666666667,24,77.40159466308847
2024-11-12,24.958333333333332,19.0,31.2,60.041666666666664,15.241666666666667,2.058333333333333,8.0,988.9583333333334,0.0,0.0,24,259.5229645439057
2024-11-13,24.083333333333332,18.8,30.0,56.125,14.041666666666666,1.53,8.1,988.1291666666666,0.0,0.0,24,298.94740830355016
2024-11-14,24.09583333333333,19.0,30.0,55.416666666666664,13.6625,0.9041666666666667,7.1,990.1208333333334,0.0,0.08333333333333333,24,303.65485995895665
2024-11-15,23.775000000000002,18.7,29.0,51.166666666666664,12.295833333333334,1.6545833333333333,8.8,989.5375,0.0,0.041666666666666664,24,299.5151288853644
2024-11-16,23.3,17.6,28.8,55.541666666666664,13.075000000000001,1.5404166666666665,8.0,988.5625,0.0,1.1666666666666667,24,297.80919356356696
2024-11-17,22.945833333333336,18.0,28.5,57.916666666666664,13.679166666666667,1.3625,7.0,989.1416666666668,0.0,1.25,24,297.0580803211245
2024-11-18,20.837500000000002,15.9,26.4,59.625,12.0,1.50875,6.5,990.6999999999999,0.0,0.5833333333333334,24,291.6404631149659
2024-11-19,20.104166666666668,14.2,25.9,51.291666666666664,8.875,1.6066666666666667,7.3,991.6666666666666,0.0,0.0,24,289.329219684809
2024-11-20,19.787499999999998,13.6,25.9,49.541666666666664,8.133333333333335,1.5358333333333334,7.0,990.6041666666666,0.0,0.0,24,288.39114300679364
2024-11-21,19.779166666666665,13.6,25.8,50.5,8.558333333333334,1.49875,6.7,990.1333333333333,0.0,0.0,24,288.67518362623406
2024-11-22,20.341666666666665,14.0,26.3,53.875,10.058333333333334,1.2758333333333334,6.3,989.8791666666666,0.0,0.0,24,292.4749658470892
2024-11-23,20.908333333333335,14.1,27.5,51.333333333333336,9.429166666666667,1.1758333333333333,5.9,990.3708333333334,0.0,0.08333333333333333,24,248.84938858121933
2024-11-24,21.474999999999998,15.7,27.7,48.166666666666664,9.370833333333334,2.0520833333333335,8.2,990.2125,0.0,0.041666666666666664,24,271.1551449276994
2024-11-25,20.599999999999998,15.1,25.9,57.291666666666664,11.416666666666666,2.1279166666666667,8.6,990.2291666666666,0.0,0.0,24,285.6927003663607
2024-11-26,19.6875,13.9,25.6,55.75,9.737499999999999,1.7983333333333331,7.9,990.3541666666666,0.0,0.0,24,286.31329153216006
2024-11-27,19.770833333333332,13.6,26.0,49.041666666666664,7.920833333333333,1.2054166666666666,6.6,989.8833333333333,0.0,0.0,24,299.8004847259755
2024-11-28,19.470833333333335,12.8,25.5,50.25,8.016666666666667,0.9408333333333334,5.7,991.4416666666666,0.0,0.041666666666666664,24,333.5217777227079
2024-11-29,18.945833333333333,12.5,24.6,58.958333333333336,10.120833333333334,0.6629166666666667,4.6,992.0583333333334,0.0,0.0,24,347.307656514275
2024-11-30,18.941666666666666,12.4,24.9,60.0,10.229166666666666,1.1966666666666665,6.1,990.25,0.0,0.0,24,306.5855749870829
2024-12-01,19.370833333333334,14.0,24.8,61.458333333333336,11.183333333333332,1.3379166666666666,6.2,988.4666666666667,0.0,0.0,24,300.49494952890586
2024-12-02,19.5,13.3,25.8,58.375,10.266666666666667,1.3704166666666666,6.3,988.7041666666668,0.0,0.0,24,300.04432321553816
2024-12-03,20.141666666666666,13.5,26.5,56.25,10.291666666666666,1.83875,7.6,990.775,0.0,0.0,24,306.91418884752477
2024-12-04,20.095833333333335,15.2,25.6,49.75,8.816666666666666,2.71875,9.8,989.9416666666666,0.0,0.0,24,298.2664901610156
2024-12-05,17.866666666666667,12.0,23.6,44.541666666666664,4.845833333333333,2.2704166666666667,9.0,989.4499999999999,0.0,0.0,24,282.6857449654096
2024-12-06,17.5625,11.3,23.5,46.958333333333336,5.670833333333333,1.99125,8.8,988.3208333333333,0.0,0.25,24,286.48989542515534
2024-12-07,16.900000000000002,9.7,23.1,44.041666666666664,3.4,0.9366666666666666,4.3,987.9041666666667,0.0,0.0,24,283.1768936173196
2024-12-08,16.116666666666667,11.0,22.3,56.166666666666664,6.925,2.280416666666667,9.4,987.6791666666667,1.5,18.625,24,124.14594659755215
2024-12-09,15.345833333333333,10.4,20.2,65.375,8.433333333333334,1.1966666666666665,4.8,989.9916666666667,0.0,0.6666666666666666,24,36.05917106016898
2024-12-10,14.529166666666667,9.8,20.1,52.875,3.795833333333333,2.29625,9.0,991.9958333333334,0.0,0.0,24,304.03024944063975
2024-12-11,13.904166666666667,8.2,20.2,46.708333333333336,2.3125,2.2308333333333334,7.8,991.725,0.0,0.0,24,291.6378733673478
2024-12-12,14.266666666666666,7.7,20.5,52.125,3.9166666666666665,2.0720833333333335,7.6,991.125,0.0,0.0,24,298.94972951880493
2024-12-13,14.85,9.2,20.6,47.708333333333336,3.1791666666666667,3.3120833333333333,10.6,992.3416666666667,0.0,1.4583333333333333,24,295.9543965417648
2024-12-14,14.674999999999999,8.6,20.7,44.208333333333336,2.2208333333333337,2.6570833333333335,8.0,992.5375,0.0,0.0,24,287.4801255176934
2024-12-15,14.283333333333333,7.3,21.1,51.5,3.6374999999999997,1.2204166666666667,4.7,993.7875,0.0,0.0,24,298.38532060258154
2024-12-16,14.183333333333332,7.0,21.0,67.04166666666667,7.558333333333334,0.9379166666666667,4.9,992.1083333333332,0.0,0.08333333333333333,24,314.21979092750007
2024-12-17,14.204166666666666,7.7,20.6,74.0,8.950000000000001,0.78375,4.3,990.7458333333334,0.0,29.541666666666668,24,325.08894661151527
2024-12-18,14.020833333333334,7.6,20.9,69.16666666666667,7.658333333333334,1.1633333333333333,5.1,990.2375000000001,0.0,11.666666666666666,24,279.23911212040167
2024-12-19,14.529166666666667,8.0,20.8,62.541666666666664,6.5625,1.23,6.8,990.3041666666667,0.0,0.0,24,123.32898500017495
2024-12-20,16.25,10.2,23.2,62.25,8.049999999999999,1.1479166666666667,4.5,990.0666666666666,0.0,0.9166666666666666,24,5.408480240831693
2024-12-21,15.491666666666667,9.2,22.1,64.625,8.0,1.3675,5.8,990.5458333333332,0.0,3.4166666666666665,24,319.69882009354086
2024-12-22,16.304166666666667,10.5,22.5,59.541666666666664,7.733333333333333,0.9237500000000001,5.2,990.3666666666667,0.0,30.916666666666668,24,134.02842421881928
2024-12-23,14.491666666666667,11.6,17.6,68.45833333333333,8.700000000000001,1.8691666666666666,7.2,990.4208333333332,1.4,56.25,24,97.78065181799684
2024-12-24,14.695833333333333,11.4,18.7,76.58333333333333,10.441666666666666,1.4854166666666666,5.9,991.7416666666667,0.5,49.291666666666664,24,45.80994095927326
2024-12-25,15.091666666666667,10.8,20.6,77.625,10.783333333333333,1.43625,5.8,993.5208333333334,0.0,5.291666666666667,24,319.0337250853207
2024-12-26,16.108333333333334,9.9,22.6,67.625,9.4125,0.86375,3.9,995.2291666666666,0.0,17.958333333333332,24,349.6491172952481
2024-12-27,15.154166666666667,13.8,17.1,84.33333333333333,12.433333333333332,2.1179166666666664,8.3,993.6708333333332,29.9,86.75,24,64.38287840446776
2024-12-28,14.954166666666666,12.3,18.1,89.33333333333333,13.154166666666667,1.5016666666666667,5.5,993.2833333333333,4.6,62.166666666666664,24,338.4866721488014
2024-12-29,13.729166666666666,10.6,18.3,86.04166666666667,11.275,2.2375000000000003,6.7,995.0333333333333,0.0,15.625,24,306.53515958890875
2024-12-30,12.691666666666668,9.6,18.1,87.25,10.516666666666667,2.11,7.0,994.1708333333332,0.0,20.125,24,290.31842202031066
2024-12-31,11.320833333333333,7.5,16.1,88.79166666666667,9.408333333333333,0.9787499999999999,4.4,995.2375000000001,0.0,41.375,24,296.59757318491074
2025-01-01,11.1625,7.7,16.8,88.875,9.2875,1.6241666666666665,6.7,993.375,0.0,51.666666666666664,24,294.4567147918915
2025-01-02,12.383333333333333,8.5,18.2,85.125,9.779166666666667,1.8491666666666668,6.2,992.6125000000001,0.0,85.375,24,286.70442069410126
2025-01-03,12.845833333333333,8.6,19.6,86.0,10.379166666666666,1.17875,4.2,992.3583333333332,0.0,74.70833333333333,24,285.8594555642945
2025-01-04,13.495833333333332,8.4,21.1,88.83333333333333,11.545833333333334,1.1679166666666667,4.0,990.2958333333332,0.0,27.25,24,126.79541296533597
2025-01-05,12.458333333333334,9.2,18.1,89.70833333333333,10.691666666666668,1.7670833333333331,6.2,990.4291666666667,0.0,32.916666666666664,24,124.12815285485402
2025-01-06,13.025,8.8,18.0,88.875,11.116666666666667,1.3720833333333333,5.8,991.4583333333334,4.9,35.0,24,324.93600622997246
2025-01-07,13.012500000000001,10.2,17.5,88.125,10.983333333333334,2.735416666666667,9.3,992.1416666666668,0.0,35.0,24,295.119019568651
2025-01-08,12.737499999999999,8.7,18.4,75.08333333333333,8.174999999999999,2.44,7.8,990.3166666666666,0.0,0.25,24,282.1830667050609
2025-01-09,12.799999999999999,8.0,18.7,76.70833333333333,8.583333333333334,0.7579166666666667,3.6,992.5666666666666,0.0,3.7083333333333335,24,316.38252014310547
2025-01-10,12.15,7.9,17.9,85.08333333333333,9.483333333333333,1.2375,4.7,994.2333333333332,0.0,12.416666666666666,24,106.22504693522473
2025-01-11,12.204166666666666,8.0,16.8,87.66666666666667,10.1,1.8820833333333333,9.2,992.8458333333333,3.9,66.0,24,103.28054830469813
2025-01-12,13.275,9.8,18.0,87.375,11.095833333333333,1.20625,4.5,993.525,0.1,29.291666666666668,24,68.1615604568043
2025-01-13,13.395833333333334,9.2,19.0,85.625,10.866666666666667,1.89375,5.8,993.1708333333332,0.0,10.166666666666666,24,295.42417521929656
2025-01-14,13.254166666666668,8.7,18.2,82.875,10.254166666666666,1.3008333333333333,4.5,993.5208333333334,0.0,0.041666666666666664,24,300.4990831236237
2025-01-15,13.0625,9.1,18.4,87.16666666666667,10.8125,0.9387500000000001,5.7,994.4333333333334,2.9,61.208333333333336,24,114.9012866462374
2025-01-16,13.9125,11.1,18.0,83.70833333333333,11.029166666666667,1.1833333333333333,5.0,995.4083333333333,0.7,43.666666666666664,24,45.356394874147725
2025-01-17,13.200000000000001,9.2,18.9,80.66666666666667,9.7375,1.9000000000000001,6.5,994.8041666666667,0.0,1.0,24,308.3683209922925
2025-01-18,12.299999999999999,7.8,17.8,86.41666666666667,9.870833333333334,1.15625,5.2,992.9666666666667,0.0,52.083333333333336,24,288.86337420766546
2025-01-19,14.629166666666668,8.9,21.3,85.83333333333333,12.1,0.8791666666666668,4.2,991.7125,0.0,63.083333333333336,24,324.3094560027979
2025-01-20,16.354166666666668,11.7,21.9,83.16666666666667,13.362499999999999,2.0708333333333333,7.2,989.9791666666666,0.0,10.208333333333334,24,287.4039447840629
2025-01-21,15.987499999999999,11.1,21.9,77.95833333333333,11.891666666666666,2.065,6.3,988.8000000000001,0.0,0.16666666666666666,24,289.3394823051184
2025-01-22,16.1875,10.4,22.8,75.25,11.387500000000001,1.2954166666666667,3.8,988.4125,0.0,6.333333333333333,24,304.35945220983825
2025-01-23,16.308333333333334,11.7,21.9,70.54166666666667,10.4375,1.9800000000000002,7.3,990.0375,1.5999999999999999,14.166666666666666,24,306.3251276082675
2025-01-24,14.945833333333333,10.4,20.9,67.04166666666667,8.508333333333335,2.5241666666666664,8.5,990.2125,0.0,0.0,24,286.85572869925346
2025-01-25,14.208333333333334,9.0,20.8,62.666666666666664,6.8374999999999995,2.529166666666667,7.6,989.7624999999999,0.0,0.0,24,273.15177274820223
2025-01-26,14.083333333333334,8.2,21.0,62.041666666666664,6.4375,1.9887499999999998,6.8,989.4166666666666,0.0,0.0,24,275.4567985760294
2025-01-27,14.391666666666666,7.8,21.5,62.0,6.429166666666667,1.95625,7.5,988.1916666666666,0.0,0.0,24,276.85496683964675
2025-01-28,15.304166666666667,8.0,22.9,58.291666666666664,6.2250000000000005,1.5166666666666666,6.0,987.8000000000001,0.0,0.0,24,269.8426230089945
2025-01-29,16.666666666666668,10.2,24.0,63.041666666666664,8.65,2.0033333333333334,7.8,989.2125,0.0,1.2916666666666667,24,117.44816390787429
2025-01-30,17.745833333333334,11.3,24.8,66.33333333333333,10.554166666666667,1.6179166666666667,6.5,986.2416666666667,0.0,0.041666666666666664,24,138.50776941983793
2025-01-31,18.787499999999998,12.1,26.3,65.33333333333333,10.616666666666667,1.1516666666666666,6.5,985.8166666666666,0.0,17.875,24,146.54048411088456
2025-02-01,19.133333333333333,12.7,25.5,63.041666666666664,11.025,1.8170833333333334,9.6,987.9833333333332,0.0,21.416666666666668,24,108.50266613789665
2025-02-02,17.8875,13.7,23.6,70.125,11.704166666666666,1.9779166666666665,8.3,990.2708333333334,0.0,5.916666666666667,24,317.57733041560397
2025-02-03,16.383333333333333,10.8,22.8,66.125,9.220833333333333,1.4033333333333333,5.9,989.4708333333333,1.7,7.833333333333333,24,321.82806054994376
2025-02-04,17.595833333333335,13.0,22.9,70.04166666666667,11.799999999999999,1.0145833333333334,5.1,989.4875000000001,0.7,49.125,24,100.06898498851604
2025-02-05,16.2,11.9,21.4,68.08333333333333,9.379166666666666,1.9708333333333332,8.7,990.4333333333334,0.30000000000000004,5.125,24,303.42863721023025
2025-02-06,15.879166666666668,11.4,21.1,51.416666666666664,5.316666666666666,3.3020833333333335,11.4,991.8916666666668,0.0,3.0833333333333335,24,317.53303599913835
2025-02-07,15.329166666666666,10.6,20.8,52.166666666666664,5.116666666666666,3.5533333333333332,11.7,991.6458333333334,0.0,8.25,24,293.2915550091028
2025-02-08,16.7,11.1,23.3,51.666666666666664,6.2625,2.7754166666666666,9.0,990.35,0.0,32.75,24,291.6488151672427
2025-02-09,17.858333333333334,10.8,25.2,58.625,8.525,1.43625,6.5,989.4708333333333,0.0,3.4583333333333335,24,288.9238772756382
2025-02-10,19.216666666666665,11.7,27.2,59.291666666666664,9.208333333333334,1.2354166666666666,6.4,988.8916666666668,0.0,9.5,24,290.3864131272451
2025-02-11,20.279166666666665,12.3,27.9,60.166666666666664,11.108333333333333,1.2058333333333333,6.9,988.3375,0.0,11.416666666666666,24,315.7674304353762
2025-02-12,19.275000000000002,13.6,25.3,51.375,7.891666666666667,2.8375,11.4,989.4125,0.0,0.25,24,302.9215232271133
2025-02-13,18.325,13.7,23.6,46.791666666666664,6.291666666666667,3.48625,11.0,989.8249999999999,0.0,0.2916666666666667,24,300.6024672781424
2025-02-14,18.5125,12.3,24.6,42.375,5.066666666666666,2.7933333333333334,10.3,987.9833333333332,0.0,16.833333333333332,24,287.1249102069936
2025-02-15,19.9125,13.0,25.6,46.041666666666664,6.995833333333334,1.5175,8.0,985.9125,0.0,27.375,24,26.69828217188399
2025-02-16,20.379166666666666,13.5,26.6,52.25,9.470833333333333,1.1241666666666668,6.1,987.5291666666667,0.0,36.333333333333336,24,2.4860012763855934
2025-02-17,21.670833333333334,16.2,28.8,51.625,9.616666666666667,0.7283333333333334,5.9,990.2125,0.0,33.041666666666664,24,329.31005301244477
2025-02-18,20.962500000000002,16.8,26.4,53.375,10.370833333333334,1.5175,7.3,989.7624999999999,0.0,41.083333333333336,24,297.69788421360977
2025-02-19,20.641666666666666,14.2,27.0,51.166666666666664,9.137500000000001,1.5533333333333335,7.1,988.1291666666666,1.0,76.29166666666667,24,265.40431168886323
2025-02-20,19.020833333333332,15.1,23.7,69.41666666666667,12.954166666666666,3.2424999999999997,11.4,988.9583333333334,7.1,48.916666666666664,24,91.47428537846474
2025-02-21,18.983333333333334,13.7,25.1,71.20833333333333,13.075000000000001,1.60875,7.4,991.8041666666667,0.4,32.0,24,346.89302056226063
2025-02-22,18.337500000000002,13.5,23.9,66.25,11.141666666666666,2.3075,9.0,991.6291666666666,0.0,19.166666666666668,24,298.8235043329012
2025-02-23,18.95,13.3,25.1,61.666666666666664,10.729166666666666,1.5466666666666666,7.2,992.5041666666666,0.0,0.0,24,298.5256228542591
2025-02-24,20.099999999999998,13.3,26.9,56.625,9.85,1.4591666666666667,8.0,993.4083333333333,0.0,22.125,24,308.9290110803209
2025-02-25,21.375,14.4,28.1,53.583333333333336,10.204166666666667,1.1733333333333333,6.0,993.5583333333334,0.0,46.541666666666664,24,307.4151307461907
2025-02-26,23.745833333333334,17.9,30.1,54.708333333333336,13.383333333333333,1.2925,6.5,993.3375,0.0,84.45833333333333,24,170.5582039783593
2025-02-27,21.116666666666667,19.1,23.4,69.66666666666667,15.3125,2.361666666666667,13.4,990.6999999999999,1.0,98.33333333333333,24,68.16847025016341
2025-02-28,20.0625,18.2,23.4,73.41666666666667,15.054166666666667,2.6416666666666666,8.9,987.3291666666668,3.3,73.08333333333333,24,97.50209981261139
2025-03-01,19.525000000000002,15.5,24.1,81.04166666666667,16.054166666666667,2.0633333333333335,8.9,988.4416666666666,7.7,51.833333333333336,24,72.45147029950118
2025-03-02,19.095833333333335,15.4,24.6,67.08333333333333,12.058333333333332,2.05875,9.0,987.6,0.0,0.0,24,318.58301518814926
2025-03-03,19.775000000000002,12.8,26.9,59.041666666666664,10.875,1.4675,6.0,986.5666666666666,0.0,8.833333333333334,24,125.12890255456477
2025-03-04,19.837500000000002,15.6,24.4,60.083333333333336,11.370833333333332,3.032083333333333,10.8,988.1041666666666,0.0,8.5,24,293.65047862105956
2025-03-05,17.783333333333335,12.6,22.8,45.166666666666664,5.095833333333333,4.892916666666667,15.0,989.1666666666666,0.0,0.0,24,300.6792429663358
2025-03-06,19.616666666666667,12.8,26.6,41.375,5.5375000000000005,2.79125,9.9,987.2083333333334,0.0,0.0,24,286.86141192939436
2025-03-07,20.883333333333333,12.5,28.4,43.958333333333336,6.7375,1.4487500000000002,7.7,985.6791666666667,0.0,0.125,24,290.2343263690884
2025-03-08,22.383333333333336,14.6,30.1,43.333333333333336,8.108333333333333,1.9016666666666666,9.4,984.2916666666666,0.0,0.625,24,288.57673502350417
2025-03-09,24.741666666666664,16.8,31.8,43.208333333333336,10.15,1.7354166666666666,7.9,987.4875000000001,0.0,2.2916666666666665,24,142.91339049925227
2025-03-10,25.22083333333333,19.0,31.7,45.75,11.929166666666667,2.3591666666666664,10.1,990.7125,0.0,49.125,24,130.9343774995093
2025-03-11,26.90416666666667,19.5,34.4,45.958333333333336,12.841666666666667,1.0845833333333335,6.5,988.5208333333334,0.0,56.5,24,359.18724609129305
2025-03-12,26.412499999999998,19.8,32.9,49.791666666666664,13.883333333333333,2.1149999999999998,9.4,984.6875,0.0,59.791666666666664,24,298.38722794798326
2025-03-13,25.212500000000002,21.0,32.0,53.208333333333336,14.525,1.5470833333333334,11.9,983.1,5.8999999999999995,36.958333333333336,24,317.8031480881484
2025-03-14,25.75,19.0,33.2,50.875,13.270833333333334,1.6583333333333332,8.8,984.1333333333333,0.0,46.916666666666664,24,155.91987696200215
2025-03-15,24.120833333333334,19.0,30.3,54.708333333333336,13.9625,2.5208333333333335,9.5,985.8291666666668,0.5,34.916666666666664,24,49.555384574028494
2025-03-16,23.708333333333332,18.0,29.9,48.291666666666664,10.966666666666667,2.055,9.6,987.2333333333332,0.1,3.7083333333333335,24,322.7276429408965
2025-03-17,23.145833333333332,17.6,28.3,44.375,9.6875,2.25,10.6,988.0749999999999,0.0,8.0,24,306.0345434518675
2025-03-18,23.575,17.1,29.9,43.333333333333336,9.387500000000001,2.2133333333333334,9.2,987.9250000000001,0.0,2.5,24,295.57990606581654
2025-03-19,25.2,17.7,32.3,37.375,8.216666666666667,1.7375,8.7,988.6875,0.0,15.291666666666666,24,305.8637942246337
2025-03-20,26.224999999999998,19.1,33.0,32.375,6.9125000000000005,1.7716666666666667,9.7,989.8833333333333,0.0,2.1666666666666665,24,322.2042924081237
2025-03-21,25.462500000000002,19.4,32.0,32.291666666666664,6.504166666666666,2.4604166666666667,11.1,989.3708333333334,0.0,2.3333333333333335,24,309.271846336409
2025-03-22,25.233333333333334,18.0,31.3,32.75,6.866666666666667,2.2816666666666667,11.7,988.2041666666668,0.0,5.833333333333333,24,295.98592347155534
2025-03-23,26.008333333333336,18.5,32.7,33.75,7.441666666666666,1.4275,7.4,989.8000000000001,0.0,0.0,24,218.0661285573455
2025-03-24,27.241666666666664,20.0,33.9,31.666666666666668,7.670833333333333,1.3733333333333333,7.5,989.1,0.0,0.0,24,176.57376924595258
2025-03-25,28.683333333333334,20.9,36.4,31.625,8.270833333333334,1.6937499999999999,7.8,985.1875,0.0,0.125,24,113.71206187848031
2025-03-26,30.058333333333334,21.8,37.9,28.916666666666668,7.75,1.4720833333333332,8.9,982.3416666666667,0.0,0.0,24,180.54808010743437
2025-03-27,30.104166666666668,24.1,36.2,27.458333333333332,8.5375,1.7750000000000001,9.9,982.0916666666667,0.0,16.875,24,278.8178638524644
2025-03-28,26.133333333333336,21.8,31.0,24.541666666666668,3.1833333333333336,3.362083333333333,10.2,984.7458333333334,0.0,1.375,24,292.74257558317805
2025-03-29,23.05,16.2,28.9,21.625,-0.30416666666666664,3.6475000000000004,11.0,985.375,0.0,76.54166666666667,24,298.28565654836206
2025-03-30,24.820833333333336,17.5,31.5,21.708333333333332,0.9333333333333332,2.75125,9.7,985.8791666666666,0.0,18.666666666666668,24,296.0829815162699
2025-03-31,26.195833333333336,17.6,33.9,21.166666666666668,1.3416666666666668,2.3695833333333334,9.5,986.0833333333334,0.0,0.0,24,294.59777299073056
2025-04-01,26.508333333333336,19.0,33.3,20.5,1.0416666666666667,2.2441666666666666,10.2,985.125,0.0,0.0,24,290.1404744829223
2025-04-02,27.741666666666664,18.6,35.7,21.541666666666668,2.2291666666666665,1.4895833333333333,8.6,985.9375,0.0,0.0,24,294.9451704477473
2025-04-03,29.650000000000002,20.4,37.4,18.875,0.8083333333333335,1.2808333333333335,6.7,986.6,0.0,19.208333333333332,24,251.3535448588583
2025-04-04,30.162499999999998,21.7,37.0,17.583333333333332,1.8,1.9925,10.0,986.1833333333334,0.0,0.75,24,299.28385261624015
2025-04-05,29.02916666666667,22.0,35.2,21.541666666666668,4.441666666666666,2.3591666666666664,10.6,984.3000000000001,0.0,1.3333333333333333,24,290.463880564749
2025-04-06,30.53333333333333,22.0,38.1,21.583333333333332,5.054166666666666,1.615,8.0,982.5375,0.0,10.5,24,284.02546392024317
2025-04-07,32.541666666666664,24.4,39.9,22.125,7.075,1.35375,5.7,983.7416666666667,0.0,5.583333333333333,24,92.68414677736581
2025-04-08,32.8375,25.2,39.9,22.0,7.291666666666667,1.79375,8.2,985.7208333333333,0.0,9.333333333333334,24,110.56537084321275
2025-04-09,33.55416666666667,26.1,40.7,25.25,9.958333333333334,1.9095833333333332,7.9,983.6041666666666,0.0,14.166666666666666,24,102.47419524993649
2025-04-10,31.5,26.6,38.9,32.541666666666664,12.125,1.9716666666666667,19.9,979.4916666666667,1.4000000000000001,64.79166666666667,24,131.1753521079803
2025-04-11,26.34583333333333,22.5,34.2,60.291666666666664,17.529166666666665,3.225,15.1,979.1333333333333,8.1,55.166666666666664,24,106.39835633698056
2025-04-12,26.270833333333332,20.5,34.8,57.0,15.970833333333333,1.3870833333333332,8.6,982.0708333333333,1.1,20.083333333333332,24,99.26524176551999
2025-04-13,28.358333333333334,21.1,35.3,47.125,14.549999999999999,0.9516666666666667,5.4,983.775,0.0,6.291666666666667,24,90.83023628548648
2025-04-14,29.379166666666666,22.3,35.6,41.666666666666664,13.983333333333334,1.7645833333333334,6.7,984.0124999999999,0.0,1.0,24,116.37341558245271
2025-04-15,30.833333333333332,24.7,36.6,37.041666666666664,13.9,2.0304166666666665,8.3,984.3583333333332,0.0,8.666666666666666,24,127.51784656286247
2025-04-16,32.25,25.6,38.2,33.875,13.4375,1.77625,8.0,982.8125,0.0,7.25,24,124.22546436933453
2025-04-17,33.30833333333333,26.2,40.5,31.791666666666668,12.958333333333334,2.2591666666666668,11.0,980.1708333333332,0.0,14.5,24,117.46489440932373
2025-04-18,32.9125,25.7,40.8,39.708333333333336,16.154166666666665,2.191666666666667,14.1,978.7583333333333,0.0,15.541666666666666,24,99.07358643376858
2025-04-19,32.61666666666667,27.4,39.9,41.166666666666664,16.25,3.29875,12.2,979.1125000000001,0.0,8.541666666666666,24,127.92416817902131
2025-04-20,33.13333333333333,27.0,40.0,37.208333333333336,14.700000000000001,2.637916666666667,12.3,979.475,0.0,6.541666666666667,24,114.41387875451125
2025-04-21,33.862500000000004,26.3,40.4,23.291666666666668,4.991666666666666,1.8933333333333333,8.8,982.2458333333334,0.0,19.75,24,264.6935515810966
2025-04-22,32.579166666666666,24.6,39.5,10.25,-3.6,2.450833333333333,9.4,983.6208333333334,0.0,0.0,24,277.1941916811853
2025-04-23,32.25416666666667,23.8,39.2,11.541666666666666,-2.4125,2.3516666666666666,10.5,981.3708333333334,0.0,0.0,24,282.3090295088096
2025-04-24,32.84166666666667,24.4,40.4,10.958333333333334,-2.754166666666667,1.9349999999999998,11.4,979.1041666666666,0.0,0.0,24,276.9856190970297
2025-04-25,33.858333333333334,25.3,41.6,13.041666666666666,-0.3708333333333333,1.8541666666666667,10.3,979.9666666666667,0.0,1.125,24,317.03227989533843
2025-04-26,34.34583333333333,26.0,41.5,12.666666666666666,0.5625,2.256666666666667,12.6,979.9791666666666,0.0,51.291666666666664,24,259.5957396765951
2025-04-27,34.541666666666664,28.3,40.8,13.75,1.508333333333333,1.3979166666666665,7.5,981.1583333333333,0.0,25.208333333333332,24,326.1257566957908
2025-04-28,33.050000000000004,26.5,41.1,19.625,5.854166666666667,2.1591666666666667,10.8,979.9333333333334,0.0,11.083333333333334,24,97.38214815956962
2025-04-29,31.349999999999998,25.0,37.5,34.666666666666664,13.054166666666667,2.9095833333333334,10.5,980.8916666666668,0.0,2.0416666666666665,24,107.98146670200953
2025-04-30,31.537499999999998,26.3,36.8,36.666666666666664,14.320833333333333,2.5233333333333334,9.0,982.4833333333332,0.0,22.125,24,106.93779926379841
2025-05-01,31.77916666666667,25.9,37.6,36.416666666666664,14.004166666666668,2.8025,9.7,983.4291666666667,0.0,36.125,24,106.02517988505281
2025-05-02,26.241666666666664,21.7,28.6,65.45833333333333,18.775000000000002,2.3320833333333333,8.6,984.5583333333334,12.4,66.70833333333333,24,89.10447364172126
2025-05-03,28.3125,24.0,35.4,53.916666666666664,17.5625,1.4629166666666666,13.6,981.875,3.4,70.58333333333333,24,118.60754137595467
2025-05-04,29.929166666666664,24.4,34.8,48.916666666666664,17.729166666666668,1.3904166666666666,9.9,980.0625,2.0,92.125,24,106.45793816890227
2025-05-05,28.504166666666666,24.2,35.6,57.875,18.616666666666667,2.3008333333333333,9.9,981.225,0.1,89.75,24,88.09431304482888
2025-05-06,27.370833333333334,22.2,34.4,62.083333333333336,18.883333333333333,2.0816666666666666,12.9,981.3458333333333,0.4,70.58333333333333,24,88.04137270394813
2025-05-07,27.8625,23.7,33.3,62.208333333333336,19.354166666666668,2.0595833333333333,9.2,980.8416666666667,0.5,69.375,24,87.83015420480103
2025-05-08,28.295833333333334,23.9,32.4,61.208333333333336,19.591666666666665,1.6491666666666667,8.9,981.0666666666666,2.7,46.5,24,76.79859396651455
2025-05-09,30.766666666666666,25.1,37.1,49.208333333333336,18.1625,1.5424999999999998,8.0,982.0958333333333,1.1,32.416666666666664,24,114.18260666872203
2025-05-10,30.900000000000002,26.6,37.1,51.541666666666664,19.291666666666668,1.24,13.9,981.7041666666668,1.5,28.0,24,62.79644514563023
2025-05-11,31.712500000000002,25.1,38.2,49.375,18.358333333333334,1.5575,8.5,980.0875,0.0,8.791666666666666,24,309.92988385014826
2025-05-12,32.99166666666667,25.5,39.6,34.583333333333336,13.991666666666667,1.8108333333333333,10.0,978.9708333333333,0.0,3.2083333333333335,24,294.1902620115451
2025-05-13,34.71666666666667,28.1,41.3,24.583333333333332,10.520833333333334,2.784166666666667,11.9,978.9583333333334,0.0,9.958333333333334,24,280.12309114583553
2025-05-14,35.358333333333334,28.5,41.2,21.208333333333332,9.016666666666667,2.504166666666667,10.4,979.0958333333333,0.0,1.2083333333333333,24,286.6463511676841
2025-05-15,36.266666666666666,29.7,41.9,20.583333333333332,9.233333333333333,1.8729166666666666,9.7,979.0041666666666,0.0,0.0,24,284.8931100049135
2025-05-16,35.8125,28.8,42.7,23.958333333333332,11.095833333333333,2.783333333333333,13.3,978.1583333333333,0.0,6.208333333333333,24,298.7738315984357
2025-05-17,35.6875,29.2,42.8,28.291666666666668,13.416666666666666,2.7566666666666664,13.6,977.6916666666666,0.0,13.125,24,265.4457121641458
2025-05-18,35.25,29.5,42.1,31.208333333333332,14.779166666666667,2.6775,10.5,977.7125,0.0,4.916666666666667,24,306.51932673425136
2025-05-19,34.53333333333333,28.2,42.0,45.375,19.954166666666666,2.408333333333333,9.5,977.8208333333333,0.0,4.583333333333333,24,105.47441155681076
2025-05-20,34.9375,28.0,42.6,45.375,19.808333333333334,2.65625,14.8,976.225,0.0,11.708333333333334,24,98.85890511630527
2025-05-21,34.8125,29.8,43.0,45.083333333333336,19.866666666666667,2.7591666666666668,15.3,976.7208333333333,0.0,14.833333333333334,24,114.42845591724762
2025-05-22,31.420833333333334,25.0,37.0,55.208333333333336,20.916666666666668,3.0420833333333337,10.8,977.6208333333334,0.0,2.7083333333333335,24,117.16806707173748
2025-05-23,32.35,26.4,38.2,51.666666666666664,20.566666666666666,3.2579166666666666,10.0,976.0,1.5,5.541666666666667,24,107.50954803577451
2025-05-24,33.449999999999996,28.5,37.7,48.0,20.720833333333335,3.5629166666666667,11.6,976.4083333333333,0.4,21.625,24,107.2792249210977
2025-05-25,28.425,23.0,31.2,65.91666666666667,21.195833333333333,2.36375,9.8,979.1708333333332,0.4,47.916666666666664,24,87.47366628129862
2025-05-26,29.829166666666666,24.1,35.7,65.08333333333333,21.95,2.0745833333333334,8.5,978.0,1.8,25.125,24,93.78666680989471
2025-05-27,31.183333333333334,26.2,36.1,61.791666666666664,22.458333333333332,1.4854166666666666,6.7,975.5875,0.0,2.0,24,86.93966486679494
2025-05-28,33.18333333333333,27.4,39.5,54.541666666666664,22.03333333333333,1.4870833333333333,8.3,974.1750000000001,0.0,9.041666666666666,24,103.71674166613059
2025-05-29,33.645833333333336,27.6,40.1,52.208333333333336,21.175,1.6204166666666666,7.2,972.15,0.3,62.625,24,173.37569606602096
2025-05-30,31.6125,27.1,36.1,49.083333333333336,19.166666666666668,1.5220833333333335,9.2,971.5708333333333,0.0,48.333333333333336,24,181.45653673105696
2025-05-31,31.90833333333333,26.1,39.7,47.625,18.1125,1.7645833333333334,9.0,973.5083333333333,1.0,34.208333333333336,24,204.1548255223483
2025-06-01,30.995833333333334,26.4,37.3,48.125,17.945833333333333,2.6820833333333334,13.3,974.6374999999999,4.2,48.791666666666664,24,225.11661332331482
2025-06-02,30.933333333333334,24.1,37.1,47.75,17.933333333333334,1.575,8.2,974.6625,0.3,41.75,24,249.57629542101188
2025-06-03,30.195833333333336,25.8,34.6,46.375,16.945833333333333,1.65125,9.4,976.7791666666667,0.0,60.625,24,259.42267435659915
2025-06-04,28.858333333333334,24.5,36.4,54.916666666666664,18.304166666666667,1.5558333333333334,14.2,979.6125000000001,0.3,54.833333333333336,24,79.89132680584919
2025-06-05,30.945833333333336,24.4,37.2,46.041666666666664,16.804166666666667,1.0979166666666667,8.4,982.2541666666666,0.0,14.083333333333334,24,201.7503403652754
2025-06-06,32.75,25.9,37.8,40.25,16.779166666666665,1.5420833333333333,8.8,981.4416666666666,0.0,11.458333333333334,24,201.5597209578082
2025-06-07,34.75833333333333,28.0,41.2,37.375,17.275000000000002,1.9154166666666665,8.9,979.6625,0.0,5.25,24,167.12083376483633
2025-06-08,36.666666666666664,29.6,42.8,35.458333333333336,17.845833333333335,2.02625,9.9,977.975,0.0,2.9583333333333335,24,256.17733239865
2025-06-09,37.483333333333334,30.0,43.7,28.541666666666668,14.9125,2.671666666666667,11.3,976.3166666666666,0.0,0.041666666666666664,24,289.24288619135825
2025-06-10,37.40833333333333,30.1,43.1,21.958333333333332,11.570833333333333,2.5191666666666666,10.7,975.6875,0.0,0.0,24,295.6812370142253
2025-06-11,37.1,30.1,43.6,32.25,16.724999999999998,2.2025,8.1,976.0625,0.0,0.20833333333333334,24,335.01009886949714
2025-06-12,36.87916666666667,31.1,43.1,45.083333333333336,22.2,2.1495833333333336,8.0,976.1,0.5,11.416666666666666,24,112.93188459695455
2025-06-13,35.987500000000004,31.3,41.1,48.416666666666664,22.979166666666668,2.595,10.6,976.7541666666666,0.0,12.583333333333334,24,115.84457490460443
2025-06-14,36.233333333333334,30.6,42.9,46.416666666666664,22.083333333333332,1.9716666666666667,9.1,974.9583333333334,0.3,8.625,24,109.6849470136545
2025-06-15,33.8125,29.6,37.9,53.25,22.712500000000002,2.2620833333333334,12.5,973.9083333333333,1.2999999999999998,43.958333333333336,24,125.09022093025663
2025-06-16,29.416666666666668,24.8,32.0,80.625,25.599999999999998,1.6895833333333332,13.8,974.7166666666667,25.599999999999998,79.58333333333333,24,80.55403577762843
2025-06-17,29.116666666666664,25.2,33.7,81.83333333333333,25.479166666666668,1.6804166666666667,7.2,975.2333333333332,16.9,70.20833333333333,24,86.14412699630259
2025-06-18,28.883333333333336,24.0,33.2,78.45833333333333,24.516666666666666,1.2654166666666666,5.2,973.9416666666666,5.3,62.75,24,127.08763190787465
2025-06-19,29.758333333333336,27.0,32.7,77.0,25.129166666666666,1.7091666666666665,8.0,972.5333333333333,0.1,42.25,24,119.93947315016038
2025-06-20,28.766666666666666,25.5,31.7,83.54166666666667,25.633333333333336,2.1725,8.3,974.9375,1.2000000000000002,99.45833333333333,24,107.77148010020301
2025-06-21,30.429166666666664,26.2,34.7,77.25,25.666666666666668,1.3729166666666668,6.0,975.625,1.6,36.875,24,126.01147258139724
2025-06-22,30.983333333333334,28.0,34.0,74.5,25.745833333333334,1.4254166666666668,7.6,974.8208333333333,0.7999999999999999,67.79166666666667,24,129.68202489221244
2025-06-23,31.504166666666666,27.8,35.7,73.45833333333333,25.849999999999998,1.4045833333333333,7.2,972.875,0.1,32.25,24,113.29508622469291
2025-06-24,31.254166666666666,27.3,36.1,75.45833333333333,26.037499999999998,1.315,5.1,972.225,1.1,33.333333333333336,24,122.4910060031956
2025-06-25,29.15416666666667,26.5,32.1,84.0,26.066666666666666,2.54,7.9,974.9916666666667,12.9,83.04166666666667,24,93.07865264953153
2025-06-26,30.620833333333334,26.0,34.5,76.375,25.695833333333336,2.3937500000000003,7.8,976.6583333333333,11.5,85.125,24,99.63631945067118
2025-06-27,30.729166666666668,27.7,33.7,75.20833333333333,25.7,1.9216666666666666,7.4,975.8833333333333,0.5,62.0,24,101.43801596076253
2025-06-28,30.84166666666667,25.6,35.8,74.04166666666667,25.295833333333334,1.2870833333333334,6.6,974.7125,8.3,72.70833333333333,24,145.529773498574
2025-06-29,29.554166666666664,26.1,33.4,78.875,25.287499999999998,1.6312499999999999,7.6,972.5,16.2,99.95833333333333,24,157.26551122370518
2025-06-30,27.795833333333334,25.4,31.7,87.08333333333333,25.375,1.4245833333333333,8.9,973.5916666666667,17.3,93.29166666666667,24,120.36170441454249
2025-07-01,28.724999999999998,25.0,33.2,84.0,25.454166666666666,1.3637499999999998,6.5,974.4916666666667,9.100000000000001,57.333333333333336,24,83.52436430483692
2025-07-02,29.912499999999998,26.9,33.2,80.75,26.108333333333334,1.7245833333333334,8.7,974.4333333333334,1.1,29.916666666666668,24,100.43977705415375
2025-07-03,30.083333333333332,26.6,33.5,78.25,25.666666666666668,2.000833333333333,7.5,975.0124999999999,0.9,61.583333333333336,24,103.47068142432795
2025-07-04,30.295833333333334,26.7,34.2,78.16666666666667,25.820833333333336,1.4191666666666667,5.1,975.15,0.30000000000000004,18.791666666666668,24,103.81048384688245
2025-07-05,30.891666666666666,26.5,35.2,76.54166666666667,26.0,1.1158333333333335,4.8,974.0708333333333,3.4,32.583333333333336,24,140.16127951888734
2025-07-06,31.008333333333336,26.7,35.7,74.5,25.5625,1.17875,6.0,973.7875,7.4,54.958333333333336,24,193.2337085144293
2025-07-07,28.983333333333334,25.9,33.2,83.33333333333333,25.679166666666664,0.9304166666666666,4.6,974.6625,13.5,86.04166666666667,24,267.9092989089558
2025-07-08,30.895833333333332,27.1,34.0,76.04166666666667,25.96666666666667,1.32625,7.0,974.7166666666667,0.0,79.83333333333333,24,277.5007261697153
2025-07-09,29.191666666666666,27.0,31.7,81.66666666666667,25.7,1.0254166666666666,9.1,975.9291666666667,14.9,99.83333333333333,24,225.21928491328916
2025-07-10,27.483333333333334,25.6,29.6,85.375,24.741666666666664,1.1033333333333333,6.5,977.8791666666666,3.6,96.58333333333333,24,149.32468416073135
2025-07-11,28.383333333333336,25.6,31.6,82.5,24.95,0.615,4.2,977.3583333333332,0.4,75.70833333333333,24,181.28142579377428
2025-07-12,29.329166666666666,26.5,33.5,79.5,25.233333333333334,0.7170833333333334,5.7,977.1374999999999,2.7,65.95833333333333,24,94.0153544289144
2025-07-13,28.233333333333334,26.3,32.5,86.79166666666667,25.708333333333332,1.3858333333333333,8.4,977.0333333333333,18.6,99.875,24,74.75813042454826
2025-07-14,28.045833333333334,25.8,30.5,85.45833333333333,25.287499999999998,3.5529166666666665,11.7,975.0958333333333,17.6,99.95833333333333,24,101.1342563345114
2025-07-15,28.066666666666666,25.6,32.2,83.79166666666667,24.90833333333333,3.7295833333333337,11.1,974.5416666666666,7.3,91.83333333333333,24,130.39662145287036
2025-07-16,28.754166666666666,25.3,32.3,83.29166666666667,25.458333333333332,2.2441666666666666,7.4,976.1458333333334,8.200000000000001,87.70833333333333,24,131.18858690716348
2025-07-17,28.504166666666666,26.8,31.1,82.04166666666667,25.037499999999998,2.17375,9.3,978.1541666666667,1.4,95.54166666666667,24,118.40528229247917
2025-07-18,28.520833333333332,26.4,31.6,80.29166666666667,24.679166666666664,3.5533333333333332,13.8,976.6083333333332,4.1,56.958333333333336,24,73.32144972647689
2025-07-19,29.016666666666666,25.8,32.2,76.45833333333333,24.25,3.0029166666666662,9.9,974.5124999999999,0.0,53.708333333333336,24,131.43781418470076
2025-07-20,30.166666666666668,26.1,34.3,72.75,24.45,1.5904166666666668,7.1,974.5708333333333,0.0,84.04166666666667,24,213.99594588405913
2025-07-21,28.945833333333336,26.6,31.5,78.125,24.65833333333333,1.1641666666666668,5.2,976.8916666666668,0.4,84.70833333333333,24,161.86996112397605
2025-07-22,30.129166666666666,26.0,34.8,73.95833333333333,24.575,1.0970833333333334,5.7,975.5208333333334,0.2,88.33333333333333,24,237.96942033594593
2025-07-23,29.8125,27.0,33.2,77.83333333333333,25.40833333333333,1.6458333333333333,8.2,972.7541666666666,1.2,70.58333333333333,24,249.29949855200698
2025-07-24,30.745833333333334,25.4,35.5,72.20833333333333,24.745833333333334,1.9679166666666665,7.3,971.7333333333332,1.5,28.0,24,279.41765268693956
2025-07-25,31.804166666666664,26.6,36.3,68.125,24.7,1.7612500000000002,8.8,971.4,0.5,28.166666666666668,24,295.0516062642345
2025-07-26,31.03333333333333,26.9,35.4,73.375,25.445833333333336,1.335,7.5,972.5958333333333,2.3,86.41666666666667,24,150.79009956022293
2025-07-27,32.1625,28.8,36.3,67.58333333333333,25.075,1.865,9.5,972.5708333333333,0.9,74.95833333333333,24,100.23657972981249
2025-07-28,32.170833333333334,28.1,36.6,67.29166666666667,24.875,1.30125,6.1,972.7208333333333,1.6,84.33333333333333,24,127.12963741490682
2025-07-29,29.208333333333332,27.2,32.9,82.25,25.78333333333333,1.3949999999999998,6.8,973.5,3.8,95.83333333333333,24,110.19877168551403
2025-07-30,27.954166666666666,26.2,31.6,88.0,25.695833333333336,2.157083333333333,8.1,974.275,15.299999999999999,98.66666666666667,24,101.94117915499316
2025-07-31,27.691666666666666,25.3,31.5,88.0,25.379166666666666,1.6420833333333336,7.3,975.0208333333334,29.2,98.5,24,144.0044334931486
2025-08-01,28.291666666666668,25.5,32.0,85.375,25.5,1.2183333333333335,7.5,975.8833333333333,7.5,82.875,24,222.1514354763617
2025-08-02,29.145833333333332,26.0,32.4,78.58333333333333,24.954166666666666,1.8470833333333332,7.8,976.1916666666666,0.9,91.875,24,254.27232167544287
2025-08-03,29.708333333333332,26.8,33.1,77.20833333333333,25.170833333333334,2.1416666666666666,9.0,977.3166666666666,0.7,100.0,24,254.83295179549793
2025-08-04,28.629166666666666,26.2,31.0,81.95833333333333,25.195833333333336,2.0741666666666667,8.0,978.6833333333334,0.1,98.20833333333333,24,235.6154821057322
2025-08-05,27.9375,26.9,30.1,84.41666666666667,25.05,1.9191666666666667,6.9,978.8874999999999,8.299999999999999,94.79166666666667,24,211.07949113276123
2025-08-06,28.7375,26.3,32.1,79.95833333333333,24.84166666666667,1.5675,6.0,979.3791666666666,0.5,81.25,24,241.5568843716403
2025-08-07,29.96666666666667,26.0,33.9,71.95833333333333,24.15416666666667,2.3625000000000003,8.6,978.0291666666667,0.0,42.25,24,274.2668571522587
2025-08-08,29.958333333333332,26.4,33.1,70.45833333333333,23.875,2.0429166666666667,7.3,979.1166666666667,0.0,78.75,24,270.7464417277934
2025-08-09,27.833333333333332,26.1,30.5,84.16666666666667,24.870833333333334,1.1904166666666667,5.3,981.25,8.9,84.5,24,298.64656587799533
2025-08-10,28.962500000000002,25.9,32.1,82.54166666666667,25.59583333333333,0.8791666666666668,5.5,979.8874999999999,1.7000000000000002,78.91666666666667,24,308.95747545422284
2025-08-11,29.791666666666668,26.6,33.9,77.625,25.275000000000002,2.0241666666666664,8.8,978.5208333333334,1.6,99.04166666666667,24,260.29126842715215
2025-08-12,29.195833333333336,26.3,33.3,79.70833333333333,25.183333333333334,1.63875,7.1,977.8874999999999,3.9000000000000004,85.58333333333333,24,252.25749945302158
2025-08-13,30.3,26.9,33.4,74.08333333333333,24.974999999999998,1.6441666666666668,6.5,977.0,0.0,99.79166666666667,24,270.369467631474
2025-08-14,27.795833333333334,26.3,29.6,87.54166666666667,25.5,1.3733333333333333,5.6,979.6666666666666,8.200000000000001,90.04166666666667,24,110.0836115271839
2025-08-15,28.46666666666667,25.3,31.7,85.91666666666667,25.77916666666667,1.0545833333333332,4.5,978.5749999999999,4.6,59.791666666666664,24,103.31220945083805
2025-08-16,28.645833333333332,26.4,31.2,86.875,26.175,1.3241666666666667,7.2,977.4541666666668,4.1000000000000005,88.54166666666667,24,97.79487432920132
2025-08-17,29.03333333333333,27.3,32.0,86.125,26.412499999999998,1.6825,8.3,978.3874999999999,3.6,90.08333333333333,24,82.95422672826692
2025-08-18,29.204166666666666,27.2,31.8,83.25,25.979166666666668,2.280416666666667,8.3,979.9208333333332,9.0,59.833333333333336,24,90.42347371843022
2025-08-19,29.191666666666666,26.6,31.9,82.0,25.708333333333332,2.0383333333333336,9.4,978.5875,5.4,35.541666666666664,24,89.16851582303809
2025-08-20,29.333333333333332,26.8,32.7,78.83333333333333,25.150000000000002,2.6675,8.3,977.9583333333334,5.6,54.125,24,97.0610782378975
2025-08-21,29.6875,25.6,33.6,78.04166666666667,25.170833333333334,1.81375,9.3,978.0958333333333,13.799999999999999,62.333333333333336,24,95.14455547633719
2025-08-22,30.325,25.3,34.2,75.45833333333333,25.170833333333334,1.1329166666666668,6.0,975.9499999999999,3.3000000000000003,86.91666666666667,24,123.32397002320585
2025-08-23,28.34166666666667,25.6,32.6,84.0,25.25,1.4475,7.6,975.8291666666668,13.2,99.58333333333333,24,79.89242772970385
2025-08-24,27.629166666666666,25.7,31.1,86.83333333333333,25.166666666666668,2.2783333333333333,10.8,976.6666666666666,11.8,97.45833333333333,24,97.64524932872376
2025-08-25,26.579166666666666,24.4,29.0,89.33333333333333,24.641666666666666,3.285416666666667,11.3,975.9541666666668,19.7,99.875,24,110.665126490229
2025-08-26,27.208333333333332,25.1,29.9,88.58333333333333,25.09583333333333,3.2070833333333333,11.0,978.4499999999999,6.7,99.66666666666667,24,122.97440491001805
2025-08-27,28.47083333333333,25.2,32.6,86.04166666666667,25.75,1.5591666666666668,6.2,978.4791666666666,1.4,65.16666666666667,24,117.71737814663703
2025-08-28,28.6375,25.3,32.4,86.04166666666667,25.991666666666664,1.47875,6.6,977.9791666666666,15.5,98.83333333333333,24,120.48953032025128
2025-08-29,27.875,25.0,31.3,87.83333333333333,25.579166666666666,2.23375,8.0,979.1,12.6,100.0,24,111.2484404712788
2025-08-30,28.412499999999998,26.0,31.8,83.95833333333333,25.295833333333334,2.2070833333333333,8.1,980.6583333333333,3.8000000000000003,84.95833333333333,24,103.81589061958977
2025-08-31,26.741666666666664,24.5,30.0,90.58333333333333,25.004166666666666,2.34875,9.5,978.75,13.1,95.04166666666667,24,116.40293022624417
2025-09-01,25.46666666666667,24.0,29.2,92.33333333333333,24.087500000000002,3.047916666666667,10.4,975.475,31.5,98.625,24,121.09512879744562
2025-09-02,25.0625,23.8,27.0,92.75,23.787499999999998,3.5741666666666667,12.0,976.7624999999999,21.7,99.20833333333333,24,121.59991874534035
2025-09-03,26.2,24.1,29.4,88.875,24.170833333333334,2.0704166666666666,7.4,979.6625,14.700000000000001,92.54166666666667,24,94.42002174934879
2025-09-04,27.133333333333336,24.2,31.4,87.375,24.729166666666668,1.6191666666666666,8.0,980.1,17.7,89.375,24,41.9282052694287
2025-09-05,27.583333333333332,25.2,31.0,84.75,24.691666666666666,2.74875,12.9,980.0583333333334,4.8,81.54166666666667,24,80.71036104091422
2025-09-06,27.6875,24.5,31.2,85.33333333333333,24.895833333333332,2.8225,10.7,980.5875,13.3,97.5,24,100.83095679417113
2025-09-07,28.004166666666666,24.8,31.9,85.16666666666667,25.145833333333332,2.13625,8.9,980.2624999999999,2.3,54.041666666666664,24,121.9575629607807
2025-09-08,28.59166666666667,25.2,32.0,81.20833333333333,24.816666666666666,1.0445833333333334,5.9,981.1958333333333,0.7000000000000001,26.125,24,152.52118383096092
2025-09-09,29.070833333333336,25.8,32.4,75.875,24.2625,2.0816666666666666,7.3,982.5333333333333,0.4,10.0,24,284.00311205306707
2025-09-10,29.208333333333332,25.6,33.2,72.75,23.583333333333332,3.049583333333333,10.3,981.5833333333334,0.0,6.708333333333333,24,288.08419433395625
2025-09-11,28.895833333333332,24.7,32.8,69.125,22.441666666666666,2.815,10.4,981.1750000000001,0.0,43.875,24,282.1501544994661
2025-09-12,29.375,24.6,33.5,66.83333333333333,22.28333333333333,2.0975,8.4,982.4541666666668,0.2,23.333333333333332,24,277.9013626025324
2025-09-13,30.858333333333334,26.3,35.3,60.125,21.7625,1.6908333333333332,8.9,982.7291666666666,0.8999999999999999,50.958333333333336,24,272.88933353527193
2025-09-14,31.9375,27.0,36.5,56.75,21.6875,1.7745833333333334,9.0,982.1875,0.2,37.333333333333336,24,269.46824489126925
2025-09-15,32.28333333333333,27.3,36.4,53.833333333333336,21.208333333333332,2.06375,10.0,980.4666666666667,0.0,28.875,24,265.04478107656496
2025-09-16,31.72083333333333,27.3,36.8,56.333333333333336,21.479166666666668,1.8316666666666668,8.6,980.6750000000001,0.1,48.416666666666664,24,209.95792516214334
2025-09-17,31.179166666666664,26.7,36.4,61.375,22.3,1.4158333333333333,7.4,981.3541666666666,0.2,15.5,24,34.20435467571747
2025-09-18,30.22083333333333,25.1,34.9,66.58333333333333,22.895833333333332,1.4704166666666667,7.5,981.5124999999999,1.5999999999999999,23.083333333333332,24,69.99420885609152
2025-09-19,31.133333333333336,26.8,35.5,61.916666666666664,22.400000000000002,1.76,8.9,982.0833333333334,0.7000000000000001,14.291666666666666,24,321.3671517690149
2025-09-20,31.52916666666667,26.8,36.2,56.125,21.045833333333334,2.305,10.2,981.4958333333334,0.0,5.125,24,302.89275373303184
2025-09-21,31.224999999999998,25.4,36.4,53.25,19.9875,2.5745833333333334,10.8,980.6416666666668,0.0,6.0,24,291.92102160490765
2025-09-22,31.650000000000002,26.1,36.9,50.541666666666664,19.483333333333334,2.79125,11.5,981.1125000000001,0.0,2.0833333333333335,24,287.2701459068369
2025-09-23,31.55416666666667,26.1,36.7,47.416666666666664,18.483333333333334,2.9429166666666666,11.8,980.7958333333332,0.0,2.9583333333333335,24,295.3587022786238
2025-09-24,31.008333333333336,25.8,36.1,49.625,18.787499999999998,2.7429166666666664,11.3,979.3125,0.0,0.0,24,290.4380543029526
2025-09-25,31.133333333333336,25.9,36.2,51.791666666666664,19.3875,2.439583333333333,10.0,980.2041666666668,0.0,0.0,24,295.668678991674
2025-09-26,31.629166666666666,25.8,37.0,52.291666666666664,20.041666666666668,2.36625,10.4,981.3583333333332,0.0,0.0,24,314.5950662209125
2025-09-27,32.59166666666667,27.2,38.7,53.75,21.420833333333334,1.0720833333333333,6.2,983.1416666666668,0.1,18.125,24,49.31801328491491
2025-09-28,32.358333333333334,28.3,36.5,59.708333333333336,23.104166666666668,2.41625,10.8,982.5083333333333,0.0,7.25,24,104.8517829796877
2025-09-29,32.0375,27.8,36.3,58.291666666666664,22.245833333333334,1.8116666666666665,7.9,980.9499999999999,0.2,9.791666666666666,24,123.93000358028615
2025-09-30,30.645833333333332,24.4,34.8,63.791666666666664,22.537499999999998,1.2004166666666667,9.5,979.225,8.0,69.66666666666667,24,190.7842677534
2025-10-01,28.304166666666664,24.5,33.5,74.29166666666667,23.09166666666667,1.1808333333333334,9.2,979.4,2.8000000000000003,32.333333333333336,24,205.26258197229876
2025-10-02,28.45,24.4,32.4,71.45833333333333,22.491666666666664,1.58625,7.8,983.1208333333334,1.0,35.75,24,117.65988069100445
2025-10-03,29.150000000000002,25.0,33.6,70.66666666666667,22.75,1.4420833333333334,6.7,985.8833333333333,0.0,40.666666666666664,24,75.67515892855596
2025-10-04,30.333333333333332,26.3,34.6,60.333333333333336,21.145833333333332,1.92875,9.5,983.9125,0.1,25.5,24,295.569758757372
2025-10-05,29.22083333333333,23.7,33.9,60.208333333333336,20.229166666666668,2.026666666666667,10.6,982.8166666666666,0.7,9.791666666666666,24,271.5356944963297
2025-10-06,24.054166666666664,22.3,29.2,84.83333333333333,21.170833333333334,1.6354166666666667,9.2,984.8833333333333,14.6,74.54166666666667,24,76.07187585721738
2025-10-07,23.458333333333332,20.7,28.5,86.625,20.920833333333334,1.7212500000000002,8.1,985.2583333333333,5.2,48.041666666666664,24,137.20241428045574
2025-10-08,22.679166666666664,20.4,25.7,85.66666666666667,20.029166666666665,1.2670833333333333,7.8,986.7958333333332,0.2,47.5,24,309.8571014365481
2025-10-09,23.8,20.6,28.2,74.83333333333333,18.708333333333332,1.8825,7.0,988.5833333333334,0.4,6.5,24,306.4659226358255
2025-10-10,23.558333333333334,19.4,28.5,68.33333333333333,16.941666666666666,1.3074999999999999,5.2,987.4708333333333,0.0,0.16666666666666666,24,295.7345923865644
2025-10-11,23.90833333333333,19.2,29.0,67.625,17.179166666666667,1.6137499999999998,6.6,987.1833333333334,0.0,12.708333333333334,24,283.2408472934706
2025-10-12,25.2,20.5,30.7,63.416666666666664,17.204166666666666,1.7125000000000001,7.1,986.8458333333333,0.0,1.2916666666666667,24,304.60644610312113
2025-10-13,25.820833333333336,20.4,31.7,59.375,16.516666666666666,0.9358333333333334,4.8,987.7333333333332,0.0,0.875,24,303.1846084155219
2025-10-14,26.47083333333333,21.1,32.0,52.083333333333336,14.816666666666668,0.8941666666666667,5.6,986.8916666666668,0.0,0.25,24,292.921093873999
2025-10-15,26.745833333333334,21.2,31.9,48.583333333333336,14.1875,0.7591666666666667,5.8,986.9125,0.0,0.4166666666666667,24,275.3357127237684
2025-10-16,26.166666666666668,20.2,31.7,51.458333333333336,14.637500000000001,1.1441666666666668,5.8,986.8125,0.0,0.0,24,290.3780039351309
2025-10-17,26.52916666666667,20.4,32.3,53.958333333333336,15.891666666666666,1.16875,5.8,987.9875000000001,0.0,1.375,24,295.5388229807086
2025-10-18,27.266666666666666,21.6,33.2,52.916666666666664,15.975,0.82625,5.0,987.5,0.0,2.5416666666666665,24,260.6732815877922
2025-10-19,27.933333333333334,23.0,33.6,51.875,16.400000000000002,0.645,7.1,986.9125,0.0,8.583333333333334,24,173.3051502420875
2025-10-20,28.09166666666667,22.8,33.1,48.958333333333336,15.6875,1.0820833333333333,6.9,987.2208333333333,0.0,4.125,24,99.00744985268807
2025-10-21,26.979166666666668,22.7,30.4,57.125,17.1875,1.2220833333333332,6.9,988.6125000000001,0.4,21.041666666666668,24,136.5294705702005
2025-10-22,27.645833333333332,23.5,32.1,53.291666666666664,16.1875,1.2604166666666667,6.5,988.7666666666668,0.0,6.916666666666667,24,300.5650614454014
2025-10-23,26.587500000000002,21.2,31.8,42.25,11.854166666666666,1.63,6.9,988.3000000000001,0.0,0.7916666666666666,24,305.3617491201915
2025-10-24,25.945833333333336,20.2,32.2,45.75,12.225,1.04875,5.4,987.8458333333333,0.0,0.0,24,276.8528421210895
2025-10-25,25.71666666666667,19.7,31.7,44.916666666666664,11.858333333333334,0.9233333333333333,6.1,987.3666666666667,0.0,0.0,24,247.7990184353366
2025-10-26,25.504166666666666,18.9,31.6,45.791666666666664,12.025,1.015,5.9,988.2583333333333,0.0,7.833333333333333,24,128.8630837607131
2025-10-27,24.254166666666666,20.3,30.3,55.5,14.354166666666666,1.7258333333333333,9.8,988.8249999999999,0.0,62.833333333333336,24,132.78566251149505
2025-10-28,23.358333333333334,21.3,26.6,71.54166666666667,17.720833333333335,1.1758333333333333,5.7,990.1583333333333,0.0,99.16666666666667,24,117.04670189056935
2025-10-29,24.84166666666667,20.2,29.2,65.91666666666667,17.533333333333335,1.1133333333333333,7.3,988.1458333333334,0.0,64.20833333333333,24,354.7890455568065
2025-10-30,24.554166666666664,22.6,27.3,73.95833333333333,19.458333333333332,1.0295833333333333,4.9,987.3958333333334,0.1,95.375,24,122.79663976478236
2025-10-31,25.354166666666668,21.4,30.3,74.54166666666667,19.991666666666667,1.2775,5.5,986.5,0.1,53.041666666666664,24,258.2956149034028
2025-11-01,25.09166666666667,20.8,30.9,61.791666666666664,15.954166666666666,1.7804166666666665,7.7,986.7208333333333,0.0,1.3333333333333333,24,283.29490371976937
2025-11-02,23.7,19.3,29.4,58.5,14.570833333333333,2.1716666666666664,8.8,986.7041666666668,0.0,0.041666666666666664,24,286.5011017596775
2025-11-03,23.525000000000002,17.9,30.5,52.958333333333336,12.783333333333333,2.08875,9.1,984.8291666666668,0.0,0.4583333333333333,24,276.76605969569516
2025-11-04,23.40416666666667,18.9,28.7,60.416666666666664,15.004166666666668,1.5266666666666666,8.4,984.8708333333334,0.0,23.416666666666668,24,159.36207624681117
2025-11-05,23.958333333333332,18.9,29.5,62.25,15.408333333333333,1.8833333333333335,7.3,985.3833333333333,0.0,4.75,24,314.0077819126699
2025-11-06,20.683333333333334,15.8,26.1,48.625,8.983333333333333,2.4529166666666664,7.5,988.1333333333333,0.0,0.0,24,297.4031895764291
2025-11-07,20.3,14.8,27.3,47.333333333333336,7.9875,2.28125,7.3,989.5083333333333,0.0,0.0,24,286.3468030975048
2025-11-08,20.05,13.9,26.8,44.625,6.733333333333333,1.9766666666666666,7.9,990.4625,0.0,0.0,24,290.7174775177101
2025-11-09,20.104166666666668,14.1,26.8,45.916666666666664,7.370833333333334,1.9370833333333335,7.2,989.1,0.0,0.0,24,286.5633632675986
2025-11-10,20.162499999999998,13.9,27.0,46.5,7.441666666666666,1.5520833333333333,7.1,988.8583333333332,0.0,22.166666666666668,24,289.600364269068
2025-11-11,20.083333333333332,13.7,27.4,46.833333333333336,7.4375,1.88875,7.7,989.775,0.0,0.375,24,286.4343341668171
2025-11-12,20.420833333333334,14.0,27.5,47.583333333333336,8.058333333333334,2.0991666666666666,9.4,990.6750000000001,0.0,0.0,24,290.76734980278525
2025-11-13,19.329166666666666,13.2,26.3,52.25,8.308333333333334,1.8708333333333333,7.6,992.0666666666666,0.0,0.0,24,284.7506769040211
2025-11-14,19.2375,13.3,26.0,49.958333333333336,7.616666666666667,1.8029166666666667,7.5,992.0124999999999,0.0,0.0,24,283.4874874529315
2025-11-15,19.3625,12.8,26.6,49.916666666666664,7.691666666666666,1.8170833333333334,7.5,992.8958333333334,0.0,0.0,24,289.37859654866975
2025-11-16,19.170833333333334,12.3,26.8,49.833333333333336,7.341666666666668,1.8679166666666667,8.4,994.5083333333333,0.0,0.0,24,295.1125663763471
2025-11-17,18.9875,12.3,26.0,50.291666666666664,7.6625000000000005,1.2433333333333334,6.1,993.9708333333333,0.0,0.041666666666666664,24,287.6300429168893
2025-11-18,19.404166666666665,13.5,25.8,58.25,10.391666666666667,1.1320833333333333,6.6,992.0375,0.0,1.2916666666666667,24,287.9824307065612
2025-11-19,19.7,13.3,26.0,62.625,11.716666666666667,0.8870833333333333,5.7,991.775,0.0,2.9166666666666665,24,180.29341452220066
2025-11-20,20.045833333333334,14.1,26.1,63.708333333333336,12.420833333333334,0.9604166666666667,5.5,992.3833333333333,0.0,0.08333333333333333,24,217.92860819726772
2025-11-21,20.366666666666667,14.5,26.2,60.75,12.008333333333333,0.83875,5.6,993.5083333333333,0.0,0.0,24,194.56299474989703
2025-11-22,20.3125,14.1,26.2,56.75,10.433333333333334,1.0216666666666667,6.4,991.8541666666666,0.0,0.0,24,276.97707951938776
2025-11-23,19.349999999999998,13.2,25.9,55.541666666666664,9.333333333333334,1.1291666666666667,6.5,991.9791666666666,0.0,0.0,24,282.16995965760896
2025-11-24,18.445833333333333,12.2,25.0,57.958333333333336,9.095833333333333,1.13625,5.7,993.3708333333334,0.0,0.0,24,293.4972444140336
2025-11-25,17.420833333333334,11.4,24.0,57.75,8.279166666666667,1.5945833333333332,7.0,993.2916666666666,0.0,0.0,24,286.97254391459296
2025-11-26,17.366666666666667,11.2,23.9,57.25,8.008333333333333,1.0137500000000002,4.8,993.4333333333334,0.0,0.0,24,302.613623095408
2025-11-27,18.145833333333332,12.6,24.4,54.791666666666664,8.125,0.5745833333333333,4.4,994.7666666666668,0.0,0.0,24,31.356256791328633
2025-11-28,18.045833333333334,11.5,25.2,60.541666666666664,9.366666666666667,1.4087500000000002,5.8,992.9499999999999,0.0,7.5,24,299.23290060977104
2025-11-29,19.004166666666666,13.7,25.9,54.291666666666664,8.887500000000001,2.01375,8.3,991.2541666666666,0.0,0.041666666666666664,24,304.8099867198493
2025-11-30,17.283333333333335,11.7,23.6,49.541666666666664,6.016666666666667,2.0437499999999997,8.9,990.2541666666666,0.0,61.291666666666664,24,287.19539746752395
2025-12-01,16.945833333333333,10.0,24.3,49.291666666666664,5.4624999999999995,0.99375,5.8,990.0208333333334,0.0,0.0,24,302.7037342385358
2025-12-02,18.308333333333334,12.7,25.2,56.958333333333336,9.320833333333333,1.1533333333333333,5.2,990.0666666666666,0.0,3.625,24,319.38597873054715
2025-12-03,16.25,10.3,22.9,54.666666666666664,6.3625,1.6891666666666667,7.4,993.1208333333334,0.0,5.25,24,300.1581264918425
2025-12-04,15.233333333333334,9.8,21.9,55.833333333333336,5.883333333333333,1.9783333333333335,8.0,994.0041666666666,0.0,19.166666666666668,24,290.03804326030286
2025-12-05,15.049999999999999,8.6,21.8,56.208333333333336,5.595833333333334,1.4479166666666667,5.5,995.4416666666666,0.0,0.0,24,282.8982496510296
2025-12-06,16.2375,10.2,23.6,53.041666666666664,5.995833333333334,2.61,8.5,994.2333333333332,0.0,49.875,24,283.26138126403396
2025-12-07,17.041666666666668,10.7,24.1,56.25,7.833333333333333,2.4045833333333335,7.4,993.625,0.0,29.875,24,282.8401000404559
2025-12-08,18.0125,12.1,25.2,52.666666666666664,7.658333333333334,2.62875,8.5,993.4625,0.0,12.666666666666666,24,288.500778650799
2025-12-09,17.554166666666667,11.6,24.5,53.75,7.570833333333333,2.76375,8.4,993.0,0.0,0.125,24,282.33616569220555
2025-12-10,17.541666666666668,11.8,24.1,57.0,8.504166666666666,2.1133333333333333,7.0,992.8000000000001,0.0,6.5,24,286.6825722220148
2025-12-11,17.375,10.8,24.7,60.416666666666664,8.925,1.5704166666666666,7.7,991.6875,0.0,0.0,24,279.6326348582108
2025-12-12,17.279166666666665,10.4,24.4,62.791666666666664,9.254166666666666,0.9991666666666666,4.5,990.9708333333333,0.0,14.041666666666666,24,286.19026926399147
2025-12-13,17.829166666666666,12.7,24.5,65.79166666666667,10.704166666666666,0.67125,4.4,992.0625,0.0,49.708333333333336,24,104.01027166459198
2025-12-14,17.73333333333333,11.2,24.2,69.58333333333333,11.529166666666667,0.5675,3.6,993.2791666666667,0.0,71.875,24,127.26898490137597
2025-12-15,16.625,10.5,23.3,72.41666666666667,11.0875,1.5666666666666667,6.2,992.6958333333333,0.0,31.958333333333332,24,274.60174474833576
2025-12-16,16.995833333333334,11.6,23.3,69.08333333333333,10.9,2.6266666666666665,8.6,991.8958333333334,0.0,1.625,24,289.39551024200813
2025-12-17,17.029166666666665,11.4,23.8,70.16666666666667,11.112499999999999,2.245,7.3,992.6708333333332,0.0,0.375,24,284.19435332479725
2025-12-18,16.404166666666665,11.6,22.5,74.41666666666667,11.416666666666666,1.5083333333333335,6.0,993.6416666666668,0.0,76.04166666666667,24,305.75144068064793
2025-12-19,15.704166666666666,11.2,21.9,77.66666666666667,11.3125,1.6212499999999999,6.5,991.2791666666667,0.0,63.625,24,287.91912941888205
2025-12-20,14.995833333333332,9.5,21.8,78.41666666666667,10.799999999999999,1.1070833333333334,4.2,990.1291666666666,0.0,48.291666666666664,24,138.26080855851365
2025-12-21,14.475,10.7,20.4,84.375,11.575000000000001,1.18625,5.0,992.2416666666667,0.0,65.375,24,123.27703970730647
2025-12-22,15.370833333333332,11.4,21.3,83.33333333333333,12.262500000000001,0.8925,4.3,992.25,0.0,41.083333333333336,24,167.13518541909184
2025-12-23,16.504166666666666,11.6,23.1,80.54166666666667,12.770833333333334,2.1858333333333335,7.1,990.4583333333334,0.0,30.666666666666668,24,285.18600464059585
2025-12-24,15.85,11.6,21.1,69.25,9.637500000000001,2.4495833333333334,8.9,990.4541666666668,0.0,0.0,24,283.37625631047206
2025-12-25,14.733333333333334,9.3,21.0,64.16666666666667,7.529166666666666,1.5037500000000001,5.8,991.5416666666666,0.0,26.625,24,271.91148186245186
2025-12-26,15.183333333333332,9.9,21.1,66.83333333333333,8.520833333333334,1.2929166666666667,6.8,991.9875000000001,0.0,76.5,24,303.5657876818264
2025-12-27,14.870833333333332,9.7,20.5,76.79166666666667,10.441666666666666,1.3420833333333333,5.9,991.8166666666666,0.0,70.45833333333333,24,295.91640645113495
2025-12-28,14.612499999999999,9.4,20.5,78.25,10.475,1.195,5.8,992.4333333333334,0.0,36.958333333333336,24,285.32219785821303
2025-12-29,14.0875,10.6,19.9,80.75,10.379166666666666,0.9237500000000001,5.6,992.1958333333333,0.0,46.166666666666664,24,277.372132709617
2025-12-30,14.183333333333332,9.7,20.4,78.54166666666667,9.950000000000001,1.2770833333333333,6.2,989.4791666666666,0.0,42.458333333333336,24,281.9486349667993
2025-12-31,13.204166666666666,9.1,19.4,83.54166666666667,10.270833333333334,1.8445833333333335,6.6,987.6833333333334,0.0,45.875,24,117.97145224694378
2026-01-01,13.3125,10.5,16.9,89.91666666666667,11.616666666666667,1.5395833333333335,5.8,989.8458333333333,1.6,87.20833333333333,24,126.9662343554167
2026-01-02,14.033333333333333,11.1,17.5,78.58333333333333,10.1,2.05125,7.8,992.8666666666667,0.0,51.458333333333336,24,306.0661558346353
2026-01-03,13.208333333333334,10.7,17.1,77.25,9.091666666666667,1.0691666666666666,5.4,993.6916666666666,0.0,60.375,24,300.12795709517354
2026-01-04,12.441666666666668,8.5,17.1,78.83333333333333,8.604166666666666,1.3995833333333332,6.6,994.8125,0.0,41.416666666666664,24,300.05804485397516
2026-01-05,12.475,8.5,17.2,79.41666666666667,8.85,1.4891666666666667,5.6,995.9041666666667,0.0,11.916666666666666,24,312.4935717509243
2026-01-06,11.987499999999999,8.5,17.1,84.83333333333333,9.316666666666666,1.6187500000000001,6.5,995.8083333333334,0.0,23.0,24,299.5014435883566
2026-01-07,10.866666666666667,7.9,15.4,89.16666666666667,9.029166666666667,1.7162499999999998,6.9,996.9250000000001,0.0,37.5,24,305.51210949841084
2026-01-08,10.145833333333334,7.5,14.4,87.79166666666667,8.075000000000001,1.29375,5.6,997.1,0.0,48.958333333333336,24,319.4473869953068
2026-01-09,11.433333333333332,7.5,17.3,82.70833333333333,8.2125,0.9700000000000001,3.8,996.025,0.7,48.416666666666664,24,9.95638703229639
2026-01-10,11.341666666666667,6.6,17.1,81.08333333333333,7.895833333333333,1.695,5.9,994.6541666666667,0.0,5.958333333333333,24,297.64164510487586
2026-01-11,10.595833333333333,6.0,16.4,75.79166666666667,6.0874999999999995,2.1783333333333332,6.8,996.6458333333334,0.0,0.0,24,296.0875473450255
2026-01-12,10.575000000000001,4.9,17.2,70.375,4.745833333333334,1.3854166666666667,4.7,996.5833333333334,0.0,0.125,24,307.2632515128048
2026-01-13,11.154166666666667,5.0,18.5,75.5,6.541666666666667,1.28,6.5,995.1208333333334,0.0,28.041666666666668,24,308.36277469027317
2026-01-14,10.716666666666667,5.6,17.4,75.95833333333333,6.0375000000000005,1.8195833333333333,6.7,992.1666666666666,0.0,20.833333333333332,24,296.55850324728925
2026-01-15,11.170833333333334,5.8,17.9,76.04166666666667,6.4875,1.81375,7.5,992.2541666666666,0.0,24.625,24,295.67887336170406
2026-01-16,12.6625,6.1,20.5,68.375,6.1625000000000005,1.2229166666666667,4.9,991.0791666666668,0.0,51.041666666666664,24,295.6174965905123
2026-01-17,14.429166666666667,7.8,22.6,69.66666666666667,8.279166666666667,0.745,3.4,989.4583333333334,0.0,98.08333333333333,24,89.98773130451582
2026-01-18,14.770833333333334,8.1,22.0,77.0,10.166666666666666,1.1783333333333335,6.2,987.625,0.0,37.416666666666664,24,120.48440345623635
2026-01-19,17.275000000000002,10.7,25.1,61.125,7.820833333333333,0.9925,4.1,989.6875,0.0,13.0,24,53.56397743537343
2026-01-20,17.191666666666666,10.2,24.3,60.916666666666664,8.583333333333334,1.6624999999999999,7.2,990.9166666666666,0.0,7.041666666666667,24,297.97413653498216
2026-01-21,16.349999999999998,9.7,23.2,64.79166666666667,8.737499999999999,1.4983333333333333,7.5,992.5958333333333,0.0,7.208333333333333,24,300.0190187484044
2026-01-22,17.416666666666668,10.0,25.0,61.375,9.174999999999999,1.62,7.5,991.15,0.0,18.416666666666668,24,134.4457543598711
2026-01-23,15.258333333333333,12.9,17.5,83.125,12.333333333333334,3.4324999999999997,13.9,990.3583333333332,23.9,75.16666666666667,24,130.85088643180973
2026-01-24,12.091666666666667,9.0,16.4,68.91666666666667,6.1375,2.5524999999999998,7.3,996.9083333333333,0.0,79.95833333333333,24,321.60480285788407
2026-01-25,10.879166666666668,6.4,16.5,73.58333333333333,6.1375,2.0658333333333334,7.6,994.5124999999999,0.0,28.25,24,287.99391094838955
2026-01-26,12.391666666666666,6.2,18.8,77.16666666666667,8.225,0.8429166666666666,3.2,994.1958333333333,0.0,20.125,24,270.2074319624906
2026-01-27,14.387500000000001,11.1,19.7,82.54166666666667,11.391666666666666,2.38375,10.2,992.7624999999999,12.3,42.916666666666664,24,118.19967948307044
2026-01-28,14.295833333333334,11.7,18.4,85.16666666666667,11.700000000000001,1.4895833333333333,6.1,994.7041666666668,7.6,47.958333333333336,24,314.5971249542179
2026-01-29,13.445833333333333,10.4,18.4,86.375,11.033333333333333,1.8904166666666666,7.1,994.8958333333334,0.0,41.291666666666664,24,303.025645041607
2026-01-30,13.816666666666668,8.5,19.5,81.79166666666667,10.529166666666667,1.25125,5.8,993.7166666666667,0.0,65.20833333333333,24,286.3846371055573
2026-01-31,14.125,9.2,19.9,86.5,11.6875,1.5175,6.6,993.8291666666668,0.0,47.375,24,119.64143069277998
2026-02-01,16.07916666666667,12.4,20.8,82.83333333333333,13.025,1.6095833333333334,7.9,993.9125,13.2,32.791666666666664,24,145.95234589611624
2026-02-02,15.233333333333334,12.7,19.7,88.58333333333333,13.225,1.4574999999999998,6.6,994.6333333333333,0.0,68.54166666666667,24,296.38825867127883
2026-02-03,14.633333333333333,10.4,19.6,82.04166666666667,11.304166666666667,1.12875,5.3,995.6458333333334,0.0,52.958333333333336,24,309.66293396413096
2026-02-04,15.079166666666666,10.7,20.2,77.33333333333333,10.845833333333333,1.7416666666666665,7.1,996.3333333333334,0.0,20.208333333333332,24,309.5973300963357
2026-02-05,15.279166666666667,10.6,21.3,72.0,9.841666666666667,2.37125,8.1,994.7916666666666,0.0,3.0,24,291.02940478891963
2026-02-06,16.320833333333333,10.8,22.6,67.75,10.004166666666666,2.5545833333333334,9.6,993.7624999999999,0.0,0.0,24,291.5441842198354
2026-02-07,17.529166666666665,12.5,23.6,68.375,11.25,2.6358333333333333,9.8,991.5833333333334,0.0,13.666666666666666,24,288.1741805359701
2026-02-08,16.7375,11.4,22.8,62.041666666666664,8.85,2.07125,8.5,990.5416666666666,0.0,30.583333333333332,24,290.06662940870274
2026-02-09,16.974999999999998,10.5,24.0,61.541666666666664,8.766666666666667,1.31125,5.8,990.3458333333333,0.0,52.208333333333336,24,150.8061917535913
2026-02-10,18.816666666666666,11.6,27.2,59.916666666666664,9.6,1.3629166666666668,6.1,991.3541666666666,0.0,16.25,24,121.69775488991905
2026-02-11,20.537499999999998,14.6,27.1,57.916666666666664,10.995833333333332,1.9475,8.7,993.9291666666667,0.0,3.8333333333333335,24,315.3028260828279
2026-02-12,18.933333333333334,13.0,25.1,53.791666666666664,8.529166666666667,2.1875,9.6,993.1333333333333,0.0,29.75,24,292.2468655592794
2026-02-13,18.995833333333334,12.7,25.5,52.75,8.279166666666667,1.5845833333333335,7.9,991.0916666666667,0.0,85.79166666666667,24,279.4086907777879
2026-02-14,19.870833333333334,12.5,26.9,52.125,8.645833333333334,1.76375,8.6,990.0291666666667,0.0,32.833333333333336,24,285.6536646441323
2026-02-15,20.845833333333335,13.5,28.1,52.708333333333336,9.549999999999999,1.6970833333333333,9.4,989.2375000000001,0.0,0.0,24,280.40683717500735
2026-02-16,21.958333333333332,13.1,30.3,50.416666666666664,9.495833333333334,1.3125,7.6,988.5916666666667,0.0,3.0833333333333335,24,161.90971817944057
2026-02-17,21.912499999999998,15.9,29.2,54.208333333333336,11.145833333333334,2.1866666666666665,8.7,989.8249999999999,0.0,2.1666666666666665,24,129.09543815397473
2026-02-18,18.958333333333332,16.1,23.9,73.375,13.612499999999999,1.0991666666666666,7.3,990.9958333333334,0.9,88.75,24,352.407220087434
2026-02-19,19.837500000000002,13.9,26.3,67.41666666666667,12.683333333333332,0.9249999999999999,5.8,992.2958333333332,0.0,15.916666666666666,24,322.3056168187831
2026-02-20,20.995833333333334,15.0,27.9,63.583333333333336,12.720833333333333,1.4916666666666665,7.9,993.3125,0.0,0.041666666666666664,24,301.580517656894
2026-02-21,20.820833333333333,14.8,27.2,62.083333333333336,12.6625,1.9470833333333335,8.5,988.725,0.0,0.0,24,283.3995576824062
2026-02-22,21.59166666666667,14.7,28.4,55.583333333333336,10.7125,1.5541666666666665,7.6,985.3041666666667,0.0,0.0,24,275.0270605768793
2026-02-23,22.3625,14.8,29.4,53.0,10.483333333333333,1.1441666666666668,8.7,985.3583333333332,0.0,1.875,24,290.6407772137446
2026-02-24,22.433333333333334,15.9,29.6,52.5,10.595833333333333,1.2691666666666668,8.3,987.3458333333333,0.0,0.2916666666666667,24,325.35773737161213
2026-02-25,22.266666666666666,14.9,29.0,47.541666666666664,8.566666666666666,1.5970833333333332,8.5,988.3208333333333,0.0,0.0,24,290.61322004801923
2026-02-26,22.483333333333334,15.5,29.7,45.375,8.383333333333333,2.1374999999999997,10.5,986.0375,0.0,0.0,24,282.27260137960377
2026-02-27,23.683333333333334,16.0,30.8,41.791666666666664,8.145833333333334,1.6220833333333333,9.0,983.6291666666666,0.0,4.291666666666667,24,277.345577635611
2026-02-28,25.895833333333332,21.3,31.9,41.083333333333336,10.045833333333333,1.5970833333333332,10.4,983.1125000000001,0.0,35.708333333333336,24,300.15075355929
2026-03-01,23.912499999999998,17.2,30.6,46.0,10.0875,2.5058333333333334,11.9,984.5916666666667,0.0,1.25,24,290.91329842867367
2026-03-02,23.916666666666668,17.2,30.8,44.5,10.025,2.8333333333333335,12.0,986.7208333333333,0.0,0.75,24,293.1807494359557
2026-03-03,24.59166666666667,17.7,31.4,41.375,9.845833333333333,3.3479166666666664,12.9,987.1541666666667,0.0,0.0,24,289.494926848377
2026-03-04,25.97083333333333,18.3,33.2,43.166666666666664,11.820833333333333,3.1316666666666664,11.7,987.8958333333334,0.0,0.0,24,293.6041342013615
2026-03-05,27.270833333333332,20.9,34.0,46.75,14.133333333333333,3.22,11.7,985.5124999999999,0.0,0.0,24,297.4051604927697
2026-03-06,27.070833333333336,19.5,34.5,45.75,13.195833333333333,1.7025,8.8,985.4499999999999,0.0,0.0,24,299.4475601357361
2026-03-07,27.65833333333333,20.1,35.3,52.75,15.237499999999999,1.1320833333333333,7.3,987.15,0.0,0.0,24,211.41802452134056
2026-03-08,28.358333333333334,20.8,35.8,46.958333333333336,14.129166666666668,1.5720833333333333,9.1,987.4250000000001,0.0,8.291666666666666,24,279.1192092634411
2026-03-09,28.03333333333333,20.7,35.5,49.083333333333336,15.4,1.9145833333333335,9.0,987.5083333333333,0.0,34.791666666666664,24,297.5639169121895
2026-03-10,28.666666666666668,22.4,35.5,51.375,16.229166666666668,1.0283333333333333,8.5,989.5791666666668,0.0,20.458333333333332,24,314.7978710403877
2026-03-11,28.770833333333332,20.5,36.3,39.291666666666664,10.725,2.03125,11.8,987.6916666666666,0.0,27.583333333333332,24,279.83940890840364
2026-03-12,28.333333333333332,21.2,35.9,33.333333333333336,8.275,2.22125,12.0,984.2083333333334,0.0,80.45833333333333,24,272.5900164238325
2026-03-13,27.0625,21.7,32.5,44.458333333333336,12.666666666666666,2.5483333333333333,10.0,984.65,0.0,82.875,24,301.962202173621
2026-03-14,26.78333333333333,20.1,33.1,35.333333333333336,8.833333333333334,1.9008333333333332,10.0,984.3208333333333,0.0,57.041666666666664,24,299.51422506218506
2026-03-15,23.129166666666666,18.2,27.3,55.75,13.254166666666668,3.1325000000000003,11.6,984.8708333333334,2.6,47.458333333333336,24,96.21053299210666
2026-03-16,23.370833333333334,17.4,30.8,50.208333333333336,11.304166666666667,3.0875,12.1,983.85,0.3,29.291666666666668,24,108.43522889897457
2026-03-17,24.2375,17.4,31.5,50.25,12.233333333333334,1.615,7.2,984.5333333333333,0.0,58.458333333333336,24,344.36260709707716
2026-03-18,24.1125,19.3,32.2,56.75,14.0375,1.5179166666666666,10.2,986.5625,3.6999999999999997,67.375,24,345.51330505126543
2026-03-19,22.108333333333334,18.3,27.1,65.66666666666667,15.104166666666666,2.222916666666667,9.9,987.4499999999999,3.4,83.29166666666667,24,354.58688758508805
2026-03-20,17.9875,16.4,20.6,86.0,15.533333333333333,1.4158333333333333,6.8,986.5875,2.8,72.79166666666667,24,319.62992523742656
2026-03-21,19.729166666666668,14.8,25.5,77.04166666666667,15.0375,1.3829166666666666,6.8,988.3791666666666,0.0,70.5,24,310.38060582946895
2026-03-22,21.695833333333336,16.2,27.1,65.95833333333333,14.65,1.8637499999999998,8.7,988.1125000000001,0.0,25.791666666666668,24,300.97005064101353
2026-03-23,21.895833333333332,17.9,26.9,70.375,15.950000000000001,1.4775,7.9,987.2125,9.6,58.75,24,317.38577100144244
2026-03-24,23.554166666666664,18.1,29.7,63.625,15.295833333333334,1.8008333333333333,8.5,986.125,0.0,8.25,24,300.11666234849014
2026-03-25,24.925,17.7,31.5,49.958333333333336,12.583333333333334,1.6195833333333332,8.8,985.6,0.0,37.208333333333336,24,290.7035779352839
2026-03-26,27.733333333333334,21.0,34.8,43.25,12.758333333333333,1.74625,10.4,987.2416666666667,0.0,66.45833333333333,24,301.60119898349825
2026-03-27,25.724999999999998,22.1,29.3,49.0,13.804166666666667,2.1220833333333333,8.7,984.3791666666666,0.6,45.791666666666664,24,331.6547466159134
2026-03-28,27.145833333333332,20.8,33.0,43.875,12.691666666666668,1.5170833333333336,8.8,981.4416666666666,0.0,52.541666666666664,24,281.51085541586167
2026-03-29,28.1375,22.8,35.0,47.208333333333336,15.316666666666668,2.145,9.8,981.6999999999999,0.0,61.791666666666664,24,119.8366777398283
2026-03-30,26.962500000000002,21.7,34.7,50.166666666666664,14.729166666666666,2.2654166666666664,15.5,983.9458333333333,0.2,93.125,24,276.75046275259064
2026-03-31,26.208333333333332,21.3,35.0,53.75,14.658333333333333,1.3554166666666667,9.9,985.6541666666667,0.30000000000000004,73.875,24,312.8608443005499
2026-04-01,26.425,19.6,33.1,51.041666666666664,14.291666666666666,1.2129166666666666,7.6,985.9541666666668,0.0,64.875,24,45.29793655669778
2026-04-02,28.375,21.7,34.3,47.125,14.9,1.2933333333333332,8.1,985.0375,0.0,55.791666666666664,24,94.76530673412248
2026-04-03,25.804166666666664,22.3,32.1,54.291666666666664,15.545833333333334,2.481666666666667,10.8,985.4916666666667,0.4,91.91666666666667,24,284.1907808391541
2026-04-04,24.491666666666664,21.2,30.3,64.125,16.716666666666665,1.31,7.2,985.3458333333333,2.3,94.0,24,308.8265961932346
2026-04-05,24.349999999999998,19.8,29.3,57.083333333333336,14.429166666666667,1.4620833333333334,9.7,984.1374999999999,0.9,28.208333333333332,24,305.78330267670606
2026-04-06,25.954166666666666,20.8,31.7,38.916666666666664,9.770833333333334,1.80375,11.3,984.4625,0.0,12.291666666666666,24,268.34595921037703
2026-04-07,22.77916666666667,18.0,28.8,56.5,12.983333333333334,2.39,12.4,983.6083333333332,8.4,72.375,24,108.45928456937804
2026-04-08,20.4375,17.0,25.5,73.0,14.970833333333333,1.8341666666666665,7.3,983.9,4.1,41.083333333333336,24,112.12023633124971
2026-04-09,22.579166666666666,16.1,28.7,60.791666666666664,13.054166666666667,1.7291666666666667,8.4,988.1583333333333,0.0,7.791666666666667,24,39.101178526883416
2026-04-10,24.791666666666668,17.8,31.2,42.5,9.508333333333333,3.4791666666666665,12.9,988.4416666666666,0.0,0.2916666666666667,24,301.13260534394016
2026-04-11,27.6375,21.7,32.9,33.458333333333336,9.379166666666666,2.8608333333333333,10.9,986.2458333333334,0.0,28.666666666666668,24,314.707126962074
2026-04-12,28.666666666666668,23.0,34.2,30.583333333333332,8.504166666666666,2.5412500000000002,10.8,983.7458333333334,0.0,4.458333333333333,24,315.8000217636434
2026-04-13,28.641666666666666,21.8,34.6,27.666666666666668,6.8125,2.5395833333333333,10.9,984.475,0.0,18.375,24,295.4478358901406
2026-04-14,30.7,23.0,37.5,25.291666666666668,6.970833333333334,1.96,9.6,983.4583333333334,0.0,5.833333333333333,24,305.6503492655128
2026-04-15,31.741666666666664,23.7,38.7,21.791666666666668,5.333333333333333,2.2604166666666665,10.5,981.0124999999999,0.0,4.416666666666667,24,306.06183688253833
2026-04-16,33.045833333333334,26.2,39.9,21.458333333333332,6.658333333333334,1.5454166666666664,10.0,981.8000000000001,0.0,50.75,24,317.05503425816056
2026-04-17,32.55416666666667,26.3,40.2,24.75,8.745833333333334,2.1370833333333334,11.0,983.5500000000001,0.0,68.04166666666667,24,158.53734623436435
2026-04-18,32.74166666666667,25.0,40.2,28.958333333333332,10.25,1.6983333333333333,9.3,982.725,0.0,40.083333333333336,24,289.8108928366883
2026-04-19,33.550000000000004,26.0,40.1,21.916666666666668,7.391666666666667,2.2295833333333333,12.8,981.3541666666666,0.0,63.875,24,287.48328251350273
2026-04-20,33.016666666666666,26.7,39.6,21.958333333333332,6.779166666666666,2.72125,11.8,981.2916666666666,0.0,8.708333333333334,24,297.0082917638117
2026-04-21,32.82083333333333,26.0,38.6,17.791666666666668,4.745833333333334,3.091666666666667,13.3,980.8666666666667,0.0,2.625,24,286.20351935287283
2026-04-22,33.5375,26.0,40.3,21.291666666666668,7.070833333333333,2.6374999999999997,12.1,980.3791666666666,0.0,10.958333333333334,24,286.7394233112108
2026-04-23,34.204166666666666,27.9,41.2,18.0,5.779166666666666,2.504583333333333,9.7,981.1,0.0,0.0,24,262.1449794205266
2026-04-24,34.86666666666667,27.5,42.0,22.541666666666668,9.262500000000001,1.8333333333333333,9.0,980.5166666666668,0.0,19.375,24,275.215572715382
2026-04-25,35.699999999999996,29.1,42.3,22.666666666666668,9.883333333333333,2.5825,12.7,981.85,0.0,40.458333333333336,24,301.2641149226779
2026-04-26,35.50833333333333,28.8,41.6,23.5,10.762500000000001,2.719583333333333,13.5,979.8708333333334,0.0,32.125,24,299.1181997609516
2026-04-27,35.61666666666667,28.6,42.2,22.083333333333332,9.475,2.8304166666666664,16.5,977.4666666666667,0.0,55.833333333333336,24,290.86004354348785
2026-04-28,33.25,29.7,37.1,31.166666666666668,13.683333333333332,2.0725000000000002,8.9,978.2791666666667,0.0,56.875,24,320.21249515901036
2026-04-29,31.891666666666666,27.0,37.1,36.666666666666664,14.333333333333334,1.6141666666666667,8.7,977.975,0.0,47.708333333333336,24,76.06592653356529
2026-04-30,30.791666666666668,25.4,37.7,41.0,14.920833333333334,2.3249999999999997,10.2,978.975,0.9,20.708333333333332,24,120.87783068491888
2026-05-01,29.25,23.1,36.6,49.375,16.716666666666665,2.3179166666666666,8.3,979.4958333333334,0.0,8.958333333333334,24,118.33997291248659
2026-05-02,31.416666666666668,26.3,36.1,42.0,16.483333333333334,2.2395833333333335,9.5,977.75,2.3,19.208333333333332,24,125.44766936873623
2026-05-03,30.633333333333336,25.8,34.8,44.416666666666664,16.912499999999998,3.2933333333333334,12.1,978.5500000000001,0.0,27.583333333333332,24,110.46774977307126
2026-05-04,25.53333333333333,21.0,29.8,64.625,17.908333333333335,3.2120833333333336,12.7,982.1916666666666,5.5,52.333333333333336,24,83.40000167822598
2026-05-05,26.0,22.6,30.5,65.58333333333333,18.608333333333334,1.6524999999999999,11.4,984.9916666666667,1.3,39.541666666666664,24,89.79043427206972
2026-05-06,28.616666666666664,21.9,34.7,47.875,14.475,1.32875,7.6,982.9916666666667,0.0,9.0,24,1.8445229654061563
2026-05-07,27.170833333333334,23.0,30.5,50.0,15.625,3.639583333333333,13.3,983.3041666666667,0.1,27.666666666666668,24,112.23623737371781
2026-05-08,28.241666666666664,22.1,34.4,54.208333333333336,16.974999999999998,2.86875,10.6,983.8833333333333,0.4,12.291666666666666,24,103.46272523491234
2026-05-09,30.316666666666666,24.8,35.5,45.666666666666664,16.595833333333335,2.21,7.9,983.7916666666666,0.0,6.916666666666667,24,93.38783699555358
2026-05-10,31.554166666666664,26.3,37.3,42.875,16.658333333333335,2.2083333333333335,8.9,983.2041666666668,0.0,19.416666666666668,24,114.51931286705536
2026-05-11,32.5625,27.3,37.7,41.166666666666664,17.179166666666667,1.8925,7.5,982.7833333333333,0.0,44.958333333333336,24,114.66414600089593
2026-05-12,32.4375,27.9,38.8,45.541666666666664,18.454166666666666,2.9683333333333333,14.3,980.0958333333333,7.0,53.625,24,114.1726418919057
2026-05-13,32.75,26.7,39.1,47.416666666666664,19.150000000000002,1.9179166666666667,8.1,978.2333333333332,0.3,21.666666666666668,24,110.55619140252514
2026-05-14,33.275,25.9,39.4,39.541666666666664,16.3,1.7725,7.0,977.3041666666667,0.2,46.958333333333336,24,179.7267921781995
2026-05-15,34.4,28.6,40.0,31.041666666666668,13.549999999999999,2.5412500000000002,11.8,978.1083333333332,0.0,23.166666666666668,24,308.33106889214093
2026-05-16,35.0375,29.0,40.4,28.583333333333332,12.766666666666666,2.3970833333333332,11.6,978.9083333333333,0.0,4.208333333333333,24,314.29155264705
2026-05-17,36.19583333333333,29.9,41.3,26.125,13.083333333333334,3.1045833333333337,13.6,978.2541666666666,0.1,4.041666666666667,24,302.1046210047994
2026-05-18,37.1,30.0,43.3,25.291666666666668,13.079166666666666,2.91625,12.5,976.375,0.0,3.375,24,292.85350630368265
2026-05-19,38.262499999999996,31.1,44.4,18.458333333333332,8.924999999999999,2.870416666666667,11.5,977.275,0.0,0.0,24,282.73387298277333
2026-05-20,37.9375,32.1,43.6,20.125,10.6875,2.5254166666666666,9.1,976.5541666666667,0.0,3.9583333333333335,24,269.86171786927866
2026-05-21,37.858333333333334,33.2,42.8,21.791666666666668,11.7125,3.81625,13.0,976.9499999999999,0.0,6.541666666666667,24,269.98105434506965
2026-05-22,37.30416666666667,32.0,42.0,19.5,9.762500000000001,2.8954166666666663,9.5,979.4125,0.0,2.9583333333333335,24,291.3887689013311
2026-05-23,36.74583333333333,31.6,41.3,22.375,11.1,2.7395833333333335,12.9,979.5083333333333,0.0,6.666666666666667,24,297.67566754830386
2026-05-24,36.78333333333333,30.0,42.3,21.708333333333332,10.570833333333333,2.5108333333333333,12.1,978.5916666666667,0.0,6.208333333333333,24,280.8208169038843
2026-05-25,37.94166666666667,32.8,43.0,19.041666666666668,10.058333333333334,3.095416666666667,11.6,977.1625,0.0,10.5,24,277.51664567112635
2026-05-26,37.57083333333333,31.8,42.6,16.75,7.2250000000000005,2.658333333333333,13.2,978.4625,0.0,2.2083333333333335,24,301.456557799703
2026-05-27,37.958333333333336,31.4,43.4,17.0,8.045833333333333,2.5004166666666667,11.7,978.0791666666668,0.0,0.25,24,297.5206019874363
2026-05-28,34.17916666666667,28.7,40.4,38.916666666666664,17.583333333333332,2.46875,11.9,978.0708333333333,3.2,30.458333333333332,24,125.08109905860533
2026-05-29,30.150000000000002,26.0,33.8,55.75,20.1125,2.8775,11.5,980.0375,1.0,30.791666666666668,24,126.20612827774596
2026-05-30,27.95,24.0,35.5,63.625,19.766666666666666,2.58875,15.0,981.7333333333332,4.7,43.583333333333336,24,125.13895998275717
2026-05-31,27.483333333333334,23.3,33.1,63.666666666666664,19.558333333333334,2.107083333333333,10.4,982.9875000000001,0.7999999999999999,28.958333333333332,24,118.85132327401027
2026-06-01,28.59583333333333,24.6,33.1,61.75,19.95,1.6770833333333333,10.8,982.9041666666667,1.1,30.833333333333332,24,98.63671422655239
2026-06-02,30.745833333333334,24.4,36.5,52.416666666666664,18.912499999999998,1.7245833333333334,7.6,981.9458333333333,1.0,21.583333333333332,24,127.05502376918992
2026-06-03,33.800000000000004,29.1,38.5,43.416666666666664,18.925,1.4508333333333334,7.0,978.6083333333332,0.7000000000000001,12.375,24,88.35651101886356
2026-06-04,32.93333333333333,28.1,39.5,43.708333333333336,18.075,2.3129166666666667,12.8,976.8291666666668,0.6000000000000001,38.0,24,220.60285916729907
2026-06-05,30.379166666666666,25.1,34.7,56.583333333333336,20.279166666666665,1.4829166666666669,8.4,978.1208333333334,2.1,61.25,24,5.341480057305148
2026-06-06,34.141666666666666,28.5,40.3,43.708333333333336,18.854166666666668,1.68,9.0,978.15,0.0,11.375,24,239.7279510841648
2026-06-07,33.42916666666667,28.9,40.4,43.041666666666664,18.4875,2.4929166666666664,14.1,978.1208333333334,0.4,15.75,24,271.44475792923464
2026-06-08,36.50416666666667,29.9,42.1,31.125,15.033333333333333,2.9591666666666665,10.9,975.8916666666668,0.0,6.625,24,280.98809996017536
2026-06-09,37.4375,31.6,43.0,27.791666666666668,14.487499999999999,2.8874999999999997,12.1,974.4250000000001,0.0,5.541666666666667,24,275.5951181093391
2026-06-10,37.954166666666666,31.3,43.6,27.541666666666668,15.216666666666667,2.66,10.5,974.1833333333334,0.4,14.291666666666666,24,257.70204743774195
2026-06-11,33.80833333333333,27.4,36.8,46.75,20.45,3.41625,12.6,975.2333333333332,0.2,16.291666666666668,24,123.04025506878213
2026-06-12,27.433333333333334,23.3,32.6,75.04166666666667,22.287499999999998,3.5066666666666664,11.6,980.2583333333333,8.1,36.125,24,97.38042741409498
2026-06-13,28.766666666666666,24.8,33.7,68.04166666666667,21.84166666666667,1.0891666666666666,7.2,980.5541666666667,0.7,45.583333333333336,24,127.84349011813617
2026-06-14,31.3125,26.0,36.8,60.0,21.974999999999998,1.3095833333333333,7.7,978.1791666666667,0.5,16.375,24,267.0188525725149
2026-06-15,30.3625,26.5,36.3,54.125,19.779166666666665,2.1687499999999997,14.8,978.7375000000001,1.3,52.125,24,287.2586881659577
2026-06-16,28.1875,25.2,32.3,64.41666666666667,20.6375,1.7445833333333332,10.6,980.3333333333334,0.6,57.541666666666664,24,263.85247885845354
2026-06-17,31.375,24.7,37.3,53.458333333333336,19.825,1.5125,7.7,980.0291666666667,0.0,7.25,24,279.47441724072246
2026-06-18,34.637499999999996,29.5,39.4,41.916666666666664,18.916666666666668,2.280416666666667,10.7,979.025,0.1,21.708333333333332,24,290.3879722399596
2026-06-19,33.925000000000004,28.2,38.1,41.125,18.454166666666666,2.5608333333333335,10.3,979.2291666666666,0.0,24.875,24,286.08954612863727
2026-06-20,34.31666666666667,30.7,38.1,41.833333333333336,19.3125,2.545,11.8,979.2041666666668,0.5,15.375,24,280.1102363860457
2026-06-21,34.108333333333334,30.1,38.5,39.166666666666664,17.941666666666666,2.6016666666666666,8.6,977.9875000000001,0.0,43.375,24,272.35574223300097
2026-06-22,33.11666666666667,28.5,36.7,40.5,17.608333333333334,2.6991666666666667,10.5,978.2666666666668,0.4,45.458333333333336,24,292.2155594714403
2026-06-23,33.43333333333333,30.3,38.7,42.791666666666664,18.7,1.8479166666666667,12.7,976.6833333333334,1.4000000000000001,25.958333333333332,24,274.07378863216735
2026-06-24,32.512499999999996,28.6,38.1,47.166666666666664,19.175,2.0175,12.2,976.7166666666667,0.6000000000000001,30.625,24,236.7266123702857
2026-06-25,34.49166666666667,30.2,39.0,43.708333333333336,19.837500000000002,1.3766666666666667,7.6,977.9041666666667,0.8,23.583333333333332,24,225.44427302802015
2026-06-26,35.05416666666667,29.8,40.7,44.458333333333336,20.554166666666667,1.2620833333333332,8.5,978.7125,1.2,27.5,24,249.22206374033078
2026-06-27,35.475,26.8,40.1,45.625,21.125,1.51875,7.9,977.4250000000001,1.0,16.0,24,262.98194431386844
2026-06-28,36.67916666666667,29.5,41.9,43.125,21.429166666666664,2.2258333333333336,9.8,975.1041666666666,1.0,19.208333333333332,24,275.70601715482513
2026-06-29,37.137499999999996,32.1,41.7,40.375,20.7625,2.4429166666666666,10.5,974.0958333333333,1.4,14.875,24,263.46832793416354
2026-06-30,34.19166666666667,28.9,39.5,53.916666666666664,22.995833333333334,2.85375,10.5,974.65,4.4,71.16666666666667,24,190.52463110475554
2026-07-01,30.212500000000002,26.9,32.7,73.95833333333333,24.945833333333336,2.31125,8.9,976.2708333333334,1.8,84.54166666666667,24,111.7918576727946
2026-07-02,28.9375,25.9,31.5,77.875,24.537499999999998,1.3625,5.9,976.9250000000001,6.8,83.83333333333333,24,69.41765297227784
2026-07-03,31.1125,27.0,34.5,70.83333333333333,24.849999999999998,1.4666666666666668,6.9,976.5500000000001,0.5,83.58333333333333,24,124.8853022215111
2026-07-04,32.204166666666666,29.2,36.5,69.33333333333333,25.633333333333336,1.1116666666666666,5.8,974.9499999999999,1.4,97.5,24,96.64421639419663
2026-07-05,31.354166666666668,28.8,34.5,76.04166666666667,26.462500000000002,1.4404166666666667,7.3,974.3249999999999,3.6999999999999997,91.125,24,90.03221337244526
2026-07-06,32.1,26.8,36.7,71.04166666666667,25.78333333333333,1.1579166666666667,5.6,974.5916666666667,0.5,56.541666666666664,24,114.70774255419292
2026-07-07,29.462500000000002,26.5,32.8,84.75,26.483333333333334,1.3270833333333334,6.4,974.2291666666666,8.4,88.20833333333333,24,104.53957071377317
2026-07-08,27.2625,26.1,29.3,91.125,25.633333333333336,2.2270833333333333,7.0,973.5208333333334,11.8,99.70833333333333,24,36.298903743335586
2026-07-09,26.45,25.0,29.2,90.66666666666667,24.758333333333336,2.8733333333333335,10.6,973.8249999999999,99.8,98.70833333333333,24,343.414284165116
2026-07-10,29.316666666666666,25.5,33.0,81.16666666666667,25.516666666666666,2.0475,10.5,974.9875000000001,0.6,63.166666666666664,24,312.6249136145967
2026-07-11,30.837500000000002,27.4,34.3,75.79166666666667,25.77916666666667,1.4079166666666667,7.9,973.9666666666667,0.30000000000000004,47.75,24,264.5881388000093
2026-07-12,31.849999999999998,28.7,35.0,69.0,25.3,2.19625,8.2,972.4208333333332,1.5,33.458333333333336,24,264.7854427091578
2026-07-13,32.13333333333333,28.4,35.8,63.791666666666664,24.233333333333334,2.3337499999999998,8.2,973.8041666666667,0.1,46.75,24,266.0021342633256
2026-07-14,30.775000000000002,26.1,36.2,70.29166666666667,24.2375,2.3008333333333333,10.6,975.7375000000001,2.3000000000000003,53.375,24,256.3150054967293
2026-07-15,31.054166666666664,25.4,36.3,67.41666666666667,23.59166666666667,2.044166666666667,7.3,977.4416666666666,3.4,45.125,24,226.8658010622517
2026-07-16,33.88333333333333,29.8,37.3,53.166666666666664,22.65416666666667,2.2641666666666667,9.5,977.7208333333333,0.0,41.291666666666664,24,287.83017786867174
2026-07-17,34.166666666666664,30.7,37.4,54.75,23.375,1.8983333333333334,9.2,977.0708333333333,0.30000000000000004,81.0,24,282.5925697599619
2026-07-18,33.625,31.0,36.3,54.333333333333336,22.9875,2.243333333333333,9.8,976.6541666666667,0.0,91.95833333333333,24,273.8370398031823
2026-07-19,32.63333333333333,29.8,36.6,65.20833333333333,24.870833333333334,1.9416666666666667,8.4,977.125,3.7,97.875,24,205.98691788703306
2026-07-20,28.675,26.5,31.7,87.16666666666667,26.270833333333332,1.54,8.2,977.8249999999999,31.9,97.91666666666667,24,181.83441251026338
2026-07-21,27.412499999999998,25.7,29.9,89.83333333333333,25.55,2.158333333333333,7.8,977.7041666666668,14.7,98.66666666666667,24,93.78319510741665
2026-07-22,28.491666666666664,25.8,31.8,83.29166666666667,25.204166666666666,2.984583333333333,10.6,977.0,5.7,79.125,24,103.86026412259292
2026-07-23,28.775000000000002,26.1,32.2,80.83333333333333,25.016666666666666,3.0820833333333333,10.4,975.5875,9.8,51.583333333333336,24,103.48425056814602
2026-07-24,28.541666666666668,25.8,31.0,83.79166666666667,25.491666666666664,2.9020833333333336,10.2,975.2958333333332,8.5,77.5,24,103.1945773266429
2026-07-25,29.241666666666664,27.4,32.3,79.70833333333333,25.224999999999998,2.8825000000000003,9.2,977.3041666666667,2.3,67.75,24,110.67113876594703
2026-07-26,30.616666666666664,27.3,33.7,78.66666666666667,26.224999999999998,1.1429166666666666,5.3,977.1625,1.4000000000000001,80.04166666666667,24,105.4797841652998
2026-07-27,31.666666666666668,29.2,35.3,73.33333333333333,26.045833333333334,1.0004166666666667,7.9,974.7458333333334,0.6000000000000001,72.54166666666667,24,183.22867390752342
2026-07-28,27.96666666666667,26.1,31.0,89.95833333333333,26.133333333333336,1.9745833333333334,9.5,975.0458333333332,19.5,94.0,24,137.11816899036296
2026-07-29,29.366666666666664,26.3,32.5,83.875,26.21666666666667,0.8820833333333334,4.5,975.7416666666667,5.6000000000000005,78.95833333333333,24,121.4044774447687
2026-07-30,29.633333333333336,25.5,33.2,81.625,25.9375,1.7679166666666666,8.8,975.1625,10.799999999999999,79.83333333333333,24,105.22335376474393
2026-07-31,29.587500000000002,27.9,32.5,79.08333333333333,25.47083333333333,3.1275,10.4,975.5500000000001,4.9,95.70833333333333,24,97.7274754257611
2026-08-01,29.21666666666667,26.7,32.4,82.41666666666667,25.787499999999998,2.8479166666666664,9.7,975.3458333333333,5.5,80.66666666666667,24,93.94836878788539
2026-08-02,29.02916666666667,26.6,33.7,84.41666666666667,25.912499999999998,2.20125,8.3,976.2291666666666,4.8,94.33333333333333,24,101.79181031795423
2026-08-03,29.083333333333332,26.9,33.4,86.83333333333333,26.545833333333334,1.7616666666666667,8.6,976.8833333333333,14.3,97.70833333333333,24,127.09257258443063
2026-08-04,27.483333333333334,26.3,29.5,93.29166666666667,26.27916666666667,1.2562499999999999,5.0,977.775,13.6,99.91666666666667,24,129.29743901359097
2026-08-05,28.84166666666667,26.2,32.5,84.79166666666667,25.808333333333334,1.1958333333333333,6.2,975.7291666666666,1.9000000000000001,93.29166666666667,24,292.85698990122853
2026-08-06,27.204166666666666,26.7,27.8,90.0,25.395833333333332,1.4204166666666669,5.5,976.0833333333334,12.8,99.91666666666667,24,38.24049599930305
2026-08-07,26.504166666666666,25.4,29.1,94.04166666666667,25.45,2.5216666666666665,9.1,975.7875,58.3,98.375,24,37.1471680070581
2026-08-08,28.333333333333332,24.6,32.1,86.16666666666667,25.666666666666668,2.3183333333333334,11.7,976.8083333333334,28.9,78.58333333333333,24,93.4914874193812
2026-08-09,29.954166666666666,25.1,33.8,80.54166666666667,26.020833333333332,1.3433333333333335,6.9,977.9416666666666,3.0,59.583333333333336,24,107.48167204299153
2026-08-10,28.7625,26.5,33.2,86.79166666666667,26.229166666666668,1.62125,7.8,977.2666666666668,7.699999999999999,93.29166666666667,24,84.07546194715025
2026-08-11,28.508333333333336,26.7,30.4,88.70833333333333,26.4375,1.6016666666666666,6.0,977.4499999999999,12.5,87.41666666666667,24,113.67917708761956
2026-08-12,30.1125,27.2,34.4,81.875,26.383333333333336,1.0070833333333333,7.2,978.0875,2.0,34.708333333333336,24,256.8975216016971
2026-08-13,30.266666666666666,26.4,33.6,82.91666666666667,26.883333333333336,1.1904166666666667,6.5,978.0791666666668,2.6,45.458333333333336,24,259.02878160261815
2026-08-14,28.833333333333332,27.0,30.9,87.875,26.579166666666666,0.9666666666666667,4.1,978.3791666666666,11.6,91.58333333333333,24,185.3991083778237
2026-08-15,29.370833333333334,26.5,32.5,85.5,26.59166666666667,1.2516666666666667,7.4,978.4125,4.5,82.45833333333333,24,275.78419089275883
2026-08-16,30.125,26.2,33.3,79.29166666666667,25.97083333333333,1.9483333333333333,6.7,977.0333333333333,4.9,96.375,24,265.9874455912663
2026-08-17,29.15833333333333,27.3,33.0,81.125,25.495833333333334,1.94625,7.8,977.8625000000001,4.5,48.0,24,265.78141598946735
2026-08-18,29.641666666666666,25.5,33.1,75.70833333333333,24.741666666666664,1.47625,6.1,979.0458333333332,3.0,48.416666666666664,24,255.8901052345629
2026-08-19,29.375,26.9,33.2,80.45833333333333,25.358333333333334,1.02125,5.7,979.6916666666666,5.2,82.25,24,299.018444004936
2026-08-20,28.90416666666667,26.8,33.2,85.58333333333333,26.004166666666666,1.36,5.1,979.9250000000001,4.5,96.16666666666667,24,264.8955861695078
2026-08-21,30.21666666666667,27.1,33.6,77.75,25.625,2.0187500000000003,7.9,978.6208333333334,0.9,51.083333333333336,24,293.9259879342426
2026-08-22,29.020833333333332,25.0,33.3,81.58333333333333,25.304166666666664,1.8691666666666666,8.5,978.5583333333334,8.0,49.375,24,256.61862148583253
2026-08-23,29.337500000000002,24.7,32.7,81.20833333333333,25.650000000000002,1.6695833333333334,8.3,979.4875000000001,8.2,38.208333333333336,24,284.0169405173437
2026-08-24,28.770833333333332,24.6,31.7,83.5,25.53333333333333,1.1470833333333335,8.1,979.6374999999999,6.9,93.54166666666667,24,262.671815991414
2026-08-25,28.90833333333333,26.2,32.6,85.16666666666667,25.945833333333336,0.9425,4.3,980.0041666666666,3.4,87.75,24,151.60733126916477
2026-08-26,28.599999999999998,26.1,32.3,88.25,26.349999999999998,1.2029166666666666,5.3,979.2166666666667,13.5,91.41666666666667,24,210.05237003346548
2026-08-27,29.974999999999998,27.4,34.4,80.25,25.9875,1.4470833333333335,6.4,977.8625000000001,0.0,88.54166666666667,24,206.5560454284033
2026-08-28,30.483333333333334,26.2,34.2,72.79166666666667,24.733333333333334,2.2279166666666668,7.8,977.6750000000001,0.5,43.25,24,282.8415781107055
2026-08-29,30.991666666666664,27.8,34.9,67.875,24.108333333333334,2.345,8.7,977.4333333333334,0.0,70.33333333333333,24,264.8605356542041
2026-08-30,30.916666666666668,27.9,34.0,65.875,23.629166666666666,2.1679166666666667,7.6,978.1583333333333,0.2,75.54166666666667,24,251.12935642682544
2026-08-31,31.0125,27.8,34.4,62.625,22.849999999999998,2.3075,8.6,978.5958333333333,0.7000000000000001,80.75,24,267.6652508204814
2026-09-01,30.291666666666668,27.3,34.3,67.75,23.4875,1.6845833333333333,7.2,980.0583333333334,3.9,46.541666666666664,24,294.1906547417841
2026-09-02,28.004166666666666,26.1,32.5,81.08333333333333,24.295833333333334,1.29125,6.9,980.975,13.6,48.333333333333336,24,56.62462376474133
2026-09-03,28.28333333333333,25.6,31.8,83.25,24.962500000000002,1.5570833333333332,7.7,980.3083333333334,3.5,49.25,24,93.44936701401491
2026-09-04,27.808333333333334,25.8,30.2,87.0,25.366666666666664,1.6579166666666667,7.1,981.1916666666666,13.3,94.0,24,70.40767311528566
2026-09-05,26.462500000000002,25.1,27.9,92.5,25.133333333333336,1.7341666666666666,7.8,982.6583333333333,23.5,97.83333333333333,24,51.996907835215836
2026-09-06,25.695833333333336,24.1,27.6,92.25,24.320833333333336,1.5833333333333333,7.0,983.2083333333334,18.099999999999998,76.41666666666667,24,22.67217825730404
2026-09-07,28.366666666666664,24.3,32.4,78.29166666666667,23.90416666666667,1.0666666666666667,7.2,982.5916666666667,0.9,19.208333333333332,24,309.70212276041224
2026-09-08,28.895833333333332,25.2,32.4,74.20833333333333,23.683333333333334,1.9720833333333332,8.9,982.0875,1.3,10.291666666666666,24,271.7063773193068
2026-09-09,29.849999999999998,26.4,33.5,67.875,23.041666666666668,2.3595833333333336,9.0,981.7458333333334,0.0,5.291666666666667,24,277.2711394946675
2026-09-10,30.308333333333334,26.6,34.4,66.375,23.041666666666668,2.0883333333333334,8.2,982.6875,0.0,16.291666666666668,24,297.88124707221266
2026-09-11,28.45,26.5,31.1,81.83333333333333,24.95,1.7933333333333332,9.2,984.2541666666666,8.7,43.75,24,83.20694296728823
2026-09-12,28.7,25.7,31.0,83.25,25.4875,1.8404166666666668,10.0,985.1625,7.6,86.25,24,77.31329835871884
2026-09-13,29.479166666666668,27.2,32.5,76.29166666666667,24.65833333333333,2.410416666666667,8.0,985.6,0.6000000000000001,55.5,24,87.49908098036872
2026-09-14,28.941666666666666,26.1,31.8,77.625,24.491666666666664,2.4804166666666667,8.4,985.9666666666667,3.7,18.041666666666668,24,94.23012675015786
2026-09-15,29.4375,26.0,32.9,71.875,23.5625,1.55375,10.5,985.3166666666666,1.5999999999999999,10.75,24,98.83933665003656
2026-09-16,31.2,27.7,35.0,64.75,23.325,0.9433333333333334,5.9,983.9291666666667,0.30000000000000004,18.083333333333332,24,255.1250947470454
2026-09-17,29.170833333333334,24.8,32.5,68.75,22.599999999999998,1.6275000000000002,10.7,983.0333333333333,2.0,56.583333333333336,24,27.783321677163826
2026-09-18,28.166666666666668,24.9,31.2,72.375,22.558333333333334,1.6620833333333334,12.7,984.1875,2.2,7.125,24,288.5476515918556
2026-09-19,28.97083333333333,25.0,32.8,68.70833333333333,22.191666666666666,1.0620833333333335,4.9,986.35,0.0,5.833333333333333,24,0.5105355977114527
2026-09-20,29.729166666666668,25.4,33.7,65.33333333333333,21.995833333333334,0.7316666666666666,4.3,988.2833333333333,1.5,9.916666666666666,24,46.822706308606826
2026-09-21,29.962500000000002,26.2,33.7,61.125,21.3,0.96625,5.0,986.4,0.1,9.625,24,357.85817958900685
2026-09-22,31.208333333333332,26.3,35.8,58.083333333333336,21.40416666666667,1.0204166666666667,7.0,984.2875,0.0,3.2083333333333335,24,331.58657716971067
2026-09-23,31.5625,27.0,36.9,57.166666666666664,21.279166666666665,1.1591666666666667,7.0,983.2541666666666,0.0,5.25,24,359.0490151003964
2026-09-24,30.0125,26.2,34.6,63.333333333333336,21.724999999999998,1.8645833333333333,7.8,983.0333333333333,0.0,6.125,24,122.27725078105954
2026-09-25,27.837500000000002,25.0,31.2,70.16666666666667,21.625,2.43,9.6,982.5708333333333,0.0,8.541666666666666,24,137.33278904859702
2026-09-26,25.129166666666666,22.1,29.6,74.5,20.087500000000002,2.035416666666667,8.9,980.0749999999999,4.6,54.75,24,32.5262586072746
2026-09-27,24.829166666666666,22.2,28.6,79.125,20.754166666666666,1.7075000000000002,7.7,982.0500000000001,1.1,32.458333333333336,24,32.275264825081365
2026-09-28,24.400000000000002,22.2,28.2,84.375,21.395833333333332,1.8099999999999998,9.3,984.0541666666667,1.5,51.166666666666664,24,326.21990665938193
2026-09-29,25.962500000000002,22.0,30.8,76.125,21.066666666666666,2.0795833333333333,7.9,986.8583333333332,0.0,1.6666666666666667,24,314.30669759660816
2026-09-30,27.420833333333334,23.2,32.5,68.70833333333333,20.670833333333334,2.28,9.5,986.6041666666666,0.0,2.0833333333333335,24,305.2512526751033
